#include "wilderness_services_cn.h"

static const LV_ATTRIBUTE_MEM_ALIGN LV_ATTRIBUTE_LARGE_CONST uint8_t wilderness_services_cn_map[] = {
    0x08, 0x41, 0x08, 0x41, 0x08, 0x41, 0x08, 0x41, 0x08, 0x41, 0x08, 0x41, 0x08, 0x41, 0x08, 0x41,
    0x08, 0x41, 0x08, 0x41, 0x08, 0x41, 0x08, 0x41, 0x08, 0x41, 0x08, 0x41, 0x08, 0x41, 0x08, 0x41,
    0x08, 0x41, 0x08, 0x41, 0x08, 0x41, 0x08, 0x41, 0x08, 0x41, 0x08, 0x41, 0x08, 0x41, 0x08, 0x41,
    0x08, 0x41, 0x08, 0x41, 0x08, 0x41, 0x08, 0x41, 0x08, 0x41, 0x08, 0x41, 0x08, 0x41, 0x08, 0x41,
    0x08, 0x41, 0x08, 0x41, 0x08, 0x41, 0x08, 0x41, 0x08, 0x41, 0x08, 0x41, 0x08, 0x41, 0x08, 0x41,
    0x08, 0x41, 0x08, 0x41, 0x08, 0x41, 0x08, 0x41, 0x08, 0x41, 0x08, 0x41, 0x08, 0x41, 0x08, 0x41,
    0x08, 0x41, 0x08, 0x41, 0x08, 0x41, 0x08, 0x41, 0x08, 0x41, 0x08, 0x41, 0x08, 0x41, 0x08, 0x41,
    0x08, 0x41, 0x08, 0x41, 0x08, 0x41, 0x08, 0x41, 0x08, 0x41, 0x08, 0x41, 0x08, 0x41, 0x08, 0x41,
    0x08, 0x41, 0x08, 0x41, 0x08, 0x41, 0x08, 0x41, 0x08, 0x41, 0x08, 0x41, 0x08, 0x41, 0x08, 0x41,
    0x08, 0x41, 0x08, 0x41, 0x08, 0x41, 0x08, 0x41, 0x08, 0x41, 0x08, 0x41, 0x08, 0x41, 0x08, 0x41,
    0x08, 0x41, 0x08, 0x41, 0x08, 0x41, 0x08, 0x41, 0x08, 0x41, 0x08, 0x41, 0x08, 0x41, 0x08, 0x41,
    0x08, 0x41, 0x08, 0x41, 0x08, 0x41, 0x08, 0x41, 0x08, 0x41, 0x08, 0x41, 0x08, 0x41, 0x08, 0x41,
    0x08, 0x41, 0x08, 0x41, 0x08, 0x41, 0x08, 0x41, 0x08, 0x41, 0x08, 0x41, 0x08, 0x41, 0x08, 0x41,
    0x08, 0x41, 0x08, 0x41, 0x08, 0x41, 0x08, 0x41, 0x08, 0x41, 0x08, 0x41, 0x08, 0x41, 0x08, 0x41,
    0x08, 0x41, 0x08, 0x41, 0x08, 0x41, 0x08, 0x41, 0x08, 0x41, 0x08, 0x41, 0x08, 0x41, 0x08, 0x41,
    0x08, 0x41, 0x08, 0x41, 0x08, 0x41, 0x08, 0x41, 0x08, 0x41, 0x08, 0x41, 0x08, 0x41, 0x08, 0x41,
    0x08, 0x41, 0x08, 0x41, 0x08, 0x41, 0x08, 0x41, 0x08, 0x41, 0x08, 0x41, 0x08, 0x41, 0x08, 0x41,
    0x08, 0x41, 0x08, 0x41, 0x08, 0x41, 0x08, 0x41, 0x08, 0x41, 0x08, 0x41, 0x08, 0x41, 0x08, 0x41,
    0x08, 0x41, 0x08, 0x41, 0x08, 0x41, 0x08, 0x41, 0x08, 0x41, 0x08, 0x41, 0x08, 0x41, 0x08, 0x41,
    0x08, 0x41, 0x08, 0x41, 0x08, 0x41, 0x08, 0x41, 0x08, 0x41, 0x08, 0x41, 0x08, 0x41, 0x08, 0x41,
    0x08, 0x41, 0x08, 0x41, 0x08, 0x41, 0x08, 0x41, 0x08, 0x41, 0x08, 0x41, 0x08, 0x41, 0x08, 0x41,
    0x08, 0x41, 0x08, 0x41, 0x08, 0x41, 0x08, 0x41, 0x08, 0x41, 0x08, 0x41, 0x08, 0x41, 0x08, 0x41,
    0x08, 0x41, 0x08, 0x41, 0x08, 0x41, 0x08, 0x41, 0x08, 0x41, 0x08, 0x41, 0x08, 0x41, 0x08, 0x41,
    0x08, 0x41, 0x08, 0x41, 0x08, 0x41, 0x08, 0x41, 0x08, 0x41, 0x08, 0x41, 0x08, 0x41, 0x08, 0x41,
    0x08, 0x41, 0x08, 0x41, 0x08, 0x41, 0x08, 0x41, 0x08, 0x41, 0x08, 0x41, 0x08, 0x41, 0x08, 0x41,
    0x08, 0x41, 0x08, 0x41, 0x08, 0x41, 0x08, 0x41, 0x08, 0x41, 0x08, 0x41, 0x08, 0x41, 0x08, 0x41,
    0x08, 0x41, 0x08, 0x41, 0x08, 0x41, 0x08, 0x41, 0x08, 0x41, 0x08, 0x41, 0x08, 0x41, 0x08, 0x41,
    0x08, 0x41, 0x08, 0x41, 0x08, 0x41, 0x08, 0x41, 0x08, 0x41, 0x08, 0x41, 0x08, 0x41, 0x08, 0x41,
    0x08, 0x41, 0x08, 0x41, 0x08, 0x41, 0x08, 0x41, 0x08, 0x41, 0x08, 0x41, 0x08, 0x41, 0x08, 0x41,
    0x08, 0x41, 0x08, 0x41, 0x08, 0x41, 0x08, 0x41, 0x08, 0x41, 0x08, 0x41, 0x08, 0x41, 0x08, 0x41,
    0x08, 0x41, 0x08, 0x41, 0x08, 0x41, 0x08, 0x41, 0x08, 0x41, 0x08, 0x41, 0x08, 0x41, 0x08, 0x41,
    0x08, 0x41, 0x08, 0x41, 0x08, 0x41, 0x08, 0x41, 0x08, 0x41, 0x08, 0x41, 0x08, 0x41, 0x08, 0x41,
    0x08, 0x41, 0x08, 0x41, 0x08, 0x41, 0x08, 0x41, 0x08, 0x41, 0x08, 0x41, 0x08, 0x41, 0x08, 0x41,
    0x08, 0x41, 0x08, 0x41, 0x08, 0x41, 0x08, 0x41, 0x08, 0x41, 0x08, 0x41, 0x08, 0x41, 0x08, 0x41,
    0x08, 0x41, 0x08, 0x41, 0x08, 0x41, 0x08, 0x41, 0x08, 0x41, 0x08, 0x41, 0x08, 0x41, 0x08, 0x41,
    0x08, 0x41, 0x08, 0x41, 0x08, 0x41, 0x08, 0x41, 0x08, 0x41, 0x08, 0x41, 0x08, 0x41, 0x08, 0x41,
    0x08, 0x41, 0x08, 0x41, 0x08, 0x41, 0x08, 0x41, 0x08, 0x41, 0x08, 0x41, 0x08, 0x41, 0x08, 0x41,
    0x08, 0x41, 0x08, 0x41, 0x08, 0x41, 0x08, 0x41, 0x08, 0x41, 0x08, 0x41, 0x08, 0x41, 0x08, 0x41,
    0x08, 0x41, 0x08, 0x41, 0x08, 0x41, 0x08, 0x41, 0x08, 0x41, 0x08, 0x41, 0x08, 0x41, 0x08, 0x41,
    0x08, 0x41, 0x08, 0x41, 0x08, 0x41, 0x08, 0x41, 0x08, 0x41, 0x08, 0x41, 0x08, 0x41, 0x08, 0x41,
    0x08, 0x41, 0x08, 0x41, 0x08, 0x41, 0x08, 0x41, 0x08, 0x41, 0x08, 0x41, 0x08, 0x41, 0x08, 0x41,
    0x08, 0x41, 0x08, 0x41, 0x08, 0x41, 0x08, 0x41, 0x08, 0x41, 0x08, 0x41, 0x08, 0x41, 0x08, 0x41,
    0x08, 0x41, 0x08, 0x41, 0x08, 0x41, 0x08, 0x41, 0x08, 0x41, 0x08, 0x41, 0x08, 0x41, 0x08, 0x41,
    0x08, 0x41, 0x08, 0x41, 0x08, 0x41, 0x08, 0x41, 0x08, 0x41, 0x08, 0x41, 0x08, 0x41, 0x08, 0x41,
    0x08, 0x41, 0x08, 0x41, 0x08, 0x41, 0x08, 0x41, 0x08, 0x41, 0x08, 0x41, 0x08, 0x41, 0x08, 0x41,
    0x08, 0x41, 0x08, 0x41, 0x08, 0x41, 0x08, 0x41, 0x08, 0x41, 0x08, 0x41, 0x08, 0x41, 0x08, 0x41,
    0x08, 0x41, 0x08, 0x41, 0x08, 0x41, 0x08, 0x41, 0x08, 0x41, 0x08, 0x41, 0x08, 0x41, 0x08, 0x41,
    0x08, 0x41, 0x08, 0x41, 0x08, 0x41, 0x08, 0x41, 0x08, 0x41, 0x08, 0x41, 0x08, 0x41, 0x08, 0x41,
    0x08, 0x41, 0x08, 0x41, 0x08, 0x41, 0x08, 0x41, 0x08, 0x41, 0x08, 0x41, 0x08, 0x41, 0x08, 0x41,
    0x08, 0x41, 0x08, 0x41, 0x08, 0x41, 0x08, 0x41, 0x08, 0x41, 0x08, 0x41, 0x08, 0x41, 0x08, 0x41,
    0x08, 0x41, 0x08, 0x41, 0x08, 0x41, 0x08, 0x41, 0x08, 0x41, 0x08, 0x41, 0x08, 0x41, 0x08, 0x41,
    0x08, 0x41, 0x08, 0x41, 0x08, 0x41, 0x08, 0x41, 0x08, 0x41, 0x08, 0x41, 0x08, 0x41, 0x08, 0x41,
    0x08, 0x41, 0x08, 0x41, 0x08, 0x41, 0x08, 0x41, 0x08, 0x41, 0x08, 0x41, 0x08, 0x41, 0x08, 0x41,
    0x08, 0x41, 0x08, 0x41, 0x08, 0x41, 0x08, 0x41, 0x08, 0x41, 0x08, 0x41, 0x08, 0x41, 0x08, 0x41,
    0x08, 0x41, 0x08, 0x41, 0x08, 0x41, 0x08, 0x41, 0x08, 0x41, 0x08, 0x41, 0x08, 0x41, 0x08, 0x41,
    0x08, 0x41, 0x08, 0x41, 0x08, 0x41, 0x08, 0x41, 0x08, 0x41, 0x08, 0x41, 0x08, 0x41, 0x08, 0x41,
    0x08, 0x41, 0x08, 0x41, 0x08, 0x41, 0x08, 0x41, 0x08, 0x41, 0x08, 0x41, 0x08, 0x41, 0x08, 0x41,
    0x08, 0x41, 0x08, 0x41, 0x08, 0x41, 0x08, 0x41, 0x08, 0x41, 0x08, 0x41, 0x08, 0x41, 0x08, 0x41,
    0x08, 0x41, 0x08, 0x41, 0x08, 0x41, 0x08, 0x41, 0x08, 0x41, 0x08, 0x41, 0x08, 0x41, 0x08, 0x41,
    0x08, 0x41, 0x08, 0x41, 0x08, 0x41, 0x08, 0x41, 0x08, 0x41, 0x08, 0x41, 0x08, 0x41, 0x08, 0x41,
    0x08, 0x41, 0x08, 0x41, 0x08, 0x41, 0x08, 0x41, 0x08, 0x41, 0x08, 0x41, 0x08, 0x41, 0x08, 0x41,
    0x08, 0x41, 0x08, 0x41, 0x08, 0x41, 0x08, 0x41, 0x08, 0x41, 0x08, 0x41, 0x08, 0x41, 0x08, 0x41,
    0x08, 0x41, 0x08, 0x41, 0x08, 0x41, 0x08, 0x41, 0x08, 0x41, 0x08, 0x41, 0x08, 0x41, 0x08, 0x41,
    0x08, 0x41, 0x08, 0x41, 0x08, 0x41, 0x08, 0x41, 0x08, 0x41, 0x08, 0x41, 0x08, 0x41, 0x08, 0x41,
    0x08, 0x41, 0x08, 0x41, 0x08, 0x41, 0x08, 0x41, 0x08, 0x41, 0x08, 0x41, 0x08, 0x41, 0x08, 0x41,
    0x08, 0x41, 0x08, 0x41, 0x08, 0x41, 0x08, 0x41, 0x08, 0x41, 0x08, 0x41, 0x08, 0x41, 0x08, 0x41,
    0x08, 0x41, 0x08, 0x41, 0x08, 0x41, 0x08, 0x41, 0x08, 0x41, 0x08, 0x41, 0x08, 0x41, 0x08, 0x41,
    0x08, 0x41, 0x08, 0x41, 0x08, 0x41, 0x08, 0x41, 0x08, 0x41, 0x08, 0x41, 0x08, 0x41, 0x08, 0x41,
    0x08, 0x41, 0x08, 0x41, 0x08, 0x41, 0x08, 0x41, 0x08, 0x41, 0x08, 0x41, 0x08, 0x41, 0x08, 0x41,
    0x08, 0x41, 0x08, 0x41, 0x08, 0x41, 0x08, 0x41, 0x08, 0x41, 0x08, 0x41, 0x08, 0x41, 0x08, 0x41,
    0x08, 0x41, 0x08, 0x41, 0x08, 0x41, 0x08, 0x41, 0x08, 0x41, 0x08, 0x41, 0x08, 0x41, 0x08, 0x41,
    0x08, 0x41, 0x08, 0x41, 0x08, 0x41, 0x08, 0x41, 0x08, 0x41, 0x08, 0x41, 0x08, 0x41, 0x08, 0x41,
    0x08, 0x41, 0x08, 0x41, 0x08, 0x41, 0x08, 0x41, 0x08, 0x41, 0x08, 0x41, 0x08, 0x41, 0x08, 0x41,
    0x08, 0x41, 0x08, 0x41, 0x08, 0x41, 0x08, 0x41, 0x08, 0x41, 0x08, 0x41, 0x08, 0x41, 0x08, 0x41,
    0x08, 0x41, 0x08, 0x41, 0x08, 0x41, 0x08, 0x41, 0x08, 0x41, 0x08, 0x41, 0x08, 0x41, 0x08, 0x41,
    0x08, 0x41, 0x08, 0x41, 0x08, 0x41, 0x08, 0x41, 0x08, 0x41, 0x08, 0x41, 0x08, 0x41, 0x08, 0x41,
    0x08, 0x41, 0x08, 0x41, 0x08, 0x41, 0x08, 0x41, 0x08, 0x41, 0x08, 0x41, 0x08, 0x41, 0x08, 0x41,
    0x08, 0x41, 0x08, 0x41, 0x08, 0x41, 0x08, 0x41, 0x08, 0x41, 0x08, 0x41, 0x08, 0x41, 0x08, 0x41,
    0x08, 0x41, 0x08, 0x41, 0x08, 0x41, 0x08, 0x41, 0x08, 0x41, 0x08, 0x41, 0x08, 0x41, 0x08, 0x41,
    0x08, 0x41, 0x08, 0x41, 0x08, 0x41, 0x08, 0x41, 0x08, 0x41, 0x08, 0x41, 0x08, 0x41, 0x08, 0x41,
    0x08, 0x41, 0x08, 0x41, 0x08, 0x41, 0x08, 0x41, 0x08, 0x41, 0x08, 0x41, 0x08, 0x41, 0x08, 0x41,
    0x08, 0x41, 0x08, 0x41, 0x08, 0x41, 0x08, 0x41, 0x08, 0x41, 0x08, 0x41, 0x08, 0x41, 0x08, 0x41,
    0x08, 0x41, 0x08, 0x41, 0x08, 0x41, 0x08, 0x41, 0x08, 0x41, 0x08, 0x41, 0x08, 0x41, 0x08, 0x41,
    0x08, 0x41, 0x08, 0x41, 0x08, 0x41, 0x08, 0x41, 0x08, 0x41, 0x08, 0x41, 0x08, 0x41, 0x08, 0x41,
    0x08, 0x41, 0x08, 0x41, 0x08, 0x41, 0x08, 0x41, 0x08, 0x41, 0x08, 0x41, 0x08, 0x41, 0x08, 0x41,
    0x08, 0x41, 0x08, 0x41, 0x08, 0x41, 0x08, 0x41, 0x08, 0x41, 0x08, 0x41, 0x08, 0x41, 0x08, 0x41,
    0x08, 0x41, 0x08, 0x41, 0x08, 0x41, 0x08, 0x41, 0x08, 0x41, 0x08, 0x41, 0x08, 0x41, 0x08, 0x41,
    0x08, 0x41, 0x08, 0x41, 0x08, 0x41, 0x08, 0x41, 0x08, 0x41, 0x08, 0x41, 0x08, 0x41, 0x08, 0x41,
    0x08, 0x41, 0x08, 0x41, 0x08, 0x41, 0x08, 0x41, 0x08, 0x41, 0x08, 0x41, 0x08, 0x41, 0x08, 0x41,
    0x08, 0x41, 0x08, 0x41, 0x08, 0x41, 0x08, 0x41, 0x08, 0x41, 0x08, 0x41, 0x08, 0x41, 0x08, 0x41,
    0x08, 0x41, 0x08, 0x41, 0x08, 0x41, 0x08, 0x41, 0x08, 0x41, 0x08, 0x41, 0x08, 0x41, 0x08, 0x41,
    0x08, 0x41, 0x08, 0x41, 0x08, 0x41, 0x08, 0x41, 0x08, 0x41, 0x08, 0x41, 0x08, 0x41, 0x08, 0x41,
    0x08, 0x41, 0x08, 0x41, 0x08, 0x41, 0x08, 0x41, 0x08, 0x41, 0x08, 0x41, 0x08, 0x41, 0x08, 0x41,
    0x08, 0x41, 0x08, 0x41, 0x08, 0x41, 0x08, 0x41, 0x08, 0x41, 0x08, 0x41, 0x08, 0x41, 0x08, 0x41,
    0x08, 0x41, 0x08, 0x41, 0x08, 0x41, 0x08, 0x41, 0x08, 0x41, 0x08, 0x41, 0x08, 0x41, 0x08, 0x41,
    0x08, 0x41, 0x08, 0x41, 0x08, 0x41, 0x08, 0x41, 0x08, 0x41, 0x08, 0x41, 0x08, 0x41, 0x08, 0x41,
    0x08, 0x41, 0x08, 0x41, 0x08, 0x41, 0x08, 0x41, 0x08, 0x41, 0x08, 0x41, 0x08, 0x41, 0x08, 0x41,
    0x08, 0x41, 0x08, 0x41, 0x08, 0x41, 0x08, 0x41, 0x08, 0x41, 0x08, 0x41, 0x08, 0x41, 0x08, 0x41,
    0x08, 0x41, 0x08, 0x41, 0x08, 0x41, 0x08, 0x41, 0x08, 0x41, 0x08, 0x41, 0x08, 0x41, 0x08, 0x41,
    0x08, 0x41, 0x08, 0x41, 0x08, 0x41, 0x08, 0x41, 0x08, 0x41, 0x08, 0x41, 0x08, 0x41, 0x08, 0x41,
    0x08, 0x41, 0x08, 0x41, 0x08, 0x41, 0x08, 0x41, 0x08, 0x41, 0x08, 0x41, 0x08, 0x41, 0x08, 0x41,
    0x08, 0x41, 0x08, 0x41, 0x08, 0x41, 0x08, 0x41, 0x08, 0x41, 0x08, 0x41, 0x08, 0x41, 0x08, 0x41,
    0x08, 0x41, 0x08, 0x41, 0x08, 0x41, 0x08, 0x41, 0x08, 0x41, 0x08, 0x41, 0x08, 0x41, 0x08, 0x41,
    0x08, 0x41, 0x08, 0x41, 0x08, 0x41, 0x08, 0x41, 0x08, 0x41, 0x08, 0x41, 0x08, 0x41, 0x08, 0x41,
    0x08, 0x41, 0x08, 0x41, 0x08, 0x41, 0x08, 0x41, 0x08, 0x41, 0x08, 0x41, 0x08, 0x41, 0x08, 0x41,
    0x08, 0x41, 0x08, 0x41, 0x08, 0x41, 0x08, 0x41, 0x08, 0x41, 0x08, 0x41, 0x08, 0x41, 0x08, 0x41,
    0x08, 0x41, 0x08, 0x41, 0x08, 0x41, 0x08, 0x41, 0x08, 0x41, 0x08, 0x41, 0x08, 0x41, 0x08, 0x41,
    0x08, 0x41, 0x08, 0x41, 0x08, 0x41, 0x08, 0x41, 0x08, 0x41, 0x08, 0x41, 0x08, 0x41, 0x08, 0x41,
    0x08, 0x41, 0x08, 0x41, 0x08, 0x41, 0x08, 0x41, 0x08, 0x41, 0x08, 0x41, 0x08, 0x41, 0x08, 0x41,
    0x08, 0x41, 0x08, 0x41, 0x08, 0x41, 0x08, 0x41, 0x08, 0x41, 0x08, 0x41, 0x08, 0x41, 0x08, 0x41,
    0x08, 0x41, 0x08, 0x41, 0x08, 0x41, 0x08, 0x41, 0x08, 0x41, 0x08, 0x41, 0x08, 0x41, 0x08, 0x41,
    0x08, 0x41, 0x08, 0x41, 0x08, 0x41, 0x08, 0x41, 0x08, 0x41, 0x08, 0x41, 0x08, 0x41, 0x08, 0x41,
    0x08, 0x41, 0x08, 0x41, 0x08, 0x41, 0x08, 0x41, 0x08, 0x41, 0x08, 0x41, 0x08, 0x41, 0x08, 0x41,
    0x08, 0x41, 0x08, 0x41, 0x08, 0x41, 0x08, 0x41, 0x08, 0x41, 0x08, 0x41, 0x08, 0x41, 0x08, 0x41,
    0x08, 0x41, 0x08, 0x41, 0x08, 0x41, 0x08, 0x41, 0x08, 0x41, 0x08, 0x41, 0x08, 0x41, 0x08, 0x41,
    0x08, 0x41, 0x08, 0x41, 0x08, 0x41, 0x08, 0x41, 0x08, 0x41, 0x08, 0x41, 0x08, 0x41, 0x08, 0x41,
    0x08, 0x41, 0x08, 0x41, 0x08, 0x41, 0x08, 0x41, 0x08, 0x41, 0x08, 0x41, 0x08, 0x41, 0x08, 0x41,
    0x08, 0x41, 0x08, 0x41, 0x08, 0x41, 0x08, 0x41, 0x08, 0x41, 0x08, 0x41, 0x08, 0x41, 0x08, 0x41,
    0x08, 0x41, 0x08, 0x41, 0x08, 0x41, 0x08, 0x41, 0x08, 0x41, 0x08, 0x41, 0x08, 0x41, 0x08, 0x41,
    0x08, 0x41, 0x08, 0x41, 0x08, 0x41, 0x08, 0x41, 0x08, 0x41, 0x08, 0x41, 0x08, 0x41, 0x08, 0x41,
    0x08, 0x41, 0x08, 0x41, 0x08, 0x41, 0x08, 0x41, 0x08, 0x41, 0x08, 0x41, 0x08, 0x41, 0x08, 0x41,
    0x08, 0x41, 0x08, 0x41, 0x08, 0x41, 0x08, 0x41, 0x08, 0x41, 0x08, 0x41, 0x08, 0x41, 0x08, 0x41,
    0x08, 0x41, 0x08, 0x41, 0x08, 0x41, 0x08, 0x41, 0x08, 0x41, 0x08, 0x41, 0x08, 0x41, 0x08, 0x41,
    0x08, 0x41, 0x08, 0x41, 0x08, 0x41, 0x08, 0x41, 0x08, 0x41, 0x08, 0x41, 0x08, 0x41, 0x08, 0x41,
    0x08, 0x41, 0x08, 0x41, 0x08, 0x41, 0x08, 0x41, 0x08, 0x41, 0x08, 0x41, 0x08, 0x41, 0x08, 0x41,
    0x08, 0x41, 0x08, 0x41, 0x08, 0x41, 0x08, 0x41, 0x08, 0x41, 0x08, 0x41, 0x08, 0x41, 0x08, 0x41,
    0x08, 0x41, 0x08, 0x41, 0x08, 0x41, 0x08, 0x41, 0x08, 0x41, 0x08, 0x41, 0x08, 0x41, 0x08, 0x41,
    0x08, 0x41, 0x08, 0x41, 0x08, 0x41, 0x08, 0x41, 0x08, 0x41, 0x08, 0x41, 0x08, 0x41, 0x08, 0x41,
    0x08, 0x41, 0x08, 0x41, 0x08, 0x41, 0x08, 0x41, 0x08, 0x41, 0x08, 0x41, 0x08, 0x41, 0x08, 0x41,
    0x08, 0x41, 0x08, 0x41, 0x08, 0x41, 0x08, 0x41, 0x08, 0x41, 0x08, 0x41, 0x08, 0x41, 0x08, 0x41,
    0x08, 0x41, 0x08, 0x41, 0x08, 0x41, 0x08, 0x41, 0x08, 0x41, 0x08, 0x41, 0x08, 0x41, 0x08, 0x41,
    0x08, 0x41, 0x08, 0x41, 0x08, 0x41, 0x08, 0x41, 0x08, 0x41, 0x08, 0x41, 0x08, 0x41, 0x08, 0x41,
    0x08, 0x41, 0x08, 0x41, 0x08, 0x41, 0x08, 0x41, 0x08, 0x41, 0x08, 0x41, 0x08, 0x41, 0x08, 0x41,
    0x08, 0x41, 0x08, 0x41, 0x08, 0x41, 0x08, 0x41, 0x08, 0x41, 0x08, 0x41, 0x08, 0x41, 0x08, 0x41,
    0x08, 0x41, 0x08, 0x41, 0x08, 0x41, 0x08, 0x41, 0x08, 0x41, 0x08, 0x41, 0x08, 0x41, 0x08, 0x41,
    0x08, 0x41, 0x08, 0x41, 0x08, 0x41, 0x08, 0x41, 0x08, 0x41, 0x08, 0x41, 0x08, 0x41, 0x08, 0x41,
    0x08, 0x41, 0x08, 0x41, 0x08, 0x41, 0x08, 0x41, 0x08, 0x41, 0x08, 0x41, 0x08, 0x41, 0x08, 0x41,
    0x08, 0x41, 0x08, 0x41, 0x08, 0x41, 0x08, 0x41, 0x08, 0x41, 0x08, 0x41, 0x08, 0x41, 0x08, 0x41,
    0x08, 0x41, 0x08, 0x41, 0x08, 0x41, 0x08, 0x41, 0x08, 0x41, 0x08, 0x41, 0x08, 0x41, 0x08, 0x41,
    0x08, 0x41, 0x08, 0x41, 0x08, 0x41, 0x08, 0x41, 0x08, 0x41, 0x08, 0x41, 0x08, 0x41, 0x08, 0x41,
    0x08, 0x41, 0x08, 0x41, 0x08, 0x41, 0x08, 0x41, 0x08, 0x41, 0x08, 0x41, 0x08, 0x41, 0x08, 0x41,
    0x08, 0x41, 0x08, 0x41, 0x08, 0x41, 0x08, 0x41, 0x08, 0x41, 0x08, 0x41, 0x08, 0x41, 0x08, 0x41,
    0x08, 0x41, 0x08, 0x41, 0x08, 0x41, 0x08, 0x41, 0x08, 0x41, 0x08, 0x41, 0x08, 0x41, 0x08, 0x41,
    0x08, 0x41, 0x08, 0x41, 0x08, 0x41, 0x08, 0x41, 0x08, 0x41, 0x08, 0x41, 0x08, 0x41, 0x08, 0x41,
    0x08, 0x41, 0x08, 0x41, 0x08, 0x41, 0x08, 0x41, 0x08, 0x41, 0x08, 0x41, 0x08, 0x41, 0x08, 0x41,
    0x08, 0x41, 0x08, 0x41, 0x08, 0x41, 0x08, 0x41, 0x08, 0x41, 0x08, 0x41, 0x08, 0x41, 0x08, 0x41,
    0x08, 0x41, 0x08, 0x41, 0x08, 0x41, 0x08, 0x41, 0x08, 0x41, 0x08, 0x41, 0x08, 0x41, 0x08, 0x41,
    0x08, 0x41, 0x08, 0x41, 0x08, 0x41, 0x08, 0x41, 0x08, 0x41, 0x08, 0x41, 0x08, 0x41, 0x08, 0x41,
    0x08, 0x41, 0x08, 0x41, 0x08, 0x41, 0x08, 0x41, 0x08, 0x41, 0x08, 0x41, 0x08, 0x41, 0x08, 0x41,
    0x08, 0x41, 0x08, 0x41, 0x08, 0x41, 0x08, 0x41, 0x08, 0x41, 0x08, 0x41, 0x08, 0x41, 0x08, 0x41,
    0x08, 0x41, 0x08, 0x41, 0x08, 0x41, 0x08, 0x41, 0x08, 0x41, 0x08, 0x41, 0x08, 0x41, 0x08, 0x41,
    0x08, 0x41, 0x08, 0x41, 0x08, 0x41, 0x08, 0x41, 0x08, 0x41, 0x08, 0x41, 0x08, 0x41, 0x08, 0x41,
    0x08, 0x41, 0x08, 0x41, 0x08, 0x41, 0x08, 0x41, 0x08, 0x41, 0x08, 0x41, 0x08, 0x41, 0x08, 0x41,
    0x08, 0x41, 0x08, 0x41, 0x08, 0x41, 0x08, 0x41, 0x08, 0x41, 0x08, 0x41, 0x08, 0x41, 0x08, 0x41,
    0x08, 0x41, 0x08, 0x41, 0x08, 0x41, 0x08, 0x41, 0x08, 0x41, 0x08, 0x41, 0x08, 0x41, 0x08, 0x41,
    0x08, 0x41, 0x08, 0x41, 0x08, 0x41, 0x08, 0x41, 0x08, 0x41, 0x08, 0x41, 0x08, 0x41, 0x08, 0x41,
    0x08, 0x41, 0x08, 0x41, 0x08, 0x41, 0x08, 0x41, 0x08, 0x41, 0x08, 0x41, 0x08, 0x41, 0x08, 0x41,
    0x08, 0x41, 0x08, 0x41, 0x08, 0x41, 0x08, 0x41, 0x08, 0x41, 0x08, 0x41, 0x08, 0x41, 0x08, 0x41,
    0x08, 0x41, 0x08, 0x41, 0x08, 0x41, 0x08, 0x41, 0x08, 0x41, 0x08, 0x41, 0x08, 0x41, 0x08, 0x41,
    0x08, 0x41, 0x08, 0x41, 0x08, 0x41, 0x08, 0x41, 0x08, 0x41, 0x08, 0x41, 0x08, 0x41, 0x08, 0x41,
    0x08, 0x41, 0x08, 0x41, 0x08, 0x41, 0x08, 0x41, 0x08, 0x41, 0x08, 0x41, 0x08, 0x41, 0x08, 0x41,
    0x08, 0x41, 0x08, 0x41, 0x08, 0x41, 0x08, 0x41, 0x08, 0x41, 0x08, 0x41, 0x08, 0x41, 0x08, 0x41,
    0x08, 0x41, 0x08, 0x41, 0x08, 0x41, 0x08, 0x41, 0x08, 0x41, 0x08, 0x41, 0x08, 0x41, 0x08, 0x41,
    0x08, 0x41, 0x08, 0x41, 0x08, 0x41, 0x08, 0x41, 0x08, 0x41, 0x08, 0x41, 0x08, 0x41, 0x08, 0x41,
    0x08, 0x41, 0x08, 0x41, 0x08, 0x41, 0x08, 0x41, 0x08, 0x41, 0x08, 0x41, 0x08, 0x41, 0x08, 0x41,
    0x08, 0x41, 0x08, 0x41, 0x08, 0x41, 0x08, 0x41, 0x08, 0x41, 0x08, 0x41, 0x08, 0x41, 0x08, 0x41,
    0x08, 0x41, 0x08, 0x41, 0x08, 0x41, 0x08, 0x41, 0x08, 0x41, 0x08, 0x41, 0x08, 0x41, 0x08, 0x41,
    0x08, 0x41, 0x08, 0x41, 0x08, 0x41, 0x08, 0x41, 0x08, 0x41, 0x08, 0x41, 0x08, 0x41, 0x08, 0x41,
    0x08, 0x41, 0x08, 0x41, 0x08, 0x41, 0x08, 0x41, 0x08, 0x41, 0x08, 0x41, 0x08, 0x41, 0x08, 0x41,
    0x08, 0x41, 0x08, 0x41, 0x08, 0x41, 0x08, 0x41, 0x08, 0x41, 0x08, 0x41, 0x08, 0x41, 0x08, 0x41,
    0x08, 0x41, 0x08, 0x41, 0x08, 0x41, 0x08, 0x41, 0x08, 0x41, 0x08, 0x41, 0x08, 0x41, 0x08, 0x41,
    0x08, 0x41, 0x08, 0x41, 0x08, 0x41, 0x08, 0x41, 0x08, 0x41, 0x08, 0x41, 0x08, 0x41, 0x08, 0x41,
    0x08, 0x41, 0x08, 0x41, 0x08, 0x41, 0x08, 0x41, 0x08, 0x41, 0x08, 0x41, 0x08, 0x41, 0x08, 0x41,
    0x08, 0x41, 0x08, 0x41, 0x08, 0x41, 0x08, 0x41, 0x08, 0x41, 0x08, 0x41, 0x08, 0x41, 0x08, 0x41,
    0x08, 0x41, 0x08, 0x41, 0x08, 0x41, 0x08, 0x41, 0x08, 0x41, 0x08, 0x41, 0x08, 0x41, 0x08, 0x41,
    0x08, 0x41, 0x08, 0x41, 0x08, 0x41, 0x08, 0x41, 0x08, 0x41, 0x08, 0x41, 0x08, 0x41, 0x08, 0x41,
    0x08, 0x41, 0x08, 0x41, 0x08, 0x41, 0x08, 0x41, 0x08, 0x41, 0x08, 0x41, 0x08, 0x41, 0x08, 0x41,
    0x08, 0x41, 0x08, 0x41, 0x08, 0x41, 0x08, 0x41, 0x08, 0x41, 0x08, 0x41, 0x08, 0x41, 0x08, 0x41,
    0x08, 0x41, 0x08, 0x41, 0x08, 0x41, 0x08, 0x41, 0x08, 0x41, 0x08, 0x41, 0x08, 0x41, 0x08, 0x41,
    0x08, 0x41, 0x08, 0x41, 0x08, 0x41, 0x08, 0x41, 0x08, 0x41, 0x08, 0x41, 0x08, 0x41, 0x08, 0x41,
    0x08, 0x41, 0x08, 0x41, 0x08, 0x41, 0x08, 0x41, 0x08, 0x41, 0x08, 0x41, 0x08, 0x41, 0x08, 0x41,
    0x08, 0x41, 0x08, 0x41, 0x08, 0x41, 0x08, 0x41, 0x08, 0x41, 0x08, 0x41, 0x08, 0x41, 0x08, 0x41,
    0x08, 0x41, 0x08, 0x41, 0x08, 0x41, 0x08, 0x41, 0x08, 0x41, 0x08, 0x41, 0x08, 0x41, 0x08, 0x41,
    0x08, 0x41, 0x08, 0x41, 0x08, 0x41, 0x08, 0x41, 0x08, 0x41, 0x08, 0x41, 0x08, 0x41, 0x08, 0x41,
    0x08, 0x41, 0x08, 0x41, 0x08, 0x41, 0x08, 0x41, 0x08, 0x41, 0x08, 0x41, 0x08, 0x41, 0x08, 0x41,
    0x08, 0x41, 0x08, 0x41, 0x08, 0x41, 0x08, 0x41, 0x08, 0x41, 0x08, 0x41, 0x08, 0x41, 0x08, 0x41,
    0x08, 0x41, 0x08, 0x41, 0x08, 0x41, 0x08, 0x41, 0x08, 0x41, 0x08, 0x41, 0x08, 0x41, 0x08, 0x41,
    0x08, 0x41, 0x08, 0x41, 0x08, 0x41, 0x08, 0x41, 0x08, 0x41, 0x08, 0x41, 0x08, 0x41, 0x08, 0x41,
    0x08, 0x41, 0x08, 0x41, 0x08, 0x41, 0x08, 0x41, 0x08, 0x41, 0x08, 0x41, 0x08, 0x41, 0x08, 0x41,
    0x08, 0x41, 0x08, 0x41, 0x08, 0x41, 0x08, 0x41, 0x08, 0x41, 0x08, 0x41, 0x08, 0x41, 0x08, 0x41,
    0x08, 0x41, 0x08, 0x41, 0x08, 0x41, 0x08, 0x41, 0x08, 0x41, 0x08, 0x41, 0x08, 0x41, 0x08, 0x41,
    0x08, 0x41, 0x08, 0x41, 0x08, 0x41, 0x08, 0x41, 0x08, 0x41, 0x08, 0x41, 0x08, 0x41, 0x08, 0x41,
    0x08, 0x41, 0x08, 0x41, 0x08, 0x41, 0x08, 0x41, 0x08, 0x41, 0x08, 0x41, 0x08, 0x41, 0x08, 0x41,
    0x08, 0x41, 0x08, 0x41, 0x08, 0x41, 0x08, 0x41, 0x08, 0x41, 0x08, 0x41, 0x08, 0x41, 0x08, 0x41,
    0x08, 0x41, 0x08, 0x41, 0x08, 0x41, 0x08, 0x41, 0x08, 0x41, 0x08, 0x41, 0x08, 0x41, 0x08, 0x41,
    0x08, 0x41, 0x08, 0x41, 0x08, 0x41, 0x08, 0x41, 0x08, 0x41, 0x08, 0x41, 0x08, 0x41, 0x08, 0x41,
    0x08, 0x41, 0x08, 0x41, 0x08, 0x41, 0x08, 0x41, 0x08, 0x41, 0x08, 0x41, 0x08, 0x41, 0x08, 0x41,
    0x08, 0x41, 0x08, 0x41, 0x08, 0x41, 0x08, 0x41, 0x08, 0x41, 0x08, 0x41, 0x08, 0x41, 0x08, 0x41,
    0x08, 0x41, 0x08, 0x41, 0x08, 0x41, 0x08, 0x41, 0x08, 0x41, 0x08, 0x41, 0x08, 0x41, 0x08, 0x41,
    0x08, 0x41, 0x08, 0x41, 0x08, 0x41, 0x08, 0x41, 0x08, 0x41, 0x08, 0x41, 0x08, 0x41, 0x08, 0x41,
    0x08, 0x41, 0x08, 0x41, 0x08, 0x41, 0x08, 0x41, 0x08, 0x41, 0x08, 0x41, 0x08, 0x41, 0x08, 0x41,
    0x08, 0x41, 0x08, 0x41, 0x08, 0x41, 0x08, 0x41, 0x08, 0x41, 0x08, 0x41, 0x08, 0x41, 0x08, 0x41,
    0x08, 0x41, 0x08, 0x41, 0x08, 0x41, 0x08, 0x41, 0x08, 0x41, 0x08, 0x41, 0x08, 0x41, 0x08, 0x41,
    0x08, 0x41, 0x08, 0x41, 0x08, 0x41, 0x08, 0x41, 0x08, 0x41, 0x08, 0x41, 0x08, 0x41, 0x08, 0x41,
    0x08, 0x41, 0x08, 0x41, 0x08, 0x41, 0x08, 0x41, 0x08, 0x41, 0x08, 0x41, 0x08, 0x41, 0x08, 0x41,
    0x08, 0x41, 0x08, 0x41, 0x08, 0x41, 0x08, 0x41, 0x08, 0x41, 0x08, 0x41, 0x08, 0x41, 0x08, 0x41,
    0x08, 0x41, 0x08, 0x41, 0x08, 0x41, 0x08, 0x41, 0x08, 0x41, 0x08, 0x41, 0x08, 0x41, 0x08, 0x41,
    0x08, 0x41, 0x08, 0x41, 0x08, 0x41, 0x08, 0x41, 0x08, 0x41, 0x08, 0x41, 0x08, 0x41, 0x08, 0x41,
    0x08, 0x41, 0x08, 0x41, 0x08, 0x41, 0x08, 0x41, 0x08, 0x41, 0x08, 0x41, 0x08, 0x41, 0x08, 0x41,
    0x08, 0x41, 0x08, 0x41, 0x08, 0x41, 0x08, 0x41, 0x08, 0x41, 0x08, 0x41, 0x08, 0x41, 0x08, 0x41,
    0x08, 0x41, 0x08, 0x41, 0x08, 0x41, 0x08, 0x41, 0x08, 0x41, 0x08, 0x41, 0x08, 0x41, 0x08, 0x41,
    0x08, 0x41, 0x08, 0x41, 0x08, 0x41, 0x08, 0x41, 0x08, 0x41, 0x08, 0x41, 0x08, 0x41, 0x08, 0x41,
    0x08, 0x41, 0x08, 0x41, 0x08, 0x41, 0x08, 0x41, 0x08, 0x41, 0x08, 0x41, 0x08, 0x41, 0x08, 0x41,
    0x08, 0x41, 0x08, 0x41, 0x08, 0x41, 0x08, 0x41, 0x08, 0x41, 0x08, 0x41, 0x08, 0x41, 0x08, 0x41,
    0x08, 0x41, 0x08, 0x41, 0x08, 0x41, 0x08, 0x41, 0x08, 0x41, 0x08, 0x41, 0x08, 0x41, 0x08, 0x41,
    0x08, 0x41, 0x08, 0x41, 0x08, 0x41, 0x08, 0x41, 0x08, 0x41, 0x08, 0x41, 0x08, 0x41, 0x08, 0x41,
    0x08, 0x41, 0x08, 0x41, 0x08, 0x41, 0x08, 0x41, 0x08, 0x41, 0x08, 0x41, 0x08, 0x41, 0x08, 0x41,
    0x08, 0x41, 0x08, 0x41, 0x08, 0x41, 0x08, 0x41, 0x08, 0x41, 0x08, 0x41, 0x08, 0x41, 0x08, 0x41,
    0x08, 0x41, 0x08, 0x41, 0x08, 0x41, 0x08, 0x41, 0x08, 0x41, 0x08, 0x41, 0x08, 0x41, 0x08, 0x41,
    0x08, 0x41, 0x08, 0x41, 0x08, 0x41, 0x08, 0x41, 0x08, 0x41, 0x08, 0x41, 0x08, 0x41, 0x08, 0x41,
    0x08, 0x41, 0x08, 0x41, 0x08, 0x41, 0x08, 0x41, 0x08, 0x41, 0x08, 0x41, 0x08, 0x41, 0x08, 0x41,
    0x08, 0x41, 0x08, 0x41, 0x08, 0x41, 0x08, 0x41, 0x08, 0x41, 0x08, 0x41, 0x08, 0x41, 0x08, 0x41,
    0x08, 0x41, 0x08, 0x41, 0x08, 0x41, 0x08, 0x41, 0x08, 0x41, 0x08, 0x41, 0x08, 0x41, 0x08, 0x41,
    0x08, 0x41, 0x08, 0x41, 0x08, 0x41, 0x08, 0x41, 0x08, 0x41, 0x08, 0x41, 0x08, 0x41, 0x08, 0x41,
    0x08, 0x41, 0x08, 0x41, 0x08, 0x41, 0x08, 0x41, 0x08, 0x41, 0x08, 0x41, 0x08, 0x41, 0x08, 0x41,
    0x08, 0x41, 0x08, 0x41, 0x08, 0x41, 0x08, 0x41, 0x08, 0x41, 0x08, 0x41, 0x08, 0x41, 0x08, 0x41,
    0x08, 0x41, 0x08, 0x41, 0x08, 0x41, 0x08, 0x41, 0x08, 0x41, 0x08, 0x41, 0x08, 0x41, 0x08, 0x41,
    0x08, 0x41, 0x08, 0x41, 0x08, 0x41, 0x08, 0x41, 0x08, 0x41, 0x08, 0x41, 0x08, 0x41, 0x08, 0x41,
    0x08, 0x41, 0x08, 0x41, 0x08, 0x41, 0x08, 0x41, 0x08, 0x41, 0x08, 0x41, 0x08, 0x41, 0x08, 0x41,
    0x08, 0x41, 0x08, 0x41, 0x08, 0x41, 0x08, 0x41, 0x08, 0x41, 0x08, 0x41, 0x08, 0x41, 0x08, 0x41,
    0x08, 0x41, 0x08, 0x41, 0x08, 0x41, 0x08, 0x41, 0x08, 0x41, 0x08, 0x41, 0x08, 0x41, 0x08, 0x41,
    0x08, 0x41, 0x08, 0x41, 0x08, 0x41, 0x08, 0x41, 0x08, 0x41, 0x08, 0x41, 0x08, 0x41, 0x08, 0x41,
    0x08, 0x41, 0x08, 0x41, 0x08, 0x41, 0x08, 0x41, 0x08, 0x41, 0x08, 0x41, 0x08, 0x41, 0x08, 0x41,
    0x08, 0x41, 0x08, 0x41, 0x08, 0x41, 0x08, 0x41, 0x08, 0x41, 0x08, 0x41, 0x08, 0x41, 0x08, 0x41,
    0x08, 0x41, 0x08, 0x41, 0x08, 0x41, 0x08, 0x41, 0x08, 0x41, 0x08, 0x41, 0x08, 0x41, 0x08, 0x41,
    0x08, 0x41, 0x08, 0x41, 0x08, 0x41, 0x08, 0x41, 0x08, 0x41, 0x08, 0x41, 0x08, 0x41, 0x08, 0x41,
    0x08, 0x41, 0x08, 0x41, 0x08, 0x41, 0x08, 0x41, 0x08, 0x41, 0x08, 0x41, 0x08, 0x41, 0x08, 0x41,
    0x08, 0x41, 0x08, 0x41, 0x08, 0x41, 0x08, 0x41, 0x08, 0x41, 0x08, 0x41, 0x08, 0x41, 0x08, 0x41,
    0x08, 0x41, 0x08, 0x41, 0x08, 0x41, 0x08, 0x41, 0x08, 0x41, 0x08, 0x41, 0x08, 0x41, 0x08, 0x41,
    0x08, 0x41, 0x08, 0x41, 0x08, 0x41, 0x08, 0x41, 0x08, 0x41, 0x08, 0x41, 0x08, 0x41, 0x08, 0x41,
    0x08, 0x41, 0x08, 0x41, 0x08, 0x41, 0x08, 0x41, 0x08, 0x41, 0x08, 0x41, 0x08, 0x41, 0x08, 0x41,
    0x08, 0x41, 0x08, 0x41, 0x08, 0x41, 0x08, 0x41, 0x08, 0x41, 0x08, 0x41, 0x08, 0x41, 0x08, 0x41,
    0x08, 0x41, 0x08, 0x41, 0x08, 0x41, 0x08, 0x41, 0x08, 0x41, 0x08, 0x41, 0x08, 0x41, 0x08, 0x41,
    0x08, 0x41, 0x08, 0x41, 0x08, 0x41, 0x08, 0x41, 0x08, 0x41, 0x08, 0x41, 0x08, 0x41, 0x08, 0x41,
    0x08, 0x41, 0x08, 0x41, 0x08, 0x41, 0x08, 0x41, 0x08, 0x41, 0x08, 0x41, 0x08, 0x41, 0x08, 0x41,
    0x08, 0x41, 0x08, 0x41, 0x08, 0x41, 0x08, 0x41, 0x08, 0x41, 0x08, 0x41, 0x08, 0x41, 0x08, 0x41,
    0x08, 0x41, 0x08, 0x41, 0x08, 0x41, 0x08, 0x41, 0x08, 0x41, 0x08, 0x41, 0x08, 0x41, 0x08, 0x41,
    0x08, 0x41, 0x08, 0x41, 0x08, 0x41, 0x08, 0x41, 0x08, 0x41, 0x08, 0x41, 0x08, 0x41, 0x08, 0x41,
    0x08, 0x41, 0x08, 0x41, 0x08, 0x41, 0x08, 0x41, 0x08, 0x41, 0x08, 0x41, 0x08, 0x41, 0x08, 0x41,
    0x08, 0x41, 0x08, 0x41, 0x08, 0x41, 0x08, 0x41, 0x08, 0x41, 0x08, 0x41, 0x08, 0x41, 0x08, 0x41,
    0x08, 0x41, 0x08, 0x41, 0x08, 0x41, 0x08, 0x41, 0x08, 0x41, 0x08, 0x41, 0x08, 0x41, 0x08, 0x41,
    0x08, 0x41, 0x08, 0x41, 0x08, 0x41, 0x08, 0x41, 0x08, 0x41, 0x08, 0x41, 0x08, 0x41, 0x08, 0x41,
    0x08, 0x41, 0x08, 0x41, 0x08, 0x41, 0x08, 0x41, 0x08, 0x41, 0x08, 0x41, 0x08, 0x41, 0x08, 0x41,
    0x08, 0x41, 0x08, 0x41, 0x08, 0x41, 0x08, 0x41, 0x08, 0x41, 0x08, 0x41, 0x08, 0x41, 0x08, 0x41,
    0x08, 0x41, 0x08, 0x41, 0x08, 0x41, 0x08, 0x41, 0x08, 0x41, 0x08, 0x41, 0x08, 0x41, 0x08, 0x41,
    0x08, 0x41, 0x08, 0x41, 0x08, 0x41, 0x08, 0x41, 0x08, 0x41, 0x08, 0x41, 0x08, 0x41, 0x08, 0x41,
    0x08, 0x41, 0x08, 0x41, 0x08, 0x41, 0x08, 0x41, 0x08, 0x41, 0x08, 0x41, 0x08, 0x41, 0x08, 0x41,
    0x08, 0x41, 0x08, 0x41, 0x08, 0x41, 0x08, 0x41, 0x08, 0x41, 0x08, 0x41, 0x08, 0x41, 0x08, 0x41,
    0x08, 0x41, 0x08, 0x41, 0x08, 0x41, 0x08, 0x41, 0x08, 0x41, 0x08, 0x41, 0x08, 0x41, 0x08, 0x41,
    0x08, 0x41, 0x08, 0x41, 0x08, 0x41, 0x08, 0x41, 0x08, 0x41, 0x08, 0x41, 0x08, 0x41, 0x08, 0x41,
    0x08, 0x41, 0x08, 0x41, 0x08, 0x41, 0x08, 0x41, 0x08, 0x41, 0x08, 0x41, 0x08, 0x41, 0x08, 0x41,
    0x08, 0x41, 0x08, 0x41, 0x08, 0x41, 0x08, 0x41, 0x08, 0x41, 0x08, 0x41, 0x08, 0x41, 0x08, 0x41,
    0x08, 0x41, 0x08, 0x41, 0x08, 0x41, 0x08, 0x41, 0x08, 0x41, 0x08, 0x41, 0x08, 0x41, 0x08, 0x41,
    0x08, 0x41, 0x08, 0x41, 0x08, 0x41, 0x08, 0x41, 0x08, 0x41, 0x08, 0x41, 0x08, 0x41, 0x08, 0x41,
    0x08, 0x41, 0x08, 0x41, 0x08, 0x41, 0x08, 0x41, 0x08, 0x41, 0x08, 0x41, 0x08, 0x41, 0x08, 0x41,
    0x08, 0x41, 0x08, 0x41, 0x08, 0x41, 0x08, 0x41, 0x08, 0x41, 0x08, 0x41, 0x08, 0x41, 0x08, 0x41,
    0x08, 0x41, 0x08, 0x41, 0x08, 0x41, 0x08, 0x41, 0x08, 0x41, 0x08, 0x41, 0x08, 0x41, 0x08, 0x41,
    0x08, 0x41, 0x08, 0x41, 0x08, 0x41, 0x08, 0x41, 0x08, 0x41, 0x08, 0x41, 0x08, 0x41, 0x08, 0x41,
    0x08, 0x41, 0x08, 0x41, 0x08, 0x41, 0x08, 0x41, 0x08, 0x41, 0x08, 0x41, 0x08, 0x41, 0x08, 0x41,
    0x08, 0x41, 0x08, 0x41, 0x08, 0x41, 0x08, 0x41, 0x08, 0x41, 0x08, 0x41, 0x08, 0x41, 0x08, 0x41,
    0x08, 0x41, 0x08, 0x41, 0x08, 0x41, 0x08, 0x41, 0x08, 0x41, 0x08, 0x41, 0x08, 0x41, 0x08, 0x41,
    0x08, 0x41, 0x08, 0x41, 0x08, 0x41, 0x08, 0x41, 0x08, 0x41, 0x08, 0x41, 0x08, 0x41, 0x08, 0x41,
    0x08, 0x41, 0x08, 0x41, 0x08, 0x41, 0x08, 0x41, 0x08, 0x41, 0x08, 0x41, 0x08, 0x41, 0x08, 0x41,
    0x08, 0x41, 0x08, 0x41, 0x08, 0x41, 0x08, 0x41, 0x08, 0x41, 0x08, 0x41, 0x08, 0x41, 0x08, 0x41,
    0x08, 0x41, 0x08, 0x41, 0x08, 0x41, 0x08, 0x41, 0x08, 0x41, 0x08, 0x41, 0x08, 0x41, 0x08, 0x41,
    0x08, 0x41, 0x08, 0x41, 0x08, 0x41, 0x08, 0x41, 0x08, 0x41, 0x08, 0x41, 0x08, 0x41, 0x08, 0x41,
    0x08, 0x41, 0x08, 0x41, 0x08, 0x41, 0x08, 0x41, 0x08, 0x41, 0x08, 0x41, 0x08, 0x41, 0x08, 0x41,
    0x08, 0x41, 0x08, 0x41, 0x08, 0x41, 0x08, 0x41, 0x08, 0x41, 0x08, 0x41, 0x08, 0x41, 0x08, 0x41,
    0x08, 0x41, 0x08, 0x41, 0x08, 0x41, 0x08, 0x41, 0x08, 0x41, 0x08, 0x41, 0x08, 0x41, 0x08, 0x41,
    0x08, 0x41, 0x08, 0x41, 0x08, 0x41, 0x08, 0x41, 0x08, 0x41, 0x08, 0x41, 0x08, 0x41, 0x08, 0x41,
    0x08, 0x41, 0x08, 0x41, 0x08, 0x41, 0x08, 0x41, 0x08, 0x41, 0x08, 0x41, 0x08, 0x41, 0x08, 0x41,
    0x08, 0x41, 0x08, 0x41, 0x08, 0x41, 0x08, 0x41, 0x08, 0x41, 0x08, 0x41, 0x08, 0x41, 0x08, 0x41,
    0x08, 0x41, 0x08, 0x41, 0x08, 0x41, 0x08, 0x41, 0x08, 0x41, 0x08, 0x41, 0x08, 0x41, 0x08, 0x41,
    0x08, 0x41, 0x08, 0x41, 0x08, 0x41, 0x08, 0x41, 0x08, 0x41, 0x08, 0x41, 0x08, 0x41, 0x08, 0x41,
    0x08, 0x41, 0x08, 0x41, 0x08, 0x41, 0x08, 0x41, 0x08, 0x41, 0x08, 0x41, 0x08, 0x41, 0x08, 0x41,
    0x08, 0x41, 0x08, 0x41, 0x08, 0x41, 0x08, 0x41, 0x08, 0x41, 0x08, 0x41, 0x08, 0x41, 0x08, 0x41,
    0x08, 0x41, 0x08, 0x41, 0x08, 0x41, 0x08, 0x41, 0x08, 0x41, 0x08, 0x41, 0x08, 0x41, 0x08, 0x41,
    0x08, 0x41, 0x08, 0x41, 0x08, 0x41, 0x08, 0x41, 0x08, 0x41, 0x08, 0x41, 0x08, 0x41, 0x08, 0x41,
    0x08, 0x41, 0x08, 0x41, 0x08, 0x41, 0x08, 0x41, 0x08, 0x41, 0x08, 0x41, 0x08, 0x41, 0x08, 0x41,
    0x08, 0x41, 0x08, 0x41, 0x08, 0x41, 0x08, 0x41, 0x08, 0x41, 0x08, 0x41, 0x08, 0x41, 0x08, 0x41,
    0x08, 0x41, 0x08, 0x41, 0x08, 0x41, 0x08, 0x41, 0x08, 0x41, 0x08, 0x41, 0x08, 0x41, 0x08, 0x41,
    0x08, 0x41, 0x08, 0x41, 0x08, 0x41, 0x08, 0x41, 0x08, 0x41, 0x08, 0x41, 0x08, 0x41, 0x08, 0x41,
    0x08, 0x41, 0x08, 0x41, 0x08, 0x41, 0x08, 0x41, 0x08, 0x41, 0x08, 0x41, 0x08, 0x41, 0x08, 0x41,
    0x08, 0x41, 0x08, 0x41, 0x08, 0x41, 0x08, 0x41, 0x08, 0x41, 0x08, 0x41, 0x08, 0x41, 0x08, 0x41,
    0x08, 0x41, 0x08, 0x41, 0x08, 0x41, 0x08, 0x41, 0x08, 0x41, 0x08, 0x41, 0x08, 0x41, 0x08, 0x41,
    0x08, 0x41, 0x08, 0x41, 0x08, 0x41, 0x08, 0x41, 0x08, 0x41, 0x08, 0x41, 0x08, 0x41, 0x08, 0x41,
    0x08, 0x41, 0x08, 0x41, 0x08, 0x41, 0x08, 0x41, 0x08, 0x41, 0x08, 0x41, 0x08, 0x41, 0x08, 0x41,
    0x08, 0x41, 0x08, 0x41, 0x08, 0x41, 0x08, 0x41, 0x08, 0x41, 0x08, 0x41, 0x08, 0x41, 0x08, 0x41,
    0x08, 0x41, 0x08, 0x41, 0x08, 0x41, 0x08, 0x41, 0x08, 0x41, 0x08, 0x41, 0x08, 0x41, 0x08, 0x41,
    0x08, 0x41, 0x08, 0x41, 0x08, 0x41, 0x08, 0x41, 0x08, 0x41, 0x08, 0x41, 0x08, 0x41, 0x08, 0x41,
    0x08, 0x41, 0x08, 0x41, 0x08, 0x41, 0x08, 0x41, 0x08, 0x41, 0x08, 0x41, 0x08, 0x41, 0x08, 0x41,
    0x08, 0x41, 0x08, 0x41, 0x08, 0x41, 0x08, 0x41, 0x08, 0x41, 0x08, 0x41, 0x08, 0x41, 0x08, 0x41,
    0x08, 0x41, 0x08, 0x41, 0x08, 0x41, 0x08, 0x41, 0x08, 0x41, 0x08, 0x41, 0x08, 0x41, 0x08, 0x41,
    0x08, 0x41, 0x08, 0x41, 0x08, 0x41, 0x08, 0x41, 0x08, 0x41, 0x08, 0x41, 0x08, 0x41, 0x08, 0x41,
    0x08, 0x41, 0x08, 0x41, 0x08, 0x41, 0x08, 0x41, 0x08, 0x41, 0x08, 0x41, 0x08, 0x41, 0x08, 0x41,
    0x08, 0x41, 0x08, 0x41, 0x08, 0x41, 0x08, 0x41, 0x08, 0x41, 0x08, 0x41, 0x08, 0x41, 0x08, 0x41,
    0x08, 0x41, 0x08, 0x41, 0x08, 0x41, 0x08, 0x41, 0x08, 0x41, 0x08, 0x41, 0x08, 0x41, 0x08, 0x41,
    0x08, 0x41, 0x08, 0x41, 0x08, 0x41, 0x08, 0x41, 0x08, 0x41, 0x08, 0x41, 0x08, 0x41, 0x08, 0x41,
    0x08, 0x41, 0x08, 0x41, 0x08, 0x41, 0x08, 0x41, 0x08, 0x41, 0x08, 0x41, 0x08, 0x41, 0x08, 0x41,
    0x08, 0x41, 0x08, 0x41, 0x08, 0x41, 0x08, 0x41, 0x08, 0x41, 0x08, 0x41, 0x08, 0x41, 0x08, 0x41,
    0x08, 0x41, 0x08, 0x41, 0x08, 0x41, 0x08, 0x41, 0x08, 0x41, 0x08, 0x41, 0x08, 0x41, 0x08, 0x41,
    0x08, 0x41, 0x08, 0x41, 0x08, 0x41, 0x08, 0x41, 0x08, 0x41, 0x08, 0x41, 0x08, 0x41, 0x08, 0x41,
    0x08, 0x41, 0x08, 0x41, 0x08, 0x41, 0x08, 0x41, 0x08, 0x41, 0x08, 0x41, 0x08, 0x41, 0x08, 0x41,
    0x08, 0x41, 0x08, 0x41, 0x08, 0x41, 0x08, 0x41, 0x08, 0x41, 0x08, 0x41, 0x08, 0x41, 0x08, 0x41,
    0x08, 0x41, 0x08, 0x41, 0x08, 0x41, 0x08, 0x41, 0x08, 0x41, 0x08, 0x41, 0x08, 0x41, 0x08, 0x41,
    0x08, 0x41, 0x08, 0x41, 0x08, 0x41, 0x08, 0x41, 0x08, 0x41, 0x08, 0x41, 0x08, 0x41, 0x08, 0x41,
    0x08, 0x41, 0x08, 0x41, 0x08, 0x41, 0x08, 0x41, 0x08, 0x41, 0x08, 0x41, 0x08, 0x41, 0x08, 0x41,
    0x08, 0x41, 0x08, 0x41, 0x08, 0x41, 0x08, 0x41, 0x08, 0x41, 0x08, 0x41, 0x08, 0x41, 0x08, 0x41,
    0x08, 0x41, 0x08, 0x41, 0x08, 0x41, 0x08, 0x41, 0x08, 0x41, 0x08, 0x41, 0x08, 0x41, 0x08, 0x41,
    0x08, 0x41, 0x08, 0x41, 0x08, 0x41, 0x08, 0x41, 0x08, 0x41, 0x08, 0x41, 0x08, 0x41, 0x08, 0x41,
    0x08, 0x41, 0x08, 0x41, 0x08, 0x41, 0x08, 0x41, 0x08, 0x41, 0x08, 0x41, 0x08, 0x41, 0x08, 0x41,
    0x08, 0x41, 0x08, 0x41, 0x08, 0x41, 0x08, 0x41, 0x08, 0x41, 0x08, 0x41, 0x08, 0x41, 0x08, 0x41,
    0x08, 0x41, 0x08, 0x41, 0x08, 0x41, 0x08, 0x41, 0x08, 0x41, 0x08, 0x41, 0x08, 0x41, 0x08, 0x41,
    0x08, 0x41, 0x08, 0x41, 0x08, 0x41, 0x08, 0x41, 0x08, 0x41, 0x08, 0x41, 0x08, 0x41, 0x08, 0x41,
    0x08, 0x41, 0x08, 0x41, 0x08, 0x41, 0x08, 0x41, 0x08, 0x41, 0x08, 0x41, 0x08, 0x41, 0x08, 0x41,
    0x08, 0x41, 0x08, 0x41, 0x08, 0x41, 0x08, 0x41, 0x08, 0x41, 0x08, 0x41, 0x08, 0x41, 0x08, 0x41,
    0x08, 0x41, 0x08, 0x41, 0x08, 0x41, 0x08, 0x41, 0x08, 0x41, 0x08, 0x41, 0x08, 0x41, 0x08, 0x41,
    0x08, 0x41, 0x08, 0x41, 0x08, 0x41, 0x08, 0x41, 0x08, 0x41, 0x08, 0x41, 0x08, 0x41, 0x08, 0x41,
    0x08, 0x41, 0x08, 0x41, 0x08, 0x41, 0x08, 0x41, 0x08, 0x41, 0x08, 0x41, 0x08, 0x41, 0x08, 0x41,
    0x08, 0x41, 0x08, 0x41, 0x08, 0x41, 0x08, 0x41, 0x08, 0x41, 0x08, 0x41, 0x08, 0x41, 0x08, 0x41,
    0x08, 0x41, 0x08, 0x41, 0x08, 0x41, 0x08, 0x41, 0x08, 0x41, 0x08, 0x41, 0x08, 0x41, 0x08, 0x41,
    0x08, 0x41, 0x08, 0x41, 0x08, 0x41, 0x08, 0x41, 0x08, 0x41, 0x08, 0x41, 0x08, 0x41, 0x08, 0x41,
    0x08, 0x41, 0x08, 0x41, 0x08, 0x41, 0x08, 0x41, 0x08, 0x41, 0x08, 0x41, 0x08, 0x41, 0x08, 0x41,
    0x08, 0x41, 0x08, 0x41, 0x08, 0x41, 0x08, 0x41, 0x08, 0x41, 0x08, 0x41, 0x08, 0x41, 0x08, 0x41,
    0x08, 0x41, 0x08, 0x41, 0x08, 0x41, 0x08, 0x41, 0x08, 0x41, 0x08, 0x41, 0x08, 0x41, 0x08, 0x41,
    0x08, 0x41, 0x08, 0x41, 0x08, 0x41, 0x08, 0x41, 0x08, 0x41, 0x08, 0x41, 0x08, 0x41, 0x08, 0x41,
    0x08, 0x41, 0x08, 0x41, 0x08, 0x41, 0x08, 0x41, 0x08, 0x41, 0x08, 0x41, 0x08, 0x41, 0x08, 0x41,
    0x08, 0x41, 0x08, 0x41, 0x08, 0x41, 0x08, 0x41, 0x08, 0x41, 0x08, 0x41, 0x08, 0x41, 0x08, 0x41,
    0x08, 0x41, 0x08, 0x41, 0x08, 0x41, 0x08, 0x41, 0x08, 0x41, 0x08, 0x41, 0x08, 0x41, 0x08, 0x41,
    0x08, 0x41, 0x08, 0x41, 0x08, 0x41, 0x08, 0x41, 0x08, 0x41, 0x08, 0x41, 0x08, 0x41, 0x08, 0x41,
    0x08, 0x41, 0x08, 0x41, 0x08, 0x41, 0x08, 0x41, 0x08, 0x41, 0x08, 0x41, 0x08, 0x41, 0x08, 0x41,
    0x08, 0x41, 0x08, 0x41, 0x08, 0x41, 0x08, 0x41, 0x08, 0x41, 0x08, 0x41, 0x08, 0x41, 0x08, 0x41,
    0x08, 0x41, 0x08, 0x41, 0x08, 0x41, 0x08, 0x41, 0x08, 0x41, 0x08, 0x41, 0x08, 0x41, 0x08, 0x41,
    0x08, 0x41, 0x08, 0x41, 0x08, 0x41, 0x08, 0x41, 0x08, 0x41, 0x08, 0x41, 0x08, 0x41, 0x08, 0x41,
    0x08, 0x41, 0x08, 0x41, 0x08, 0x41, 0x08, 0x41, 0x08, 0x41, 0x08, 0x41, 0x08, 0x41, 0x08, 0x41,
    0x08, 0x41, 0x08, 0x41, 0x08, 0x41, 0x08, 0x41, 0x08, 0x41, 0x08, 0x41, 0x08, 0x41, 0x08, 0x41,
    0x08, 0x41, 0x08, 0x41, 0x08, 0x41, 0x08, 0x41, 0x08, 0x41, 0x08, 0x41, 0x08, 0x41, 0x08, 0x41,
    0x08, 0x41, 0x08, 0x41, 0x08, 0x41, 0x08, 0x41, 0x08, 0x41, 0x08, 0x41, 0x08, 0x41, 0x08, 0x41,
    0x08, 0x41, 0x08, 0x41, 0x08, 0x41, 0x08, 0x41, 0x08, 0x41, 0x08, 0x41, 0x08, 0x41, 0x08, 0x41,
    0x08, 0x41, 0x08, 0x41, 0x08, 0x41, 0x08, 0x41, 0x08, 0x41, 0x08, 0x41, 0x08, 0x41, 0x08, 0x41,
    0x08, 0x41, 0x08, 0x41, 0x08, 0x41, 0x08, 0x41, 0x08, 0x41, 0x08, 0x41, 0x08, 0x41, 0x08, 0x41,
    0x08, 0x41, 0x08, 0x41, 0x08, 0x41, 0x08, 0x41, 0x08, 0x41, 0x08, 0x41, 0x08, 0x41, 0x08, 0x41,
    0x08, 0x41, 0x08, 0x41, 0x08, 0x41, 0x08, 0x41, 0x08, 0x41, 0x08, 0x41, 0x08, 0x41, 0x08, 0x41,
    0x08, 0x41, 0x08, 0x41, 0x08, 0x41, 0x08, 0x41, 0x08, 0x41, 0x08, 0x41, 0x08, 0x41, 0x08, 0x41,
    0x08, 0x41, 0x08, 0x41, 0x08, 0x41, 0x08, 0x41, 0x08, 0x41, 0x08, 0x41, 0x08, 0x41, 0x08, 0x41,
    0x08, 0x41, 0x08, 0x41, 0x08, 0x41, 0x08, 0x41, 0x08, 0x41, 0x08, 0x41, 0x08, 0x41, 0x08, 0x41,
    0x08, 0x41, 0x08, 0x41, 0x08, 0x41, 0x08, 0x41, 0x08, 0x41, 0x08, 0x41, 0x08, 0x41, 0x08, 0x41,
    0x08, 0x41, 0x08, 0x41, 0x08, 0x41, 0x08, 0x41, 0x08, 0x41, 0x08, 0x41, 0x08, 0x41, 0x08, 0x41,
    0x08, 0x41, 0x08, 0x41, 0x08, 0x41, 0x08, 0x41, 0x08, 0x41, 0x08, 0x41, 0x08, 0x41, 0x08, 0x41,
    0x08, 0x41, 0x08, 0x41, 0x08, 0x41, 0x08, 0x41, 0x08, 0x41, 0x08, 0x41, 0x08, 0x41, 0x08, 0x41,
    0x08, 0x41, 0x08, 0x41, 0x08, 0x41, 0x08, 0x41, 0x08, 0x41, 0x08, 0x41, 0x08, 0x41, 0x08, 0x41,
    0x08, 0x41, 0x08, 0x41, 0x08, 0x41, 0x08, 0x41, 0x08, 0x41, 0x08, 0x41, 0x08, 0x41, 0x08, 0x41,
    0x08, 0x41, 0x08, 0x41, 0x08, 0x41, 0x08, 0x41, 0x08, 0x41, 0x08, 0x41, 0x08, 0x41, 0x08, 0x41,
    0x08, 0x41, 0x08, 0x41, 0x08, 0x41, 0x08, 0x41, 0x08, 0x41, 0x08, 0x41, 0x08, 0x41, 0x08, 0x41,
    0x08, 0x41, 0x08, 0x41, 0x08, 0x41, 0x08, 0x41, 0x08, 0x41, 0x08, 0x41, 0x08, 0x41, 0x08, 0x41,
    0x08, 0x41, 0x08, 0x41, 0x08, 0x41, 0x08, 0x41, 0x08, 0x41, 0x08, 0x41, 0x08, 0x41, 0x08, 0x41,
    0x08, 0x41, 0x08, 0x41, 0x08, 0x41, 0x08, 0x41, 0x08, 0x41, 0x08, 0x41, 0x08, 0x41, 0x08, 0x41,
    0x08, 0x41, 0x08, 0x41, 0x08, 0x41, 0x08, 0x41, 0x08, 0x41, 0x08, 0x41, 0x08, 0x41, 0x08, 0x41,
    0x08, 0x41, 0x08, 0x41, 0x08, 0x41, 0x08, 0x41, 0x08, 0x41, 0x08, 0x41, 0x08, 0x41, 0x08, 0x41,
    0x08, 0x41, 0x08, 0x41, 0x08, 0x41, 0x08, 0x41, 0x08, 0x41, 0x08, 0x41, 0x08, 0x41, 0x08, 0x41,
    0x08, 0x41, 0x08, 0x41, 0x08, 0x41, 0x08, 0x41, 0x08, 0x41, 0x08, 0x41, 0x08, 0x41, 0x08, 0x41,
    0x08, 0x41, 0x08, 0x41, 0x08, 0x41, 0x08, 0x41, 0x08, 0x41, 0x08, 0x41, 0x08, 0x41, 0x08, 0x41,
    0x08, 0x41, 0x08, 0x41, 0x08, 0x41, 0x08, 0x41, 0x08, 0x41, 0x08, 0x41, 0x08, 0x41, 0x08, 0x41,
    0x08, 0x41, 0x08, 0x41, 0x08, 0x41, 0x08, 0x41, 0x08, 0x41, 0x08, 0x41, 0x08, 0x41, 0x08, 0x41,
    0x08, 0x41, 0x08, 0x41, 0x08, 0x41, 0x08, 0x41, 0x08, 0x41, 0x08, 0x41, 0x08, 0x41, 0x08, 0x41,
    0x08, 0x41, 0x08, 0x41, 0x08, 0x41, 0x08, 0x41, 0x08, 0x41, 0x08, 0x41, 0x08, 0x41, 0x08, 0x41,
    0x08, 0x41, 0x08, 0x41, 0x08, 0x41, 0x08, 0x41, 0x08, 0x41, 0x08, 0x41, 0x08, 0x41, 0x08, 0x41,
    0x08, 0x41, 0x08, 0x41, 0x08, 0x41, 0x08, 0x41, 0x08, 0x41, 0x08, 0x41, 0x08, 0x41, 0x08, 0x41,
    0x08, 0x41, 0x08, 0x41, 0x08, 0x41, 0x08, 0x41, 0x08, 0x41, 0x08, 0x41, 0x08, 0x41, 0x08, 0x41,
    0x08, 0x41, 0x08, 0x41, 0x08, 0x41, 0x08, 0x41, 0x08, 0x41, 0x08, 0x41, 0x08, 0x41, 0x08, 0x41,
    0x08, 0x41, 0x08, 0x41, 0x08, 0x41, 0x08, 0x41, 0x08, 0x41, 0x08, 0x41, 0x08, 0x41, 0x08, 0x41,
    0x08, 0x41, 0x08, 0x41, 0x08, 0x41, 0x08, 0x41, 0x08, 0x41, 0x08, 0x41, 0x08, 0x41, 0x08, 0x41,
    0x08, 0x41, 0x08, 0x41, 0x08, 0x41, 0x08, 0x41, 0x08, 0x41, 0x08, 0x41, 0x08, 0x41, 0x08, 0x41,
    0x08, 0x41, 0x08, 0x41, 0x08, 0x41, 0x08, 0x41, 0x08, 0x41, 0x08, 0x41, 0x08, 0x41, 0x08, 0x41,
    0x08, 0x41, 0x08, 0x41, 0x08, 0x41, 0x08, 0x41, 0x08, 0x41, 0x08, 0x41, 0x08, 0x41, 0x08, 0x41,
    0x08, 0x41, 0x08, 0x41, 0x08, 0x41, 0x08, 0x41, 0x08, 0x41, 0x08, 0x41, 0x08, 0x41, 0x08, 0x41,
    0x08, 0x41, 0x08, 0x41, 0x08, 0x41, 0x08, 0x41, 0x08, 0x41, 0x08, 0x41, 0x08, 0x41, 0x08, 0x41,
    0x08, 0x41, 0x08, 0x41, 0x08, 0x41, 0x08, 0x41, 0x08, 0x41, 0x08, 0x41, 0x08, 0x41, 0x08, 0x41,
    0x08, 0x41, 0x08, 0x41, 0x08, 0x41, 0x08, 0x41, 0x08, 0x41, 0x08, 0x41, 0x08, 0x41, 0x08, 0x41,
    0x08, 0x41, 0x08, 0x41, 0x08, 0x41, 0x08, 0x41, 0x08, 0x41, 0x08, 0x41, 0x08, 0x41, 0x08, 0x41,
    0x08, 0x41, 0x08, 0x41, 0x08, 0x41, 0x08, 0x41, 0x08, 0x41, 0x08, 0x41, 0x08, 0x41, 0x08, 0x41,
    0x08, 0x41, 0x08, 0x41, 0x08, 0x41, 0x08, 0x41, 0x08, 0x41, 0x08, 0x41, 0x08, 0x41, 0x08, 0x41,
    0x08, 0x41, 0x08, 0x41, 0x08, 0x41, 0x08, 0x41, 0x08, 0x41, 0x08, 0x41, 0x08, 0x41, 0x08, 0x41,
    0x08, 0x41, 0x08, 0x41, 0x08, 0x41, 0x08, 0x41, 0x08, 0x41, 0x08, 0x41, 0x08, 0x41, 0x08, 0x41,
    0x08, 0x41, 0x08, 0x41, 0x08, 0x41, 0x08, 0x41, 0x08, 0x41, 0x08, 0x41, 0x08, 0x41, 0x08, 0x41,
    0x08, 0x41, 0x08, 0x41, 0x08, 0x41, 0x08, 0x41, 0x08, 0x41, 0x08, 0x41, 0x08, 0x41, 0x08, 0x41,
    0x08, 0x41, 0x08, 0x41, 0x08, 0x41, 0x08, 0x41, 0x08, 0x41, 0x08, 0x41, 0x08, 0x41, 0x08, 0x41,
    0x08, 0x41, 0x08, 0x41, 0x08, 0x41, 0x08, 0x41, 0x08, 0x41, 0x08, 0x41, 0x08, 0x41, 0x08, 0x41,
    0x08, 0x41, 0x08, 0x41, 0x08, 0x41, 0x08, 0x41, 0x08, 0x41, 0x08, 0x41, 0x08, 0x41, 0x08, 0x41,
    0x08, 0x41, 0x08, 0x41, 0x08, 0x41, 0x08, 0x41, 0x08, 0x41, 0x08, 0x41, 0x08, 0x41, 0x08, 0x41,
    0x08, 0x41, 0x08, 0x41, 0x08, 0x41, 0x08, 0x41, 0x08, 0x41, 0x08, 0x41, 0x08, 0x41, 0x08, 0x41,
    0x08, 0x41, 0x08, 0x41, 0x08, 0x41, 0x08, 0x41, 0x08, 0x41, 0x08, 0x41, 0x08, 0x41, 0x08, 0x41,
    0x08, 0x41, 0x08, 0x41, 0x08, 0x41, 0x08, 0x41, 0x08, 0x41, 0x08, 0x41, 0x08, 0x41, 0x08, 0x41,
    0x08, 0x41, 0x08, 0x41, 0x08, 0x41, 0x08, 0x41, 0x08, 0x41, 0x08, 0x41, 0x08, 0x41, 0x08, 0x41,
    0x08, 0x41, 0x08, 0x41, 0x08, 0x41, 0x08, 0x41, 0x08, 0x41, 0x08, 0x41, 0x08, 0x41, 0x08, 0x41,
    0x08, 0x41, 0x08, 0x41, 0x08, 0x41, 0x08, 0x41, 0x08, 0x41, 0x08, 0x41, 0x08, 0x41, 0x08, 0x41,
    0x08, 0x41, 0x08, 0x41, 0x08, 0x41, 0x08, 0x41, 0x08, 0x41, 0x08, 0x41, 0x08, 0x41, 0x08, 0x41,
    0x08, 0x41, 0x08, 0x41, 0x08, 0x41, 0x08, 0x41, 0x08, 0x41, 0x08, 0x41, 0x08, 0x41, 0x08, 0x41,
    0x08, 0x41, 0x08, 0x41, 0x08, 0x41, 0x08, 0x41, 0x08, 0x41, 0x08, 0x41, 0x08, 0x41, 0x08, 0x41,
    0x08, 0x41, 0x08, 0x41, 0x08, 0x41, 0x08, 0x41, 0x08, 0x41, 0x08, 0x41, 0x08, 0x41, 0x08, 0x41,
    0x08, 0x41, 0x08, 0x41, 0x08, 0x41, 0x08, 0x41, 0x08, 0x41, 0x08, 0x41, 0x08, 0x41, 0x08, 0x41,
    0x08, 0x41, 0x08, 0x41, 0x08, 0x41, 0x08, 0x41, 0x08, 0x41, 0x08, 0x41, 0x08, 0x41, 0x08, 0x41,
    0x08, 0x41, 0x08, 0x41, 0x08, 0x41, 0x08, 0x41, 0x08, 0x41, 0x08, 0x41, 0x08, 0x41, 0x08, 0x41,
    0x08, 0x41, 0x08, 0x41, 0x08, 0x41, 0x08, 0x41, 0x08, 0x41, 0x08, 0x41, 0x08, 0x41, 0x08, 0x41,
    0x08, 0x41, 0x08, 0x41, 0x08, 0x41, 0x08, 0x41, 0x08, 0x41, 0x08, 0x41, 0x08, 0x41, 0x08, 0x41,
    0x08, 0x41, 0x08, 0x41, 0x08, 0x41, 0x08, 0x41, 0x08, 0x41, 0x08, 0x41, 0x08, 0x41, 0x08, 0x41,
    0x08, 0x41, 0x08, 0x41, 0x08, 0x41, 0x08, 0x41, 0x08, 0x41, 0x08, 0x41, 0x08, 0x41, 0x08, 0x41,
    0x08, 0x41, 0x08, 0x41, 0x08, 0x41, 0x08, 0x41, 0x08, 0x41, 0x08, 0x41, 0x08, 0x41, 0x08, 0x41,
    0x08, 0x41, 0x08, 0x41, 0x08, 0x41, 0x08, 0x41, 0x08, 0x41, 0x08, 0x41, 0x08, 0x41, 0x08, 0x41,
    0x08, 0x41, 0x08, 0x41, 0x08, 0x41, 0x08, 0x41, 0x08, 0x41, 0x08, 0x41, 0x08, 0x41, 0x08, 0x41,
    0x08, 0x41, 0x08, 0x41, 0x08, 0x41, 0x08, 0x41, 0x08, 0x41, 0x08, 0x41, 0x08, 0x41, 0x08, 0x41,
    0x08, 0x41, 0x08, 0x41, 0x08, 0x41, 0x08, 0x41, 0x08, 0x41, 0x08, 0x41, 0x08, 0x41, 0x08, 0x41,
    0x08, 0x41, 0x08, 0x41, 0x08, 0x41, 0x08, 0x41, 0x08, 0x41, 0x08, 0x41, 0x08, 0x41, 0x08, 0x41,
    0x08, 0x41, 0x08, 0x41, 0x08, 0x41, 0x08, 0x41, 0x08, 0x41, 0x08, 0x41, 0x08, 0x41, 0x08, 0x41,
    0x08, 0x41, 0x08, 0x41, 0x08, 0x41, 0x08, 0x41, 0x08, 0x41, 0x08, 0x41, 0x08, 0x41, 0x08, 0x41,
    0x08, 0x41, 0x08, 0x41, 0x08, 0x41, 0x08, 0x41, 0x08, 0x41, 0x08, 0x41, 0x08, 0x41, 0x08, 0x41,
    0x08, 0x41, 0x08, 0x41, 0x08, 0x41, 0x08, 0x41, 0x08, 0x41, 0x08, 0x41, 0x08, 0x41, 0x08, 0x41,
    0x08, 0x41, 0x08, 0x41, 0x08, 0x41, 0x08, 0x41, 0x08, 0x41, 0x08, 0x41, 0x08, 0x41, 0x08, 0x41,
    0x08, 0x41, 0x08, 0x41, 0x08, 0x41, 0x08, 0x41, 0x08, 0x41, 0x08, 0x41, 0x08, 0x41, 0x08, 0x41,
    0x08, 0x41, 0x08, 0x41, 0x08, 0x41, 0x08, 0x41, 0x08, 0x41, 0x08, 0x41, 0x08, 0x41, 0x08, 0x41,
    0x08, 0x41, 0x08, 0x41, 0x08, 0x41, 0x08, 0x41, 0x08, 0x41, 0x08, 0x41, 0x08, 0x41, 0x08, 0x41,
    0x08, 0x41, 0x08, 0x41, 0x08, 0x41, 0x08, 0x41, 0x08, 0x41, 0x08, 0x41, 0x08, 0x41, 0x08, 0x41,
    0x08, 0x41, 0x08, 0x41, 0x08, 0x41, 0x08, 0x41, 0x08, 0x41, 0x08, 0x41, 0x08, 0x41, 0x08, 0x41,
    0x08, 0x41, 0x08, 0x41, 0x08, 0x41, 0x08, 0x41, 0x08, 0x41, 0x08, 0x41, 0x08, 0x41, 0x08, 0x41,
    0x08, 0x41, 0x08, 0x41, 0x08, 0x41, 0x08, 0x41, 0x08, 0x41, 0x08, 0x41, 0x08, 0x41, 0x08, 0x41,
    0x08, 0x41, 0x08, 0x41, 0x08, 0x41, 0x08, 0x41, 0x08, 0x41, 0x08, 0x41, 0x08, 0x41, 0x08, 0x41,
    0x08, 0x41, 0x08, 0x41, 0x08, 0x41, 0x08, 0x41, 0x08, 0x41, 0x08, 0x41, 0x08, 0x41, 0x08, 0x41,
    0x08, 0x41, 0x08, 0x41, 0x08, 0x41, 0x08, 0x41, 0x08, 0x41, 0x08, 0x41, 0x08, 0x41, 0x08, 0x41,
    0x08, 0x41, 0x08, 0x41, 0x08, 0x41, 0x08, 0x41, 0x08, 0x41, 0x08, 0x41, 0x08, 0x41, 0x08, 0x41,
    0x08, 0x41, 0x08, 0x41, 0x08, 0x41, 0x08, 0x41, 0x08, 0x41, 0x08, 0x41, 0x08, 0x41, 0x08, 0x41,
    0x08, 0x41, 0x08, 0x41, 0x08, 0x41, 0x08, 0x41, 0x08, 0x41, 0x08, 0x41, 0x08, 0x41, 0x08, 0x41,
    0x08, 0x41, 0x08, 0x41, 0x08, 0x41, 0x08, 0x41, 0x08, 0x41, 0x08, 0x41, 0x08, 0x41, 0x08, 0x41,
    0x08, 0x41, 0x08, 0x41, 0x08, 0x41, 0x08, 0x41, 0x08, 0x41, 0x08, 0x41, 0x08, 0x41, 0x08, 0x41,
    0x08, 0x41, 0x08, 0x41, 0x08, 0x41, 0x08, 0x41, 0x08, 0x41, 0x08, 0x41, 0x08, 0x41, 0x08, 0x41,
    0x08, 0x41, 0x08, 0x41, 0x08, 0x41, 0x08, 0x41, 0x08, 0x41, 0x08, 0x41, 0x08, 0x41, 0x08, 0x41,
    0x08, 0x41, 0x08, 0x41, 0x08, 0x41, 0x08, 0x41, 0x08, 0x41, 0x08, 0x41, 0x08, 0x41, 0x08, 0x41,
    0x08, 0x41, 0x08, 0x41, 0x08, 0x41, 0x08, 0x41, 0x08, 0x41, 0x08, 0x41, 0x08, 0x41, 0x08, 0x41,
    0x08, 0x41, 0x08, 0x41, 0x08, 0x41, 0x08, 0x41, 0x08, 0x41, 0x08, 0x41, 0x08, 0x41, 0x08, 0x41,
    0x08, 0x41, 0x08, 0x41, 0x08, 0x41, 0x08, 0x41, 0x08, 0x41, 0x08, 0x41, 0x08, 0x41, 0x08, 0x41,
    0x08, 0x41, 0x08, 0x41, 0x08, 0x41, 0x08, 0x41, 0x08, 0x41, 0x08, 0x41, 0x08, 0x41, 0x08, 0x41,
    0x08, 0x41, 0x08, 0x41, 0x08, 0x41, 0x08, 0x41, 0x08, 0x41, 0x08, 0x41, 0x08, 0x41, 0x08, 0x41,
    0x08, 0x41, 0x08, 0x41, 0x08, 0x41, 0x08, 0x41, 0x08, 0x41, 0x08, 0x41, 0x08, 0x41, 0x08, 0x41,
    0x08, 0x41, 0x08, 0x41, 0x08, 0x41, 0x08, 0x41, 0x08, 0x41, 0x08, 0x41, 0x08, 0x41, 0x08, 0x41,
    0x08, 0x41, 0x08, 0x41, 0x08, 0x41, 0x08, 0x41, 0x08, 0x41, 0x08, 0x41, 0x08, 0x41, 0x08, 0x41,
    0x08, 0x41, 0x08, 0x41, 0x08, 0x41, 0x08, 0x41, 0x08, 0x41, 0x08, 0x41, 0x08, 0x41, 0x08, 0x41,
    0x08, 0x41, 0x08, 0x41, 0x08, 0x41, 0x08, 0x41, 0x08, 0x41, 0x08, 0x41, 0x08, 0x41, 0x08, 0x41,
    0x08, 0x41, 0x08, 0x41, 0x08, 0x41, 0x08, 0x41, 0x08, 0x41, 0x08, 0x41, 0x08, 0x41, 0x08, 0x41,
    0x08, 0x41, 0x08, 0x41, 0x08, 0x41, 0x08, 0x41, 0x08, 0x41, 0x08, 0x41, 0x08, 0x41, 0x08, 0x41,
    0x08, 0x41, 0x08, 0x41, 0x08, 0x41, 0x08, 0x41, 0x08, 0x41, 0x08, 0x41, 0x08, 0x41, 0x08, 0x41,
    0x08, 0x41, 0x08, 0x41, 0x08, 0x41, 0x08, 0x41, 0x08, 0x41, 0x08, 0x41, 0x08, 0x41, 0x08, 0x41,
    0x08, 0x41, 0x08, 0x41, 0x08, 0x41, 0x08, 0x41, 0x08, 0x41, 0x08, 0x41, 0x08, 0x41, 0x08, 0x41,
    0x08, 0x41, 0x08, 0x41, 0x08, 0x41, 0x08, 0x41, 0x08, 0x41, 0x08, 0x41, 0x08, 0x41, 0x08, 0x41,
    0x08, 0x41, 0x08, 0x41, 0x08, 0x41, 0x08, 0x41, 0x08, 0x41, 0x08, 0x41, 0x08, 0x41, 0x08, 0x41,
    0x08, 0x41, 0x08, 0x41, 0x08, 0x41, 0x08, 0x41, 0x08, 0x41, 0x08, 0x41, 0x08, 0x41, 0x08, 0x41,
    0x08, 0x41, 0x08, 0x41, 0x08, 0x41, 0x08, 0x41, 0x08, 0x41, 0x08, 0x41, 0x08, 0x41, 0x08, 0x41,
    0x08, 0x41, 0x08, 0x41, 0x08, 0x41, 0x08, 0x41, 0x08, 0x41, 0x08, 0x41, 0x08, 0x41, 0x08, 0x41,
    0x08, 0x41, 0x08, 0x41, 0x08, 0x41, 0x08, 0x41, 0x08, 0x41, 0x08, 0x41, 0x08, 0x41, 0x08, 0x41,
    0x08, 0x41, 0x08, 0x41, 0x08, 0x41, 0x08, 0x41, 0x08, 0x41, 0x08, 0x41, 0x08, 0x41, 0x08, 0x41,
    0x08, 0x41, 0x08, 0x41, 0x08, 0x41, 0x08, 0x41, 0x08, 0x41, 0x08, 0x41, 0x08, 0x41, 0x08, 0x41,
    0x08, 0x41, 0x08, 0x41, 0x08, 0x41, 0x08, 0x41, 0x08, 0x41, 0x08, 0x41, 0x08, 0x41, 0x08, 0x41,
    0x08, 0x41, 0x08, 0x41, 0x08, 0x41, 0x08, 0x41, 0x08, 0x41, 0x08, 0x41, 0x08, 0x41, 0x08, 0x41,
    0x08, 0x41, 0x08, 0x41, 0x08, 0x41, 0x08, 0x41, 0x08, 0x41, 0x08, 0x41, 0x08, 0x41, 0x08, 0x41,
    0x08, 0x41, 0x08, 0x41, 0x08, 0x41, 0x08, 0x41, 0x08, 0x41, 0x08, 0x41, 0x08, 0x41, 0x08, 0x41,
    0x08, 0x41, 0x08, 0x41, 0x08, 0x41, 0x08, 0x41, 0x08, 0x41, 0x08, 0x41, 0x08, 0x41, 0x08, 0x41,
    0x08, 0x41, 0x08, 0x41, 0x08, 0x41, 0x08, 0x41, 0x08, 0x41, 0x08, 0x41, 0x08, 0x41, 0x08, 0x41,
    0x08, 0x41, 0x08, 0x41, 0x08, 0x41, 0x08, 0x41, 0x08, 0x41, 0x08, 0x41, 0x08, 0x41, 0x08, 0x41,
    0x08, 0x41, 0x08, 0x41, 0x08, 0x41, 0x08, 0x41, 0x08, 0x41, 0x08, 0x41, 0x08, 0x41, 0x08, 0x41,
    0x08, 0x41, 0x08, 0x41, 0x08, 0x41, 0x08, 0x41, 0x08, 0x41, 0x08, 0x41, 0x08, 0x41, 0x08, 0x41,
    0x08, 0x41, 0x08, 0x41, 0x08, 0x41, 0x08, 0x41, 0x08, 0x41, 0x08, 0x41, 0x08, 0x41, 0x08, 0x41,
    0x08, 0x41, 0x08, 0x41, 0x08, 0x41, 0x08, 0x41, 0x08, 0x41, 0x08, 0x41, 0x08, 0x41, 0x08, 0x41,
    0x08, 0x41, 0x08, 0x41, 0x08, 0x41, 0x08, 0x41, 0x08, 0x41, 0x08, 0x41, 0x08, 0x41, 0x08, 0x41,
    0x08, 0x41, 0x08, 0x41, 0x08, 0x41, 0x08, 0x41, 0x08, 0x41, 0x08, 0x41, 0x08, 0x41, 0x08, 0x41,
    0x08, 0x41, 0x08, 0x41, 0x08, 0x41, 0x08, 0x41, 0x08, 0x41, 0x08, 0x41, 0x08, 0x41, 0x08, 0x41,
    0x08, 0x41, 0x08, 0x41, 0x08, 0x41, 0x08, 0x41, 0x08, 0x41, 0x08, 0x41, 0x08, 0x41, 0x08, 0x41,
    0x08, 0x41, 0x08, 0x41, 0x08, 0x41, 0x08, 0x41, 0x08, 0x41, 0x08, 0x41, 0x08, 0x41, 0x08, 0x41,
    0x08, 0x41, 0x08, 0x41, 0x08, 0x41, 0x08, 0x41, 0x08, 0x41, 0x08, 0x41, 0x08, 0x41, 0x08, 0x41,
    0x08, 0x41, 0x08, 0x41, 0x08, 0x41, 0x08, 0x41, 0x08, 0x41, 0x08, 0x41, 0x08, 0x41, 0x08, 0x41,
    0x08, 0x41, 0x08, 0x41, 0x08, 0x41, 0x08, 0x41, 0x08, 0x41, 0x08, 0x41, 0x08, 0x41, 0x08, 0x41,
    0x08, 0x41, 0x08, 0x41, 0x08, 0x41, 0x08, 0x41, 0x08, 0x41, 0x08, 0x41, 0x08, 0x41, 0x08, 0x41,
    0x08, 0x41, 0x08, 0x41, 0x08, 0x41, 0x08, 0x41, 0x08, 0x41, 0x08, 0x41, 0x08, 0x41, 0x08, 0x41,
    0x08, 0x41, 0x08, 0x41, 0x08, 0x41, 0x08, 0x41, 0x08, 0x41, 0x08, 0x41, 0x08, 0x41, 0x08, 0x41,
    0x08, 0x41, 0x08, 0x41, 0x08, 0x41, 0x08, 0x41, 0x08, 0x41, 0x08, 0x41, 0x08, 0x41, 0x08, 0x41,
    0x08, 0x41, 0x08, 0x41, 0x08, 0x41, 0x08, 0x41, 0x08, 0x41, 0x08, 0x41, 0x08, 0x41, 0x08, 0x41,
    0x08, 0x41, 0x08, 0x41, 0x08, 0x41, 0x08, 0x41, 0x08, 0x41, 0x08, 0x41, 0x08, 0x41, 0x08, 0x41,
    0x08, 0x41, 0x08, 0x41, 0x08, 0x41, 0x08, 0x41, 0x08, 0x41, 0x08, 0x41, 0x08, 0x41, 0x08, 0x41,
    0x08, 0x41, 0x08, 0x41, 0x08, 0x41, 0x08, 0x41, 0x08, 0x41, 0x08, 0x41, 0x08, 0x41, 0x08, 0x41,
    0x08, 0x41, 0x08, 0x41, 0x08, 0x41, 0x08, 0x41, 0x08, 0x41, 0x08, 0x41, 0x08, 0x41, 0x08, 0x41,
    0x08, 0x41, 0x08, 0x41, 0x08, 0x41, 0x08, 0x41, 0x08, 0x41, 0x08, 0x41, 0x08, 0x41, 0x08, 0x41,
    0x08, 0x41, 0x08, 0x41, 0x08, 0x41, 0x08, 0x41, 0x08, 0x41, 0x08, 0x41, 0x08, 0x41, 0x08, 0x41,
    0x08, 0x41, 0x08, 0x41, 0x08, 0x41, 0x08, 0x41, 0x08, 0x41, 0x08, 0x41, 0x08, 0x41, 0x08, 0x41,
    0x08, 0x41, 0x08, 0x41, 0x08, 0x41, 0x08, 0x41, 0x08, 0x41, 0x08, 0x41, 0x08, 0x41, 0x08, 0x41,
    0x08, 0x41, 0x08, 0x41, 0x08, 0x41, 0x08, 0x41, 0x08, 0x41, 0x08, 0x41, 0x08, 0x41, 0x08, 0x41,
    0x08, 0x41, 0x08, 0x41, 0x08, 0x41, 0x08, 0x41, 0x08, 0x41, 0x08, 0x41, 0x08, 0x41, 0x08, 0x41,
    0x08, 0x41, 0x08, 0x41, 0x08, 0x41, 0x08, 0x41, 0x08, 0x41, 0x08, 0x41, 0x08, 0x41, 0x08, 0x41,
    0x08, 0x41, 0x08, 0x41, 0x08, 0x41, 0x08, 0x41, 0x08, 0x41, 0x08, 0x41, 0x08, 0x41, 0x08, 0x41,
    0x08, 0x41, 0x08, 0x41, 0x08, 0x41, 0x08, 0x41, 0x08, 0x41, 0x08, 0x41, 0x08, 0x41, 0x08, 0x41,
    0x08, 0x41, 0x08, 0x41, 0x08, 0x41, 0x08, 0x41, 0x08, 0x41, 0x08, 0x41, 0x08, 0x41, 0x08, 0x41,
    0x08, 0x41, 0x08, 0x41, 0x08, 0x41, 0x08, 0x41, 0x08, 0x41, 0x08, 0x41, 0x08, 0x41, 0x08, 0x41,
    0x08, 0x41, 0x08, 0x41, 0x08, 0x41, 0x08, 0x41, 0x08, 0x41, 0x08, 0x41, 0x08, 0x41, 0x08, 0x41,
    0x08, 0x41, 0x08, 0x41, 0x08, 0x41, 0x08, 0x41, 0x08, 0x41, 0x08, 0x41, 0x08, 0x41, 0x08, 0x41,
    0x08, 0x41, 0x08, 0x41, 0x08, 0x41, 0x08, 0x41, 0x08, 0x41, 0x08, 0x41, 0x08, 0x41, 0x08, 0x41,
    0x08, 0x41, 0x08, 0x41, 0x08, 0x41, 0x08, 0x41, 0x08, 0x41, 0x08, 0x41, 0x08, 0x41, 0x08, 0x41,
    0x08, 0x41, 0x08, 0x41, 0x08, 0x41, 0x08, 0x41, 0x08, 0x41, 0x08, 0x41, 0x08, 0x41, 0x08, 0x41,
    0x08, 0x41, 0x08, 0x41, 0x08, 0x41, 0x08, 0x41, 0x08, 0x41, 0x08, 0x41, 0x08, 0x41, 0x08, 0x41,
    0x08, 0x41, 0x08, 0x41, 0x08, 0x41, 0x08, 0x41, 0x08, 0x41, 0x08, 0x41, 0x08, 0x41, 0x08, 0x41,
    0x08, 0x41, 0x08, 0x41, 0x08, 0x41, 0x08, 0x41, 0x08, 0x41, 0x08, 0x41, 0x08, 0x41, 0x08, 0x41,
    0x08, 0x41, 0x08, 0x41, 0x08, 0x41, 0x08, 0x41, 0x08, 0x41, 0x08, 0x41, 0x08, 0x41, 0x08, 0x41,
    0x08, 0x41, 0x08, 0x41, 0x08, 0x41, 0x08, 0x41, 0x08, 0x41, 0x08, 0x41, 0x08, 0x41, 0x08, 0x41,
    0x08, 0x41, 0x08, 0x41, 0x08, 0x41, 0x08, 0x41, 0x08, 0x41, 0x08, 0x41, 0x08, 0x41, 0x08, 0x41,
    0x08, 0x41, 0x08, 0x41, 0x08, 0x41, 0x08, 0x41, 0x08, 0x41, 0x08, 0x41, 0x08, 0x41, 0x08, 0x41,
    0x08, 0x41, 0x08, 0x41, 0x08, 0x41, 0x08, 0x41, 0x08, 0x41, 0x08, 0x41, 0x08, 0x41, 0x08, 0x41,
    0x08, 0x41, 0x08, 0x41, 0x08, 0x41, 0x08, 0x41, 0x08, 0x41, 0x08, 0x41, 0x08, 0x41, 0x08, 0x41,
    0x08, 0x41, 0x08, 0x41, 0x08, 0x41, 0x08, 0x41, 0x08, 0x41, 0x08, 0x41, 0x08, 0x41, 0x08, 0x41,
    0x08, 0x41, 0x08, 0x41, 0x08, 0x41, 0x08, 0x41, 0x08, 0x41, 0x08, 0x41, 0x08, 0x41, 0x08, 0x41,
    0x08, 0x41, 0x08, 0x41, 0x08, 0x41, 0x08, 0x41, 0x08, 0x41, 0x08, 0x41, 0x08, 0x41, 0x08, 0x41,
    0x08, 0x41, 0x08, 0x41, 0x08, 0x41, 0x08, 0x41, 0x08, 0x41, 0x08, 0x41, 0x08, 0x41, 0x08, 0x41,
    0x08, 0x41, 0x08, 0x41, 0x08, 0x41, 0x08, 0x41, 0x08, 0x41, 0x08, 0x41, 0x08, 0x41, 0x08, 0x41,
    0x08, 0x41, 0x08, 0x41, 0x08, 0x41, 0x08, 0x41, 0x08, 0x41, 0x08, 0x41, 0x08, 0x41, 0x08, 0x41,
    0x08, 0x41, 0x08, 0x41, 0x08, 0x41, 0x08, 0x41, 0x08, 0x41, 0x08, 0x41, 0x08, 0x41, 0x08, 0x41,
    0x08, 0x41, 0x08, 0x41, 0x08, 0x41, 0x08, 0x41, 0x08, 0x41, 0x08, 0x41, 0x08, 0x41, 0x08, 0x41,
    0x08, 0x41, 0x08, 0x41, 0x08, 0x41, 0x08, 0x41, 0x08, 0x41, 0x08, 0x41, 0x08, 0x41, 0x08, 0x41,
    0x08, 0x41, 0x08, 0x41, 0x08, 0x41, 0x08, 0x41, 0x08, 0x41, 0x08, 0x41, 0x08, 0x41, 0x08, 0x41,
    0x08, 0x41, 0x08, 0x41, 0x08, 0x41, 0x08, 0x41, 0x08, 0x41, 0x08, 0x41, 0x08, 0x41, 0x08, 0x41,
    0x08, 0x41, 0x08, 0x41, 0x08, 0x41, 0x08, 0x41, 0x08, 0x41, 0x08, 0x41, 0x08, 0x41, 0x08, 0x41,
    0x08, 0x41, 0x08, 0x41, 0x08, 0x41, 0x08, 0x41, 0x08, 0x41, 0x08, 0x41, 0x08, 0x41, 0x08, 0x41,
    0x08, 0x41, 0x08, 0x41, 0x08, 0x41, 0x08, 0x41, 0x08, 0x41, 0x08, 0x41, 0x08, 0x41, 0x08, 0x41,
    0x08, 0x41, 0x08, 0x41, 0x08, 0x41, 0x08, 0x41, 0x08, 0x41, 0x08, 0x41, 0x08, 0x41, 0x08, 0x41,
    0x08, 0x41, 0x08, 0x41, 0x08, 0x41, 0x08, 0x41, 0x08, 0x41, 0x08, 0x41, 0x08, 0x41, 0x08, 0x41,
    0x08, 0x41, 0x08, 0x41, 0x08, 0x41, 0x08, 0x41, 0x08, 0x41, 0x08, 0x41, 0x08, 0x41, 0x08, 0x41,
    0x08, 0x41, 0x08, 0x41, 0x08, 0x41, 0x08, 0x41, 0x08, 0x41, 0x08, 0x41, 0x08, 0x41, 0x08, 0x41,
    0x08, 0x41, 0x08, 0x41, 0x08, 0x41, 0x08, 0x41, 0x08, 0x41, 0x08, 0x41, 0x08, 0x41, 0x08, 0x41,
    0x08, 0x41, 0x08, 0x41, 0x08, 0x41, 0x08, 0x41, 0x08, 0x41, 0x08, 0x41, 0x08, 0x41, 0x08, 0x41,
    0x08, 0x41, 0x08, 0x41, 0x08, 0x41, 0x08, 0x41, 0x08, 0x41, 0x08, 0x41, 0x08, 0x41, 0x08, 0x41,
    0x08, 0x41, 0x08, 0x41, 0x08, 0x41, 0x08, 0x41, 0x08, 0x41, 0x08, 0x41, 0x08, 0x41, 0x08, 0x41,
    0x08, 0x41, 0x08, 0x41, 0x08, 0x41, 0x08, 0x41, 0x08, 0x41, 0x08, 0x41, 0x08, 0x41, 0x08, 0x41,
    0x08, 0x41, 0x08, 0x41, 0x08, 0x41, 0x08, 0x41, 0x08, 0x41, 0x08, 0x41, 0x08, 0x41, 0x08, 0x41,
    0x08, 0x41, 0x08, 0x41, 0x08, 0x41, 0x08, 0x41, 0x08, 0x41, 0x08, 0x41, 0x08, 0x41, 0x08, 0x41,
    0x08, 0x41, 0x08, 0x41, 0x08, 0x41, 0x08, 0x41, 0x08, 0x41, 0x08, 0x41, 0x08, 0x41, 0x08, 0x41,
    0x08, 0x41, 0x08, 0x41, 0x08, 0x41, 0x08, 0x41, 0x08, 0x41, 0x08, 0x41, 0x08, 0x41, 0x08, 0x41,
    0x08, 0x41, 0x08, 0x41, 0x08, 0x41, 0x08, 0x41, 0x08, 0x41, 0x08, 0x41, 0x08, 0x41, 0x08, 0x41,
    0x08, 0x41, 0x08, 0x41, 0x08, 0x41, 0x08, 0x41, 0x08, 0x41, 0x08, 0x41, 0x08, 0x41, 0x08, 0x41,
    0x08, 0x41, 0x08, 0x41, 0x08, 0x41, 0x08, 0x41, 0x08, 0x41, 0x08, 0x41, 0x08, 0x41, 0x08, 0x41,
    0x08, 0x41, 0x08, 0x41, 0x08, 0x41, 0x08, 0x41, 0x08, 0x41, 0x08, 0x41, 0x08, 0x41, 0x08, 0x41,
    0x08, 0x41, 0x08, 0x41, 0x08, 0x41, 0x08, 0x41, 0x08, 0x41, 0x08, 0x41, 0x08, 0x41, 0x08, 0x41,
    0x08, 0x41, 0x08, 0x41, 0x08, 0x41, 0x08, 0x41, 0x08, 0x41, 0x08, 0x41, 0x08, 0x41, 0x08, 0x41,
    0x08, 0x41, 0x08, 0x41, 0x08, 0x41, 0x08, 0x41, 0x08, 0x41, 0x08, 0x41, 0x08, 0x41, 0x08, 0x41,
    0x08, 0x41, 0x08, 0x41, 0x08, 0x41, 0x08, 0x41, 0x08, 0x41, 0x08, 0x41, 0x08, 0x41, 0x08, 0x41,
    0x08, 0x41, 0x08, 0x41, 0x08, 0x41, 0x08, 0x41, 0x08, 0x41, 0x08, 0x41, 0x08, 0x41, 0x08, 0x41,
    0x08, 0x41, 0x08, 0x41, 0x08, 0x41, 0x08, 0x41, 0x08, 0x41, 0x08, 0x41, 0x08, 0x41, 0x08, 0x41,
    0x08, 0x41, 0x08, 0x41, 0x08, 0x41, 0x08, 0x41, 0x08, 0x41, 0x08, 0x41, 0x08, 0x41, 0x08, 0x41,
    0x08, 0x41, 0x08, 0x41, 0x08, 0x41, 0x08, 0x41, 0x08, 0x41, 0x08, 0x41, 0x08, 0x41, 0x08, 0x41,
    0x08, 0x41, 0x08, 0x41, 0x08, 0x41, 0x08, 0x41, 0x08, 0x41, 0x08, 0x41, 0x08, 0x41, 0x08, 0x41,
    0x08, 0x41, 0x08, 0x41, 0x08, 0x41, 0x08, 0x41, 0x08, 0x41, 0x08, 0x41, 0x08, 0x41, 0x08, 0x41,
    0x08, 0x41, 0x08, 0x41, 0x08, 0x41, 0x08, 0x41, 0x08, 0x41, 0x08, 0x41, 0x08, 0x41, 0x08, 0x41,
    0x08, 0x41, 0x08, 0x41, 0x08, 0x41, 0x08, 0x41, 0x08, 0x41, 0x08, 0x41, 0x08, 0x41, 0x08, 0x41,
    0x08, 0x41, 0x08, 0x41, 0x08, 0x41, 0x08, 0x41, 0x08, 0x41, 0x08, 0x41, 0x08, 0x41, 0x08, 0x41,
    0x08, 0x41, 0x08, 0x41, 0x08, 0x41, 0x08, 0x41, 0x08, 0x41, 0x08, 0x41, 0x08, 0x41, 0x08, 0x41,
    0x08, 0x41, 0x08, 0x41, 0x08, 0x41, 0x08, 0x41, 0x08, 0x41, 0x08, 0x41, 0x08, 0x41, 0x08, 0x41,
    0x08, 0x41, 0x08, 0x41, 0x08, 0x41, 0x08, 0x41, 0x08, 0x41, 0x08, 0x41, 0x08, 0x41, 0x08, 0x41,
    0x08, 0x41, 0x08, 0x41, 0x08, 0x41, 0x08, 0x41, 0x08, 0x41, 0x08, 0x41, 0x08, 0x41, 0x08, 0x41,
    0x08, 0x41, 0x08, 0x41, 0x08, 0x41, 0x08, 0x41, 0x08, 0x41, 0x08, 0x41, 0x08, 0x41, 0x08, 0x41,
    0x08, 0x41, 0x08, 0x41, 0x08, 0x41, 0x08, 0x41, 0x08, 0x41, 0x08, 0x41, 0x08, 0x41, 0x08, 0x41,
    0x08, 0x41, 0x08, 0x41, 0x08, 0x41, 0x08, 0x41, 0x08, 0x41, 0x08, 0x41, 0x08, 0x41, 0x08, 0x41,
    0x08, 0x41, 0x08, 0x41, 0x08, 0x41, 0x08, 0x41, 0x08, 0x41, 0x08, 0x41, 0x08, 0x41, 0x08, 0x41,
    0x08, 0x41, 0x08, 0x41, 0x08, 0x41, 0x08, 0x41, 0x08, 0x41, 0x08, 0x41, 0x08, 0x41, 0x08, 0x41,
    0x08, 0x41, 0x08, 0x41, 0x08, 0x41, 0x08, 0x41, 0x08, 0x41, 0x08, 0x41, 0x08, 0x41, 0x08, 0x41,
    0x08, 0x41, 0x08, 0x41, 0x08, 0x41, 0x08, 0x41, 0x08, 0x41, 0x08, 0x41, 0x08, 0x41, 0x08, 0x41,
    0x08, 0x41, 0x08, 0x41, 0x08, 0x41, 0x08, 0x41, 0x08, 0x41, 0x08, 0x41, 0x08, 0x41, 0x08, 0x41,
    0x08, 0x41, 0x08, 0x41, 0x08, 0x41, 0x08, 0x41, 0x08, 0x41, 0x08, 0x41, 0x08, 0x41, 0x08, 0x41,
    0x08, 0x41, 0x08, 0x41, 0x08, 0x41, 0x08, 0x41, 0x08, 0x41, 0x08, 0x41, 0x08, 0x41, 0x08, 0x41,
    0x08, 0x41, 0x08, 0x41, 0x08, 0x41, 0x08, 0x41, 0x08, 0x41, 0x08, 0x41, 0x08, 0x41, 0x08, 0x41,
    0x08, 0x41, 0x08, 0x41, 0x08, 0x41, 0x08, 0x41, 0x08, 0x41, 0x08, 0x41, 0x08, 0x41, 0x08, 0x41,
    0x08, 0x41, 0x08, 0x41, 0x08, 0x41, 0x08, 0x41, 0x08, 0x41, 0x08, 0x41, 0x08, 0x41, 0x08, 0x41,
    0x08, 0x41, 0x08, 0x41, 0x08, 0x41, 0x08, 0x41, 0x08, 0x41, 0x08, 0x41, 0x08, 0x41, 0x08, 0x41,
    0x08, 0x41, 0x08, 0x41, 0x08, 0x41, 0x08, 0x41, 0x08, 0x41, 0x08, 0x41, 0x08, 0x41, 0x08, 0x41,
    0x08, 0x41, 0x08, 0x41, 0x08, 0x41, 0x08, 0x41, 0x08, 0x41, 0x08, 0x41, 0x08, 0x41, 0x08, 0x41,
    0x08, 0x41, 0x08, 0x41, 0x08, 0x41, 0x08, 0x41, 0x08, 0x41, 0x08, 0x41, 0x08, 0x41, 0x08, 0x41,
    0x08, 0x41, 0x08, 0x41, 0x08, 0x41, 0x08, 0x41, 0x08, 0x41, 0x08, 0x41, 0x08, 0x41, 0x08, 0x41,
    0x08, 0x41, 0x08, 0x41, 0x08, 0x41, 0x08, 0x41, 0x08, 0x41, 0x08, 0x41, 0x08, 0x41, 0x08, 0x41,
    0x08, 0x41, 0x08, 0x41, 0x08, 0x41, 0x08, 0x41, 0x08, 0x41, 0x08, 0x41, 0x08, 0x41, 0x08, 0x41,
    0x08, 0x41, 0x08, 0x41, 0x08, 0x41, 0x08, 0x41, 0x08, 0x41, 0x08, 0x41, 0x08, 0x41, 0x08, 0x41,
    0x08, 0x41, 0x08, 0x41, 0x08, 0x41, 0x08, 0x41, 0x08, 0x41, 0x08, 0x41, 0x08, 0x41, 0x08, 0x41,
    0x08, 0x41, 0x08, 0x41, 0x08, 0x41, 0x08, 0x41, 0x08, 0x41, 0x08, 0x41, 0x08, 0x41, 0x08, 0x41,
    0x08, 0x41, 0x08, 0x41, 0x08, 0x41, 0x08, 0x41, 0x08, 0x41, 0x08, 0x41, 0x08, 0x41, 0x08, 0x41,
    0x08, 0x41, 0x08, 0x41, 0x08, 0x41, 0x08, 0x41, 0x08, 0x41, 0x08, 0x41, 0x08, 0x41, 0x08, 0x41,
    0x08, 0x41, 0x08, 0x41, 0x08, 0x41, 0x08, 0x41, 0x08, 0x41, 0x08, 0x41, 0x08, 0x41, 0x08, 0x41,
    0x08, 0x41, 0x08, 0x41, 0x08, 0x41, 0x08, 0x41, 0x08, 0x41, 0x08, 0x41, 0x08, 0x41, 0x08, 0x41,
    0x08, 0x41, 0x08, 0x41, 0x08, 0x41, 0x08, 0x41, 0x08, 0x41, 0x08, 0x41, 0x08, 0x41, 0x08, 0x41,
    0x08, 0x41, 0x08, 0x41, 0x08, 0x41, 0x08, 0x41, 0x08, 0x41, 0x08, 0x41, 0x08, 0x41, 0x08, 0x41,
    0x08, 0x41, 0x08, 0x41, 0x08, 0x41, 0x08, 0x41, 0x08, 0x41, 0x08, 0x41, 0x08, 0x41, 0x08, 0x41,
    0x08, 0x41, 0x08, 0x41, 0x08, 0x41, 0x08, 0x41, 0x08, 0x41, 0x08, 0x41, 0x08, 0x41, 0x08, 0x41,
    0x08, 0x41, 0x08, 0x41, 0x08, 0x41, 0x08, 0x41, 0x08, 0x41, 0x08, 0x41, 0x08, 0x41, 0x08, 0x41,
    0x08, 0x41, 0x08, 0x41, 0x08, 0x41, 0x08, 0x41, 0x08, 0x41, 0x08, 0x41, 0x08, 0x41, 0x08, 0x41,
    0x08, 0x41, 0x08, 0x41, 0x08, 0x41, 0x08, 0x41, 0x08, 0x41, 0x08, 0x41, 0x08, 0x41, 0x08, 0x41,
    0x08, 0x41, 0x08, 0x41, 0x08, 0x41, 0x08, 0x41, 0x08, 0x41, 0x08, 0x41, 0x08, 0x41, 0x08, 0x41,
    0x08, 0x41, 0x08, 0x41, 0x08, 0x41, 0x08, 0x41, 0x08, 0x41, 0x08, 0x41, 0x08, 0x41, 0x08, 0x41,
    0x08, 0x41, 0x08, 0x41, 0x08, 0x41, 0x08, 0x41, 0x08, 0x41, 0x08, 0x41, 0x08, 0x41, 0x08, 0x41,
    0x08, 0x41, 0x08, 0x41, 0x08, 0x41, 0x08, 0x41, 0x08, 0x41, 0x08, 0x41, 0x08, 0x41, 0x08, 0x41,
    0x08, 0x41, 0x08, 0x41, 0x08, 0x41, 0x08, 0x41, 0x08, 0x41, 0x08, 0x41, 0x08, 0x41, 0x08, 0x41,
    0x08, 0x41, 0x08, 0x41, 0x08, 0x41, 0x08, 0x41, 0x08, 0x41, 0x08, 0x41, 0x08, 0x41, 0x08, 0x41,
    0x08, 0x41, 0x08, 0x41, 0x08, 0x41, 0x08, 0x41, 0x08, 0x41, 0x08, 0x41, 0x08, 0x41, 0x08, 0x41,
    0x08, 0x41, 0x08, 0x41, 0x08, 0x41, 0x08, 0x41, 0x08, 0x41, 0x08, 0x41, 0x08, 0x41, 0x08, 0x41,
    0x08, 0x41, 0x08, 0x41, 0x08, 0x41, 0x08, 0x41, 0x08, 0x41, 0x08, 0x41, 0x08, 0x41, 0x08, 0x41,
    0x08, 0x41, 0x08, 0x41, 0x08, 0x41, 0x08, 0x41, 0x08, 0x41, 0x08, 0x41, 0x08, 0x41, 0x08, 0x41,
    0x08, 0x41, 0x08, 0x41, 0x08, 0x41, 0x08, 0x41, 0x08, 0x41, 0x08, 0x41, 0x08, 0x41, 0x08, 0x41,
    0x08, 0x41, 0x08, 0x41, 0x08, 0x41, 0x08, 0x41, 0x08, 0x41, 0x08, 0x41, 0x08, 0x41, 0x08, 0x41,
    0x08, 0x41, 0x08, 0x41, 0x08, 0x41, 0x08, 0x41, 0x08, 0x41, 0x08, 0x41, 0x08, 0x41, 0x08, 0x41,
    0x08, 0x41, 0x08, 0x41, 0x08, 0x41, 0x08, 0x41, 0x08, 0x41, 0x08, 0x41, 0x08, 0x41, 0x08, 0x41,
    0x08, 0x41, 0x08, 0x41, 0x08, 0x41, 0x08, 0x41, 0x08, 0x41, 0x08, 0x41, 0x08, 0x41, 0x08, 0x41,
    0x08, 0x41, 0x08, 0x41, 0x08, 0x41, 0x08, 0x41, 0x08, 0x41, 0x08, 0x41, 0x08, 0x41, 0x08, 0x41,
    0x08, 0x41, 0x08, 0x41, 0x08, 0x41, 0x08, 0x41, 0x08, 0x41, 0x08, 0x41, 0x08, 0x41, 0x08, 0x41,
    0x08, 0x41, 0x08, 0x41, 0x08, 0x41, 0x08, 0x41, 0x08, 0x41, 0x08, 0x41, 0x08, 0x41, 0x08, 0x41,
    0x08, 0x41, 0x08, 0x41, 0x08, 0x41, 0x08, 0x41, 0x08, 0x41, 0x08, 0x41, 0x08, 0x41, 0x08, 0x41,
    0x08, 0x41, 0x08, 0x41, 0x08, 0x41, 0x08, 0x41, 0x08, 0x41, 0x08, 0x41, 0x08, 0x41, 0x08, 0x41,
    0x08, 0x41, 0x08, 0x41, 0x08, 0x41, 0x08, 0x41, 0x08, 0x41, 0x08, 0x41, 0x08, 0x41, 0x08, 0x41,
    0x08, 0x41, 0x08, 0x41, 0x08, 0x41, 0x08, 0x41, 0x08, 0x41, 0x08, 0x41, 0x08, 0x41, 0x08, 0x41,
    0x08, 0x41, 0x08, 0x41, 0x08, 0x41, 0x08, 0x41, 0x08, 0x41, 0x08, 0x41, 0x08, 0x41, 0x08, 0x41,
    0x08, 0x41, 0x08, 0x41, 0x08, 0x41, 0x08, 0x41, 0x08, 0x41, 0x08, 0x41, 0x08, 0x41, 0x08, 0x41,
    0x08, 0x41, 0x08, 0x41, 0x08, 0x41, 0x08, 0x41, 0x08, 0x41, 0x08, 0x41, 0x08, 0x41, 0x08, 0x41,
    0x08, 0x41, 0x08, 0x41, 0x08, 0x41, 0x08, 0x41, 0x08, 0x41, 0x08, 0x41, 0x08, 0x41, 0x08, 0x41,
    0x08, 0x41, 0x08, 0x41, 0x08, 0x41, 0x08, 0x41, 0x08, 0x41, 0x08, 0x41, 0x08, 0x41, 0x08, 0x41,
    0x08, 0x41, 0x08, 0x41, 0x08, 0x41, 0x08, 0x41, 0x08, 0x41, 0x08, 0x41, 0x08, 0x41, 0x08, 0x41,
    0x08, 0x41, 0x08, 0x41, 0x08, 0x41, 0x08, 0x41, 0x08, 0x41, 0x08, 0x41, 0x08, 0x41, 0x08, 0x41,
    0x08, 0x41, 0x08, 0x41, 0x08, 0x41, 0x08, 0x41, 0x08, 0x41, 0x08, 0x41, 0x08, 0x41, 0x08, 0x41,
    0x08, 0x41, 0x08, 0x41, 0x08, 0x41, 0x08, 0x41, 0x08, 0x41, 0x08, 0x41, 0x08, 0x41, 0x08, 0x41,
    0x08, 0x41, 0x08, 0x41, 0x08, 0x41, 0x08, 0x41, 0x08, 0x41, 0x08, 0x41, 0x08, 0x41, 0x08, 0x41,
    0x08, 0x41, 0x08, 0x41, 0x08, 0x41, 0x08, 0x41, 0x08, 0x41, 0x08, 0x41, 0x08, 0x41, 0x08, 0x41,
    0x08, 0x41, 0x08, 0x41, 0x08, 0x41, 0x08, 0x41, 0x08, 0x41, 0x08, 0x41, 0x08, 0x41, 0x08, 0x41,
    0x08, 0x41, 0x08, 0x41, 0x08, 0x41, 0x08, 0x41, 0x08, 0x41, 0x08, 0x41, 0x08, 0x41, 0x08, 0x41,
    0x08, 0x41, 0x08, 0x41, 0x08, 0x41, 0x08, 0x41, 0x08, 0x41, 0x08, 0x41, 0x08, 0x41, 0x08, 0x41,
    0x08, 0x41, 0x08, 0x41, 0x08, 0x41, 0x08, 0x41, 0x08, 0x41, 0x08, 0x41, 0x08, 0x41, 0x08, 0x41,
    0x08, 0x41, 0x08, 0x41, 0x08, 0x41, 0x08, 0x41, 0x08, 0x41, 0x08, 0x41, 0x08, 0x41, 0x08, 0x41,
    0x08, 0x41, 0x08, 0x41, 0x08, 0x41, 0x08, 0x41, 0x08, 0x41, 0x08, 0x41, 0x08, 0x41, 0x08, 0x41,
    0x08, 0x41, 0x08, 0x41, 0x08, 0x41, 0x08, 0x41, 0x08, 0x41, 0x08, 0x41, 0x08, 0x41, 0x08, 0x41,
    0x08, 0x41, 0x08, 0x41, 0x08, 0x41, 0x08, 0x41, 0x08, 0x41, 0x08, 0x41, 0x08, 0x41, 0x08, 0x41,
    0x08, 0x41, 0x08, 0x41, 0x08, 0x41, 0x08, 0x41, 0x08, 0x41, 0x08, 0x41, 0x08, 0x41, 0x08, 0x41,
    0x08, 0x41, 0x08, 0x41, 0x08, 0x41, 0x08, 0x41, 0x08, 0x41, 0x08, 0x41, 0x08, 0x41, 0x08, 0x41,
    0x08, 0x41, 0x08, 0x41, 0x08, 0x41, 0x08, 0x41, 0x08, 0x41, 0x08, 0x41, 0x08, 0x41, 0x08, 0x41,
    0x08, 0x41, 0x08, 0x41, 0x08, 0x41, 0x08, 0x41, 0x08, 0x41, 0x08, 0x41, 0x08, 0x41, 0x08, 0x41,
    0x08, 0x41, 0x08, 0x41, 0x08, 0x41, 0x08, 0x41, 0x08, 0x41, 0x08, 0x41, 0x08, 0x41, 0x08, 0x41,
    0x08, 0x41, 0x08, 0x41, 0x08, 0x41, 0x08, 0x41, 0x08, 0x41, 0x08, 0x41, 0x08, 0x41, 0x08, 0x41,
    0x08, 0x41, 0x08, 0x41, 0x08, 0x41, 0x08, 0x41, 0x08, 0x41, 0x08, 0x41, 0x08, 0x41, 0x08, 0x41,
    0x08, 0x41, 0x08, 0x41, 0x08, 0x41, 0x08, 0x41, 0x08, 0x41, 0x08, 0x41, 0x08, 0x41, 0x08, 0x41,
    0x08, 0x41, 0x08, 0x41, 0x08, 0x41, 0x08, 0x41, 0x08, 0x41, 0x08, 0x41, 0x08, 0x41, 0x08, 0x41,
    0x08, 0x41, 0x08, 0x41, 0x08, 0x41, 0x08, 0x41, 0x08, 0x41, 0x08, 0x41, 0x08, 0x41, 0x08, 0x41,
    0x08, 0x41, 0x08, 0x41, 0x08, 0x41, 0x08, 0x41, 0x08, 0x41, 0x08, 0x41, 0x08, 0x41, 0x08, 0x41,
    0x08, 0x41, 0x08, 0x41, 0x08, 0x41, 0x08, 0x41, 0x08, 0x41, 0x08, 0x41, 0x08, 0x41, 0x08, 0x41,
    0x08, 0x41, 0x08, 0x41, 0x08, 0x41, 0x08, 0x41, 0x08, 0x41, 0x08, 0x41, 0x08, 0x41, 0x08, 0x41,
    0x08, 0x41, 0x08, 0x41, 0x08, 0x41, 0x08, 0x41, 0x08, 0x41, 0x08, 0x41, 0x08, 0x41, 0x08, 0x41,
    0x08, 0x41, 0x08, 0x41, 0x08, 0x41, 0x08, 0x41, 0x08, 0x41, 0x08, 0x41, 0x08, 0x41, 0x08, 0x41,
    0x08, 0x41, 0x08, 0x41, 0x08, 0x41, 0x08, 0x41, 0x08, 0x41, 0x08, 0x41, 0x08, 0x41, 0x08, 0x41,
    0x08, 0x41, 0x08, 0x41, 0x08, 0x41, 0x08, 0x41, 0x08, 0x41, 0x08, 0x41, 0x08, 0x41, 0x08, 0x41,
    0x08, 0x41, 0x08, 0x41, 0x08, 0x41, 0x08, 0x41, 0x08, 0x41, 0x08, 0x41, 0x08, 0x41, 0x08, 0x41,
    0x08, 0x41, 0x08, 0x41, 0x08, 0x41, 0x08, 0x41, 0x08, 0x41, 0x08, 0x41, 0x08, 0x41, 0x08, 0x41,
    0x08, 0x41, 0x08, 0x41, 0x08, 0x41, 0x08, 0x41, 0x08, 0x41, 0x08, 0x41, 0x08, 0x41, 0x08, 0x41,
    0x08, 0x41, 0x08, 0x41, 0x08, 0x41, 0x08, 0x41, 0x08, 0x41, 0x08, 0x41, 0x08, 0x41, 0x08, 0x41,
    0x08, 0x41, 0x08, 0x41, 0x08, 0x41, 0x08, 0x41, 0x08, 0x41, 0x08, 0x41, 0x08, 0x41, 0x08, 0x41,
    0x08, 0x41, 0x08, 0x41, 0x08, 0x41, 0x08, 0x41, 0x08, 0x41, 0x08, 0x41, 0x08, 0x41, 0x08, 0x41,
    0x08, 0x41, 0x08, 0x41, 0x08, 0x41, 0x08, 0x41, 0x08, 0x41, 0x08, 0x41, 0x08, 0x41, 0x08, 0x41,
    0x08, 0x41, 0x08, 0x41, 0x08, 0x41, 0x08, 0x41, 0x08, 0x41, 0x08, 0x41, 0x08, 0x41, 0x08, 0x41,
    0x08, 0x41, 0x08, 0x41, 0x08, 0x41, 0x08, 0x41, 0x08, 0x41, 0x08, 0x41, 0x08, 0x41, 0x08, 0x41,
    0x08, 0x41, 0x08, 0x41, 0x08, 0x41, 0x08, 0x41, 0x08, 0x41, 0x08, 0x41, 0x08, 0x41, 0x08, 0x41,
    0x08, 0x41, 0x08, 0x41, 0x08, 0x41, 0x08, 0x41, 0x08, 0x41, 0x08, 0x41, 0x08, 0x41, 0x08, 0x41,
    0x08, 0x41, 0x08, 0x41, 0x08, 0x41, 0x08, 0x41, 0x08, 0x41, 0x08, 0x41, 0x08, 0x41, 0x08, 0x41,
    0x08, 0x41, 0x08, 0x41, 0x08, 0x41, 0x08, 0x41, 0x08, 0x41, 0x08, 0x41, 0x08, 0x41, 0x08, 0x41,
    0x08, 0x41, 0x08, 0x41, 0x08, 0x41, 0x08, 0x41, 0x08, 0x41, 0x08, 0x41, 0x08, 0x41, 0x08, 0x41,
    0x08, 0x41, 0x08, 0x41, 0x08, 0x41, 0x08, 0x41, 0x08, 0x41, 0x08, 0x41, 0x08, 0x41, 0x08, 0x41,
    0x08, 0x41, 0x08, 0x41, 0x08, 0x41, 0x08, 0x41, 0x08, 0x41, 0x08, 0x41, 0x08, 0x41, 0x08, 0x41,
    0x08, 0x41, 0x08, 0x41, 0x08, 0x41, 0x08, 0x41, 0x08, 0x41, 0x08, 0x41, 0x08, 0x41, 0x08, 0x41,
    0x08, 0x41, 0x08, 0x41, 0x08, 0x41, 0x08, 0x41, 0x08, 0x41, 0x08, 0x41, 0x08, 0x41, 0x08, 0x41,
    0x08, 0x41, 0x08, 0x41, 0x08, 0x41, 0x08, 0x41, 0x08, 0x41, 0x08, 0x41, 0x08, 0x41, 0x08, 0x41,
    0x08, 0x41, 0x08, 0x41, 0x08, 0x41, 0x08, 0x41, 0x08, 0x41, 0x08, 0x41, 0x08, 0x41, 0x08, 0x41,
    0x08, 0x41, 0x08, 0x41, 0x08, 0x41, 0x08, 0x41, 0x08, 0x41, 0x08, 0x41, 0x08, 0x41, 0x08, 0x41,
    0x08, 0x41, 0x08, 0x41, 0x08, 0x41, 0x08, 0x41, 0x08, 0x41, 0x08, 0x41, 0x08, 0x41, 0x08, 0x41,
    0x08, 0x41, 0x08, 0x41, 0x08, 0x41, 0x08, 0x41, 0x08, 0x41, 0x08, 0x41, 0x08, 0x41, 0x08, 0x41,
    0x08, 0x41, 0x08, 0x41, 0x08, 0x41, 0x08, 0x41, 0x08, 0x41, 0x08, 0x41, 0x08, 0x41, 0x08, 0x41,
    0x08, 0x41, 0x08, 0x41, 0x08, 0x41, 0x08, 0x41, 0x08, 0x41, 0x08, 0x41, 0x08, 0x41, 0x08, 0x41,
    0x08, 0x41, 0x08, 0x41, 0x08, 0x41, 0x08, 0x41, 0x08, 0x41, 0x08, 0x41, 0x08, 0x41, 0x08, 0x41,
    0x08, 0x41, 0x08, 0x41, 0x08, 0x41, 0x08, 0x41, 0x08, 0x41, 0x08, 0x41, 0x08, 0x41, 0x08, 0x41,
    0x08, 0x41, 0x08, 0x41, 0x08, 0x41, 0x08, 0x41, 0x08, 0x41, 0x08, 0x41, 0x08, 0x41, 0x08, 0x41,
    0x08, 0x41, 0x08, 0x41, 0x08, 0x41, 0x08, 0x41, 0x08, 0x41, 0x08, 0x41, 0x08, 0x41, 0x08, 0x41,
    0x08, 0x41, 0x08, 0x41, 0x08, 0x41, 0x08, 0x41, 0x08, 0x41, 0x08, 0x41, 0x08, 0x41, 0x08, 0x41,
    0x08, 0x41, 0x08, 0x41, 0x08, 0x41, 0x08, 0x41, 0x08, 0x41, 0x08, 0x41, 0x08, 0x41, 0x08, 0x41,
    0x08, 0x41, 0x08, 0x41, 0x08, 0x41, 0x08, 0x41, 0x08, 0x41, 0x08, 0x41, 0x08, 0x41, 0x08, 0x41,
    0x08, 0x41, 0x08, 0x41, 0x08, 0x41, 0x08, 0x41, 0x08, 0x41, 0x08, 0x41, 0x08, 0x41, 0x08, 0x41,
    0x08, 0x41, 0x08, 0x41, 0x08, 0x41, 0x08, 0x41, 0x08, 0x41, 0x08, 0x41, 0x08, 0x41, 0x08, 0x41,
    0x08, 0x41, 0x08, 0x41, 0x08, 0x41, 0x08, 0x41, 0x08, 0x41, 0x08, 0x41, 0x08, 0x41, 0x08, 0x41,
    0x08, 0x41, 0x08, 0x41, 0x08, 0x41, 0x08, 0x41, 0x08, 0x41, 0x08, 0x41, 0x08, 0x41, 0x08, 0x41,
    0x08, 0x41, 0x08, 0x41, 0x08, 0x41, 0x08, 0x41, 0x08, 0x41, 0x08, 0x41, 0x08, 0x41, 0x08, 0x41,
    0x08, 0x41, 0x08, 0x41, 0x08, 0x41, 0x08, 0x41, 0x08, 0x41, 0x08, 0x41, 0x08, 0x41, 0x08, 0x41,
    0x08, 0x41, 0x08, 0x41, 0x08, 0x41, 0x08, 0x41, 0x08, 0x41, 0x08, 0x41, 0x08, 0x41, 0x08, 0x41,
    0x08, 0x41, 0x08, 0x41, 0x08, 0x41, 0x08, 0x41, 0x08, 0x41, 0x08, 0x41, 0x08, 0x41, 0x08, 0x41,
    0x08, 0x41, 0x08, 0x41, 0x08, 0x41, 0x08, 0x41, 0x08, 0x41, 0x08, 0x41, 0x08, 0x41, 0x08, 0x41,
    0x08, 0x41, 0x08, 0x41, 0x08, 0x41, 0x08, 0x41, 0x08, 0x41, 0x08, 0x41, 0x08, 0x41, 0x08, 0x41,
    0x08, 0x41, 0x08, 0x41, 0x08, 0x41, 0x08, 0x41, 0x08, 0x41, 0x08, 0x41, 0x08, 0x41, 0x08, 0x41,
    0x08, 0x41, 0x08, 0x41, 0x08, 0x41, 0x08, 0x41, 0x08, 0x41, 0x08, 0x41, 0x08, 0x41, 0x08, 0x41,
    0x08, 0x41, 0x08, 0x41, 0x08, 0x41, 0x08, 0x41, 0x08, 0x41, 0x08, 0x41, 0x08, 0x41, 0x08, 0x41,
    0x08, 0x41, 0x08, 0x41, 0x08, 0x41, 0x08, 0x41, 0x08, 0x41, 0x08, 0x41, 0x08, 0x41, 0x08, 0x41,
    0x08, 0x41, 0x08, 0x41, 0x08, 0x41, 0x08, 0x41, 0x08, 0x41, 0x08, 0x41, 0x08, 0x41, 0x08, 0x41,
    0x08, 0x41, 0x08, 0x41, 0x08, 0x41, 0x08, 0x41, 0x08, 0x41, 0x08, 0x41, 0x08, 0x41, 0x08, 0x41,
    0x08, 0x41, 0x08, 0x41, 0x08, 0x41, 0x08, 0x41, 0x08, 0x41, 0x08, 0x41, 0x08, 0x41, 0x08, 0x41,
    0x08, 0x41, 0x08, 0x41, 0x08, 0x41, 0x08, 0x41, 0x08, 0x41, 0x08, 0x41, 0x08, 0x41, 0x08, 0x41,
    0x08, 0x41, 0x08, 0x41, 0x08, 0x41, 0x08, 0x41, 0x08, 0x41, 0x08, 0x41, 0x08, 0x41, 0x08, 0x41,
    0x08, 0x41, 0x08, 0x41, 0x08, 0x41, 0x08, 0x41, 0x08, 0x41, 0x08, 0x41, 0x08, 0x41, 0x08, 0x41,
    0x08, 0x41, 0x08, 0x41, 0x08, 0x41, 0x08, 0x41, 0x08, 0x41, 0x08, 0x41, 0x08, 0x41, 0x08, 0x41,
    0x08, 0x41, 0x08, 0x41, 0x08, 0x41, 0x08, 0x41, 0x08, 0x41, 0x08, 0x41, 0x08, 0x41, 0x08, 0x41,
    0x08, 0x41, 0x08, 0x41, 0x08, 0x41, 0x08, 0x41, 0x08, 0x41, 0x08, 0x41, 0x08, 0x41, 0x08, 0x41,
    0x08, 0x41, 0x08, 0x41, 0x08, 0x41, 0x08, 0x41, 0x08, 0x41, 0x08, 0x41, 0x08, 0x41, 0x08, 0x41,
    0x08, 0x41, 0x08, 0x41, 0x08, 0x41, 0x08, 0x41, 0x08, 0x41, 0x08, 0x41, 0x08, 0x41, 0x08, 0x41,
    0x08, 0x41, 0x08, 0x41, 0x08, 0x41, 0x08, 0x41, 0x08, 0x41, 0x08, 0x41, 0x08, 0x41, 0x08, 0x41,
    0x08, 0x41, 0x08, 0x41, 0x08, 0x41, 0x08, 0x41, 0x08, 0x41, 0x08, 0x41, 0x08, 0x41, 0x08, 0x41,
    0x08, 0x41, 0x08, 0x41, 0x08, 0x41, 0x08, 0x41, 0x08, 0x41, 0x08, 0x41, 0x08, 0x41, 0x08, 0x41,
    0x08, 0x41, 0x08, 0x41, 0x08, 0x41, 0x08, 0x41, 0x08, 0x41, 0x08, 0x41, 0x08, 0x41, 0x08, 0x41,
    0x08, 0x41, 0x08, 0x41, 0x08, 0x41, 0x08, 0x41, 0x08, 0x41, 0x08, 0x41, 0x08, 0x41, 0x08, 0x41,
    0x08, 0x41, 0x08, 0x41, 0x08, 0x41, 0x08, 0x41, 0x08, 0x41, 0x08, 0x41, 0x08, 0x41, 0x08, 0x41,
    0x08, 0x41, 0x08, 0x41, 0x08, 0x41, 0x08, 0x41, 0x08, 0x41, 0x08, 0x41, 0x08, 0x41, 0x08, 0x41,
    0x08, 0x41, 0x08, 0x41, 0x08, 0x41, 0x08, 0x41, 0x08, 0x41, 0x08, 0x41, 0x08, 0x41, 0x08, 0x41,
    0x08, 0x41, 0x08, 0x41, 0x08, 0x41, 0x08, 0x41, 0x08, 0x41, 0x08, 0x41, 0x08, 0x41, 0x08, 0x41,
    0x08, 0x41, 0x08, 0x41, 0x08, 0x41, 0x08, 0x41, 0x08, 0x41, 0x08, 0x41, 0x08, 0x41, 0x08, 0x41,
    0x08, 0x41, 0x08, 0x41, 0x08, 0x41, 0x08, 0x41, 0x08, 0x41, 0x08, 0x41, 0x08, 0x41, 0x08, 0x41,
    0x08, 0x41, 0x08, 0x41, 0x08, 0x41, 0x08, 0x41, 0x08, 0x41, 0x08, 0x41, 0x08, 0x41, 0x08, 0x41,
    0x08, 0x41, 0x08, 0x41, 0x08, 0x41, 0x08, 0x41, 0x08, 0x41, 0x08, 0x41, 0x08, 0x41, 0x08, 0x41,
    0x08, 0x41, 0x08, 0x41, 0x08, 0x41, 0x08, 0x41, 0x08, 0x41, 0x08, 0x41, 0x08, 0x41, 0x08, 0x41,
    0x08, 0x41, 0x08, 0x41, 0x08, 0x41, 0x08, 0x41, 0x08, 0x41, 0x08, 0x41, 0x08, 0x41, 0x08, 0x41,
    0x08, 0x41, 0x08, 0x41, 0x08, 0x41, 0x08, 0x41, 0x08, 0x41, 0x08, 0x41, 0x08, 0x41, 0x08, 0x41,
    0x08, 0x41, 0x08, 0x41, 0x08, 0x41, 0x08, 0x41, 0x08, 0x41, 0x08, 0x41, 0x08, 0x41, 0x08, 0x41,
    0x08, 0x41, 0x08, 0x41, 0x08, 0x41, 0x08, 0x41, 0x08, 0x41, 0x08, 0x41, 0x08, 0x41, 0x08, 0x41,
    0x08, 0x41, 0x08, 0x41, 0x08, 0x41, 0x08, 0x41, 0x08, 0x41, 0x08, 0x41, 0x08, 0x41, 0x08, 0x41,
    0x08, 0x41, 0x08, 0x41, 0x08, 0x41, 0x08, 0x41, 0x08, 0x41, 0x08, 0x41, 0x08, 0x41, 0x08, 0x41,
    0x08, 0x41, 0x08, 0x41, 0x08, 0x41, 0x08, 0x41, 0x08, 0x41, 0x08, 0x41, 0x08, 0x41, 0x08, 0x41,
    0x08, 0x41, 0x08, 0x41, 0x08, 0x41, 0x08, 0x41, 0x08, 0x41, 0x08, 0x41, 0x08, 0x41, 0x08, 0x41,
    0x08, 0x41, 0x08, 0x41, 0x08, 0x41, 0x08, 0x41, 0x08, 0x41, 0x08, 0x41, 0x08, 0x41, 0x08, 0x41,
    0x08, 0x41, 0x08, 0x41, 0x08, 0x41, 0x08, 0x41, 0x08, 0x41, 0x08, 0x41, 0x08, 0x41, 0x08, 0x41,
    0x08, 0x41, 0x08, 0x41, 0x08, 0x41, 0x08, 0x41, 0x08, 0x41, 0x08, 0x41, 0x08, 0x41, 0x08, 0x41,
    0x08, 0x41, 0x08, 0x41, 0x08, 0x41, 0x08, 0x41, 0x08, 0x41, 0x08, 0x41, 0x08, 0x41, 0x08, 0x41,
    0x08, 0x41, 0x08, 0x41, 0x08, 0x41, 0x08, 0x41, 0x08, 0x41, 0x08, 0x41, 0x08, 0x41, 0x08, 0x41,
    0x08, 0x41, 0x08, 0x41, 0x08, 0x41, 0x08, 0x41, 0x08, 0x41, 0x08, 0x41, 0x08, 0x41, 0x08, 0x41,
    0x08, 0x41, 0x08, 0x41, 0x08, 0x41, 0x08, 0x41, 0x08, 0x41, 0x08, 0x41, 0x08, 0x41, 0x08, 0x41,
    0x08, 0x41, 0x08, 0x41, 0x08, 0x41, 0x08, 0x41, 0x08, 0x41, 0x08, 0x41, 0x08, 0x41, 0x08, 0x41,
    0x08, 0x41, 0x08, 0x41, 0x08, 0x41, 0x08, 0x41, 0x08, 0x41, 0x08, 0x41, 0x08, 0x41, 0x08, 0x41,
    0x08, 0x41, 0x08, 0x41, 0x08, 0x41, 0x08, 0x41, 0x08, 0x41, 0x08, 0x41, 0x08, 0x41, 0x08, 0x41,
    0x08, 0x41, 0x08, 0x41, 0x08, 0x41, 0x08, 0x41, 0x08, 0x41, 0x08, 0x41, 0x08, 0x41, 0x08, 0x41,
    0x08, 0x41, 0x08, 0x41, 0x08, 0x41, 0x08, 0x41, 0x08, 0x41, 0x08, 0x41, 0x08, 0x41, 0x08, 0x41,
    0x08, 0x41, 0x08, 0x41, 0x08, 0x41, 0x08, 0x41, 0x08, 0x41, 0x08, 0x41, 0x08, 0x41, 0x08, 0x41,
    0x08, 0x41, 0x08, 0x41, 0x08, 0x41, 0x08, 0x41, 0x08, 0x41, 0x08, 0x41, 0x08, 0x41, 0x08, 0x41,
    0x08, 0x41, 0x08, 0x41, 0x08, 0x41, 0x08, 0x41, 0x08, 0x41, 0x08, 0x41, 0x08, 0x41, 0x08, 0x41,
    0x08, 0x41, 0x08, 0x41, 0x08, 0x41, 0x08, 0x41, 0x08, 0x41, 0x08, 0x41, 0x08, 0x41, 0x08, 0x41,
    0x08, 0x41, 0x08, 0x41, 0x08, 0x41, 0x08, 0x41, 0x08, 0x41, 0x08, 0x41, 0x08, 0x41, 0x08, 0x41,
    0x08, 0x41, 0x08, 0x41, 0x08, 0x41, 0x08, 0x41, 0x08, 0x41, 0x08, 0x41, 0x08, 0x41, 0x08, 0x41,
    0x08, 0x41, 0x08, 0x41, 0x08, 0x41, 0x08, 0x41, 0x08, 0x41, 0x08, 0x41, 0x08, 0x41, 0x08, 0x41,
    0x08, 0x41, 0x08, 0x41, 0x08, 0x41, 0x08, 0x41, 0x08, 0x41, 0x08, 0x41, 0x08, 0x41, 0x08, 0x41,
    0x08, 0x41, 0x08, 0x41, 0x08, 0x41, 0x08, 0x41, 0x08, 0x41, 0x08, 0x41, 0x08, 0x41, 0x08, 0x41,
    0x08, 0x41, 0x08, 0x41, 0x08, 0x41, 0x08, 0x41, 0x08, 0x41, 0x08, 0x41, 0x08, 0x41, 0x08, 0x41,
    0x08, 0x41, 0x08, 0x41, 0x08, 0x41, 0x08, 0x41, 0x08, 0x41, 0x08, 0x41, 0x08, 0x41, 0x08, 0x41,
    0x08, 0x41, 0x08, 0x41, 0x08, 0x41, 0x08, 0x41, 0x08, 0x41, 0x08, 0x41, 0x08, 0x41, 0x08, 0x41,
    0x08, 0x41, 0x08, 0x41, 0x08, 0x41, 0x08, 0x41, 0x08, 0x41, 0x08, 0x41, 0x08, 0x41, 0x08, 0x41,
    0x08, 0x41, 0x08, 0x41, 0x08, 0x41, 0x08, 0x41, 0x08, 0x41, 0x08, 0x41, 0x08, 0x41, 0x08, 0x41,
    0x08, 0x41, 0x08, 0x41, 0x08, 0x41, 0x08, 0x41, 0x08, 0x41, 0x08, 0x41, 0x08, 0x41, 0x08, 0x41,
    0x08, 0x41, 0x08, 0x41, 0x08, 0x41, 0x08, 0x41, 0x08, 0x41, 0x08, 0x41, 0x08, 0x41, 0x08, 0x41,
    0x08, 0x41, 0x08, 0x41, 0x08, 0x41, 0x08, 0x41, 0x08, 0x41, 0x08, 0x41, 0x08, 0x41, 0x08, 0x41,
    0x08, 0x41, 0x08, 0x41, 0x08, 0x41, 0x08, 0x41, 0x08, 0x41, 0x08, 0x41, 0x08, 0x41, 0x08, 0x41,
    0x08, 0x41, 0x08, 0x41, 0x08, 0x41, 0x08, 0x41, 0x08, 0x41, 0x08, 0x41, 0x08, 0x41, 0x08, 0x41,
    0x08, 0x41, 0x08, 0x41, 0x08, 0x41, 0x08, 0x41, 0x08, 0x41, 0x08, 0x41, 0x08, 0x41, 0x08, 0x41,
    0x08, 0x41, 0x08, 0x41, 0x08, 0x41, 0x08, 0x41, 0x08, 0x41, 0x08, 0x41, 0x08, 0x41, 0x08, 0x41,
    0x08, 0x41, 0x08, 0x41, 0x08, 0x41, 0x08, 0x41, 0x08, 0x41, 0x08, 0x41, 0x08, 0x41, 0x08, 0x41,
    0x08, 0x41, 0x08, 0x41, 0x08, 0x41, 0x08, 0x41, 0x08, 0x41, 0x08, 0x41, 0x08, 0x41, 0x08, 0x41,
    0x08, 0x41, 0x08, 0x41, 0x08, 0x41, 0x08, 0x41, 0x08, 0x41, 0x08, 0x41, 0x08, 0x41, 0x08, 0x41,
    0x08, 0x41, 0x08, 0x41, 0x08, 0x41, 0x08, 0x41, 0x08, 0x41, 0x08, 0x41, 0x08, 0x41, 0x08, 0x41,
    0x08, 0x41, 0x08, 0x41, 0x08, 0x41, 0x08, 0x41, 0x08, 0x41, 0x08, 0x41, 0x08, 0x41, 0x08, 0x41,
    0x08, 0x41, 0x08, 0x41, 0x08, 0x41, 0x08, 0x41, 0x08, 0x41, 0x08, 0x41, 0x08, 0x41, 0x08, 0x41,
    0x08, 0x41, 0x08, 0x41, 0x08, 0x41, 0x08, 0x41, 0x08, 0x41, 0x08, 0x41, 0x08, 0x41, 0x08, 0x41,
    0x08, 0x41, 0x08, 0x41, 0x08, 0x41, 0x08, 0x41, 0x08, 0x41, 0x08, 0x41, 0x08, 0x41, 0x08, 0x41,
    0x08, 0x41, 0x08, 0x41, 0x08, 0x41, 0x08, 0x41, 0x08, 0x41, 0x08, 0x41, 0x08, 0x41, 0x08, 0x41,
    0x08, 0x41, 0x08, 0x41, 0x08, 0x41, 0x08, 0x41, 0x08, 0x41, 0x08, 0x41, 0x08, 0x41, 0x08, 0x41,
    0x08, 0x41, 0x08, 0x41, 0x08, 0x41, 0x08, 0x41, 0x08, 0x41, 0x08, 0x41, 0x08, 0x41, 0x08, 0x41,
    0x08, 0x41, 0x08, 0x41, 0x08, 0x41, 0x08, 0x41, 0x08, 0x41, 0x08, 0x41, 0x08, 0x41, 0x08, 0x41,
    0x08, 0x41, 0x08, 0x41, 0x08, 0x41, 0x08, 0x41, 0x08, 0x41, 0x08, 0x41, 0x08, 0x41, 0x08, 0x41,
    0x08, 0x41, 0x08, 0x41, 0x08, 0x41, 0x08, 0x41, 0x08, 0x41, 0x08, 0x41, 0x08, 0x41, 0x08, 0x41,
    0x08, 0x41, 0x08, 0x41, 0x08, 0x41, 0x08, 0x41, 0x08, 0x41, 0x08, 0x41, 0x08, 0x41, 0x08, 0x41,
    0x08, 0x41, 0x08, 0x41, 0x08, 0x41, 0x08, 0x41, 0x08, 0x41, 0x08, 0x41, 0x08, 0x41, 0x08, 0x41,
    0x08, 0x41, 0x08, 0x41, 0x08, 0x41, 0x08, 0x41, 0x08, 0x41, 0x08, 0x41, 0x08, 0x41, 0x08, 0x41,
    0x08, 0x41, 0x08, 0x41, 0x08, 0x41, 0x08, 0x41, 0x08, 0x41, 0x08, 0x41, 0x08, 0x41, 0x08, 0x41,
    0x08, 0x41, 0x08, 0x41, 0x08, 0x41, 0x08, 0x41, 0x08, 0x41, 0x08, 0x41, 0x08, 0x41, 0x08, 0x41,
    0x08, 0x41, 0x08, 0x41, 0x08, 0x41, 0x08, 0x41, 0x08, 0x41, 0x08, 0x41, 0x08, 0x41, 0x08, 0x41,
    0x08, 0x41, 0x08, 0x41, 0x08, 0x41, 0x08, 0x41, 0x08, 0x41, 0x08, 0x41, 0x08, 0x41, 0x08, 0x41,
    0x08, 0x41, 0x08, 0x41, 0x08, 0x41, 0x08, 0x41, 0x08, 0x41, 0x08, 0x41, 0x08, 0x41, 0x08, 0x41,
    0x08, 0x41, 0x08, 0x41, 0x08, 0x41, 0x08, 0x41, 0x08, 0x41, 0x08, 0x41, 0x08, 0x41, 0x08, 0x41,
    0x08, 0x41, 0x08, 0x41, 0x08, 0x41, 0x08, 0x41, 0x08, 0x41, 0x08, 0x41, 0x08, 0x41, 0x08, 0x41,
    0x08, 0x41, 0x08, 0x41, 0x08, 0x41, 0x08, 0x41, 0x08, 0x41, 0x08, 0x41, 0x08, 0x41, 0x08, 0x41,
    0x08, 0x41, 0x08, 0x41, 0x08, 0x41, 0x08, 0x41, 0x08, 0x41, 0x08, 0x41, 0x08, 0x41, 0x08, 0x41,
    0x08, 0x41, 0x08, 0x41, 0x08, 0x41, 0x08, 0x41, 0x08, 0x41, 0x08, 0x41, 0x08, 0x41, 0x08, 0x41,
    0x08, 0x41, 0x08, 0x41, 0x08, 0x41, 0x08, 0x41, 0x08, 0x41, 0x08, 0x41, 0x08, 0x41, 0x08, 0x41,
    0x08, 0x41, 0x08, 0x41, 0x08, 0x41, 0x08, 0x41, 0x08, 0x41, 0x08, 0x41, 0x08, 0x41, 0x08, 0x41,
    0x08, 0x41, 0x08, 0x41, 0x08, 0x41, 0x08, 0x41, 0x08, 0x41, 0x08, 0x41, 0x08, 0x41, 0x08, 0x41,
    0x08, 0x41, 0x08, 0x41, 0x08, 0x41, 0x08, 0x41, 0x08, 0x41, 0x08, 0x41, 0x08, 0x41, 0x08, 0x41,
    0x08, 0x41, 0x08, 0x41, 0x08, 0x41, 0x08, 0x41, 0x08, 0x41, 0x08, 0x41, 0x08, 0x41, 0x08, 0x41,
    0x08, 0x41, 0x08, 0x41, 0x08, 0x41, 0x08, 0x41, 0x08, 0x41, 0x08, 0x41, 0x08, 0x41, 0x08, 0x41,
    0x08, 0x41, 0x08, 0x41, 0x08, 0x41, 0x08, 0x41, 0x08, 0x41, 0x08, 0x41, 0x08, 0x41, 0x08, 0x41,
    0x08, 0x41, 0x08, 0x41, 0x08, 0x41, 0x08, 0x41, 0x08, 0x41, 0x08, 0x41, 0x08, 0x41, 0x08, 0x41,
    0x08, 0x41, 0x08, 0x41, 0x08, 0x41, 0x08, 0x41, 0x08, 0x41, 0x08, 0x41, 0x08, 0x41, 0x08, 0x41,
    0x08, 0x41, 0x08, 0x41, 0x08, 0x41, 0x08, 0x41, 0x08, 0x41, 0x08, 0x41, 0x08, 0x41, 0x08, 0x41,
    0x08, 0x41, 0x08, 0x41, 0x08, 0x41, 0x08, 0x41, 0x08, 0x41, 0x08, 0x41, 0x08, 0x41, 0x08, 0x41,
    0x08, 0x41, 0x08, 0x41, 0x08, 0x41, 0x08, 0x41, 0x08, 0x41, 0x08, 0x41, 0x08, 0x41, 0x08, 0x41,
    0x08, 0x41, 0x08, 0x41, 0x08, 0x41, 0x08, 0x41, 0x08, 0x41, 0x08, 0x41, 0x08, 0x41, 0x08, 0x41,
    0x08, 0x41, 0x08, 0x41, 0x08, 0x41, 0x08, 0x41, 0x08, 0x41, 0x08, 0x41, 0x08, 0x41, 0x08, 0x41,
    0x08, 0x41, 0x08, 0x41, 0x08, 0x41, 0x08, 0x41, 0x08, 0x41, 0x08, 0x41, 0x08, 0x41, 0x08, 0x41,
    0x08, 0x41, 0x08, 0x41, 0x08, 0x41, 0x08, 0x41, 0x08, 0x41, 0x08, 0x41, 0x08, 0x41, 0x08, 0x41,
    0x08, 0x41, 0x08, 0x41, 0x08, 0x41, 0x08, 0x41, 0x08, 0x41, 0x08, 0x41, 0x08, 0x41, 0x08, 0x41,
    0x08, 0x41, 0x08, 0x41, 0x08, 0x41, 0x08, 0x41, 0x08, 0x41, 0x08, 0x41, 0x08, 0x41, 0x08, 0x41,
    0x08, 0x41, 0x08, 0x41, 0x08, 0x41, 0x08, 0x41, 0x08, 0x41, 0x08, 0x41, 0x08, 0x41, 0x08, 0x41,
    0x08, 0x41, 0x08, 0x41, 0x08, 0x41, 0x08, 0x41, 0x08, 0x41, 0x08, 0x41, 0x08, 0x41, 0x08, 0x41,
    0x08, 0x41, 0x08, 0x41, 0x08, 0x41, 0x08, 0x41, 0x08, 0x41, 0x08, 0x41, 0x08, 0x41, 0x08, 0x41,
    0x08, 0x41, 0x08, 0x41, 0x08, 0x41, 0x08, 0x41, 0x08, 0x41, 0x08, 0x41, 0x08, 0x41, 0x08, 0x41,
    0x08, 0x41, 0x08, 0x41, 0x08, 0x41, 0x08, 0x41, 0x08, 0x41, 0x08, 0x41, 0x08, 0x41, 0x08, 0x41,
    0x08, 0x41, 0x08, 0x41, 0x08, 0x41, 0x08, 0x41, 0x08, 0x41, 0x08, 0x41, 0x08, 0x41, 0x08, 0x41,
    0x08, 0x41, 0x08, 0x41, 0x08, 0x41, 0x08, 0x41, 0x08, 0x41, 0x08, 0x41, 0x08, 0x41, 0x08, 0x41,
    0x08, 0x41, 0x08, 0x41, 0x08, 0x41, 0x08, 0x41, 0x08, 0x41, 0x08, 0x41, 0x08, 0x41, 0x08, 0x41,
    0x08, 0x41, 0x08, 0x41, 0x08, 0x41, 0x08, 0x41, 0x08, 0x41, 0x08, 0x41, 0x08, 0x41, 0x08, 0x41,
    0x08, 0x41, 0x08, 0x41, 0x08, 0x41, 0x08, 0x41, 0x08, 0x41, 0x08, 0x41, 0x08, 0x41, 0x08, 0x41,
    0x08, 0x41, 0x08, 0x41, 0x08, 0x41, 0x08, 0x41, 0x08, 0x41, 0x08, 0x41, 0x08, 0x41, 0x08, 0x41,
    0x08, 0x41, 0x08, 0x41, 0x08, 0x41, 0x08, 0x41, 0x08, 0x41, 0x08, 0x41, 0x08, 0x41, 0x08, 0x41,
    0x08, 0x41, 0x08, 0x41, 0x08, 0x41, 0x08, 0x41, 0x08, 0x41, 0x08, 0x41, 0x08, 0x41, 0x08, 0x41,
    0x08, 0x41, 0x08, 0x41, 0x08, 0x41, 0x08, 0x41, 0x08, 0x41, 0x08, 0x41, 0x08, 0x41, 0x08, 0x41,
    0x08, 0x41, 0x08, 0x41, 0x08, 0x41, 0x08, 0x41, 0x08, 0x41, 0x08, 0x41, 0x08, 0x41, 0x08, 0x41,
    0x08, 0x41, 0x08, 0x41, 0x08, 0x41, 0x08, 0x41, 0x08, 0x41, 0x08, 0x41, 0x08, 0x41, 0x08, 0x41,
    0x08, 0x41, 0x08, 0x41, 0x08, 0x41, 0x08, 0x41, 0x08, 0x41, 0x08, 0x41, 0x08, 0x41, 0x08, 0x41,
    0x08, 0x41, 0x08, 0x41, 0x08, 0x41, 0x08, 0x41, 0x08, 0x41, 0x08, 0x41, 0x08, 0x41, 0x08, 0x41,
    0x08, 0x41, 0x08, 0x41, 0x08, 0x41, 0x08, 0x41, 0x08, 0x41, 0x08, 0x41, 0x08, 0x41, 0x08, 0x41,
    0x08, 0x41, 0x08, 0x41, 0x08, 0x41, 0x08, 0x41, 0x08, 0x41, 0x08, 0x41, 0x08, 0x41, 0x08, 0x41,
    0x08, 0x41, 0x08, 0x41, 0x08, 0x41, 0x08, 0x41, 0x08, 0x41, 0x08, 0x41, 0x08, 0x41, 0x08, 0x41,
    0x08, 0x41, 0x08, 0x41, 0x08, 0x41, 0x08, 0x41, 0x08, 0x41, 0x08, 0x41, 0x08, 0x41, 0x08, 0x41,
    0x08, 0x41, 0x08, 0x41, 0x08, 0x41, 0x08, 0x41, 0x08, 0x41, 0x08, 0x41, 0x08, 0x41, 0x08, 0x41,
    0x08, 0x41, 0x08, 0x41, 0x08, 0x41, 0x08, 0x41, 0x08, 0x41, 0x08, 0x41, 0x08, 0x41, 0x08, 0x41,
    0x08, 0x41, 0x18, 0xc3, 0x10, 0x82, 0x08, 0x41, 0x4a, 0x69, 0x08, 0x61, 0x08, 0x41, 0x08, 0x41,
    0x08, 0x41, 0x08, 0x41, 0x08, 0x41, 0x08, 0x41, 0x08, 0x41, 0x08, 0x41, 0x08, 0x41, 0x08, 0x41,
    0x08, 0x41, 0x08, 0x41, 0x08, 0x41, 0x08, 0x41, 0xad, 0x54, 0x94, 0xb2, 0x10, 0xa2, 0x08, 0x41,
    0x52, 0x89, 0x6b, 0x4d, 0x08, 0x41, 0x08, 0x41, 0x08, 0x41, 0x08, 0x41, 0x08, 0x41, 0x08, 0x41,
    0x08, 0x41, 0x08, 0x41, 0x08, 0x41, 0x08, 0x41, 0x08, 0x41, 0x08, 0x41, 0x08, 0x41, 0x08, 0x41,
    0x08, 0x41, 0x94, 0x91, 0xa5, 0x34, 0x29, 0x45, 0x08, 0x41, 0x08, 0x41, 0x08, 0x41, 0x08, 0x41,
    0x08, 0x41, 0x73, 0xae, 0x63, 0x0b, 0x10, 0xa2, 0x08, 0x41, 0x08, 0x41, 0x08, 0x41, 0x08, 0x41,
    0x08, 0x41, 0x08, 0x41, 0x08, 0x41, 0x08, 0x41, 0x08, 0x41, 0x08, 0x41, 0x08, 0x41, 0x08, 0x41,
    0x08, 0x41, 0x08, 0x41, 0x08, 0x41, 0x08, 0x41, 0x08, 0x41, 0x08, 0x41, 0x08, 0x41, 0x08, 0x41,
    0x08, 0x41, 0x08, 0x41, 0x08, 0x41, 0x08, 0x41, 0x08, 0x41, 0x08, 0x41, 0x08, 0x41, 0x08, 0x41,
    0x08, 0x41, 0x08, 0x41, 0x08, 0x41, 0x08, 0x41, 0x08, 0x41, 0x08, 0x41, 0x08, 0x41, 0x73, 0xae,
    0x9c, 0xf3, 0x42, 0x08, 0x08, 0x41, 0x08, 0x41, 0x08, 0x41, 0x08, 0x41, 0x08, 0x41, 0x08, 0x41,
    0x08, 0x41, 0x08, 0x41, 0x08, 0x41, 0x08, 0x41, 0x08, 0x41, 0x08, 0x41, 0x08, 0x41, 0x08, 0x41,
    0x08, 0x41, 0x08, 0x41, 0x08, 0x41, 0x08, 0x41, 0x08, 0x41, 0x08, 0x41, 0x08, 0x41, 0x08, 0x41,
    0x08, 0x41, 0x08, 0x41, 0x08, 0x41, 0x08, 0x41, 0x08, 0x41, 0x08, 0x41, 0x08, 0x41, 0x08, 0x41,
    0x08, 0x41, 0x08, 0x41, 0x08, 0x41, 0x08, 0x41, 0x08, 0x41, 0x08, 0x41, 0x08, 0x41, 0x08, 0x41,
    0x08, 0x41, 0x08, 0x41, 0x08, 0x41, 0x08, 0x41, 0x08, 0x41, 0x08, 0x41, 0x08, 0x41, 0x08, 0x41,
    0x08, 0x41, 0x08, 0x41, 0x08, 0x41, 0x08, 0x41, 0x08, 0x41, 0x08, 0x41, 0x08, 0x41, 0x08, 0x41,
    0x08, 0x41, 0x08, 0x41, 0x08, 0x41, 0x08, 0x41, 0x08, 0x41, 0x08, 0x41, 0x08, 0x41, 0x08, 0x41,
    0x08, 0x41, 0x08, 0x41, 0x08, 0x41, 0x08, 0x41, 0x08, 0x41, 0x08, 0x41, 0x08, 0x41, 0x08, 0x41,
    0x08, 0x41, 0x08, 0x41, 0x08, 0x41, 0x08, 0x41, 0x08, 0x41, 0x08, 0x41, 0x08, 0x41, 0x08, 0x41,
    0x08, 0x41, 0x08, 0x41, 0x08, 0x41, 0x08, 0x41, 0x08, 0x41, 0x08, 0x41, 0x08, 0x41, 0x08, 0x41,
    0x08, 0x41, 0x08, 0x41, 0x08, 0x41, 0x08, 0x41, 0x08, 0x41, 0x08, 0x41, 0x08, 0x41, 0x08, 0x41,
    0x08, 0x41, 0x08, 0x41, 0x08, 0x41, 0x08, 0x41, 0x08, 0x41, 0x08, 0x41, 0x08, 0x41, 0x08, 0x41,
    0x08, 0x41, 0x08, 0x41, 0x08, 0x41, 0x08, 0x41, 0x08, 0x41, 0x08, 0x41, 0x08, 0x41, 0x08, 0x41,
    0x08, 0x41, 0x08, 0x41, 0x08, 0x41, 0x08, 0x41, 0x08, 0x41, 0x08, 0x41, 0x08, 0x41, 0x08, 0x41,
    0x08, 0x41, 0x08, 0x41, 0x08, 0x41, 0x08, 0x41, 0x08, 0x41, 0x08, 0x41, 0x08, 0x41, 0x08, 0x41,
    0x08, 0x41, 0x08, 0x41, 0x08, 0x41, 0x08, 0x41, 0x08, 0x41, 0x08, 0x41, 0x08, 0x41, 0x08, 0x41,
    0x08, 0x41, 0x08, 0x41, 0x08, 0x41, 0x08, 0x41, 0x08, 0x41, 0x08, 0x41, 0x08, 0x41, 0x08, 0x41,
    0x08, 0x41, 0x08, 0x41, 0x08, 0x41, 0x08, 0x41, 0x10, 0x82, 0x29, 0x44, 0x4a, 0x69, 0x7b, 0xcf,
    0xb5, 0xb6, 0xe7, 0x3c, 0x9c, 0xd2, 0x08, 0x41, 0xbd, 0xd6, 0xbd, 0xd6, 0x10, 0x82, 0x84, 0x0f,
    0x18, 0xc3, 0x08, 0x41, 0x08, 0x41, 0x08, 0x41, 0x08, 0x41, 0x08, 0x41, 0x08, 0x41, 0x08, 0x41,
    0x08, 0x41, 0x08, 0x41, 0x08, 0x41, 0x10, 0xa2, 0xe7, 0x3c, 0x84, 0x30, 0x08, 0x41, 0x08, 0x41,
    0x52, 0x8a, 0xe7, 0x3c, 0x42, 0x08, 0x08, 0x41, 0x10, 0x82, 0x08, 0x61, 0x08, 0x41, 0x08, 0x41,
    0x08, 0x41, 0x08, 0x41, 0x08, 0x41, 0x08, 0x41, 0x08, 0x41, 0x08, 0x41, 0x08, 0x41, 0x08, 0x41,
    0x08, 0x41, 0xbd, 0xf7, 0xbd, 0xd6, 0x08, 0x41, 0x08, 0x41, 0x08, 0x41, 0x08, 0x41, 0x08, 0x41,
    0x08, 0x41, 0xd6, 0xba, 0xc6, 0x38, 0x10, 0x82, 0x08, 0x41, 0x08, 0x41, 0x08, 0x41, 0x08, 0x41,
    0x08, 0x41, 0x08, 0x41, 0x08, 0x41, 0x08, 0x41, 0x39, 0xe7, 0xef, 0x5c, 0xef, 0x5c, 0xef, 0x5c,
    0xef, 0x5c, 0xef, 0x5c, 0xce, 0x79, 0x08, 0x41, 0x52, 0xaa, 0xde, 0xda, 0xd6, 0x99, 0xd6, 0x99,
    0xd6, 0x99, 0xd6, 0x99, 0xd6, 0xb9, 0xde, 0xda, 0xe7, 0x1b, 0x18, 0xc3, 0x08, 0x41, 0x08, 0x41,
    0x08, 0x41, 0x08, 0x41, 0x08, 0x41, 0x08, 0x41, 0x08, 0x41, 0x08, 0x41, 0x10, 0xa2, 0xd6, 0x99,
    0x73, 0xae, 0x08, 0x41, 0x08, 0x41, 0x08, 0x41, 0x08, 0x41, 0x08, 0x41, 0x08, 0x41, 0x08, 0x41,
    0x08, 0x41, 0x08, 0x41, 0x08, 0x41, 0x08, 0x41, 0x08, 0x41, 0x08, 0x41, 0x08, 0x41, 0x08, 0x41,
    0x08, 0x41, 0x08, 0x41, 0x08, 0x41, 0x08, 0x41, 0x08, 0x41, 0x08, 0x41, 0x08, 0x41, 0x08, 0x41,
    0x08, 0x41, 0x08, 0x41, 0x08, 0x41, 0x08, 0x41, 0x08, 0x41, 0x08, 0x41, 0x08, 0x41, 0x08, 0x41,
    0x08, 0x41, 0x08, 0x41, 0x08, 0x41, 0x08, 0x41, 0x08, 0x41, 0x08, 0x41, 0x08, 0x41, 0x08, 0x41,
    0x08, 0x41, 0x08, 0x41, 0x08, 0x41, 0x08, 0x41, 0x08, 0x41, 0x08, 0x41, 0x08, 0x41, 0x08, 0x41,
    0x08, 0x41, 0x08, 0x41, 0x08, 0x41, 0x08, 0x41, 0x08, 0x41, 0x08, 0x41, 0x08, 0x41, 0x08, 0x41,
    0x08, 0x41, 0x08, 0x41, 0x08, 0x41, 0x08, 0x41, 0x08, 0x41, 0x08, 0x41, 0x08, 0x41, 0x08, 0x41,
    0x08, 0x41, 0x08, 0x41, 0x08, 0x41, 0x08, 0x41, 0x08, 0x41, 0x08, 0x41, 0x08, 0x41, 0x08, 0x41,
    0x08, 0x41, 0x08, 0x41, 0x08, 0x41, 0x08, 0x41, 0x08, 0x41, 0x08, 0x41, 0x08, 0x41, 0x08, 0x41,
    0x08, 0x41, 0x08, 0x41, 0x08, 0x41, 0x08, 0x41, 0x08, 0x41, 0x08, 0x41, 0x08, 0x41, 0x08, 0x41,
    0x08, 0x41, 0x08, 0x41, 0x08, 0x41, 0x08, 0x41, 0x08, 0x41, 0x08, 0x41, 0x08, 0x41, 0x08, 0x41,
    0x08, 0x41, 0x08, 0x41, 0x08, 0x41, 0x08, 0x41, 0x08, 0x41, 0x08, 0x41, 0x08, 0x41, 0x08, 0x41,
    0x08, 0x41, 0x08, 0x41, 0x08, 0x41, 0x08, 0x41, 0x08, 0x41, 0x08, 0x41, 0x08, 0x41, 0x08, 0x41,
    0x08, 0x41, 0x08, 0x41, 0x08, 0x41, 0x08, 0x41, 0x08, 0x41, 0x08, 0x41, 0x08, 0x41, 0x08, 0x41,
    0x08, 0x41, 0x08, 0x41, 0x08, 0x41, 0x08, 0x41, 0x08, 0x41, 0x08, 0x41, 0x08, 0x41, 0x08, 0x41,
    0x08, 0x41, 0x08, 0x41, 0x08, 0x41, 0x08, 0x41, 0x08, 0x41, 0x08, 0x41, 0x08, 0x41, 0x08, 0x41,
    0x08, 0x41, 0x08, 0x41, 0x08, 0x41, 0x08, 0x41, 0x08, 0x41, 0x08, 0x41, 0x08, 0x41, 0x08, 0x41,
    0x08, 0x41, 0x08, 0x41, 0x52, 0x89, 0xe7, 0x3c, 0xef, 0x5c, 0xef, 0x5c, 0xe7, 0x3b, 0xce, 0x58,
    0x73, 0xae, 0x52, 0x89, 0x39, 0xe7, 0x08, 0x41, 0xad, 0x75, 0x8c, 0x50, 0x21, 0x04, 0xb5, 0xb6,
    0xce, 0x58, 0x29, 0x44, 0x08, 0x41, 0x08, 0x41, 0x08, 0x41, 0x08, 0x41, 0x08, 0x41, 0x08, 0x41,
    0x08, 0x41, 0x08, 0x41, 0x08, 0x41, 0x63, 0x0b, 0xde, 0xda, 0x10, 0xa2, 0x08, 0x41, 0x08, 0x41,
    0x08, 0x41, 0x84, 0x30, 0xd6, 0x99, 0x10, 0xa2, 0x63, 0x0b, 0xef, 0x5c, 0xef, 0x5c, 0xef, 0x5c,
    0xef, 0x5c, 0xef, 0x5c, 0x8c, 0x50, 0x08, 0x41, 0x08, 0x41, 0x08, 0x41, 0x08, 0x41, 0x08, 0x41,
    0x10, 0xa2, 0xe7, 0x3c, 0x52, 0x89, 0x08, 0x41, 0x08, 0x41, 0x08, 0x41, 0x08, 0x41, 0x08, 0x41,
    0x29, 0x65, 0xef, 0x5c, 0x63, 0x2c, 0x08, 0x41, 0x08, 0x41, 0x08, 0x41, 0x08, 0x41, 0x08, 0x41,
    0x08, 0x41, 0x08, 0x41, 0x08, 0x41, 0x08, 0x41, 0x31, 0xa6, 0xef, 0x5c, 0x63, 0x2c, 0x52, 0xaa,
    0x52, 0xaa, 0x9c, 0xd2, 0xce, 0x58, 0x08, 0x41, 0x52, 0x8a, 0xe7, 0x3c, 0x08, 0x41, 0x08, 0x41,
    0x08, 0x41, 0x08, 0x41, 0x08, 0x41, 0x73, 0x8e, 0xde, 0xfa, 0x08, 0x41, 0x08, 0x41, 0x08, 0x41,
    0x08, 0x41, 0x08, 0x41, 0x08, 0x41, 0x08, 0x41, 0x08, 0x41, 0x08, 0x41, 0x94, 0xb2, 0xef, 0x5c,
    0xef, 0x5c, 0xef, 0x5c, 0xef, 0x5c, 0xef, 0x5c, 0xef, 0x5c, 0xef, 0x5c, 0xe7, 0x3c, 0xe7, 0x1b,
    0xde, 0xda, 0xb5, 0x95, 0x08, 0x61, 0x08, 0x41, 0x08, 0x41, 0x08, 0x41, 0x08, 0x41, 0x08, 0x41,
    0x08, 0x41, 0x08, 0x41, 0x08, 0x41, 0x08, 0x41, 0x08, 0x41, 0x08, 0x41, 0x08, 0x41, 0x08, 0x41,
    0x08, 0x41, 0x08, 0x41, 0x08, 0x41, 0x08, 0x41, 0x08, 0x41, 0x08, 0x41, 0x08, 0x41, 0x08, 0x41,
    0x08, 0x41, 0x08, 0x41, 0x08, 0x41, 0x08, 0x41, 0x08, 0x41, 0x08, 0x41, 0x08, 0x41, 0x08, 0x41,
    0x08, 0x41, 0x08, 0x41, 0x08, 0x41, 0x08, 0x41, 0x08, 0x41, 0x08, 0x41, 0x08, 0x41, 0x08, 0x41,
    0x08, 0x41, 0x08, 0x41, 0x08, 0x41, 0x08, 0x41, 0x08, 0x41, 0x08, 0x41, 0x08, 0x41, 0x08, 0x41,
    0x08, 0x41, 0x08, 0x41, 0x08, 0x41, 0x08, 0x41, 0x08, 0x41, 0x08, 0x41, 0x08, 0x41, 0x08, 0x41,
    0x08, 0x41, 0x08, 0x41, 0x08, 0x41, 0x08, 0x41, 0x08, 0x41, 0x08, 0x41, 0x08, 0x41, 0x08, 0x41,
    0x08, 0x41, 0x08, 0x41, 0x08, 0x41, 0x08, 0x41, 0x08, 0x41, 0x08, 0x41, 0x08, 0x41, 0x08, 0x41,
    0x08, 0x41, 0x08, 0x41, 0x08, 0x41, 0x08, 0x41, 0x08, 0x41, 0x08, 0x41, 0x08, 0x41, 0x08, 0x41,
    0x08, 0x41, 0x08, 0x41, 0x08, 0x41, 0x08, 0x41, 0x08, 0x41, 0x08, 0x41, 0x08, 0x41, 0x08, 0x41,
    0x08, 0x41, 0x08, 0x41, 0x08, 0x41, 0x08, 0x41, 0x08, 0x41, 0x08, 0x41, 0x08, 0x41, 0x08, 0x41,
    0x08, 0x41, 0x08, 0x41, 0x08, 0x41, 0x08, 0x41, 0x08, 0x41, 0x08, 0x41, 0x08, 0x41, 0x08, 0x41,
    0x08, 0x41, 0x08, 0x41, 0x08, 0x41, 0x08, 0x41, 0x08, 0x41, 0x08, 0x41, 0x08, 0x41, 0x08, 0x41,
    0x08, 0x41, 0x08, 0x41, 0x08, 0x41, 0x08, 0x41, 0x08, 0x41, 0x08, 0x41, 0x08, 0x41, 0x08, 0x41,
    0x08, 0x41, 0x08, 0x41, 0x08, 0x41, 0x08, 0x41, 0x08, 0x41, 0x08, 0x41, 0x08, 0x41, 0x08, 0x41,
    0x08, 0x41, 0x08, 0x41, 0x08, 0x41, 0x08, 0x41, 0x08, 0x41, 0x08, 0x41, 0x08, 0x41, 0x08, 0x41,
    0x08, 0x41, 0x08, 0x41, 0x08, 0x41, 0x5a, 0xcb, 0x39, 0xe7, 0x10, 0xa2, 0x9c, 0xf3, 0x9c, 0xf3,
    0x08, 0x41, 0x08, 0x41, 0x08, 0x41, 0x08, 0x41, 0xa5, 0x13, 0x84, 0x30, 0x08, 0x41, 0x08, 0x61,
    0x9c, 0xf3, 0xd6, 0x99, 0x29, 0x65, 0x08, 0x41, 0x08, 0x41, 0x08, 0x41, 0x08, 0x41, 0x08, 0x41,
    0x08, 0x41, 0x08, 0x41, 0x08, 0x41, 0xc6, 0x17, 0x7b, 0xef, 0x08, 0x41, 0x08, 0x41, 0x08, 0x41,
    0x08, 0x41, 0x10, 0x82, 0xc6, 0x38, 0x52, 0xaa, 0x08, 0x41, 0x08, 0x41, 0x08, 0x41, 0x08, 0x41,
    0x08, 0x41, 0xbd, 0xd6, 0x7b, 0xef, 0x08, 0x41, 0x08, 0x41, 0x08, 0x41, 0x08, 0x41, 0x08, 0x41,
    0x52, 0x89, 0xde, 0xda, 0x08, 0x61, 0x08, 0x41, 0x08, 0x41, 0x08, 0x41, 0x08, 0x41, 0x08, 0x41,
    0x6b, 0x6d, 0xe7, 0x3c, 0x18, 0xe3, 0x08, 0x41, 0x08, 0x41, 0x08, 0x41, 0x10, 0xa2, 0x21, 0x24,
    0x08, 0x41, 0x08, 0x41, 0x08, 0x41, 0x08, 0x41, 0x31, 0x86, 0xef, 0x5c, 0x21, 0x04, 0x08, 0x41,
    0x08, 0x41, 0x73, 0x8e, 0xc6, 0x38, 0x08, 0x41, 0x4a, 0x69, 0xe7, 0x3c, 0x08, 0x41, 0x08, 0x41,
    0x08, 0x41, 0x08, 0x41, 0x08, 0x41, 0x84, 0x30, 0xbd, 0xf7, 0x08, 0x41, 0x08, 0x41, 0x08, 0x41,
    0x08, 0x41, 0x08, 0x41, 0x08, 0x41, 0x08, 0x41, 0x08, 0x41, 0x6b, 0x4c, 0xb5, 0x95, 0x08, 0x41,
    0x08, 0x41, 0x08, 0x41, 0x08, 0x41, 0x08, 0x41, 0x08, 0x41, 0x08, 0x41, 0x29, 0x65, 0xde, 0xda,
    0xd6, 0xba, 0x29, 0x65, 0x08, 0x41, 0x08, 0x41, 0x08, 0x41, 0x08, 0x41, 0x08, 0x41, 0x08, 0x41,
    0x08, 0x41, 0x08, 0x41, 0x08, 0x41, 0x08, 0x41, 0x08, 0x41, 0x08, 0x41, 0x08, 0x41, 0x08, 0x41,
    0x08, 0x41, 0x08, 0x41, 0x08, 0x41, 0x08, 0x41, 0x08, 0x41, 0x08, 0x41, 0x08, 0x41, 0x08, 0x41,
    0x08, 0x41, 0x08, 0x41, 0x08, 0x41, 0x08, 0x41, 0x08, 0x41, 0x08, 0x41, 0x08, 0x41, 0x08, 0x41,
    0x08, 0x41, 0x08, 0x41, 0x08, 0x41, 0x08, 0x41, 0x08, 0x41, 0x08, 0x41, 0x08, 0x41, 0x08, 0x41,
    0x08, 0x41, 0x08, 0x41, 0x08, 0x41, 0x08, 0x41, 0x08, 0x41, 0x08, 0x41, 0x08, 0x41, 0x08, 0x41,
    0x08, 0x41, 0x08, 0x41, 0x08, 0x41, 0x08, 0x41, 0x08, 0x41, 0x08, 0x41, 0x08, 0x41, 0x08, 0x41,
    0x08, 0x41, 0x08, 0x41, 0x08, 0x41, 0x08, 0x41, 0x08, 0x41, 0x08, 0x41, 0x08, 0x41, 0x08, 0x41,
    0x08, 0x41, 0x08, 0x41, 0x08, 0x41, 0x08, 0x41, 0x08, 0x41, 0x08, 0x41, 0x08, 0x41, 0x08, 0x41,
    0x08, 0x41, 0x08, 0x41, 0x08, 0x41, 0x08, 0x41, 0x08, 0x41, 0x08, 0x41, 0x08, 0x41, 0x08, 0x41,
    0x08, 0x41, 0x08, 0x41, 0x08, 0x41, 0x08, 0x41, 0x08, 0x41, 0x08, 0x41, 0x08, 0x41, 0x08, 0x41,
    0x08, 0x41, 0x08, 0x41, 0x08, 0x41, 0x08, 0x41, 0x08, 0x41, 0x08, 0x41, 0x08, 0x41, 0x08, 0x41,
    0x08, 0x41, 0x08, 0x41, 0x08, 0x41, 0x08, 0x41, 0x08, 0x41, 0x08, 0x41, 0x08, 0x41, 0x08, 0x41,
    0x08, 0x41, 0x08, 0x41, 0x08, 0x41, 0x08, 0x41, 0x08, 0x41, 0x08, 0x41, 0x08, 0x41, 0x08, 0x41,
    0x08, 0x41, 0x08, 0x41, 0x08, 0x41, 0x08, 0x41, 0x08, 0x41, 0x08, 0x41, 0x08, 0x41, 0x08, 0x41,
    0x08, 0x41, 0x08, 0x41, 0x08, 0x41, 0x08, 0x41, 0x08, 0x41, 0x08, 0x41, 0x08, 0x41, 0x08, 0x41,
    0x08, 0x41, 0x08, 0x41, 0x08, 0x41, 0x08, 0x41, 0x08, 0x41, 0x08, 0x41, 0x08, 0x41, 0x08, 0x41,
    0x08, 0x41, 0x08, 0x41, 0x08, 0x41, 0x08, 0x41, 0x08, 0x41, 0x08, 0x41, 0x9c, 0xf3, 0x9c, 0xf3,
    0x08, 0x41, 0x08, 0x41, 0x08, 0x41, 0x08, 0x41, 0x9c, 0xd2, 0x8c, 0x71, 0x08, 0x41, 0x08, 0x41,
    0x08, 0x61, 0xad, 0x54, 0xa5, 0x34, 0x08, 0x41, 0x08, 0x41, 0x08, 0x41, 0x08, 0x41, 0x08, 0x41,
    0x08, 0x41, 0x08, 0x41, 0x52, 0x89, 0xef, 0x5c, 0x18, 0xe3, 0x08, 0x41, 0x08, 0x41, 0x8c, 0x71,
    0x63, 0x2c, 0x08, 0x41, 0x08, 0x61, 0x08, 0x41, 0x08, 0x41, 0x08, 0x41, 0x08, 0x41, 0x08, 0x41,
    0x08, 0x41, 0xbd, 0xd6, 0x7b, 0xce, 0x08, 0x41, 0x08, 0x41, 0x08, 0x41, 0xa5, 0x34, 0xde, 0xfb,
    0xe7, 0x3c, 0xef, 0x5c, 0xe7, 0x3c, 0xe7, 0x1b, 0xde, 0xda, 0xad, 0x54, 0x08, 0x41, 0x08, 0x41,
    0xb5, 0xb6, 0xef, 0x5c, 0xef, 0x5c, 0xef, 0x5c, 0xef, 0x5c, 0xef, 0x5c, 0xef, 0x5c, 0xb5, 0xb6,
    0x08, 0x41, 0x08, 0x41, 0x08, 0x41, 0x08, 0x41, 0x31, 0x86, 0xef, 0x5c, 0x21, 0x04, 0x08, 0x41,
    0x08, 0x41, 0x73, 0x8e, 0xc6, 0x38, 0x08, 0x41, 0x4a, 0x69, 0xe7, 0x3c, 0x08, 0x41, 0x08, 0x41,
    0x08, 0x41, 0x08, 0x41, 0x08, 0x41, 0x9c, 0xd3, 0xa5, 0x13, 0x08, 0x41, 0x08, 0x41, 0x08, 0x41,
    0x08, 0x41, 0x08, 0x41, 0x08, 0x41, 0x08, 0x41, 0x6b, 0x6d, 0xd6, 0xba, 0x21, 0x04, 0x94, 0x92,
    0x5a, 0xcb, 0x08, 0x41, 0x08, 0x41, 0x08, 0x41, 0x08, 0x41, 0x29, 0x45, 0xd6, 0x99, 0xd6, 0xb9,
    0x31, 0x86, 0x08, 0x41, 0x08, 0x41, 0x08, 0x41, 0x08, 0x41, 0x08, 0x41, 0x08, 0x41, 0x08, 0x41,
    0x08, 0x41, 0x08, 0x41, 0x08, 0x41, 0x08, 0x41, 0x08, 0x41, 0x08, 0x41, 0x08, 0x41, 0x08, 0x41,
    0x08, 0x41, 0x08, 0x41, 0x08, 0x41, 0x08, 0x41, 0x08, 0x41, 0x08, 0x41, 0x08, 0x41, 0x08, 0x41,
    0x08, 0x41, 0x08, 0x41, 0x08, 0x41, 0x08, 0x41, 0x08, 0x41, 0x08, 0x41, 0x08, 0x41, 0x08, 0x41,
    0x08, 0x41, 0x08, 0x41, 0x08, 0x41, 0x08, 0x41, 0x08, 0x41, 0x08, 0x41, 0x08, 0x41, 0x08, 0x41,
    0x08, 0x41, 0x08, 0x41, 0x08, 0x41, 0x08, 0x41, 0x08, 0x41, 0x08, 0x41, 0x08, 0x41, 0x08, 0x41,
    0x08, 0x41, 0x08, 0x41, 0x08, 0x41, 0x08, 0x41, 0x08, 0x41, 0x08, 0x41, 0x08, 0x41, 0x08, 0x41,
    0x08, 0x41, 0x08, 0x41, 0x08, 0x41, 0x08, 0x41, 0x08, 0x41, 0x08, 0x41, 0x08, 0x41, 0x08, 0x41,
    0x08, 0x41, 0x08, 0x41, 0x08, 0x41, 0x08, 0x41, 0x08, 0x41, 0x08, 0x41, 0x08, 0x41, 0x08, 0x41,
    0x08, 0x41, 0x08, 0x41, 0x08, 0x41, 0x08, 0x41, 0x08, 0x41, 0x08, 0x41, 0x08, 0x41, 0x08, 0x41,
    0x08, 0x41, 0x08, 0x41, 0x08, 0x41, 0x08, 0x41, 0x08, 0x41, 0x08, 0x41, 0x08, 0x41, 0x08, 0x41,
    0x08, 0x41, 0x08, 0x41, 0x08, 0x41, 0x08, 0x41, 0x08, 0x41, 0x08, 0x41, 0x08, 0x41, 0x08, 0x41,
    0x08, 0x41, 0x08, 0x41, 0x08, 0x41, 0x08, 0x41, 0x08, 0x41, 0x08, 0x41, 0x08, 0x41, 0x08, 0x41,
    0x08, 0x41, 0x08, 0x41, 0x08, 0x41, 0x08, 0x41, 0x08, 0x41, 0x08, 0x41, 0x08, 0x41, 0x08, 0x41,
    0x08, 0x41, 0x08, 0x41, 0x08, 0x41, 0x08, 0x41, 0x08, 0x41, 0x08, 0x41, 0x08, 0x41, 0x08, 0x41,
    0x08, 0x41, 0x08, 0x41, 0x08, 0x41, 0x08, 0x41, 0x08, 0x41, 0x08, 0x41, 0x08, 0x41, 0x08, 0x41,
    0x08, 0x41, 0x08, 0x41, 0x08, 0x41, 0x08, 0x41, 0x08, 0x41, 0x08, 0x41, 0x08, 0x41, 0x08, 0x41,
    0x08, 0x41, 0x21, 0x04, 0x21, 0x24, 0x18, 0xc3, 0x10, 0x82, 0x08, 0x61, 0x9c, 0xf3, 0x9c, 0xf3,
    0x08, 0x41, 0x08, 0x41, 0x08, 0x41, 0x08, 0x41, 0x94, 0x91, 0x94, 0xb2, 0x08, 0x41, 0x08, 0x41,
    0x08, 0x61, 0x21, 0x04, 0x29, 0x45, 0x29, 0x45, 0x18, 0xe3, 0x08, 0x41, 0x08, 0x41, 0x08, 0x41,
    0x08, 0x41, 0x10, 0x82, 0xce, 0x79, 0xef, 0x5c, 0x08, 0x41, 0x08, 0x41, 0x08, 0x41, 0xd6, 0xba,
    0x84, 0x0f, 0x08, 0x41, 0x08, 0x41, 0x08, 0x41, 0x08, 0x41, 0x08, 0x41, 0x08, 0x41, 0x08, 0x41,
    0x08, 0x41, 0xbd, 0xd6, 0x7b, 0xce, 0x08, 0x41, 0x08, 0x41, 0x08, 0x41, 0xa5, 0x34, 0xa5, 0x34,
    0x08, 0x41, 0x08, 0x41, 0x08, 0x41, 0x08, 0x41, 0x9c, 0xd2, 0xad, 0x54, 0x08, 0x41, 0x31, 0x85,
    0xef, 0x5c, 0x4a, 0x49, 0x08, 0x41, 0x08, 0x41, 0x08, 0x41, 0x08, 0x41, 0xc6, 0x38, 0xad, 0x54,
    0x08, 0x41, 0x08, 0x41, 0x08, 0x41, 0x08, 0x41, 0x31, 0x86, 0xef, 0x5c, 0x21, 0x04, 0x08, 0x41,
    0x08, 0x41, 0x73, 0x8e, 0xc6, 0x38, 0x08, 0x41, 0x4a, 0x69, 0xe7, 0x3c, 0x08, 0x41, 0x08, 0x41,
    0x08, 0x41, 0x08, 0x41, 0x08, 0x61, 0xc6, 0x38, 0x84, 0x10, 0x08, 0x41, 0x08, 0x41, 0x08, 0x41,
    0x08, 0x41, 0x08, 0x41, 0x10, 0x82, 0x94, 0x91, 0xe7, 0x3c, 0x42, 0x28, 0x08, 0x41, 0x31, 0x86,
    0xd6, 0xb9, 0x7b, 0xef, 0x08, 0x61, 0x08, 0x41, 0x42, 0x28, 0xde, 0xda, 0xbd, 0xf7, 0x21, 0x04,
    0x08, 0x41, 0x08, 0x41, 0x08, 0x41, 0x08, 0x41, 0x08, 0x41, 0x08, 0x41, 0x08, 0x41, 0x08, 0x41,
    0x08, 0x41, 0x08, 0x41, 0x08, 0x41, 0x08, 0x41, 0x08, 0x41, 0x08, 0x41, 0x08, 0x41, 0x08, 0x41,
    0x08, 0x41, 0x08, 0x41, 0x08, 0x41, 0x08, 0x41, 0x08, 0x41, 0x08, 0x41, 0x08, 0x41, 0x08, 0x41,
    0x08, 0x41, 0x08, 0x41, 0x08, 0x41, 0x08, 0x41, 0x08, 0x41, 0x08, 0x41, 0x08, 0x41, 0x08, 0x41,
    0x08, 0x41, 0x08, 0x41, 0x08, 0x41, 0x08, 0x41, 0x08, 0x41, 0x08, 0x41, 0x08, 0x41, 0x08, 0x41,
    0x08, 0x41, 0x08, 0x41, 0x08, 0x41, 0x08, 0x41, 0x08, 0x41, 0x08, 0x41, 0x08, 0x41, 0x08, 0x41,
    0x08, 0x41, 0x08, 0x41, 0x08, 0x41, 0x08, 0x41, 0x08, 0x41, 0x08, 0x41, 0x08, 0x41, 0x08, 0x41,
    0x08, 0x41, 0x08, 0x41, 0x08, 0x41, 0x08, 0x41, 0x08, 0x41, 0x08, 0x41, 0x08, 0x41, 0x08, 0x41,
    0x08, 0x41, 0x08, 0x41, 0x08, 0x41, 0x08, 0x41, 0x08, 0x41, 0x08, 0x41, 0x08, 0x41, 0x08, 0x41,
    0x08, 0x41, 0x08, 0x41, 0x08, 0x41, 0x08, 0x41, 0x08, 0x41, 0x08, 0x41, 0x08, 0x41, 0x08, 0x41,
    0x08, 0x41, 0x08, 0x41, 0x08, 0x41, 0x08, 0x41, 0x08, 0x41, 0x08, 0x41, 0x08, 0x41, 0x08, 0x41,
    0x08, 0x41, 0x08, 0x41, 0x08, 0x41, 0x08, 0x41, 0x08, 0x41, 0x08, 0x41, 0x08, 0x41, 0x08, 0x41,
    0x08, 0x41, 0x08, 0x41, 0x08, 0x41, 0x08, 0x41, 0x08, 0x41, 0x08, 0x41, 0x08, 0x41, 0x08, 0x41,
    0x08, 0x41, 0x08, 0x41, 0x08, 0x41, 0x08, 0x41, 0x08, 0x41, 0x08, 0x41, 0x08, 0x41, 0x08, 0x41,
    0x08, 0x41, 0x08, 0x41, 0x08, 0x41, 0x08, 0x41, 0x08, 0x41, 0x08, 0x41, 0x08, 0x41, 0x08, 0x41,
    0x08, 0x41, 0x08, 0x41, 0x08, 0x41, 0x08, 0x41, 0x08, 0x41, 0x08, 0x41, 0x08, 0x41, 0x08, 0x41,
    0x08, 0x41, 0x08, 0x41, 0x08, 0x41, 0x08, 0x41, 0x08, 0x41, 0x08, 0x41, 0x08, 0x41, 0x08, 0x41,
    0x08, 0x41, 0xa5, 0x13, 0xef, 0x5c, 0xef, 0x5c, 0xef, 0x5c, 0xef, 0x5c, 0xef, 0x5c, 0xef, 0x5c,
    0xef, 0x5c, 0xef, 0x5c, 0xef, 0x5c, 0xef, 0x5c, 0xef, 0x5c, 0xef, 0x5c, 0xef, 0x5c, 0xef, 0x5c,
    0xef, 0x5c, 0xef, 0x5c, 0xef, 0x5c, 0xef, 0x5c, 0x6b, 0x6d, 0x08, 0x41, 0x08, 0x41, 0x08, 0x41,
    0x08, 0x41, 0x84, 0x10, 0xef, 0x5c, 0xef, 0x5c, 0x08, 0x41, 0x08, 0x41, 0x08, 0x41, 0xce, 0x79,
    0x63, 0x2c, 0x08, 0x41, 0x08, 0x41, 0x08, 0x41, 0x08, 0x41, 0x08, 0x41, 0x08, 0x41, 0x08, 0x41,
    0x08, 0x41, 0xbd, 0xd6, 0x7b, 0xce, 0x08, 0x41, 0x08, 0x41, 0x08, 0x41, 0x9c, 0xf3, 0xa5, 0x34,
    0x08, 0x41, 0x08, 0x41, 0x08, 0x41, 0x08, 0x41, 0x9c, 0xd2, 0xa5, 0x34, 0x08, 0x41, 0x9c, 0xd3,
    0xc6, 0x38, 0x08, 0x41, 0x08, 0x41, 0x08, 0x41, 0x08, 0x41, 0x08, 0x41, 0xc6, 0x38, 0x9c, 0xf3,
    0x08, 0x41, 0x08, 0x41, 0x08, 0x41, 0x08, 0x41, 0x31, 0x86, 0xef, 0x5c, 0xef, 0x5c, 0xef, 0x5c,
    0xef, 0x5c, 0xef, 0x5c, 0xc6, 0x38, 0x08, 0x41, 0x4a, 0x69, 0xe7, 0x3c, 0x08, 0x41, 0x08, 0x41,
    0xa5, 0x13, 0xb5, 0xb6, 0xc6, 0x38, 0xe7, 0x3c, 0x42, 0x08, 0x08, 0x41, 0x08, 0x41, 0x08, 0x41,
    0x08, 0x41, 0x08, 0x41, 0x21, 0x24, 0xa5, 0x13, 0x5a, 0xcb, 0x08, 0x41, 0x08, 0x41, 0x08, 0x41,
    0x21, 0x24, 0xb5, 0xb6, 0xc6, 0x17, 0x84, 0x0f, 0xe7, 0x3c, 0x8c, 0x71, 0x10, 0x82, 0x08, 0x41,
    0x08, 0x41, 0x08, 0x41, 0x08, 0x41, 0x08, 0x41, 0x08, 0x41, 0x08, 0x41, 0x08, 0x41, 0x08, 0x41,
    0x08, 0x41, 0x08, 0x41, 0x08, 0x41, 0x08, 0x41, 0x08, 0x41, 0x08, 0x41, 0x08, 0x41, 0x08, 0x41,
    0x08, 0x41, 0x08, 0x41, 0x08, 0x41, 0x08, 0x41, 0x08, 0x41, 0x08, 0x41, 0x08, 0x41, 0x08, 0x41,
    0x08, 0x41, 0x08, 0x41, 0x08, 0x41, 0x08, 0x41, 0x08, 0x41, 0x08, 0x41, 0x08, 0x41, 0x08, 0x41,
    0x08, 0x41, 0x08, 0x41, 0x08, 0x41, 0x08, 0x41, 0x08, 0x41, 0x08, 0x41, 0x08, 0x41, 0x08, 0x41,
    0x08, 0x41, 0x08, 0x41, 0x08, 0x41, 0x08, 0x41, 0x08, 0x41, 0x08, 0x41, 0x08, 0x41, 0x08, 0x41,
    0x08, 0x41, 0x08, 0x41, 0x08, 0x41, 0x08, 0x41, 0x08, 0x41, 0x08, 0x41, 0x08, 0x41, 0x08, 0x41,
    0x08, 0x41, 0x08, 0x41, 0x08, 0x41, 0x08, 0x41, 0x08, 0x41, 0x08, 0x41, 0x08, 0x41, 0x08, 0x41,
    0x08, 0x41, 0x08, 0x41, 0x08, 0x41, 0x08, 0x41, 0x08, 0x41, 0x08, 0x41, 0x08, 0x41, 0x08, 0x41,
    0x08, 0x41, 0x08, 0x41, 0x08, 0x41, 0x08, 0x41, 0x08, 0x41, 0x08, 0x41, 0x08, 0x41, 0x08, 0x41,
    0x08, 0x41, 0x08, 0x41, 0x08, 0x41, 0x08, 0x41, 0x08, 0x41, 0x08, 0x41, 0x08, 0x41, 0x08, 0x41,
    0x08, 0x41, 0x08, 0x41, 0x08, 0x41, 0x08, 0x41, 0x08, 0x41, 0x08, 0x41, 0x08, 0x41, 0x08, 0x41,
    0x08, 0x41, 0x08, 0x41, 0x08, 0x41, 0x08, 0x41, 0x08, 0x41, 0x08, 0x41, 0x08, 0x41, 0x08, 0x41,
    0x08, 0x41, 0x08, 0x41, 0x08, 0x41, 0x08, 0x41, 0x08, 0x41, 0x08, 0x41, 0x08, 0x41, 0x08, 0x41,
    0x08, 0x41, 0x08, 0x41, 0x08, 0x41, 0x08, 0x41, 0x08, 0x41, 0x08, 0x41, 0x08, 0x41, 0x08, 0x41,
    0x08, 0x41, 0x08, 0x41, 0x08, 0x41, 0x08, 0x41, 0x08, 0x41, 0x08, 0x41, 0x08, 0x41, 0x08, 0x41,
    0x08, 0x41, 0x08, 0x41, 0x08, 0x41, 0x08, 0x41, 0x08, 0x41, 0x08, 0x41, 0x08, 0x41, 0x08, 0x41,
    0x08, 0x41, 0x08, 0x41, 0x08, 0x41, 0x08, 0x41, 0x08, 0x41, 0x08, 0x41, 0x9c, 0xf3, 0x9c, 0xf3,
    0x08, 0x41, 0x08, 0x41, 0x08, 0x41, 0x08, 0x41, 0x73, 0xae, 0xad, 0x75, 0x08, 0x41, 0x08, 0x41,
    0x08, 0x41, 0x21, 0x24, 0x10, 0xa2, 0x08, 0x41, 0x08, 0x41, 0x08, 0x41, 0x08, 0x41, 0x08, 0x41,
    0x39, 0xe7, 0xe7, 0x3c, 0xa5, 0x13, 0xef, 0x5c, 0x08, 0x41, 0x08, 0x41, 0x08, 0x41, 0xce, 0x79,
    0x63, 0x2c, 0x08, 0x41, 0x08, 0x41, 0x08, 0x41, 0x08, 0x41, 0x08, 0x41, 0x08, 0x41, 0x08, 0x41,
    0x08, 0x41, 0xbd, 0xd6, 0x7b, 0xce, 0x08, 0x41, 0x08, 0x41, 0x08, 0x41, 0x9c, 0xf3, 0xa5, 0x34,
    0x08, 0x41, 0x08, 0x41, 0x08, 0x41, 0x08, 0x41, 0x9c, 0xd2, 0xa5, 0x34, 0x39, 0xe7, 0xe7, 0x3c,
    0x5a, 0xeb, 0x08, 0x41, 0x08, 0x41, 0x08, 0x41, 0x08, 0x41, 0x08, 0x41, 0xce, 0x58, 0x9c, 0xf3,
    0x08, 0x41, 0x08, 0x41, 0x08, 0x41, 0x08, 0x41, 0x31, 0x86, 0xef, 0x5c, 0x21, 0x04, 0x08, 0x41,
    0x08, 0x41, 0x73, 0x8e, 0xc6, 0x38, 0x08, 0x41, 0x4a, 0x69, 0xe7, 0x3c, 0x08, 0x41, 0x08, 0x41,
    0x52, 0x8a, 0x9c, 0xd2, 0x84, 0x10, 0x42, 0x08, 0x08, 0x41, 0x08, 0x41, 0x08, 0x41, 0x08, 0x41,
    0x08, 0x41, 0x08, 0x41, 0x08, 0x41, 0x08, 0x41, 0x08, 0x41, 0x08, 0x41, 0x08, 0x41, 0x08, 0x41,
    0x18, 0xe3, 0x63, 0x0b, 0xde, 0xfb, 0xde, 0xfb, 0xce, 0x79, 0x63, 0x2c, 0x21, 0x04, 0x08, 0x41,
    0x08, 0x41, 0x08, 0x41, 0x08, 0x41, 0x08, 0x41, 0x08, 0x41, 0x08, 0x41, 0x08, 0x41, 0x08, 0x41,
    0x08, 0x41, 0x08, 0x41, 0x08, 0x41, 0x08, 0x41, 0x08, 0x41, 0x08, 0x41, 0x08, 0x41, 0x08, 0x41,
    0x08, 0x41, 0x08, 0x41, 0x08, 0x41, 0x08, 0x41, 0x08, 0x41, 0x08, 0x41, 0x08, 0x41, 0x08, 0x41,
    0x08, 0x41, 0x08, 0x41, 0x08, 0x41, 0x08, 0x41, 0x08, 0x41, 0x08, 0x41, 0x08, 0x41, 0x08, 0x41,
    0x08, 0x41, 0x08, 0x41, 0x08, 0x41, 0x08, 0x41, 0x08, 0x41, 0x08, 0x41, 0x08, 0x41, 0x08, 0x41,
    0x08, 0x41, 0x08, 0x41, 0x08, 0x41, 0x08, 0x41, 0x08, 0x41, 0x08, 0x41, 0x08, 0x41, 0x08, 0x41,
    0x08, 0x41, 0x08, 0x41, 0x08, 0x41, 0x08, 0x41, 0x08, 0x41, 0x08, 0x41, 0x08, 0x41, 0x08, 0x41,
    0x08, 0x41, 0x08, 0x41, 0x08, 0x41, 0x08, 0x41, 0x08, 0x41, 0x08, 0x41, 0x08, 0x41, 0x08, 0x41,
    0x08, 0x41, 0x08, 0x41, 0x08, 0x41, 0x08, 0x41, 0x08, 0x41, 0x08, 0x41, 0x08, 0x41, 0x08, 0x41,
    0x08, 0x41, 0x08, 0x41, 0x08, 0x41, 0x08, 0x41, 0x08, 0x41, 0x08, 0x41, 0x08, 0x41, 0x08, 0x41,
    0x08, 0x41, 0x08, 0x41, 0x08, 0x41, 0x08, 0x41, 0x08, 0x41, 0x08, 0x41, 0x08, 0x41, 0x08, 0x41,
    0x08, 0x41, 0x08, 0x41, 0x08, 0x41, 0x08, 0x41, 0x08, 0x41, 0x08, 0x41, 0x08, 0x41, 0x08, 0x41,
    0x08, 0x41, 0x08, 0x41, 0x08, 0x41, 0x08, 0x41, 0x08, 0x41, 0x08, 0x41, 0x08, 0x41, 0x08, 0x41,
    0x08, 0x41, 0x08, 0x41, 0x08, 0x41, 0x08, 0x41, 0x08, 0x41, 0x08, 0x41, 0x08, 0x41, 0x08, 0x41,
    0x08, 0x41, 0x08, 0x41, 0x08, 0x41, 0x08, 0x41, 0x08, 0x41, 0x08, 0x41, 0x08, 0x41, 0x08, 0x41,
    0x08, 0x41, 0x08, 0x41, 0x08, 0x41, 0x08, 0x41, 0x08, 0x41, 0x08, 0x41, 0x08, 0x41, 0x08, 0x41,
    0x08, 0x41, 0x08, 0x41, 0x08, 0x41, 0x08, 0x41, 0x08, 0x41, 0x08, 0x41, 0x08, 0x41, 0x08, 0x41,
    0x08, 0x41, 0x08, 0x41, 0x08, 0x41, 0x08, 0x41, 0x08, 0x41, 0x08, 0x41, 0x9c, 0xf3, 0x9c, 0xf3,
    0x08, 0x41, 0x08, 0x41, 0x08, 0x41, 0x08, 0x41, 0x63, 0x2c, 0xc6, 0x17, 0x08, 0x41, 0x08, 0x41,
    0x08, 0x41, 0x94, 0xb2, 0xd6, 0xba, 0x10, 0xa2, 0x08, 0x41, 0x08, 0x41, 0x08, 0x41, 0x18, 0xe3,
    0xce, 0x79, 0xbd, 0xd6, 0x42, 0x28, 0xef, 0x5c, 0x08, 0x41, 0x08, 0x41, 0x08, 0x41, 0xce, 0x79,
    0x63, 0x2c, 0x08, 0x41, 0x08, 0x41, 0x08, 0x41, 0x08, 0x41, 0x08, 0x41, 0x08, 0x41, 0x08, 0x41,
    0x08, 0x41, 0xbd, 0xd6, 0x7b, 0xce, 0x08, 0x41, 0x08, 0x41, 0x08, 0x41, 0x9c, 0xf3, 0xa5, 0x34,
    0x08, 0x41, 0x08, 0x41, 0x08, 0x41, 0x08, 0x41, 0x9c, 0xd2, 0xa5, 0x34, 0x8c, 0x51, 0xc6, 0x17,
    0x08, 0x61, 0x21, 0x04, 0x08, 0x41, 0x08, 0x41, 0x08, 0x41, 0x08, 0x41, 0xce, 0x58, 0x9c, 0xd2,
    0x08, 0x41, 0x08, 0x41, 0x08, 0x41, 0x08, 0x41, 0x31, 0x86, 0xef, 0x5c, 0x21, 0x04, 0x08, 0x41,
    0x08, 0x41, 0x73, 0x8e, 0xc6, 0x38, 0x08, 0x41, 0x4a, 0x69, 0xe7, 0x3c, 0x08, 0x41, 0x08, 0x41,
    0x08, 0x41, 0x08, 0x41, 0x08, 0x41, 0x08, 0x41, 0x08, 0x41, 0x08, 0x41, 0x08, 0x41, 0x08, 0x41,
    0x08, 0x41, 0x10, 0x82, 0x21, 0x24, 0x31, 0xa6, 0x52, 0x8a, 0x73, 0xae, 0x9c, 0xd2, 0xce, 0x58,
    0xe7, 0x1b, 0xad, 0x54, 0x4a, 0x69, 0x08, 0x61, 0x42, 0x28, 0x94, 0x91, 0xce, 0x79, 0xce, 0x79,
    0xa5, 0x13, 0x7b, 0xef, 0x5a, 0xcb, 0x39, 0xe7, 0x18, 0xe3, 0x08, 0x41, 0x08, 0x41, 0x08, 0x41,
    0x08, 0x41, 0x08, 0x41, 0x08, 0x41, 0x08, 0x41, 0x08, 0x41, 0x08, 0x41, 0x08, 0x41, 0x08, 0x41,
    0x08, 0x41, 0x08, 0x41, 0x08, 0x41, 0x08, 0x41, 0x08, 0x41, 0x08, 0x41, 0x08, 0x41, 0x08, 0x41,
    0x08, 0x41, 0x08, 0x41, 0x08, 0x41, 0x08, 0x41, 0x08, 0x41, 0x08, 0x41, 0x08, 0x41, 0x08, 0x41,
    0x08, 0x41, 0x08, 0x41, 0x08, 0x41, 0x08, 0x41, 0x08, 0x41, 0x08, 0x41, 0x08, 0x41, 0x08, 0x41,
    0x08, 0x41, 0x08, 0x41, 0x08, 0x41, 0x08, 0x41, 0x08, 0x41, 0x08, 0x41, 0x08, 0x41, 0x08, 0x41,
    0x08, 0x41, 0x08, 0x41, 0x08, 0x41, 0x08, 0x41, 0x08, 0x41, 0x08, 0x41, 0x08, 0x41, 0x08, 0x41,
    0x08, 0x41, 0x08, 0x41, 0x08, 0x41, 0x08, 0x41, 0x08, 0x41, 0x08, 0x41, 0x08, 0x41, 0x08, 0x41,
    0x08, 0x41, 0x08, 0x41, 0x08, 0x41, 0x08, 0x41, 0x08, 0x41, 0x08, 0x41, 0x08, 0x41, 0x08, 0x41,
    0x08, 0x41, 0x08, 0x41, 0x08, 0x41, 0x08, 0x41, 0x08, 0x41, 0x08, 0x41, 0x08, 0x41, 0x08, 0x41,
    0x08, 0x41, 0x08, 0x41, 0x08, 0x41, 0x08, 0x41, 0x08, 0x41, 0x08, 0x41, 0x08, 0x41, 0x08, 0x41,
    0x08, 0x41, 0x08, 0x41, 0x08, 0x41, 0x08, 0x41, 0x08, 0x41, 0x08, 0x41, 0x08, 0x41, 0x08, 0x41,
    0x08, 0x41, 0x08, 0x41, 0x08, 0x41, 0x08, 0x41, 0x08, 0x41, 0x08, 0x41, 0x08, 0x41, 0x08, 0x41,
    0x08, 0x41, 0x08, 0x41, 0x08, 0x41, 0x08, 0x41, 0x08, 0x41, 0x08, 0x41, 0x08, 0x41, 0x08, 0x41,
    0x08, 0x41, 0x08, 0x41, 0x08, 0x41, 0x08, 0x41, 0x08, 0x41, 0x08, 0x41, 0x08, 0x41, 0x08, 0x41,
    0x08, 0x41, 0x08, 0x41, 0x08, 0x41, 0x08, 0x41, 0x08, 0x41, 0x08, 0x41, 0x08, 0x41, 0x08, 0x41,
    0x08, 0x41, 0x08, 0x41, 0x08, 0x41, 0x08, 0x41, 0x08, 0x41, 0x08, 0x41, 0x08, 0x41, 0x08, 0x41,
    0x08, 0x41, 0x08, 0x41, 0x08, 0x41, 0x08, 0x41, 0x08, 0x41, 0x08, 0x41, 0x9c, 0xf3, 0x9c, 0xf3,
    0x08, 0x41, 0x31, 0x85, 0xa5, 0x13, 0x18, 0xc3, 0x4a, 0x48, 0xde, 0xfb, 0x08, 0x41, 0x08, 0x41,
    0x08, 0x61, 0xd6, 0xba, 0x73, 0xae, 0x08, 0x41, 0x08, 0x41, 0x08, 0x41, 0x08, 0x41, 0x31, 0xa6,
    0xb5, 0xb6, 0x29, 0x65, 0x42, 0x28, 0xef, 0x5c, 0x08, 0x41, 0x08, 0x41, 0x08, 0x41, 0xce, 0x79,
    0x63, 0x2c, 0x08, 0x41, 0x08, 0x41, 0x08, 0x41, 0x08, 0x41, 0x08, 0x41, 0x08, 0x41, 0x08, 0x41,
    0x08, 0x41, 0xbd, 0xd6, 0x7b, 0xce, 0x08, 0x41, 0x08, 0x41, 0x08, 0x41, 0x9c, 0xf3, 0xa5, 0x34,
    0x08, 0x41, 0x08, 0x41, 0x08, 0x41, 0x08, 0x41, 0x9c, 0xd2, 0xa5, 0x34, 0x08, 0x41, 0x10, 0x82,
    0x39, 0xe7, 0xe7, 0x1b, 0x31, 0xa6, 0x08, 0x41, 0x08, 0x41, 0x08, 0x41, 0xce, 0x79, 0x94, 0x92,
    0x08, 0x41, 0x08, 0x41, 0x08, 0x41, 0x08, 0x41, 0x31, 0x86, 0xef, 0x5c, 0x21, 0x04, 0x08, 0x41,
    0x08, 0x41, 0x73, 0x8e, 0xc6, 0x38, 0x08, 0x41, 0x4a, 0x69, 0xef, 0x5c, 0xef, 0x5c, 0xef, 0x5c,
    0xef, 0x5c, 0xef, 0x5c, 0xef, 0x5c, 0xef, 0x5c, 0xef, 0x5c, 0x94, 0xb2, 0x08, 0x41, 0x08, 0x41,
    0x08, 0x41, 0x94, 0xb2, 0xef, 0x5c, 0xe7, 0x3c, 0xc6, 0x17, 0x9c, 0xd2, 0x6b, 0x6d, 0x42, 0x08,
    0x10, 0x82, 0x08, 0x41, 0xad, 0x54, 0x73, 0xae, 0x08, 0x41, 0x08, 0x41, 0x08, 0x41, 0x21, 0x24,
    0x52, 0xaa, 0x84, 0x10, 0xb5, 0xb6, 0xde, 0xfb, 0x84, 0x30, 0x08, 0x41, 0x08, 0x41, 0x08, 0x41,
    0x08, 0x41, 0x08, 0x41, 0x08, 0x41, 0x08, 0x41, 0x08, 0x41, 0x08, 0x41, 0x08, 0x41, 0x08, 0x41,
    0x08, 0x41, 0x08, 0x41, 0x08, 0x41, 0x08, 0x41, 0x08, 0x41, 0x08, 0x41, 0x08, 0x41, 0x08, 0x41,
    0x08, 0x41, 0x08, 0x41, 0x08, 0x41, 0x08, 0x41, 0x08, 0x41, 0x08, 0x41, 0x08, 0x41, 0x08, 0x41,
    0x08, 0x41, 0x08, 0x41, 0x08, 0x41, 0x08, 0x41, 0x08, 0x41, 0x08, 0x41, 0x08, 0x41, 0x08, 0x41,
    0x08, 0x41, 0x08, 0x41, 0x08, 0x41, 0x08, 0x41, 0x08, 0x41, 0x08, 0x41, 0x08, 0x41, 0x08, 0x41,
    0x08, 0x41, 0x08, 0x41, 0x08, 0x41, 0x08, 0x41, 0x08, 0x41, 0x08, 0x41, 0x08, 0x41, 0x08, 0x41,
    0x08, 0x41, 0x08, 0x41, 0x08, 0x41, 0x08, 0x41, 0x08, 0x41, 0x08, 0x41, 0x08, 0x41, 0x08, 0x41,
    0x08, 0x41, 0x08, 0x41, 0x08, 0x41, 0x08, 0x41, 0x08, 0x41, 0x08, 0x41, 0x08, 0x41, 0x08, 0x41,
    0x08, 0x41, 0x08, 0x41, 0x08, 0x41, 0x08, 0x41, 0x08, 0x41, 0x08, 0x41, 0x08, 0x41, 0x08, 0x41,
    0x08, 0x41, 0x08, 0x41, 0x08, 0x41, 0x08, 0x41, 0x08, 0x41, 0x08, 0x41, 0x08, 0x41, 0x08, 0x41,
    0x08, 0x41, 0x08, 0x41, 0x08, 0x41, 0x08, 0x41, 0x08, 0x41, 0x08, 0x41, 0x08, 0x41, 0x08, 0x41,
    0x08, 0x41, 0x08, 0x41, 0x08, 0x41, 0x08, 0x41, 0x08, 0x41, 0x08, 0x41, 0x08, 0x41, 0x08, 0x41,
    0x08, 0x41, 0x08, 0x41, 0x08, 0x41, 0x08, 0x41, 0x08, 0x41, 0x08, 0x41, 0x08, 0x41, 0x08, 0x41,
    0x08, 0x41, 0x08, 0x41, 0x08, 0x41, 0x08, 0x41, 0x08, 0x41, 0x08, 0x41, 0x08, 0x41, 0x08, 0x41,
    0x08, 0x41, 0x08, 0x41, 0x08, 0x41, 0x08, 0x41, 0x08, 0x41, 0x08, 0x41, 0x08, 0x41, 0x08, 0x41,
    0x08, 0x41, 0x08, 0x41, 0x08, 0x41, 0x08, 0x41, 0x08, 0x41, 0x08, 0x41, 0x08, 0x41, 0x08, 0x41,
    0x08, 0x41, 0x08, 0x41, 0x08, 0x41, 0x08, 0x41, 0x08, 0x41, 0x08, 0x41, 0x9c, 0xf3, 0xbd, 0xd6,
    0xa5, 0x34, 0xe7, 0x3c, 0xad, 0x54, 0x21, 0x04, 0x18, 0xe3, 0xef, 0x5c, 0x29, 0x45, 0x08, 0x41,
    0x52, 0xaa, 0xde, 0xfb, 0x18, 0xc3, 0x08, 0x41, 0x08, 0x41, 0x08, 0x41, 0x08, 0x41, 0x08, 0x41,
    0x08, 0x41, 0x08, 0x41, 0x42, 0x28, 0xef, 0x5c, 0x08, 0x41, 0x08, 0x41, 0x08, 0x41, 0xce, 0x79,
    0x63, 0x2c, 0x08, 0x41, 0x08, 0x41, 0x08, 0x41, 0x08, 0x41, 0x08, 0x41, 0x08, 0x41, 0x08, 0x41,
    0x08, 0x41, 0xbd, 0xd6, 0x7b, 0xce, 0x08, 0x41, 0x08, 0x41, 0x08, 0x41, 0x9c, 0xf3, 0xa5, 0x34,
    0x08, 0x41, 0x08, 0x41, 0x08, 0x41, 0x08, 0x41, 0x9c, 0xd2, 0xa5, 0x34, 0x08, 0x41, 0x08, 0x41,
    0x08, 0x61, 0xc6, 0x38, 0xad, 0x54, 0x08, 0x41, 0x08, 0x41, 0x08, 0x41, 0xd6, 0x99, 0x8c, 0x71,
    0x08, 0x41, 0x08, 0x41, 0x08, 0x41, 0x08, 0x41, 0x31, 0x86, 0xef, 0x5c, 0x21, 0x04, 0x08, 0x41,
    0x08, 0x41, 0x73, 0x8e, 0xc6, 0x38, 0x08, 0x41, 0x4a, 0x69, 0xe7, 0x3c, 0x18, 0xc3, 0xe7, 0x3c,
    0x18, 0xc3, 0x08, 0x41, 0x08, 0x41, 0x08, 0x41, 0xe7, 0x1b, 0x63, 0x0b, 0x08, 0x41, 0x08, 0x41,
    0x08, 0x41, 0x10, 0xa2, 0x29, 0x45, 0x08, 0x61, 0x08, 0x41, 0x08, 0x41, 0x08, 0x41, 0x08, 0x41,
    0x08, 0x41, 0x08, 0x41, 0xe7, 0x1b, 0x5a, 0xcb, 0x08, 0x41, 0x08, 0x41, 0x08, 0x41, 0x08, 0x41,
    0x08, 0x41, 0x08, 0x41, 0x08, 0x41, 0x08, 0x61, 0x10, 0x82, 0x08, 0x41, 0x08, 0x41, 0x08, 0x41,
    0x08, 0x41, 0x08, 0x41, 0x08, 0x41, 0x08, 0x41, 0x08, 0x41, 0x08, 0x41, 0x08, 0x41, 0x08, 0x41,
    0x08, 0x41, 0x08, 0x41, 0x08, 0x41, 0x08, 0x41, 0x08, 0x41, 0x08, 0x41, 0x08, 0x41, 0x08, 0x41,
    0x08, 0x41, 0x08, 0x41, 0x08, 0x41, 0x08, 0x41, 0x08, 0x41, 0x08, 0x41, 0x08, 0x41, 0x08, 0x41,
    0x08, 0x41, 0x08, 0x41, 0x08, 0x41, 0x08, 0x41, 0x08, 0x41, 0x08, 0x41, 0x08, 0x41, 0x08, 0x41,
    0x08, 0x41, 0x08, 0x41, 0x08, 0x41, 0x08, 0x41, 0x08, 0x41, 0x08, 0x41, 0x08, 0x41, 0x08, 0x41,
    0x08, 0x41, 0x08, 0x41, 0x08, 0x41, 0x08, 0x41, 0x08, 0x41, 0x08, 0x41, 0x08, 0x41, 0x08, 0x41,
    0x08, 0x41, 0x08, 0x41, 0x08, 0x41, 0x08, 0x41, 0x08, 0x41, 0x08, 0x41, 0x08, 0x41, 0x08, 0x41,
    0x08, 0x41, 0x08, 0x41, 0x08, 0x41, 0x08, 0x41, 0x08, 0x41, 0x08, 0x41, 0x08, 0x41, 0x08, 0x41,
    0x08, 0x41, 0x08, 0x41, 0x08, 0x41, 0x08, 0x41, 0x08, 0x41, 0x08, 0x41, 0x08, 0x41, 0x08, 0x41,
    0x08, 0x41, 0x08, 0x41, 0x08, 0x41, 0x08, 0x41, 0x08, 0x41, 0x08, 0x41, 0x08, 0x41, 0x08, 0x41,
    0x08, 0x41, 0x08, 0x41, 0x08, 0x41, 0x08, 0x41, 0x08, 0x41, 0x08, 0x41, 0x08, 0x41, 0x08, 0x41,
    0x08, 0x41, 0x08, 0x41, 0x08, 0x41, 0x08, 0x41, 0x08, 0x41, 0x08, 0x41, 0x08, 0x41, 0x08, 0x41,
    0x08, 0x41, 0x08, 0x41, 0x08, 0x41, 0x08, 0x41, 0x08, 0x41, 0x08, 0x41, 0x08, 0x41, 0x08, 0x41,
    0x08, 0x41, 0x08, 0x41, 0x08, 0x41, 0x08, 0x41, 0x08, 0x41, 0x08, 0x41, 0x08, 0x41, 0x08, 0x41,
    0x08, 0x41, 0x08, 0x41, 0x08, 0x41, 0x08, 0x41, 0x08, 0x41, 0x08, 0x41, 0x08, 0x41, 0x08, 0x41,
    0x08, 0x41, 0x08, 0x41, 0x08, 0x41, 0x08, 0x41, 0x08, 0x41, 0x08, 0x41, 0x08, 0x41, 0x08, 0x41,
    0x08, 0x41, 0x08, 0x41, 0x08, 0x41, 0x08, 0x41, 0x21, 0x24, 0x73, 0xae, 0xd6, 0xb9, 0xde, 0xda,
    0x7b, 0xef, 0x21, 0x04, 0x08, 0x41, 0x08, 0x41, 0x08, 0x41, 0xce, 0x58, 0x63, 0x2c, 0x08, 0x41,
    0xc6, 0x17, 0x7b, 0xef, 0x08, 0x41, 0x08, 0x41, 0x08, 0x41, 0x08, 0x41, 0x08, 0x41, 0x08, 0x41,
    0x08, 0x41, 0x08, 0x41, 0x42, 0x28, 0xef, 0x5c, 0x08, 0x41, 0x08, 0x41, 0x08, 0x41, 0xce, 0x79,
    0x63, 0x2c, 0x08, 0x41, 0x08, 0x41, 0x08, 0x41, 0x08, 0x41, 0x08, 0x41, 0x08, 0x41, 0x08, 0x41,
    0x08, 0x41, 0xbd, 0xd6, 0x7b, 0xce, 0x08, 0x41, 0x08, 0x41, 0x08, 0x41, 0x9c, 0xf3, 0xef, 0x5c,
    0xef, 0x5c, 0xef, 0x5c, 0xef, 0x5c, 0xef, 0x5c, 0xef, 0x5c, 0xa5, 0x34, 0x08, 0x41, 0x08, 0x41,
    0x08, 0x41, 0x52, 0x8a, 0xef, 0x5c, 0x39, 0xc7, 0x08, 0x41, 0x08, 0x41, 0xd6, 0x99, 0x8c, 0x51,
    0x08, 0x41, 0x08, 0x41, 0x08, 0x41, 0x08, 0x41, 0x31, 0xa6, 0xef, 0x5c, 0xef, 0x5c, 0xef, 0x5c,
    0xef, 0x5c, 0xef, 0x5c, 0xc6, 0x38, 0x08, 0x41, 0x4a, 0x69, 0xe7, 0x3c, 0x08, 0x41, 0xb5, 0xb6,
    0x5a, 0xca, 0x08, 0x41, 0x08, 0x41, 0x29, 0x65, 0xef, 0x5c, 0x21, 0x24, 0x08, 0x41, 0x08, 0x41,
    0x08, 0x41, 0x08, 0x41, 0x08, 0x41, 0x10, 0xa2, 0x29, 0x44, 0x18, 0xc3, 0x10, 0x82, 0x08, 0x61,
    0x08, 0x41, 0x18, 0xe3, 0xef, 0x5c, 0x21, 0x24, 0x08, 0x41, 0x08, 0x41, 0x08, 0x61, 0x10, 0x82,
    0x18, 0xe3, 0x21, 0x04, 0x08, 0x41, 0x08, 0x41, 0x08, 0x41, 0x08, 0x41, 0x08, 0x41, 0x08, 0x41,
    0x08, 0x41, 0x08, 0x41, 0x08, 0x41, 0x08, 0x41, 0x08, 0x41, 0x08, 0x41, 0x08, 0x41, 0x08, 0x41,
    0x08, 0x41, 0x08, 0x41, 0x08, 0x41, 0x08, 0x41, 0x08, 0x41, 0x08, 0x41, 0x08, 0x41, 0x08, 0x41,
    0x08, 0x41, 0x08, 0x41, 0x08, 0x41, 0x08, 0x41, 0x08, 0x41, 0x08, 0x41, 0x08, 0x41, 0x08, 0x41,
    0x08, 0x41, 0x08, 0x41, 0x08, 0x41, 0x08, 0x41, 0x08, 0x41, 0x08, 0x41, 0x08, 0x41, 0x08, 0x41,
    0x08, 0x41, 0x08, 0x41, 0x08, 0x41, 0x08, 0x41, 0x08, 0x41, 0x08, 0x41, 0x08, 0x41, 0x08, 0x41,
    0x08, 0x41, 0x08, 0x41, 0x08, 0x41, 0x08, 0x41, 0x08, 0x41, 0x08, 0x41, 0x08, 0x41, 0x08, 0x41,
    0x08, 0x41, 0x08, 0x41, 0x08, 0x41, 0x08, 0x41, 0x08, 0x41, 0x08, 0x41, 0x08, 0x41, 0x08, 0x41,
    0x08, 0x41, 0x08, 0x41, 0x08, 0x41, 0x08, 0x41, 0x08, 0x41, 0x08, 0x41, 0x08, 0x41, 0x08, 0x41,
    0x08, 0x41, 0x08, 0x41, 0x08, 0x41, 0x08, 0x41, 0x08, 0x41, 0x08, 0x41, 0x08, 0x41, 0x08, 0x41,
    0x08, 0x41, 0x08, 0x41, 0x08, 0x41, 0x08, 0x41, 0x08, 0x41, 0x08, 0x41, 0x08, 0x41, 0x08, 0x41,
    0x08, 0x41, 0x08, 0x41, 0x08, 0x41, 0x08, 0x41, 0x08, 0x41, 0x08, 0x41, 0x08, 0x41, 0x08, 0x41,
    0x08, 0x41, 0x08, 0x41, 0x08, 0x41, 0x08, 0x41, 0x08, 0x41, 0x08, 0x41, 0x08, 0x41, 0x08, 0x41,
    0x08, 0x41, 0x08, 0x41, 0x08, 0x41, 0x08, 0x41, 0x08, 0x41, 0x08, 0x41, 0x08, 0x41, 0x08, 0x41,
    0x08, 0x41, 0x08, 0x41, 0x08, 0x41, 0x08, 0x41, 0x08, 0x41, 0x08, 0x41, 0x08, 0x41, 0x08, 0x41,
    0x08, 0x41, 0x08, 0x41, 0x08, 0x41, 0x08, 0x41, 0x08, 0x41, 0x08, 0x41, 0x08, 0x41, 0x08, 0x41,
    0x08, 0x41, 0x08, 0x41, 0x08, 0x41, 0x08, 0x41, 0x08, 0x41, 0x08, 0x41, 0x08, 0x41, 0x08, 0x41,
    0x08, 0x41, 0x29, 0x45, 0x6b, 0x6d, 0xb5, 0xb6, 0xe7, 0x3c, 0xc6, 0x17, 0xc6, 0x38, 0x9c, 0xf3,
    0x08, 0x41, 0x08, 0x41, 0x08, 0x41, 0x08, 0x41, 0x08, 0x41, 0x8c, 0x51, 0xad, 0x54, 0x6b, 0x6d,
    0xd6, 0xba, 0x10, 0xa2, 0x08, 0x41, 0x08, 0x41, 0x08, 0x41, 0x08, 0x41, 0x08, 0x41, 0x08, 0x41,
    0x08, 0x41, 0x08, 0x41, 0x42, 0x28, 0xef, 0x5c, 0x08, 0x41, 0x08, 0x41, 0x08, 0x41, 0xce, 0x79,
    0x63, 0x2c, 0x08, 0x41, 0x08, 0x41, 0x08, 0x41, 0x08, 0x41, 0x08, 0x41, 0x08, 0x41, 0x08, 0x41,
    0x08, 0x41, 0xbd, 0xd6, 0x7b, 0xce, 0x08, 0x41, 0x08, 0x41, 0x08, 0x41, 0x9c, 0xf3, 0xa5, 0x34,
    0x08, 0x41, 0x08, 0x41, 0x08, 0x41, 0x08, 0x41, 0x9c, 0xd2, 0xa5, 0x34, 0x08, 0x41, 0x08, 0x41,
    0x08, 0x41, 0x08, 0x41, 0xc6, 0x38, 0xa5, 0x34, 0x08, 0x41, 0x08, 0x41, 0xd6, 0xba, 0x84, 0x30,
    0x08, 0x41, 0x08, 0x41, 0x08, 0x41, 0x08, 0x41, 0x39, 0xe7, 0xef, 0x5c, 0x18, 0xc3, 0x08, 0x41,
    0x08, 0x41, 0x73, 0x8e, 0xc6, 0x38, 0x08, 0x41, 0x4a, 0x69, 0xe7, 0x3c, 0x08, 0x41, 0x63, 0x2c,
    0xad, 0x75, 0x08, 0x41, 0x08, 0x41, 0x6b, 0x6d, 0xc6, 0x17, 0x08, 0x41, 0x08, 0x41, 0x08, 0x41,
    0x08, 0x41, 0x08, 0x41, 0x08, 0x41, 0x4a, 0x49, 0xef, 0x5c, 0xef, 0x5c, 0xef, 0x5c, 0xef, 0x5c,
    0xef, 0x5c, 0xef, 0x5c, 0xef, 0x5c, 0xef, 0x5c, 0xef, 0x5c, 0xef, 0x5c, 0xef, 0x5c, 0xef, 0x5c,
    0xef, 0x5c, 0x8c, 0x51, 0x08, 0x41, 0x08, 0x41, 0x08, 0x41, 0x08, 0x41, 0x08, 0x41, 0x08, 0x41,
    0x08, 0x41, 0x08, 0x41, 0x08, 0x41, 0x08, 0x41, 0x08, 0x41, 0x08, 0x41, 0x08, 0x41, 0x08, 0x41,
    0x08, 0x41, 0x08, 0x41, 0x08, 0x41, 0x08, 0x41, 0x08, 0x41, 0x08, 0x41, 0x08, 0x41, 0x08, 0x41,
    0x08, 0x41, 0x08, 0x41, 0x08, 0x41, 0x08, 0x41, 0x08, 0x41, 0x08, 0x41, 0x08, 0x41, 0x08, 0x41,
    0x08, 0x41, 0x08, 0x41, 0x08, 0x41, 0x08, 0x41, 0x08, 0x41, 0x08, 0x41, 0x08, 0x41, 0x08, 0x41,
    0x08, 0x41, 0x08, 0x41, 0x08, 0x41, 0x08, 0x41, 0x08, 0x41, 0x08, 0x41, 0x08, 0x41, 0x08, 0x41,
    0x08, 0x41, 0x08, 0x41, 0x08, 0x41, 0x08, 0x41, 0x08, 0x41, 0x08, 0x41, 0x08, 0x41, 0x08, 0x41,
    0x08, 0x41, 0x08, 0x41, 0x08, 0x41, 0x08, 0x41, 0x08, 0x41, 0x08, 0x41, 0x08, 0x41, 0x08, 0x41,
    0x08, 0x41, 0x08, 0x41, 0x08, 0x41, 0x08, 0x41, 0x08, 0x41, 0x08, 0x41, 0x08, 0x41, 0x08, 0x41,
    0x08, 0x41, 0x08, 0x41, 0x08, 0x41, 0x08, 0x41, 0x08, 0x41, 0x08, 0x41, 0x08, 0x41, 0x08, 0x41,
    0x08, 0x41, 0x08, 0x41, 0x08, 0x41, 0x08, 0x41, 0x08, 0x41, 0x08, 0x41, 0x08, 0x41, 0x08, 0x41,
    0x08, 0x41, 0x08, 0x41, 0x08, 0x41, 0x08, 0x41, 0x08, 0x41, 0x08, 0x41, 0x08, 0x41, 0x08, 0x41,
    0x08, 0x41, 0x08, 0x41, 0x08, 0x41, 0x08, 0x41, 0x08, 0x41, 0x08, 0x41, 0x08, 0x41, 0x08, 0x41,
    0x08, 0x41, 0x08, 0x41, 0x08, 0x41, 0x08, 0x41, 0x08, 0x41, 0x08, 0x41, 0x08, 0x41, 0x08, 0x41,
    0x08, 0x41, 0x08, 0x41, 0x08, 0x41, 0x08, 0x41, 0x08, 0x41, 0x08, 0x41, 0x08, 0x41, 0x08, 0x41,
    0x08, 0x41, 0x08, 0x41, 0x08, 0x41, 0x08, 0x41, 0x08, 0x41, 0x08, 0x41, 0x08, 0x41, 0x08, 0x41,
    0x08, 0x41, 0x08, 0x41, 0x08, 0x41, 0x08, 0x41, 0x08, 0x41, 0x08, 0x41, 0x08, 0x41, 0x08, 0x41,
    0x08, 0x41, 0x84, 0x10, 0xef, 0x5c, 0xad, 0x54, 0x42, 0x28, 0x08, 0x41, 0x9c, 0xf3, 0x9c, 0xf3,
    0x08, 0x41, 0x08, 0x41, 0x08, 0x41, 0x08, 0x41, 0x08, 0x41, 0x39, 0xc6, 0xe7, 0x3c, 0xde, 0xfb,
    0x42, 0x28, 0x08, 0x41, 0x08, 0x41, 0x08, 0x41, 0x08, 0x41, 0x08, 0x41, 0x08, 0x41, 0x08, 0x41,
    0x08, 0x41, 0x08, 0x41, 0x42, 0x28, 0xef, 0x5c, 0x08, 0x41, 0x08, 0x41, 0x08, 0x41, 0xce, 0x79,
    0x63, 0x2c, 0x08, 0x41, 0x08, 0x41, 0x08, 0x41, 0x08, 0x41, 0x08, 0x41, 0x08, 0x41, 0x08, 0x41,
    0x08, 0x41, 0xbd, 0xd6, 0x7b, 0xce, 0x08, 0x41, 0x08, 0x41, 0x08, 0x41, 0x9c, 0xf3, 0xa5, 0x34,
    0x08, 0x41, 0x08, 0x41, 0x08, 0x41, 0x08, 0x41, 0x9c, 0xd2, 0xa5, 0x34, 0x08, 0x41, 0x08, 0x41,
    0x08, 0x41, 0x08, 0x41, 0x63, 0x0b, 0xe7, 0x1b, 0x18, 0xc3, 0x08, 0x41, 0xd6, 0xba, 0x84, 0x0f,
    0x08, 0x41, 0x08, 0x41, 0x08, 0x41, 0x08, 0x41, 0x4a, 0x48, 0xef, 0x5c, 0x08, 0x61, 0x08, 0x41,
    0x08, 0x41, 0x73, 0x8e, 0xc6, 0x38, 0x08, 0x41, 0x4a, 0x69, 0xe7, 0x3c, 0x08, 0x41, 0x18, 0xc3,
    0xde, 0xfb, 0x39, 0xe7, 0x08, 0x41, 0xc6, 0x38, 0x73, 0xae, 0x08, 0x41, 0x08, 0x41, 0x08, 0x41,
    0x08, 0x41, 0x08, 0x41, 0x08, 0x41, 0x10, 0xa2, 0x21, 0x24, 0x18, 0xc3, 0x10, 0x82, 0x08, 0x61,
    0x08, 0x61, 0x9c, 0xd2, 0xad, 0x54, 0x08, 0x41, 0x08, 0x41, 0x08, 0x41, 0x08, 0x41, 0x08, 0x61,
    0xef, 0x5c, 0x6b, 0x6d, 0x08, 0x41, 0x08, 0x41, 0x08, 0x41, 0x08, 0x41, 0x08, 0x41, 0x08, 0x41,
    0x08, 0x41, 0x08, 0x41, 0x08, 0x41, 0x08, 0x41, 0x08, 0x41, 0x08, 0x41, 0x08, 0x41, 0x08, 0x41,
    0x08, 0x41, 0x08, 0x41, 0x08, 0x41, 0x08, 0x41, 0x08, 0x41, 0x08, 0x41, 0x08, 0x41, 0x08, 0x41,
    0x08, 0x41, 0x08, 0x41, 0x08, 0x41, 0x08, 0x41, 0x08, 0x41, 0x08, 0x41, 0x08, 0x41, 0x08, 0x41,
    0x08, 0x41, 0x08, 0x41, 0x08, 0x41, 0x08, 0x41, 0x08, 0x41, 0x08, 0x41, 0x08, 0x41, 0x08, 0x41,
    0x08, 0x41, 0x08, 0x41, 0x08, 0x41, 0x08, 0x41, 0x08, 0x41, 0x08, 0x41, 0x08, 0x41, 0x08, 0x41,
    0x08, 0x41, 0x08, 0x41, 0x08, 0x41, 0x08, 0x41, 0x08, 0x41, 0x08, 0x41, 0x08, 0x41, 0x08, 0x41,
    0x08, 0x41, 0x08, 0x41, 0x08, 0x41, 0x08, 0x41, 0x08, 0x41, 0x08, 0x41, 0x08, 0x41, 0x08, 0x41,
    0x08, 0x41, 0x08, 0x41, 0x08, 0x41, 0x08, 0x41, 0x08, 0x41, 0x08, 0x41, 0x08, 0x41, 0x08, 0x41,
    0x08, 0x41, 0x08, 0x41, 0x08, 0x41, 0x08, 0x41, 0x08, 0x41, 0x08, 0x41, 0x08, 0x41, 0x08, 0x41,
    0x08, 0x41, 0x08, 0x41, 0x08, 0x41, 0x08, 0x41, 0x08, 0x41, 0x08, 0x41, 0x08, 0x41, 0x08, 0x41,
    0x08, 0x41, 0x08, 0x41, 0x08, 0x41, 0x08, 0x41, 0x08, 0x41, 0x08, 0x41, 0x08, 0x41, 0x08, 0x41,
    0x08, 0x41, 0x08, 0x41, 0x08, 0x41, 0x08, 0x41, 0x08, 0x41, 0x08, 0x41, 0x08, 0x41, 0x08, 0x41,
    0x08, 0x41, 0x08, 0x41, 0x08, 0x41, 0x08, 0x41, 0x08, 0x41, 0x08, 0x41, 0x08, 0x41, 0x08, 0x41,
    0x08, 0x41, 0x08, 0x41, 0x08, 0x41, 0x08, 0x41, 0x08, 0x41, 0x08, 0x41, 0x08, 0x41, 0x08, 0x41,
    0x08, 0x41, 0x08, 0x41, 0x08, 0x41, 0x08, 0x41, 0x08, 0x41, 0x08, 0x41, 0x08, 0x41, 0x08, 0x41,
    0x08, 0x41, 0x08, 0x41, 0x08, 0x41, 0x08, 0x41, 0x08, 0x41, 0x08, 0x41, 0x08, 0x41, 0x08, 0x41,
    0x08, 0x41, 0x18, 0xe3, 0x31, 0x86, 0x08, 0x41, 0x08, 0x41, 0x08, 0x41, 0x9c, 0xf3, 0x9c, 0xf3,
    0x08, 0x41, 0x08, 0x41, 0x08, 0x41, 0x08, 0x41, 0x08, 0x41, 0x29, 0x65, 0xe7, 0x3b, 0xad, 0x54,
    0x08, 0x41, 0x08, 0x41, 0x08, 0x41, 0x08, 0x41, 0x08, 0x41, 0x08, 0x41, 0x08, 0x41, 0x08, 0x41,
    0x08, 0x41, 0x08, 0x41, 0x42, 0x28, 0xef, 0x5c, 0x08, 0x41, 0x08, 0x41, 0x08, 0x41, 0xce, 0x79,
    0x63, 0x2c, 0x08, 0x41, 0x08, 0x41, 0x08, 0x41, 0x08, 0x41, 0x08, 0x41, 0x08, 0x41, 0x08, 0x41,
    0x08, 0x41, 0xbd, 0xd6, 0x7b, 0xce, 0x08, 0x41, 0x08, 0x41, 0x08, 0x41, 0x9c, 0xf3, 0xa5, 0x34,
    0x08, 0x41, 0x08, 0x41, 0x08, 0x41, 0x08, 0x41, 0x9c, 0xd2, 0xa5, 0x34, 0x08, 0x41, 0x08, 0x41,
    0x08, 0x41, 0x08, 0x41, 0x10, 0x82, 0x21, 0x24, 0x08, 0x41, 0x08, 0x41, 0xde, 0xda, 0x7b, 0xef,
    0x08, 0x41, 0x08, 0x41, 0x08, 0x41, 0x08, 0x41, 0x5a, 0xeb, 0xde, 0xda, 0x08, 0x41, 0x08, 0x41,
    0x08, 0x41, 0x73, 0x8e, 0xc6, 0x38, 0x08, 0x41, 0x4a, 0x69, 0xe7, 0x3c, 0x08, 0x41, 0x08, 0x41,
    0x7b, 0xef, 0xc6, 0x17, 0x6b, 0x4d, 0xde, 0xfb, 0x18, 0xc3, 0x08, 0x41, 0x08, 0x41, 0x08, 0x41,
    0x08, 0x41, 0x08, 0x41, 0x08, 0x41, 0x08, 0x41, 0x08, 0x41, 0x08, 0x41, 0x08, 0x41, 0x08, 0x41,
    0x18, 0xc3, 0xe7, 0x1b, 0x52, 0x8a, 0x08, 0x41, 0x08, 0x41, 0x08, 0x41, 0x08, 0x41, 0x21, 0x04,
    0xef, 0x5c, 0x52, 0x89, 0x08, 0x41, 0x08, 0x41, 0x08, 0x41, 0x08, 0x41, 0x08, 0x41, 0x08, 0x41,
    0x08, 0x41, 0x08, 0x41, 0x08, 0x41, 0x08, 0x41, 0x08, 0x41, 0x08, 0x41, 0x08, 0x41, 0x08, 0x41,
    0x08, 0x41, 0x08, 0x41, 0x08, 0x41, 0x08, 0x41, 0x08, 0x41, 0x08, 0x41, 0x08, 0x41, 0x08, 0x41,
    0x08, 0x41, 0x08, 0x41, 0x08, 0x41, 0x08, 0x41, 0x08, 0x41, 0x08, 0x41, 0x08, 0x41, 0x08, 0x41,
    0x08, 0x41, 0x08, 0x41, 0x08, 0x41, 0x08, 0x41, 0x08, 0x41, 0x08, 0x41, 0x08, 0x41, 0x08, 0x41,
    0x08, 0x41, 0x08, 0x41, 0x08, 0x41, 0x08, 0x41, 0x08, 0x41, 0x08, 0x41, 0x08, 0x41, 0x08, 0x41,
    0x08, 0x41, 0x08, 0x41, 0x08, 0x41, 0x08, 0x41, 0x08, 0x41, 0x08, 0x41, 0x08, 0x41, 0x08, 0x41,
    0x08, 0x41, 0x08, 0x41, 0x08, 0x41, 0x08, 0x41, 0x08, 0x41, 0x08, 0x41, 0x08, 0x41, 0x08, 0x41,
    0x08, 0x41, 0x08, 0x41, 0x08, 0x41, 0x08, 0x41, 0x08, 0x41, 0x08, 0x41, 0x08, 0x41, 0x08, 0x41,
    0x08, 0x41, 0x08, 0x41, 0x08, 0x41, 0x08, 0x41, 0x08, 0x41, 0x08, 0x41, 0x08, 0x41, 0x08, 0x41,
    0x08, 0x41, 0x08, 0x41, 0x08, 0x41, 0x08, 0x41, 0x08, 0x41, 0x08, 0x41, 0x08, 0x41, 0x08, 0x41,
    0x08, 0x41, 0x08, 0x41, 0x08, 0x41, 0x08, 0x41, 0x08, 0x41, 0x08, 0x41, 0x08, 0x41, 0x08, 0x41,
    0x08, 0x41, 0x08, 0x41, 0x08, 0x41, 0x08, 0x41, 0x08, 0x41, 0x08, 0x41, 0x08, 0x41, 0x08, 0x41,
    0x08, 0x41, 0x08, 0x41, 0x08, 0x41, 0x08, 0x41, 0x08, 0x41, 0x08, 0x41, 0x08, 0x41, 0x08, 0x41,
    0x08, 0x41, 0x08, 0x41, 0x08, 0x41, 0x08, 0x41, 0x08, 0x41, 0x08, 0x41, 0x08, 0x41, 0x08, 0x41,
    0x08, 0x41, 0x08, 0x41, 0x08, 0x41, 0x08, 0x41, 0x08, 0x41, 0x08, 0x41, 0x08, 0x41, 0x08, 0x41,
    0x08, 0x41, 0x08, 0x41, 0x08, 0x41, 0x08, 0x41, 0x08, 0x41, 0x08, 0x41, 0x08, 0x41, 0x08, 0x41,
    0x08, 0x41, 0x08, 0x41, 0x08, 0x41, 0x08, 0x41, 0x08, 0x41, 0x08, 0x41, 0x9c, 0xf3, 0x9c, 0xf3,
    0x08, 0x41, 0x08, 0x41, 0x08, 0x41, 0x08, 0x41, 0x31, 0xa6, 0xd6, 0xb9, 0xad, 0x54, 0xe7, 0x3c,
    0x39, 0xc7, 0x08, 0x41, 0x08, 0x41, 0x31, 0x85, 0x08, 0x41, 0x08, 0x41, 0x08, 0x41, 0x08, 0x41,
    0x08, 0x41, 0x08, 0x41, 0x42, 0x28, 0xef, 0x5c, 0x08, 0x41, 0x08, 0x41, 0x08, 0x41, 0xce, 0x79,
    0x63, 0x2c, 0x08, 0x41, 0x08, 0x41, 0x08, 0x41, 0x08, 0x41, 0x08, 0x41, 0x08, 0x41, 0x08, 0x41,
    0x08, 0x41, 0xbd, 0xd6, 0x7b, 0xce, 0x08, 0x41, 0x08, 0x41, 0x08, 0x41, 0x9c, 0xf3, 0xa5, 0x34,
    0x08, 0x41, 0x08, 0x41, 0x08, 0x41, 0x08, 0x41, 0x9c, 0xd2, 0xa5, 0x34, 0x08, 0x41, 0x08, 0x41,
    0x08, 0x41, 0x08, 0x41, 0x08, 0x41, 0x08, 0x41, 0x08, 0x41, 0x08, 0x41, 0xde, 0xfb, 0x7b, 0xce,
    0x08, 0x41, 0x08, 0x41, 0x08, 0x41, 0x08, 0x41, 0x84, 0x0f, 0xbd, 0xd6, 0x08, 0x41, 0x08, 0x41,
    0x08, 0x41, 0x73, 0x8e, 0xc6, 0x38, 0x08, 0x41, 0x52, 0x89, 0xe7, 0x3c, 0x08, 0x41, 0x08, 0x41,
    0x10, 0x82, 0xc6, 0x38, 0xef, 0x5c, 0x6b, 0x6d, 0x08, 0x41, 0x08, 0x41, 0x08, 0x41, 0x08, 0x41,
    0x08, 0x41, 0x08, 0x41, 0x08, 0x41, 0x08, 0x41, 0x08, 0x41, 0x08, 0x41, 0x08, 0x41, 0x08, 0x41,
    0x9c, 0xd3, 0xb5, 0xb6, 0x08, 0x41, 0x08, 0x41, 0x08, 0x41, 0x08, 0x41, 0x08, 0x41, 0x39, 0xe7,
    0xef, 0x5c, 0x31, 0x85, 0x08, 0x41, 0x08, 0x41, 0x08, 0x41, 0x08, 0x41, 0x08, 0x41, 0x08, 0x41,
    0x08, 0x41, 0x08, 0x41, 0x08, 0x41, 0x08, 0x41, 0x08, 0x41, 0x08, 0x41, 0x08, 0x41, 0x08, 0x41,
    0x08, 0x41, 0x08, 0x41, 0x08, 0x41, 0x08, 0x41, 0x08, 0x41, 0x08, 0x41, 0x08, 0x41, 0x08, 0x41,
    0x08, 0x41, 0x08, 0x41, 0x08, 0x41, 0x08, 0x41, 0x08, 0x41, 0x08, 0x41, 0x08, 0x41, 0x08, 0x41,
    0x08, 0x41, 0x08, 0x41, 0x08, 0x41, 0x08, 0x41, 0x08, 0x41, 0x08, 0x41, 0x08, 0x41, 0x08, 0x41,
    0x08, 0x41, 0x08, 0x41, 0x08, 0x41, 0x08, 0x41, 0x08, 0x41, 0x08, 0x41, 0x08, 0x41, 0x08, 0x41,
    0x08, 0x41, 0x08, 0x41, 0x08, 0x41, 0x08, 0x41, 0x08, 0x41, 0x08, 0x41, 0x08, 0x41, 0x08, 0x41,
    0x08, 0x41, 0x08, 0x41, 0x08, 0x41, 0x08, 0x41, 0x08, 0x41, 0x08, 0x41, 0x08, 0x41, 0x08, 0x41,
    0x08, 0x41, 0x08, 0x41, 0x08, 0x41, 0x08, 0x41, 0x08, 0x41, 0x08, 0x41, 0x08, 0x41, 0x08, 0x41,
    0x08, 0x41, 0x08, 0x41, 0x08, 0x41, 0x08, 0x41, 0x08, 0x41, 0x08, 0x41, 0x08, 0x41, 0x08, 0x41,
    0x08, 0x41, 0x08, 0x41, 0x08, 0x41, 0x08, 0x41, 0x08, 0x41, 0x08, 0x41, 0x08, 0x41, 0x08, 0x41,
    0x08, 0x41, 0x08, 0x41, 0x08, 0x41, 0x08, 0x41, 0x08, 0x41, 0x08, 0x41, 0x08, 0x41, 0x08, 0x41,
    0x08, 0x41, 0x08, 0x41, 0x08, 0x41, 0x08, 0x41, 0x08, 0x41, 0x08, 0x41, 0x08, 0x41, 0x08, 0x41,
    0x08, 0x41, 0x08, 0x41, 0x08, 0x41, 0x08, 0x41, 0x08, 0x41, 0x08, 0x41, 0x08, 0x41, 0x08, 0x41,
    0x08, 0x41, 0x08, 0x41, 0x08, 0x41, 0x08, 0x41, 0x08, 0x41, 0x08, 0x41, 0x08, 0x41, 0x08, 0x41,
    0x08, 0x41, 0x08, 0x41, 0x08, 0x41, 0x08, 0x41, 0x08, 0x41, 0x08, 0x41, 0x08, 0x41, 0x08, 0x41,
    0x08, 0x41, 0x08, 0x41, 0x08, 0x41, 0x08, 0x41, 0x08, 0x41, 0x08, 0x41, 0x08, 0x41, 0x08, 0x41,
    0x08, 0x41, 0x08, 0x41, 0x08, 0x41, 0x08, 0x41, 0x08, 0x41, 0x08, 0x41, 0xa5, 0x13, 0x9c, 0xf3,
    0x08, 0x41, 0x08, 0x41, 0x08, 0x41, 0x6b, 0x4d, 0xe7, 0x1b, 0x73, 0xae, 0x08, 0x41, 0x8c, 0x71,
    0xd6, 0x99, 0x29, 0x65, 0x08, 0x41, 0xbd, 0xd6, 0x8c, 0x51, 0x08, 0x41, 0x08, 0x41, 0x08, 0x41,
    0x08, 0x41, 0x08, 0x41, 0x4a, 0x49, 0xef, 0x5c, 0x08, 0x41, 0x08, 0x41, 0x08, 0x41, 0xce, 0x79,
    0x63, 0x2c, 0x08, 0x41, 0x08, 0x41, 0x08, 0x41, 0x08, 0x41, 0x08, 0x41, 0x08, 0x41, 0x08, 0x41,
    0x08, 0x41, 0xbd, 0xd6, 0x7b, 0xce, 0x08, 0x41, 0x08, 0x41, 0x08, 0x41, 0x9c, 0xf3, 0xa5, 0x34,
    0x08, 0x41, 0x08, 0x41, 0x08, 0x41, 0x08, 0x41, 0x9c, 0xd2, 0xa5, 0x34, 0x08, 0x41, 0x08, 0x41,
    0x08, 0x41, 0x08, 0x41, 0x08, 0x41, 0x08, 0x41, 0x08, 0x41, 0x10, 0x82, 0xe7, 0x3c, 0x73, 0xae,
    0x08, 0x41, 0x08, 0x41, 0x08, 0x41, 0x08, 0x41, 0xbd, 0xd6, 0x94, 0x91, 0x08, 0x41, 0x08, 0x41,
    0x08, 0x41, 0x73, 0xae, 0xc6, 0x38, 0x08, 0x41, 0x52, 0x8a, 0xe7, 0x3c, 0x08, 0x41, 0x08, 0x41,
    0x42, 0x28, 0xde, 0xda, 0xe7, 0x1b, 0xc6, 0x38, 0x42, 0x28, 0x08, 0x41, 0x08, 0x41, 0x08, 0x41,
    0x08, 0x41, 0x08, 0x41, 0x08, 0x41, 0x08, 0x41, 0x08, 0x41, 0x08, 0x41, 0x08, 0x61, 0x94, 0x91,
    0xd6, 0xba, 0x21, 0x24, 0x08, 0x41, 0x08, 0x41, 0x08, 0x41, 0x08, 0x41, 0x08, 0x41, 0x84, 0x30,
    0xe7, 0x1b, 0x08, 0x61, 0x08, 0x41, 0x08, 0x41, 0x08, 0x41, 0x08, 0x41, 0x08, 0x41, 0x08, 0x41,
    0x08, 0x41, 0x08, 0x41, 0x08, 0x41, 0x08, 0x41, 0x08, 0x41, 0x08, 0x41, 0x08, 0x41, 0x08, 0x41,
    0x08, 0x41, 0x08, 0x41, 0x08, 0x41, 0x08, 0x41, 0x08, 0x41, 0x08, 0x41, 0x08, 0x41, 0x08, 0x41,
    0x08, 0x41, 0x08, 0x41, 0x08, 0x41, 0x08, 0x41, 0x08, 0x41, 0x08, 0x41, 0x08, 0x41, 0x08, 0x41,
    0x08, 0x41, 0x08, 0x41, 0x08, 0x41, 0x08, 0x41, 0x08, 0x41, 0x08, 0x41, 0x08, 0x41, 0x08, 0x41,
    0x08, 0x41, 0x08, 0x41, 0x08, 0x41, 0x08, 0x41, 0x08, 0x41, 0x08, 0x41, 0x08, 0x41, 0x08, 0x41,
    0x08, 0x41, 0x08, 0x41, 0x08, 0x41, 0x08, 0x41, 0x08, 0x41, 0x08, 0x41, 0x08, 0x41, 0x08, 0x41,
    0x08, 0x41, 0x08, 0x41, 0x08, 0x41, 0x08, 0x41, 0x08, 0x41, 0x08, 0x41, 0x08, 0x41, 0x08, 0x41,
    0x08, 0x41, 0x08, 0x41, 0x08, 0x41, 0x08, 0x41, 0x08, 0x41, 0x08, 0x41, 0x08, 0x41, 0x08, 0x41,
    0x08, 0x41, 0x08, 0x41, 0x08, 0x41, 0x08, 0x41, 0x08, 0x41, 0x08, 0x41, 0x08, 0x41, 0x08, 0x41,
    0x08, 0x41, 0x08, 0x41, 0x08, 0x41, 0x08, 0x41, 0x08, 0x41, 0x08, 0x41, 0x08, 0x41, 0x08, 0x41,
    0x08, 0x41, 0x08, 0x41, 0x08, 0x41, 0x08, 0x41, 0x08, 0x41, 0x08, 0x41, 0x08, 0x41, 0x08, 0x41,
    0x08, 0x41, 0x08, 0x41, 0x08, 0x41, 0x08, 0x41, 0x08, 0x41, 0x08, 0x41, 0x08, 0x41, 0x08, 0x41,
    0x08, 0x41, 0x08, 0x41, 0x08, 0x41, 0x08, 0x41, 0x08, 0x41, 0x08, 0x41, 0x08, 0x41, 0x08, 0x41,
    0x08, 0x41, 0x08, 0x41, 0x08, 0x41, 0x08, 0x41, 0x08, 0x41, 0x08, 0x41, 0x08, 0x41, 0x08, 0x41,
    0x08, 0x41, 0x08, 0x41, 0x08, 0x41, 0x08, 0x41, 0x08, 0x41, 0x08, 0x41, 0x08, 0x41, 0x08, 0x41,
    0x08, 0x41, 0x08, 0x41, 0x08, 0x41, 0x08, 0x41, 0x08, 0x41, 0x08, 0x41, 0x08, 0x41, 0x08, 0x41,
    0x08, 0x41, 0x08, 0x41, 0x08, 0x41, 0x5a, 0xeb, 0x5a, 0xcb, 0x73, 0x8d, 0xde, 0xfb, 0x94, 0x91,
    0x08, 0x41, 0x4a, 0x69, 0xbd, 0xf7, 0xe7, 0x1b, 0x63, 0x0b, 0x08, 0x41, 0x08, 0x41, 0x10, 0x82,
    0xbd, 0xd6, 0xde, 0xda, 0x84, 0x10, 0xe7, 0x3c, 0x6b, 0x6d, 0x08, 0x41, 0x08, 0x41, 0x08, 0x41,
    0x08, 0x41, 0x08, 0x41, 0x52, 0x8a, 0xef, 0x5c, 0x08, 0x41, 0x08, 0x41, 0x08, 0x41, 0xd6, 0x99,
    0x63, 0x2c, 0x08, 0x41, 0x08, 0x41, 0x08, 0x41, 0x08, 0x41, 0x08, 0x41, 0x08, 0x41, 0x08, 0x41,
    0x08, 0x41, 0xce, 0x79, 0x73, 0x8e, 0x08, 0x41, 0x08, 0x41, 0x08, 0x41, 0xa5, 0x13, 0xef, 0x5c,
    0xef, 0x5c, 0xef, 0x5c, 0xef, 0x5c, 0xef, 0x5c, 0xef, 0x5c, 0xa5, 0x34, 0x08, 0x41, 0x08, 0x41,
    0x08, 0x41, 0x08, 0x41, 0x08, 0x41, 0x08, 0x41, 0x10, 0x82, 0x7b, 0xce, 0xef, 0x5c, 0x6b, 0x4c,
    0x08, 0x41, 0x08, 0x41, 0x08, 0x41, 0x21, 0x24, 0xef, 0x5c, 0x5a, 0xcb, 0x10, 0x82, 0x08, 0x61,
    0x08, 0x61, 0xa5, 0x34, 0xbd, 0xf7, 0x08, 0x41, 0x5a, 0xca, 0xe7, 0x3c, 0x18, 0xe3, 0x8c, 0x50,
    0xe7, 0x3c, 0x94, 0xb2, 0x18, 0xc3, 0xa5, 0x13, 0xef, 0x5c, 0xbd, 0xf7, 0x73, 0xae, 0x08, 0x61,
    0x08, 0x41, 0x08, 0x41, 0x08, 0x41, 0x08, 0x41, 0x08, 0x41, 0x4a, 0x69, 0xc6, 0x38, 0xce, 0x79,
    0x29, 0x65, 0x08, 0x41, 0x08, 0x41, 0x39, 0xc6, 0x9c, 0xf3, 0x94, 0xb2, 0xb5, 0x95, 0xef, 0x5c,
    0x94, 0x91, 0x08, 0x41, 0x08, 0x41, 0x08, 0x41, 0x08, 0x41, 0x08, 0x41, 0x08, 0x41, 0x08, 0x41,
    0x08, 0x41, 0x08, 0x41, 0x08, 0x41, 0x08, 0x41, 0x08, 0x41, 0x08, 0x41, 0x08, 0x41, 0x08, 0x41,
    0x08, 0x41, 0x08, 0x41, 0x08, 0x41, 0x08, 0x41, 0x08, 0x41, 0x08, 0x41, 0x08, 0x41, 0x08, 0x41,
    0x08, 0x41, 0x08, 0x41, 0x08, 0x41, 0x08, 0x41, 0x08, 0x41, 0x08, 0x41, 0x08, 0x41, 0x08, 0x41,
    0x08, 0x41, 0x08, 0x41, 0x08, 0x41, 0x08, 0x41, 0x08, 0x41, 0x08, 0x41, 0x08, 0x41, 0x08, 0x41,
    0x08, 0x41, 0x08, 0x41, 0x08, 0x41, 0x08, 0x41, 0x08, 0x41, 0x08, 0x41, 0x08, 0x41, 0x08, 0x41,
    0x08, 0x41, 0x08, 0x41, 0x08, 0x41, 0x08, 0x41, 0x08, 0x41, 0x08, 0x41, 0x08, 0x41, 0x08, 0x41,
    0x08, 0x41, 0x08, 0x41, 0x08, 0x41, 0x08, 0x41, 0x08, 0x41, 0x08, 0x41, 0x08, 0x41, 0x08, 0x41,
    0x08, 0x41, 0x08, 0x41, 0x08, 0x41, 0x08, 0x41, 0x08, 0x41, 0x08, 0x41, 0x08, 0x41, 0x08, 0x41,
    0x08, 0x41, 0x08, 0x41, 0x08, 0x41, 0x08, 0x41, 0x08, 0x41, 0x08, 0x41, 0x08, 0x41, 0x08, 0x41,
    0x08, 0x41, 0x08, 0x41, 0x08, 0x41, 0x08, 0x41, 0x08, 0x41, 0x08, 0x41, 0x08, 0x41, 0x08, 0x41,
    0x08, 0x41, 0x08, 0x41, 0x08, 0x41, 0x08, 0x41, 0x08, 0x41, 0x08, 0x41, 0x08, 0x41, 0x08, 0x41,
    0x08, 0x41, 0x08, 0x41, 0x08, 0x41, 0x08, 0x41, 0x08, 0x41, 0x08, 0x41, 0x08, 0x41, 0x08, 0x41,
    0x08, 0x41, 0x08, 0x41, 0x08, 0x41, 0x08, 0x41, 0x08, 0x41, 0x08, 0x41, 0x08, 0x41, 0x08, 0x41,
    0x08, 0x41, 0x08, 0x41, 0x08, 0x41, 0x08, 0x41, 0x08, 0x41, 0x08, 0x41, 0x08, 0x41, 0x08, 0x41,
    0x08, 0x41, 0x08, 0x41, 0x08, 0x41, 0x08, 0x41, 0x08, 0x41, 0x08, 0x41, 0x08, 0x41, 0x08, 0x41,
    0x08, 0x41, 0x08, 0x41, 0x08, 0x41, 0x08, 0x41, 0x08, 0x41, 0x08, 0x41, 0x08, 0x41, 0x08, 0x41,
    0x08, 0x41, 0x08, 0x41, 0x08, 0x41, 0x7b, 0xef, 0xef, 0x5c, 0xde, 0xda, 0xa5, 0x34, 0x29, 0x65,
    0x10, 0x82, 0x9c, 0xd2, 0xc6, 0x17, 0x31, 0x85, 0x08, 0x41, 0x08, 0x41, 0x08, 0x41, 0x08, 0x41,
    0x10, 0x82, 0x8c, 0x71, 0xe7, 0x3b, 0xce, 0x79, 0x10, 0xa2, 0x08, 0x41, 0x08, 0x41, 0x08, 0x41,
    0x08, 0x41, 0x08, 0x41, 0x5a, 0xeb, 0xef, 0x5c, 0x08, 0x41, 0x08, 0x41, 0x08, 0x41, 0xde, 0xfb,
    0x63, 0x2c, 0x08, 0x41, 0x08, 0x41, 0x08, 0x41, 0x08, 0x41, 0x08, 0x41, 0x42, 0x08, 0xb5, 0xb6,
    0xc6, 0x17, 0xef, 0x5c, 0x42, 0x28, 0x08, 0x41, 0x08, 0x41, 0x08, 0x41, 0xad, 0x75, 0xa5, 0x34,
    0x08, 0x41, 0x08, 0x41, 0x08, 0x41, 0x08, 0x41, 0x9c, 0xd2, 0xad, 0x75, 0x08, 0x41, 0x08, 0x41,
    0x08, 0x41, 0x08, 0x41, 0xb5, 0xb6, 0xe7, 0x1b, 0xe7, 0x3c, 0xef, 0x5c, 0xe7, 0x3c, 0x31, 0xa6,
    0x08, 0x41, 0x08, 0x41, 0x08, 0x41, 0x9c, 0xd3, 0xe7, 0x3b, 0x18, 0xe3, 0x21, 0x24, 0xe7, 0x3c,
    0xef, 0x5c, 0xef, 0x5c, 0x7b, 0xef, 0x08, 0x41, 0x63, 0x0b, 0xe7, 0x3c, 0xc6, 0x17, 0xe7, 0x1b,
    0x6b, 0x6d, 0x08, 0x41, 0x08, 0x41, 0x08, 0x41, 0x52, 0xaa, 0xce, 0x58, 0x94, 0x92, 0x08, 0x41,
    0x08, 0x41, 0x08, 0x41, 0x10, 0xa2, 0x73, 0xae, 0xc6, 0x38, 0xef, 0x5c, 0x9c, 0xf3, 0x18, 0xc3,
    0x08, 0x41, 0x08, 0x41, 0x08, 0x41, 0x08, 0x41, 0xc6, 0x38, 0xc6, 0x38, 0xa5, 0x34, 0x6b, 0x6d,
    0x08, 0x61, 0x08, 0x41, 0x08, 0x41, 0x08, 0x41, 0x08, 0x41, 0x08, 0x41, 0x08, 0x41, 0x08, 0x41,
    0x08, 0x41, 0x08, 0x41, 0x08, 0x41, 0x08, 0x41, 0x08, 0x41, 0x08, 0x41, 0x08, 0x41, 0x08, 0x41,
    0x08, 0x41, 0x08, 0x41, 0x08, 0x41, 0x08, 0x41, 0x08, 0x41, 0x08, 0x41, 0x08, 0x41, 0x08, 0x41,
    0x08, 0x41, 0x08, 0x41, 0x08, 0x41, 0x08, 0x41, 0x08, 0x41, 0x08, 0x41, 0x08, 0x41, 0x08, 0x41,
    0x08, 0x41, 0x08, 0x41, 0x08, 0x41, 0x08, 0x41, 0x08, 0x41, 0x08, 0x41, 0x08, 0x41, 0x08, 0x41,
    0x08, 0x41, 0x08, 0x41, 0x08, 0x41, 0x08, 0x41, 0x08, 0x41, 0x08, 0x41, 0x08, 0x41, 0x08, 0x41,
    0x08, 0x41, 0x08, 0x41, 0x08, 0x41, 0x08, 0x41, 0x08, 0x41, 0x08, 0x41, 0x08, 0x41, 0x08, 0x41,
    0x08, 0x41, 0x08, 0x41, 0x08, 0x41, 0x08, 0x41, 0x08, 0x41, 0x08, 0x41, 0x08, 0x41, 0x08, 0x41,
    0x08, 0x41, 0x08, 0x41, 0x08, 0x41, 0x08, 0x41, 0x08, 0x41, 0x08, 0x41, 0x08, 0x41, 0x08, 0x41,
    0x08, 0x41, 0x08, 0x41, 0x08, 0x41, 0x08, 0x41, 0x08, 0x41, 0x08, 0x41, 0x08, 0x41, 0x08, 0x41,
    0x08, 0x41, 0x08, 0x41, 0x08, 0x41, 0x08, 0x41, 0x08, 0x41, 0x08, 0x41, 0x08, 0x41, 0x08, 0x41,
    0x08, 0x41, 0x08, 0x41, 0x08, 0x41, 0x08, 0x41, 0x08, 0x41, 0x08, 0x41, 0x08, 0x41, 0x08, 0x41,
    0x08, 0x41, 0x08, 0x41, 0x08, 0x41, 0x08, 0x41, 0x08, 0x41, 0x08, 0x41, 0x08, 0x41, 0x08, 0x41,
    0x08, 0x41, 0x08, 0x41, 0x08, 0x41, 0x08, 0x41, 0x08, 0x41, 0x08, 0x41, 0x08, 0x41, 0x08, 0x41,
    0x08, 0x41, 0x08, 0x41, 0x08, 0x41, 0x08, 0x41, 0x08, 0x41, 0x08, 0x41, 0x08, 0x41, 0x08, 0x41,
    0x08, 0x41, 0x08, 0x41, 0x08, 0x41, 0x08, 0x41, 0x08, 0x41, 0x08, 0x41, 0x08, 0x41, 0x08, 0x41,
    0x08, 0x41, 0x08, 0x41, 0x08, 0x41, 0x08, 0x41, 0x08, 0x41, 0x08, 0x41, 0x08, 0x41, 0x08, 0x41,
    0x08, 0x41, 0x08, 0x41, 0x08, 0x41, 0x10, 0x82, 0x10, 0x82, 0x08, 0x41, 0x08, 0x41, 0x08, 0x41,
    0x08, 0x41, 0x10, 0x82, 0x10, 0x82, 0x08, 0x41, 0x08, 0x41, 0x08, 0x41, 0x08, 0x41, 0x08, 0x41,
    0x08, 0x41, 0x08, 0x41, 0x18, 0xc3, 0x10, 0xa2, 0x08, 0x41, 0x08, 0x41, 0x08, 0x41, 0x08, 0x41,
    0x08, 0x41, 0x08, 0x41, 0x73, 0x8d, 0xef, 0x5c, 0x08, 0x41, 0x08, 0x41, 0x10, 0x82, 0xef, 0x5c,
    0x63, 0x2c, 0x08, 0x41, 0x08, 0x41, 0x08, 0x41, 0x08, 0x41, 0x08, 0x41, 0x08, 0x61, 0xb5, 0x95,
    0x94, 0x91, 0x4a, 0x69, 0x08, 0x41, 0x08, 0x41, 0x08, 0x41, 0x08, 0x41, 0xbd, 0xd6, 0xa5, 0x34,
    0x08, 0x41, 0x08, 0x41, 0x08, 0x41, 0x08, 0x41, 0x9c, 0xd2, 0xbd, 0xf7, 0x08, 0x41, 0x08, 0x41,
    0x08, 0x41, 0x08, 0x41, 0x6b, 0x6d, 0xe7, 0x1b, 0xce, 0x79, 0xa5, 0x13, 0x42, 0x28, 0x08, 0x41,
    0x08, 0x41, 0x08, 0x41, 0x10, 0x82, 0x7b, 0xef, 0x94, 0x91, 0x08, 0x41, 0x08, 0x41, 0x73, 0xae,
    0x73, 0xae, 0x39, 0xe7, 0x08, 0x41, 0x08, 0x41, 0x6b, 0x6d, 0xe7, 0x3c, 0x21, 0x03, 0x29, 0x65,
    0x08, 0x41, 0x08, 0x41, 0x08, 0x41, 0x08, 0x41, 0x08, 0x41, 0x08, 0x41, 0x10, 0xa2, 0x08, 0x41,
    0x08, 0x41, 0x08, 0x41, 0x08, 0x41, 0x94, 0xb2, 0xa5, 0x13, 0x39, 0xe7, 0x08, 0x41, 0x08, 0x41,
    0x08, 0x41, 0x08, 0x41, 0x08, 0x41, 0x08, 0x41, 0x08, 0x41, 0x08, 0x41, 0x08, 0x41, 0x08, 0x41,
    0x08, 0x41, 0x08, 0x41, 0x08, 0x41, 0x08, 0x41, 0x08, 0x41, 0x08, 0x41, 0x08, 0x41, 0x08, 0x41,
    0x08, 0x41, 0x08, 0x41, 0x08, 0x41, 0x08, 0x41, 0x08, 0x41, 0x08, 0x41, 0x08, 0x41, 0x08, 0x41,
    0x08, 0x41, 0x08, 0x41, 0x08, 0x41, 0x08, 0x41, 0x08, 0x41, 0x08, 0x41, 0x08, 0x41, 0x08, 0x41,
    0x08, 0x41, 0x08, 0x41, 0x08, 0x41, 0x08, 0x41, 0x08, 0x41, 0x08, 0x41, 0x08, 0x41, 0x08, 0x41,
    0x08, 0x41, 0x08, 0x41, 0x08, 0x41, 0x08, 0x41, 0x08, 0x41, 0x08, 0x41, 0x08, 0x41, 0x08, 0x41,
    0x08, 0x41, 0x08, 0x41, 0x08, 0x41, 0x08, 0x41, 0x08, 0x41, 0x08, 0x41, 0x08, 0x41, 0x08, 0x41,
    0x08, 0x41, 0x08, 0x41, 0x08, 0x41, 0x08, 0x41, 0x08, 0x41, 0x08, 0x41, 0x08, 0x41, 0x08, 0x41,
    0x08, 0x41, 0x08, 0x41, 0x08, 0x41, 0x08, 0x41, 0x08, 0x41, 0x08, 0x41, 0x08, 0x41, 0x08, 0x41,
    0x08, 0x41, 0x08, 0x41, 0x08, 0x41, 0x08, 0x41, 0x08, 0x41, 0x08, 0x41, 0x08, 0x41, 0x08, 0x41,
    0x08, 0x41, 0x08, 0x41, 0x08, 0x41, 0x08, 0x41, 0x08, 0x41, 0x08, 0x41, 0x08, 0x41, 0x08, 0x41,
    0x08, 0x41, 0x08, 0x41, 0x08, 0x41, 0x08, 0x41, 0x08, 0x41, 0x08, 0x41, 0x08, 0x41, 0x08, 0x41,
    0x08, 0x41, 0x08, 0x41, 0x08, 0x41, 0x08, 0x41, 0x08, 0x41, 0x08, 0x41, 0x08, 0x41, 0x08, 0x41,
    0x08, 0x41, 0x08, 0x41, 0x08, 0x41, 0x08, 0x41, 0x08, 0x41, 0x08, 0x41, 0x08, 0x41, 0x08, 0x41,
    0x08, 0x41, 0x08, 0x41, 0x08, 0x41, 0x08, 0x41, 0x08, 0x41, 0x08, 0x41, 0x08, 0x41, 0x08, 0x41,
    0x08, 0x41, 0x08, 0x41, 0x08, 0x41, 0x08, 0x41, 0x08, 0x41, 0x08, 0x41, 0x08, 0x41, 0x08, 0x41,
    0x08, 0x41, 0x08, 0x41, 0x08, 0x41, 0x08, 0x41, 0x08, 0x41, 0x08, 0x41, 0x08, 0x41, 0x08, 0x41,
    0x08, 0x41, 0x08, 0x41, 0x08, 0x41, 0x08, 0x41, 0x08, 0x41, 0x08, 0x41, 0x08, 0x41, 0x08, 0x41,
    0x08, 0x41, 0x08, 0x41, 0x08, 0x41, 0x08, 0x41, 0x08, 0x41, 0x08, 0x41, 0x08, 0x41, 0x08, 0x41,
    0x08, 0x41, 0x08, 0x41, 0x08, 0x41, 0x08, 0x41, 0x08, 0x41, 0x08, 0x41, 0x08, 0x41, 0x08, 0x41,
    0x08, 0x41, 0x08, 0x41, 0x08, 0x41, 0x08, 0x41, 0x08, 0x41, 0x08, 0x41, 0x08, 0x41, 0x08, 0x41,
    0x08, 0x41, 0x08, 0x41, 0x08, 0x41, 0x08, 0x41, 0x08, 0x41, 0x08, 0x41, 0x08, 0x41, 0x08, 0x41,
    0x08, 0x41, 0x08, 0x41, 0x08, 0x41, 0x08, 0x41, 0x08, 0x41, 0x08, 0x41, 0x08, 0x41, 0x08, 0x41,
    0x08, 0x41, 0x08, 0x41, 0x08, 0x41, 0x08, 0x41, 0x08, 0x41, 0x08, 0x41, 0x08, 0x41, 0x08, 0x41,
    0x08, 0x41, 0x08, 0x41, 0x08, 0x41, 0x08, 0x41, 0x08, 0x41, 0x08, 0x41, 0x08, 0x41, 0x08, 0x41,
    0x08, 0x41, 0x08, 0x41, 0x08, 0x41, 0x08, 0x41, 0x08, 0x41, 0x08, 0x41, 0x08, 0x41, 0x08, 0x41,
    0x08, 0x41, 0x08, 0x41, 0x08, 0x41, 0x08, 0x41, 0x08, 0x41, 0x08, 0x41, 0x08, 0x41, 0x08, 0x41,
    0x08, 0x41, 0x08, 0x41, 0x08, 0x41, 0x08, 0x41, 0x08, 0x41, 0x08, 0x41, 0x08, 0x41, 0x08, 0x41,
    0x08, 0x41, 0x08, 0x41, 0x08, 0x41, 0x08, 0x41, 0x08, 0x41, 0x08, 0x41, 0x08, 0x41, 0x08, 0x41,
    0x08, 0x41, 0x08, 0x41, 0x08, 0x41, 0x08, 0x41, 0x08, 0x41, 0x08, 0x41, 0x08, 0x41, 0x08, 0x41,
    0x08, 0x41, 0x08, 0x41, 0x08, 0x41, 0x08, 0x41, 0x08, 0x41, 0x08, 0x41, 0x08, 0x41, 0x08, 0x41,
    0x08, 0x41, 0x08, 0x41, 0x08, 0x41, 0x08, 0x41, 0x08, 0x41, 0x08, 0x41, 0x08, 0x41, 0x08, 0x41,
    0x08, 0x41, 0x08, 0x41, 0x08, 0x41, 0x08, 0x41, 0x08, 0x41, 0x08, 0x41, 0x08, 0x41, 0x08, 0x41,
    0x08, 0x41, 0x08, 0x41, 0x08, 0x41, 0x08, 0x41, 0x08, 0x41, 0x08, 0x41, 0x08, 0x41, 0x08, 0x41,
    0x08, 0x41, 0x08, 0x41, 0x08, 0x41, 0x08, 0x41, 0x08, 0x41, 0x08, 0x41, 0x08, 0x41, 0x08, 0x41,
    0x08, 0x41, 0x08, 0x41, 0x08, 0x41, 0x08, 0x41, 0x08, 0x41, 0x08, 0x41, 0x08, 0x41, 0x08, 0x41,
    0x08, 0x41, 0x08, 0x41, 0x08, 0x41, 0x08, 0x41, 0x08, 0x41, 0x08, 0x41, 0x08, 0x41, 0x08, 0x41,
    0x08, 0x41, 0x08, 0x41, 0x08, 0x41, 0x08, 0x41, 0x08, 0x41, 0x08, 0x41, 0x08, 0x41, 0x08, 0x41,
    0x08, 0x41, 0x08, 0x41, 0x08, 0x41, 0x08, 0x41, 0x08, 0x41, 0x08, 0x41, 0x08, 0x41, 0x08, 0x41,
    0x08, 0x41, 0x08, 0x41, 0x08, 0x41, 0x08, 0x41, 0x08, 0x41, 0x08, 0x41, 0x08, 0x41, 0x08, 0x41,
    0x08, 0x41, 0x08, 0x41, 0x08, 0x41, 0x08, 0x41, 0x08, 0x41, 0x08, 0x41, 0x08, 0x41, 0x08, 0x41,
    0x08, 0x41, 0x08, 0x41, 0x08, 0x41, 0x08, 0x41, 0x08, 0x41, 0x08, 0x41, 0x08, 0x41, 0x08, 0x41,
    0x08, 0x41, 0x08, 0x41, 0x08, 0x41, 0x08, 0x41, 0x08, 0x41, 0x08, 0x41, 0x08, 0x41, 0x08, 0x41,
    0x08, 0x41, 0x08, 0x41, 0x08, 0x41, 0x08, 0x41, 0x08, 0x41, 0x08, 0x41, 0x08, 0x41, 0x08, 0x41,
    0x08, 0x41, 0x08, 0x41, 0x08, 0x41, 0x08, 0x41, 0x08, 0x41, 0x08, 0x41, 0x08, 0x41, 0x08, 0x41,
    0x08, 0x41, 0x08, 0x41, 0x08, 0x41, 0x08, 0x41, 0x08, 0x41, 0x08, 0x41, 0x08, 0x41, 0x08, 0x41,
    0x08, 0x41, 0x08, 0x41, 0x08, 0x41, 0x08, 0x41, 0x08, 0x41, 0x08, 0x41, 0x08, 0x41, 0x08, 0x41,
    0x08, 0x41, 0x08, 0x41, 0x08, 0x41, 0x08, 0x41, 0x08, 0x41, 0x08, 0x41, 0x08, 0x41, 0x08, 0x41,
    0x08, 0x41, 0x08, 0x41, 0x08, 0x41, 0x08, 0x41, 0x08, 0x41, 0x08, 0x41, 0x08, 0x41, 0x08, 0x41,
    0x08, 0x41, 0x08, 0x41, 0x08, 0x41, 0x08, 0x41, 0x08, 0x41, 0x08, 0x41, 0x08, 0x41, 0x08, 0x41,
    0x08, 0x41, 0x08, 0x41, 0x08, 0x41, 0x08, 0x41, 0x08, 0x41, 0x08, 0x41, 0x08, 0x41, 0x08, 0x41,
    0x08, 0x41, 0x08, 0x41, 0x08, 0x41, 0x08, 0x41, 0x08, 0x41, 0x08, 0x41, 0x08, 0x41, 0x08, 0x41,
    0x08, 0x41, 0x08, 0x41, 0x08, 0x41, 0x08, 0x41, 0x08, 0x41, 0x08, 0x41, 0x08, 0x41, 0x08, 0x41,
    0x08, 0x41, 0x08, 0x41, 0x08, 0x41, 0x08, 0x41, 0x08, 0x41, 0x08, 0x41, 0x08, 0x41, 0x08, 0x41,
    0x08, 0x41, 0x08, 0x41, 0x08, 0x41, 0x08, 0x41, 0x08, 0x41, 0x08, 0x41, 0x08, 0x41, 0x08, 0x41,
    0x08, 0x41, 0x08, 0x41, 0x08, 0x41, 0x08, 0x41, 0x08, 0x41, 0x08, 0x41, 0x08, 0x41, 0x08, 0x41,
    0x08, 0x41, 0x08, 0x41, 0x08, 0x41, 0x08, 0x41, 0x08, 0x41, 0x08, 0x41, 0x08, 0x41, 0x08, 0x41,
    0x08, 0x41, 0x08, 0x41, 0x08, 0x41, 0x08, 0x41, 0x08, 0x41, 0x08, 0x41, 0x08, 0x41, 0x08, 0x41,
    0x08, 0x41, 0x08, 0x41, 0x08, 0x41, 0x08, 0x41, 0x08, 0x41, 0x08, 0x41, 0x08, 0x41, 0x08, 0x41,
    0x08, 0x41, 0x08, 0x41, 0x08, 0x41, 0x08, 0x41, 0x08, 0x41, 0x08, 0x41, 0x08, 0x41, 0x08, 0x41,
    0x08, 0x41, 0x08, 0x41, 0x08, 0x41, 0x08, 0x41, 0x08, 0x41, 0x08, 0x41, 0x08, 0x41, 0x08, 0x41,
    0x08, 0x41, 0x08, 0x41, 0x08, 0x41, 0x08, 0x41, 0x08, 0x41, 0x08, 0x41, 0x08, 0x41, 0x08, 0x41,
    0x08, 0x41, 0x08, 0x41, 0x08, 0x41, 0x08, 0x41, 0x08, 0x41, 0x08, 0x41, 0x08, 0x41, 0x08, 0x41,
    0x08, 0x41, 0x08, 0x41, 0x08, 0x41, 0x08, 0x41, 0x08, 0x41, 0x08, 0x41, 0x08, 0x41, 0x08, 0x41,
    0x08, 0x41, 0x08, 0x41, 0x08, 0x41, 0x08, 0x41, 0x08, 0x41, 0x08, 0x41, 0x08, 0x41, 0x08, 0x41,
    0x08, 0x41, 0x08, 0x41, 0x08, 0x41, 0x08, 0x41, 0x08, 0x41, 0x08, 0x41, 0x08, 0x41, 0x08, 0x41,
    0x08, 0x41, 0x08, 0x41, 0x08, 0x41, 0x08, 0x41, 0x08, 0x41, 0x08, 0x41, 0x08, 0x41, 0x08, 0x41,
    0x08, 0x41, 0x08, 0x41, 0x08, 0x41, 0x08, 0x41, 0x08, 0x41, 0x08, 0x41, 0x08, 0x41, 0x08, 0x41,
    0x08, 0x41, 0x08, 0x41, 0x08, 0x41, 0x08, 0x41, 0x08, 0x41, 0x08, 0x41, 0x08, 0x41, 0x08, 0x41,
    0x08, 0x41, 0x08, 0x41, 0x08, 0x41, 0x08, 0x41, 0x08, 0x41, 0x08, 0x41, 0x08, 0x41, 0x08, 0x41,
    0x08, 0x41, 0x08, 0x41, 0x08, 0x41, 0x08, 0x41, 0x08, 0x41, 0x08, 0x41, 0x08, 0x41, 0x08, 0x41,
    0x08, 0x41, 0x08, 0x41, 0x08, 0x41, 0x08, 0x41, 0x08, 0x41, 0x08, 0x41, 0x08, 0x41, 0x08, 0x41,
    0x08, 0x41, 0x08, 0x41, 0x08, 0x41, 0x08, 0x41, 0x08, 0x41, 0x08, 0x41, 0x08, 0x41, 0x08, 0x41,
    0x08, 0x41, 0x08, 0x41, 0x08, 0x41, 0x08, 0x41, 0x08, 0x41, 0x08, 0x41, 0x08, 0x41, 0x08, 0x41,
    0x08, 0x41, 0x08, 0x41, 0x08, 0x41, 0x08, 0x41, 0x08, 0x41, 0x08, 0x41, 0x08, 0x41, 0x08, 0x41,
    0x08, 0x41, 0x08, 0x41, 0x08, 0x41, 0x08, 0x41, 0x08, 0x41, 0x08, 0x41, 0x08, 0x41, 0x08, 0x41,
    0x08, 0x41, 0x08, 0x41, 0x08, 0x41, 0x08, 0x41, 0x08, 0x41, 0x08, 0x41, 0x08, 0x41, 0x08, 0x41,
    0x08, 0x41, 0x08, 0x41, 0x08, 0x41, 0x08, 0x41, 0x08, 0x41, 0x08, 0x41, 0x08, 0x41, 0x08, 0x41,
    0x08, 0x41, 0x08, 0x41, 0x08, 0x41, 0x08, 0x41, 0x08, 0x41, 0x08, 0x41, 0x08, 0x41, 0x08, 0x41,
    0x08, 0x41, 0x08, 0x41, 0x08, 0x41, 0x08, 0x41, 0x08, 0x41, 0x08, 0x41, 0x08, 0x41, 0x08, 0x41,
    0x08, 0x41, 0x08, 0x41, 0x08, 0x41, 0x08, 0x41, 0x08, 0x41, 0x08, 0x41, 0x08, 0x41, 0x08, 0x41,
    0x08, 0x41, 0x08, 0x41, 0x08, 0x41, 0x08, 0x41, 0x08, 0x41, 0x08, 0x41, 0x08, 0x41, 0x08, 0x41,
    0x08, 0x41, 0x08, 0x41, 0x08, 0x41, 0x08, 0x41, 0x08, 0x41, 0x08, 0x41, 0x08, 0x41, 0x08, 0x41,
    0x08, 0x41, 0x08, 0x41, 0x08, 0x41, 0x08, 0x41, 0x08, 0x41, 0x08, 0x41, 0x08, 0x41, 0x08, 0x41,
    0x08, 0x41, 0x08, 0x41, 0x08, 0x41, 0x08, 0x41, 0x08, 0x41, 0x08, 0x41, 0x08, 0x41, 0x08, 0x41,
    0x08, 0x41, 0x08, 0x41, 0x08, 0x41, 0x08, 0x41, 0x08, 0x41, 0x08, 0x41, 0x08, 0x41, 0x08, 0x41,
    0x08, 0x41, 0x08, 0x41, 0x08, 0x41, 0x08, 0x41, 0x08, 0x41, 0x08, 0x41, 0x08, 0x41, 0x08, 0x41,
    0x08, 0x41, 0x08, 0x41, 0x08, 0x41, 0x08, 0x41, 0x08, 0x41, 0x08, 0x41, 0x08, 0x41, 0x08, 0x41,
    0x08, 0x41, 0x08, 0x41, 0x08, 0x41, 0x08, 0x41, 0x08, 0x41, 0x08, 0x41, 0x08, 0x41, 0x08, 0x41,
    0x08, 0x41, 0x08, 0x41, 0x08, 0x41, 0x08, 0x41, 0x08, 0x41, 0x08, 0x41, 0x08, 0x41, 0x08, 0x41,
    0x08, 0x41, 0x08, 0x41, 0x08, 0x41, 0x08, 0x41, 0x08, 0x41, 0x08, 0x41, 0x08, 0x41, 0x08, 0x41,
    0x08, 0x41, 0x08, 0x41, 0x08, 0x41, 0x08, 0x41, 0x08, 0x41, 0x08, 0x41, 0x08, 0x41, 0x08, 0x41,
    0x08, 0x41, 0x08, 0x41, 0x08, 0x41, 0x08, 0x41, 0x08, 0x41, 0x08, 0x41, 0x08, 0x41, 0x08, 0x41,
    0x08, 0x41, 0x08, 0x41, 0x08, 0x41, 0x08, 0x41, 0x08, 0x41, 0x08, 0x41, 0x08, 0x41, 0x08, 0x41,
    0x08, 0x41, 0x08, 0x41, 0x08, 0x41, 0x08, 0x41, 0x08, 0x41, 0x08, 0x41, 0x08, 0x41, 0x08, 0x41,
    0x08, 0x41, 0x08, 0x41, 0x08, 0x41, 0x08, 0x41, 0x08, 0x41, 0x08, 0x41, 0x08, 0x41, 0x08, 0x41,
    0x08, 0x41, 0x08, 0x41, 0x08, 0x41, 0x08, 0x41, 0x08, 0x41, 0x08, 0x41, 0x08, 0x41, 0x08, 0x41,
    0x08, 0x41, 0x08, 0x41, 0x08, 0x41, 0x08, 0x41, 0x08, 0x41, 0x08, 0x41, 0x08, 0x41, 0x08, 0x41,
    0x08, 0x41, 0x08, 0x41, 0x08, 0x41, 0x08, 0x41, 0x08, 0x41, 0x08, 0x41, 0x08, 0x41, 0x08, 0x41,
    0x08, 0x41, 0x08, 0x41, 0x08, 0x41, 0x08, 0x41, 0x08, 0x41, 0x08, 0x41, 0x08, 0x41, 0x08, 0x41,
    0x08, 0x41, 0x08, 0x41, 0x08, 0x41, 0x08, 0x41, 0x08, 0x41, 0x08, 0x41, 0x08, 0x41, 0x08, 0x41,
    0x08, 0x41, 0x08, 0x41, 0x08, 0x41, 0x08, 0x41, 0x08, 0x41, 0x08, 0x41, 0x08, 0x41, 0x08, 0x41,
    0x08, 0x41, 0x08, 0x41, 0x08, 0x41, 0x08, 0x41, 0x08, 0x41, 0x08, 0x41, 0x08, 0x41, 0x08, 0x41,
    0x08, 0x41, 0x08, 0x41, 0x08, 0x41, 0x08, 0x41, 0x08, 0x41, 0x08, 0x41, 0x08, 0x41, 0x08, 0x41,
    0x08, 0x41, 0x08, 0x41, 0x08, 0x41, 0x08, 0x41, 0x08, 0x41, 0x08, 0x41, 0x08, 0x41, 0x08, 0x41,
    0x08, 0x41, 0x08, 0x41, 0x08, 0x41, 0x08, 0x41, 0x08, 0x41, 0x08, 0x41, 0x08, 0x41, 0x08, 0x41,
    0x08, 0x41, 0x08, 0x41, 0x08, 0x41, 0x08, 0x41, 0x08, 0x41, 0x08, 0x41, 0x08, 0x41, 0x08, 0x41,
    0x08, 0x41, 0x08, 0x41, 0x08, 0x41, 0x08, 0x41, 0x08, 0x41, 0x08, 0x41, 0x08, 0x41, 0x08, 0x41,
    0x08, 0x41, 0x08, 0x41, 0x08, 0x41, 0x08, 0x41, 0x08, 0x41, 0x08, 0x41, 0x08, 0x41, 0x08, 0x41,
    0x08, 0x41, 0x08, 0x41, 0x08, 0x41, 0x08, 0x41, 0x08, 0x41, 0x08, 0x41, 0x08, 0x41, 0x08, 0x41,
    0x08, 0x41, 0x08, 0x41, 0x08, 0x41, 0x08, 0x41, 0x08, 0x41, 0x08, 0x41, 0x08, 0x41, 0x08, 0x41,
    0x08, 0x41, 0x08, 0x41, 0x08, 0x41, 0x08, 0x41, 0x08, 0x41, 0x08, 0x41, 0x08, 0x41, 0x08, 0x41,
    0x08, 0x41, 0x08, 0x41, 0x08, 0x41, 0x08, 0x41, 0x08, 0x41, 0x08, 0x41, 0x08, 0x41, 0x08, 0x41,
    0x08, 0x41, 0x08, 0x41, 0x08, 0x41, 0x08, 0x41, 0x08, 0x41, 0x08, 0x41, 0x08, 0x41, 0x08, 0x41,
    0x08, 0x41, 0x08, 0x41, 0x08, 0x41, 0x08, 0x41, 0x08, 0x41, 0x08, 0x41, 0x08, 0x41, 0x08, 0x41,
    0x08, 0x41, 0x08, 0x41, 0x08, 0x41, 0x08, 0x41, 0x08, 0x41, 0x08, 0x41, 0x08, 0x41, 0x08, 0x41,
    0x08, 0x41, 0x08, 0x41, 0x08, 0x41, 0x08, 0x41, 0x08, 0x41, 0x08, 0x41, 0x08, 0x41, 0x08, 0x41,
    0x08, 0x41, 0x08, 0x41, 0x08, 0x41, 0x08, 0x41, 0x08, 0x41, 0x08, 0x41, 0x08, 0x41, 0x08, 0x41,
    0x08, 0x41, 0x08, 0x41, 0x08, 0x41, 0x08, 0x41, 0x08, 0x41, 0x08, 0x41, 0x08, 0x41, 0x08, 0x41,
    0x08, 0x41, 0x08, 0x41, 0x08, 0x41, 0x08, 0x41, 0x08, 0x41, 0x08, 0x41, 0x08, 0x41, 0x08, 0x41,
    0x08, 0x41, 0x08, 0x41, 0x08, 0x41, 0x08, 0x41, 0x08, 0x41, 0x08, 0x41, 0x08, 0x41, 0x08, 0x41,
    0x08, 0x41, 0x08, 0x41, 0x08, 0x41, 0x08, 0x41, 0x08, 0x41, 0x08, 0x41, 0x08, 0x41, 0x08, 0x41,
    0x08, 0x41, 0x08, 0x41, 0x08, 0x41, 0x08, 0x41, 0x08, 0x41, 0x08, 0x41, 0x08, 0x41, 0x08, 0x41,
    0x08, 0x41, 0x08, 0x41, 0x08, 0x41, 0x08, 0x41, 0x08, 0x41, 0x08, 0x41, 0x08, 0x41, 0x08, 0x41,
    0x08, 0x41, 0x08, 0x41, 0x08, 0x41, 0x08, 0x41, 0x08, 0x41, 0x08, 0x41, 0x08, 0x41, 0x08, 0x41,
    0x08, 0x41, 0x08, 0x41, 0x08, 0x41, 0x08, 0x41, 0x08, 0x41, 0x08, 0x41, 0x08, 0x41, 0x08, 0x41,
    0x08, 0x41, 0x08, 0x41, 0x08, 0x41, 0x08, 0x41, 0x08, 0x41, 0x08, 0x41, 0x08, 0x41, 0x08, 0x41,
    0x08, 0x41, 0x08, 0x41, 0x08, 0x41, 0x08, 0x41, 0x08, 0x41, 0x08, 0x41, 0x08, 0x41, 0x08, 0x41,
    0x08, 0x41, 0x08, 0x41, 0x08, 0x41, 0x08, 0x41, 0x08, 0x41, 0x08, 0x41, 0x08, 0x41, 0x08, 0x41,
    0x08, 0x41, 0x08, 0x41, 0x08, 0x41, 0x08, 0x41, 0x08, 0x41, 0x08, 0x41, 0x08, 0x41, 0x08, 0x41,
    0x08, 0x41, 0x08, 0x41, 0x08, 0x41, 0x08, 0x41, 0x08, 0x41, 0x08, 0x41, 0x08, 0x41, 0x08, 0x41,
    0x08, 0x41, 0x08, 0x41, 0x08, 0x41, 0x08, 0x41, 0x08, 0x41, 0x08, 0x41, 0x08, 0x41, 0x08, 0x41,
    0x08, 0x41, 0x08, 0x41, 0x08, 0x41, 0x08, 0x41, 0x08, 0x41, 0x08, 0x41, 0x08, 0x41, 0x08, 0x41,
    0x08, 0x41, 0x08, 0x41, 0x08, 0x41, 0x08, 0x41, 0x08, 0x41, 0x08, 0x41, 0x08, 0x41, 0x08, 0x41,
    0x08, 0x41, 0x08, 0x41, 0x08, 0x41, 0x08, 0x41, 0x08, 0x41, 0x08, 0x41, 0x08, 0x41, 0x08, 0x41,
    0x08, 0x41, 0x08, 0x41, 0x08, 0x41, 0x08, 0x41, 0x08, 0x41, 0x08, 0x41, 0x08, 0x41, 0x08, 0x41,
    0x08, 0x41, 0x08, 0x41, 0x08, 0x41, 0x08, 0x41, 0x08, 0x41, 0x08, 0x41, 0x08, 0x41, 0x08, 0x41,
    0x08, 0x41, 0x08, 0x41, 0x08, 0x41, 0x08, 0x41, 0x08, 0x41, 0x08, 0x41, 0x08, 0x41, 0x08, 0x41,
    0x08, 0x41, 0x08, 0x41, 0x08, 0x41, 0x08, 0x41, 0x08, 0x41, 0x08, 0x41, 0x08, 0x41, 0x08, 0x41,
    0x08, 0x41, 0x08, 0x41, 0x08, 0x41, 0x08, 0x41, 0x08, 0x41, 0x08, 0x41, 0x08, 0x41, 0x08, 0x41,
    0x08, 0x41, 0x08, 0x41, 0x08, 0x41, 0x08, 0x41, 0x08, 0x41, 0x08, 0x41, 0x08, 0x41, 0x08, 0x41,
    0x08, 0x41, 0x08, 0x41, 0x08, 0x41, 0x08, 0x41, 0x08, 0x41, 0x08, 0x41, 0x08, 0x41, 0x08, 0x41,
    0x08, 0x41, 0x08, 0x41, 0x08, 0x41, 0x08, 0x41, 0x08, 0x41, 0x08, 0x41, 0x08, 0x41, 0x08, 0x41,
    0x08, 0x41, 0x08, 0x41, 0x08, 0x41, 0x08, 0x41, 0x08, 0x41, 0x08, 0x41, 0x08, 0x41, 0x08, 0x41,
    0x08, 0x41, 0x08, 0x41, 0x08, 0x41, 0x08, 0x41, 0x08, 0x41, 0x08, 0x41, 0x08, 0x41, 0x08, 0x41,
    0x08, 0x41, 0x08, 0x41, 0x08, 0x41, 0x08, 0x41, 0x08, 0x41, 0x08, 0x41, 0x08, 0x41, 0x08, 0x41,
    0x08, 0x41, 0x08, 0x41, 0x08, 0x41, 0x08, 0x41, 0x08, 0x41, 0x08, 0x41, 0x08, 0x41, 0x08, 0x41,
    0x08, 0x41, 0x08, 0x41, 0x08, 0x41, 0x08, 0x41, 0x08, 0x41, 0x08, 0x41, 0x08, 0x41, 0x08, 0x41,
    0x08, 0x41, 0x08, 0x41, 0x08, 0x41, 0x08, 0x41, 0x08, 0x41, 0x08, 0x41, 0x08, 0x41, 0x08, 0x41,
    0x08, 0x41, 0x08, 0x41, 0x08, 0x41, 0x08, 0x41, 0x08, 0x41, 0x08, 0x41, 0x08, 0x41, 0x08, 0x41,
    0x08, 0x41, 0x08, 0x41, 0x08, 0x41, 0x08, 0x41, 0x08, 0x41, 0x08, 0x41, 0x08, 0x41, 0x08, 0x41,
    0x08, 0x41, 0x08, 0x41, 0x08, 0x41, 0x08, 0x41, 0x08, 0x41, 0x08, 0x41, 0x08, 0x41, 0x08, 0x41,
    0x08, 0x41, 0x08, 0x41, 0x08, 0x41, 0x08, 0x41, 0x08, 0x41, 0x08, 0x41, 0x08, 0x41, 0x08, 0x41,
    0x08, 0x41, 0x08, 0x41, 0x08, 0x41, 0x08, 0x41, 0x08, 0x41, 0x08, 0x41, 0x08, 0x41, 0x08, 0x41,
    0x08, 0x41, 0x08, 0x41, 0x08, 0x41, 0x08, 0x41, 0x08, 0x41, 0x08, 0x41, 0x08, 0x41, 0x08, 0x41,
    0x08, 0x41, 0x08, 0x41, 0x08, 0x41, 0x08, 0x41, 0x08, 0x41, 0x08, 0x41, 0x08, 0x41, 0x08, 0x41,
    0x08, 0x41, 0x08, 0x41, 0x08, 0x41, 0x08, 0x41, 0x08, 0x41, 0x08, 0x41, 0x08, 0x41, 0x08, 0x41,
    0x08, 0x41, 0x08, 0x41, 0x08, 0x41, 0x08, 0x41, 0x08, 0x41, 0x08, 0x41, 0x08, 0x41, 0x08, 0x41,
    0x08, 0x41, 0x08, 0x41, 0x08, 0x41, 0x08, 0x41, 0x08, 0x41, 0x08, 0x41, 0x08, 0x41, 0x08, 0x41,
    0x08, 0x41, 0x08, 0x41, 0x08, 0x41, 0x08, 0x41, 0x08, 0x41, 0x08, 0x41, 0x08, 0x41, 0x08, 0x41,
    0x08, 0x41, 0x08, 0x41, 0x08, 0x41, 0x08, 0x41, 0x08, 0x41, 0x08, 0x41, 0x08, 0x41, 0x08, 0x41,
    0x08, 0x41, 0x08, 0x41, 0x08, 0x41, 0x08, 0x41, 0x08, 0x41, 0x08, 0x41, 0x08, 0x41, 0x08, 0x41,
    0x08, 0x41, 0x08, 0x41, 0x08, 0x41, 0x08, 0x41, 0x08, 0x41, 0x08, 0x41, 0x08, 0x41, 0x08, 0x41,
    0x08, 0x41, 0x08, 0x41, 0x08, 0x41, 0x08, 0x41, 0x08, 0x41, 0x08, 0x41, 0x08, 0x41, 0x08, 0x41,
    0x08, 0x41, 0x08, 0x41, 0x08, 0x41, 0x08, 0x41, 0x08, 0x41, 0x08, 0x41, 0x08, 0x41, 0x08, 0x41,
    0x08, 0x41, 0x08, 0x41, 0x08, 0x41, 0x08, 0x41, 0x08, 0x41, 0x08, 0x41, 0x08, 0x41, 0x08, 0x41,
    0x08, 0x41, 0x08, 0x41, 0x08, 0x41, 0x08, 0x41, 0x08, 0x41, 0x08, 0x41, 0x08, 0x41, 0x08, 0x41,
    0x08, 0x41, 0x08, 0x41, 0x08, 0x41, 0x08, 0x41, 0x08, 0x41, 0x08, 0x41, 0x08, 0x41, 0x08, 0x41,
    0x08, 0x41, 0x08, 0x41, 0x08, 0x41, 0x08, 0x41, 0x08, 0x41, 0x08, 0x41, 0x08, 0x41, 0x08, 0x41,
    0x08, 0x41, 0x08, 0x41, 0x08, 0x41, 0x08, 0x41, 0x08, 0x41, 0x08, 0x41, 0x08, 0x41, 0x08, 0x41,
    0x08, 0x41, 0x08, 0x41, 0x08, 0x41, 0x08, 0x41, 0x08, 0x41, 0x08, 0x41, 0x08, 0x41, 0x08, 0x41,
    0x08, 0x41, 0x08, 0x41, 0x08, 0x41, 0x08, 0x41, 0x08, 0x41, 0x08, 0x41, 0x08, 0x41, 0x08, 0x41,
    0x08, 0x41, 0x08, 0x41, 0x08, 0x41, 0x08, 0x41, 0x08, 0x41, 0x08, 0x41, 0x08, 0x41, 0x08, 0x41,
    0x08, 0x41, 0x08, 0x41, 0x08, 0x41, 0x08, 0x41, 0x08, 0x41, 0x08, 0x41, 0x08, 0x41, 0x08, 0x41,
    0x08, 0x41, 0x08, 0x41, 0x08, 0x41, 0x08, 0x41, 0x08, 0x41, 0x08, 0x41, 0x08, 0x41, 0x08, 0x41,
    0x08, 0x41, 0x08, 0x41, 0x08, 0x41, 0x08, 0x41, 0x08, 0x41, 0x08, 0x41, 0x08, 0x41, 0x08, 0x41,
    0x08, 0x41, 0x08, 0x41, 0x08, 0x41, 0x08, 0x41, 0x08, 0x41, 0x08, 0x41, 0x08, 0x41, 0x08, 0x41,
    0x08, 0x41, 0x08, 0x41, 0x08, 0x41, 0x08, 0x41, 0x08, 0x41, 0x08, 0x41, 0x08, 0x41, 0x08, 0x41,
    0x08, 0x41, 0x08, 0x41, 0x08, 0x41, 0x08, 0x41, 0x08, 0x41, 0x08, 0x41, 0x08, 0x41, 0x08, 0x41,
    0x08, 0x41, 0x08, 0x41, 0x08, 0x41, 0x08, 0x41, 0x08, 0x41, 0x08, 0x41, 0x08, 0x41, 0x08, 0x41,
    0x08, 0x41, 0x08, 0x41, 0x08, 0x41, 0x08, 0x41, 0x08, 0x41, 0x08, 0x41, 0x08, 0x41, 0x08, 0x41,
    0x08, 0x41, 0x08, 0x41, 0x08, 0x41, 0x08, 0x41, 0x08, 0x41, 0x08, 0x41, 0x08, 0x41, 0x08, 0x41,
    0x08, 0x41, 0x08, 0x41, 0x08, 0x41, 0x08, 0x41, 0x08, 0x41, 0x08, 0x41, 0x08, 0x41, 0x08, 0x41,
    0x08, 0x41, 0x08, 0x41, 0x08, 0x41, 0x08, 0x41, 0x08, 0x41, 0x08, 0x41, 0x08, 0x41, 0x08, 0x41,
    0x08, 0x41, 0x08, 0x41, 0x08, 0x41, 0x08, 0x41, 0x08, 0x41, 0x08, 0x41, 0x08, 0x41, 0x08, 0x41,
    0x08, 0x41, 0x08, 0x41, 0x08, 0x41, 0x08, 0x41, 0x08, 0x41, 0x08, 0x41, 0x08, 0x41, 0x08, 0x41,
    0x08, 0x41, 0x08, 0x41, 0x08, 0x41, 0x08, 0x41, 0x08, 0x41, 0x08, 0x41, 0x08, 0x41, 0x08, 0x41,
    0x08, 0x41, 0x08, 0x41, 0x08, 0x41, 0x08, 0x41, 0x08, 0x41, 0x08, 0x41, 0x08, 0x41, 0x08, 0x41,
    0x08, 0x41, 0x08, 0x41, 0x08, 0x41, 0x08, 0x41, 0x08, 0x41, 0x08, 0x41, 0x08, 0x41, 0x08, 0x41,
    0x08, 0x41, 0x08, 0x41, 0x08, 0x41, 0x08, 0x41, 0x08, 0x41, 0x08, 0x41, 0x08, 0x41, 0x08, 0x41,
    0x08, 0x41, 0x08, 0x41, 0x08, 0x41, 0x08, 0x41, 0x08, 0x41, 0x08, 0x41, 0x08, 0x41, 0x08, 0x41,
    0x08, 0x41, 0x08, 0x41, 0x08, 0x41, 0x08, 0x41, 0x08, 0x41, 0x08, 0x41, 0x08, 0x41, 0x08, 0x41,
    0x08, 0x41, 0x08, 0x41, 0x08, 0x41, 0x08, 0x41, 0x08, 0x41, 0x08, 0x41, 0x08, 0x41, 0x08, 0x41,
    0x08, 0x41, 0x08, 0x41, 0x08, 0x41, 0x08, 0x41, 0x08, 0x41, 0x08, 0x41, 0x08, 0x41, 0x08, 0x41,
    0x08, 0x41, 0x08, 0x41, 0x08, 0x41, 0x08, 0x41, 0x08, 0x41, 0x08, 0x41, 0x08, 0x41, 0x08, 0x41,
    0x08, 0x41, 0x08, 0x41, 0x08, 0x41, 0x08, 0x41, 0x08, 0x41, 0x08, 0x41, 0x08, 0x41, 0x08, 0x41,
    0x08, 0x41, 0x08, 0x41, 0x08, 0x41, 0x08, 0x41, 0x08, 0x41, 0x08, 0x41, 0x08, 0x41, 0x08, 0x41,
    0x08, 0x41, 0x08, 0x41, 0x08, 0x41, 0x08, 0x41, 0x08, 0x41, 0x08, 0x41, 0x08, 0x41, 0x08, 0x41,
    0x08, 0x41, 0x08, 0x41, 0x08, 0x41, 0x08, 0x41, 0x08, 0x41, 0x08, 0x41, 0x08, 0x41, 0x08, 0x41,
    0x08, 0x41, 0x08, 0x41, 0x08, 0x41, 0x08, 0x41, 0x08, 0x41, 0x08, 0x41, 0x08, 0x41, 0x08, 0x41,
    0x08, 0x41, 0x08, 0x41, 0x08, 0x41, 0x08, 0x41, 0x08, 0x41, 0x08, 0x41, 0x08, 0x41, 0x08, 0x41,
    0x08, 0x41, 0x08, 0x41, 0x08, 0x41, 0x08, 0x41, 0x08, 0x41, 0x08, 0x41, 0x08, 0x41, 0x08, 0x41,
    0x08, 0x41, 0x08, 0x41, 0x08, 0x41, 0x08, 0x41, 0x08, 0x41, 0x08, 0x41, 0x08, 0x41, 0x08, 0x41,
    0x08, 0x41, 0x08, 0x41, 0x08, 0x41, 0x08, 0x41, 0x08, 0x41, 0x08, 0x41, 0x08, 0x41, 0x08, 0x41,
    0x08, 0x41, 0x08, 0x41, 0x08, 0x41, 0x08, 0x41, 0x08, 0x41, 0x08, 0x41, 0x08, 0x41, 0x08, 0x41,
    0x08, 0x41, 0x08, 0x41, 0x08, 0x41, 0x08, 0x41, 0x08, 0x41, 0x08, 0x41, 0x08, 0x41, 0x08, 0x41,
    0x08, 0x41, 0x08, 0x41, 0x08, 0x41, 0x08, 0x41, 0x08, 0x41, 0x08, 0x41, 0x08, 0x41, 0x08, 0x41,
    0x08, 0x41, 0x08, 0x41, 0x08, 0x41, 0x08, 0x41, 0x08, 0x41, 0x08, 0x41, 0x08, 0x41, 0x08, 0x41,
    0x08, 0x41, 0x08, 0x41, 0x08, 0x41, 0x08, 0x41, 0x08, 0x41, 0x08, 0x41, 0x08, 0x41, 0x08, 0x41,
    0x08, 0x41, 0x08, 0x41, 0x08, 0x41, 0x08, 0x41, 0x08, 0x41, 0x08, 0x41, 0x08, 0x41, 0x08, 0x41,
    0x08, 0x41, 0x08, 0x41, 0x08, 0x41, 0x08, 0x41, 0x08, 0x41, 0x08, 0x41, 0x08, 0x41, 0x08, 0x41,
    0x08, 0x41, 0x08, 0x41, 0x08, 0x41, 0x08, 0x41, 0x08, 0x41, 0x08, 0x41, 0x08, 0x41, 0x08, 0x41,
    0x08, 0x41, 0x08, 0x41, 0x08, 0x41, 0x08, 0x41, 0x08, 0x41, 0x08, 0x41, 0x08, 0x41, 0x08, 0x41,
    0x08, 0x41, 0x08, 0x41, 0x08, 0x41, 0x08, 0x41, 0x08, 0x41, 0x08, 0x41, 0x08, 0x41, 0x08, 0x41,
    0x08, 0x41, 0x08, 0x41, 0x08, 0x41, 0x08, 0x41, 0x08, 0x41, 0x08, 0x41, 0x08, 0x41, 0x08, 0x41,
    0x08, 0x41, 0x08, 0x41, 0x08, 0x41, 0x08, 0x41, 0x08, 0x41, 0x08, 0x41, 0x08, 0x41, 0x08, 0x41,
    0x08, 0x41, 0x08, 0x41, 0x08, 0x41, 0x08, 0x41, 0x08, 0x41, 0x08, 0x41, 0x08, 0x41, 0x08, 0x41,
    0x08, 0x41, 0x08, 0x41, 0x08, 0x41, 0x08, 0x41, 0x08, 0x41, 0x08, 0x41, 0x08, 0x41, 0x08, 0x41,
    0x08, 0x41, 0x08, 0x41, 0x08, 0x41, 0x08, 0x41, 0x08, 0x41, 0x08, 0x41, 0x08, 0x41, 0x08, 0x41,
    0x08, 0x41, 0x08, 0x41, 0x08, 0x41, 0x08, 0x41, 0x08, 0x41, 0x08, 0x41, 0x08, 0x41, 0x08, 0x41,
    0x08, 0x41, 0x08, 0x41, 0x08, 0x41, 0x08, 0x41, 0x08, 0x41, 0x08, 0x41, 0x08, 0x41, 0x08, 0x41,
    0x08, 0x41, 0x08, 0x41, 0x08, 0x41, 0x08, 0x41, 0x08, 0x41, 0x08, 0x41, 0x08, 0x41, 0x08, 0x41,
    0x08, 0x41, 0x08, 0x41, 0x08, 0x41, 0x08, 0x41, 0x08, 0x41, 0x08, 0x41, 0x08, 0x41, 0x08, 0x41,
    0x08, 0x41, 0x08, 0x41, 0x08, 0x41, 0x08, 0x41, 0x08, 0x41, 0x08, 0x41, 0x08, 0x41, 0x08, 0x41,
    0x08, 0x41, 0x08, 0x41, 0x08, 0x41, 0x08, 0x41, 0x08, 0x41, 0x08, 0x41, 0x08, 0x41, 0x08, 0x41,
    0x08, 0x41, 0x08, 0x41, 0x08, 0x41, 0x08, 0x41, 0x08, 0x41, 0x08, 0x41, 0x08, 0x41, 0x08, 0x41,
    0x08, 0x41, 0x08, 0x41, 0x08, 0x41, 0x08, 0x41, 0x08, 0x41, 0x08, 0x41, 0x08, 0x41, 0x08, 0x41,
    0x08, 0x41, 0x08, 0x41, 0x08, 0x41, 0x08, 0x41, 0x08, 0x41, 0x08, 0x41, 0x08, 0x41, 0x08, 0x41,
    0x08, 0x41, 0x08, 0x41, 0x08, 0x41, 0x08, 0x41, 0x08, 0x41, 0x08, 0x41, 0x08, 0x41, 0x08, 0x41,
    0x08, 0x41, 0x08, 0x41, 0x08, 0x41, 0x08, 0x41, 0x08, 0x41, 0x08, 0x41, 0x08, 0x41, 0x08, 0x41,
    0x08, 0x41, 0x08, 0x41, 0x08, 0x41, 0x08, 0x41, 0x08, 0x41, 0x08, 0x41, 0x08, 0x41, 0x08, 0x41,
    0x08, 0x41, 0x08, 0x41, 0x08, 0x41, 0x08, 0x41, 0x08, 0x41, 0x08, 0x41, 0x08, 0x41, 0x08, 0x41,
    0x08, 0x41, 0x08, 0x41, 0x08, 0x41, 0x08, 0x41, 0x08, 0x41, 0x08, 0x41, 0x08, 0x41, 0x08, 0x41,
    0x08, 0x41, 0x08, 0x41, 0x08, 0x41, 0x08, 0x41, 0x08, 0x41, 0x08, 0x41, 0x08, 0x41, 0x08, 0x41,
    0x08, 0x41, 0x08, 0x41, 0x08, 0x41, 0x08, 0x41, 0x08, 0x41, 0x08, 0x41, 0x08, 0x41, 0x08, 0x41,
    0x08, 0x41, 0x08, 0x41, 0x08, 0x41, 0x08, 0x41, 0x08, 0x41, 0x08, 0x41, 0x08, 0x41, 0x08, 0x41,
    0x08, 0x41, 0x08, 0x41, 0x08, 0x41, 0x08, 0x41, 0x08, 0x41, 0x08, 0x41, 0x08, 0x41, 0x08, 0x41,
    0x08, 0x41, 0x08, 0x41, 0x08, 0x41, 0x08, 0x41, 0x08, 0x41, 0x08, 0x41, 0x08, 0x41, 0x08, 0x41,
    0x08, 0x41, 0x08, 0x41, 0x08, 0x41, 0x08, 0x41, 0x08, 0x41, 0x08, 0x41, 0x08, 0x41, 0x08, 0x41,
    0x08, 0x41, 0x08, 0x41, 0x08, 0x41, 0x08, 0x41, 0x08, 0x41, 0x08, 0x41, 0x08, 0x41, 0x08, 0x41,
    0x08, 0x41, 0x08, 0x41, 0x08, 0x41, 0x08, 0x41, 0x08, 0x41, 0x08, 0x41, 0x08, 0x41, 0x08, 0x41,
    0x08, 0x41, 0x08, 0x41, 0x08, 0x41, 0x08, 0x41, 0x08, 0x41, 0x08, 0x41, 0x08, 0x41, 0x08, 0x41,
    0x08, 0x41, 0x08, 0x41, 0x08, 0x41, 0x08, 0x41, 0x08, 0x41, 0x08, 0x41, 0x08, 0x41, 0x08, 0x41,
    0x08, 0x41, 0x08, 0x41, 0x08, 0x41, 0x08, 0x41, 0x08, 0x41, 0x08, 0x41, 0x08, 0x41, 0x08, 0x41,
    0x08, 0x41, 0x08, 0x41, 0x08, 0x41, 0x08, 0x41, 0x08, 0x41, 0x08, 0x41, 0x08, 0x41, 0x08, 0x41,
    0x08, 0x41, 0x08, 0x41, 0x08, 0x41, 0x08, 0x41, 0x08, 0x41, 0x08, 0x41, 0x08, 0x41, 0x08, 0x41,
    0x08, 0x41, 0x08, 0x41, 0x08, 0x41, 0x08, 0x41, 0x08, 0x41, 0x08, 0x41, 0x08, 0x41, 0x08, 0x41,
    0x08, 0x41, 0x08, 0x41, 0x08, 0x41, 0x08, 0x41, 0x08, 0x41, 0x08, 0x41, 0x08, 0x41, 0x08, 0x41,
    0x08, 0x41, 0x08, 0x41, 0x08, 0x41, 0x08, 0x41, 0x08, 0x41, 0x08, 0x41, 0x08, 0x41, 0x08, 0x41,
    0x08, 0x41, 0x08, 0x41, 0x08, 0x41, 0x08, 0x41, 0x08, 0x41, 0x08, 0x41, 0x08, 0x41, 0x08, 0x41,
    0x08, 0x41, 0x08, 0x41, 0x08, 0x41, 0x08, 0x41, 0x08, 0x41, 0x08, 0x41, 0x08, 0x41, 0x08, 0x41,
    0x08, 0x41, 0x08, 0x41, 0x08, 0x41, 0x08, 0x41, 0x08, 0x41, 0x08, 0x41, 0x08, 0x41, 0x08, 0x41,
    0x08, 0x41, 0x08, 0x41, 0x08, 0x41, 0x08, 0x41, 0x08, 0x41, 0x08, 0x41, 0x08, 0x41, 0x08, 0x41,
    0x08, 0x41, 0x08, 0x41, 0x08, 0x41, 0x08, 0x41, 0x08, 0x41, 0x08, 0x41, 0x08, 0x41, 0x08, 0x41,
    0x08, 0x41, 0x08, 0x41, 0x08, 0x41, 0x08, 0x41, 0x08, 0x41, 0x08, 0x41, 0x08, 0x41, 0x08, 0x41,
    0x08, 0x41, 0x08, 0x41, 0x08, 0x41, 0x08, 0x41, 0x08, 0x41, 0x08, 0x41, 0x08, 0x41, 0x08, 0x41,
    0x08, 0x41, 0x08, 0x41, 0x08, 0x41, 0x08, 0x41, 0x08, 0x41, 0x08, 0x41, 0x08, 0x41, 0x08, 0x41,
    0x08, 0x41, 0x08, 0x41, 0x08, 0x41, 0x08, 0x41, 0x08, 0x41, 0x08, 0x41, 0x08, 0x41, 0x08, 0x41,
    0x08, 0x41, 0x08, 0x41, 0x08, 0x41, 0x08, 0x41, 0x08, 0x41, 0x08, 0x41, 0x08, 0x41, 0x08, 0x41,
    0x08, 0x41, 0x08, 0x41, 0x08, 0x41, 0x08, 0x41, 0x08, 0x41, 0x08, 0x41, 0x08, 0x41, 0x08, 0x41,
    0x08, 0x41, 0x08, 0x41, 0x08, 0x41, 0x08, 0x41, 0x08, 0x41, 0x08, 0x41, 0x08, 0x41, 0x08, 0x41,
    0x08, 0x41, 0x08, 0x41, 0x08, 0x41, 0x08, 0x41, 0x08, 0x41, 0x08, 0x41, 0x08, 0x41, 0x08, 0x41,
    0x08, 0x41, 0x08, 0x41, 0x08, 0x41, 0x08, 0x41, 0x08, 0x41, 0x08, 0x41, 0x08, 0x41, 0x08, 0x41,
    0x08, 0x41, 0x08, 0x41, 0x08, 0x41, 0x08, 0x41, 0x08, 0x41, 0x08, 0x41, 0x08, 0x41, 0x08, 0x41,
    0x08, 0x41, 0x08, 0x41, 0x08, 0x41, 0x08, 0x41, 0x08, 0x41, 0x08, 0x41, 0x08, 0x41, 0x08, 0x41,
    0x08, 0x41, 0x08, 0x41, 0x08, 0x41, 0x08, 0x41, 0x08, 0x41, 0x08, 0x41, 0x08, 0x41, 0x08, 0x41,
    0x08, 0x41, 0x08, 0x41, 0x08, 0x41, 0x08, 0x41, 0x08, 0x41, 0x08, 0x41, 0x08, 0x41, 0x08, 0x41,
    0x08, 0x41, 0x08, 0x41, 0x08, 0x41, 0x08, 0x41, 0x08, 0x41, 0x08, 0x41, 0x08, 0x41, 0x08, 0x41,
    0x08, 0x41, 0x08, 0x41, 0x08, 0x41, 0x08, 0x41, 0x08, 0x41, 0x08, 0x41, 0x08, 0x41, 0x08, 0x41,
    0x08, 0x41, 0x08, 0x41, 0x08, 0x41, 0x08, 0x41, 0x08, 0x41, 0x08, 0x41, 0x08, 0x41, 0x08, 0x41,
    0x08, 0x41, 0x08, 0x41, 0x08, 0x41, 0x08, 0x41, 0x08, 0x41, 0x08, 0x41, 0x08, 0x41, 0x08, 0x41,
    0x08, 0x41, 0x08, 0x41, 0x08, 0x41, 0x08, 0x41, 0x08, 0x41, 0x08, 0x41, 0x08, 0x41, 0x08, 0x41,
    0x08, 0x41, 0x08, 0x41, 0x08, 0x41, 0x08, 0x41, 0x08, 0x41, 0x08, 0x41, 0x08, 0x41, 0x08, 0x41,
    0x08, 0x41, 0x08, 0x41, 0x08, 0x41, 0x08, 0x41, 0x08, 0x41, 0x08, 0x41, 0x08, 0x41, 0x08, 0x41,
    0x08, 0x41, 0x08, 0x41, 0x08, 0x41, 0x08, 0x41, 0x08, 0x41, 0x08, 0x41, 0x08, 0x41, 0x08, 0x41,
    0x08, 0x41, 0x08, 0x41, 0x08, 0x41, 0x08, 0x41, 0x08, 0x41, 0x08, 0x41, 0x08, 0x41, 0x08, 0x41,
    0x08, 0x41, 0x08, 0x41, 0x08, 0x41, 0x08, 0x41, 0x08, 0x41, 0x08, 0x41, 0x08, 0x41, 0x08, 0x41,
    0x08, 0x41, 0x08, 0x41, 0x08, 0x41, 0x08, 0x41, 0x08, 0x41, 0x08, 0x41, 0x08, 0x41, 0x08, 0x41,
    0x08, 0x41, 0x08, 0x41, 0x08, 0x41, 0x08, 0x41, 0x08, 0x41, 0x08, 0x41, 0x08, 0x41, 0x08, 0x41,
    0x08, 0x41, 0x08, 0x41, 0x08, 0x41, 0x08, 0x41, 0x08, 0x41, 0x08, 0x41, 0x08, 0x41, 0x08, 0x41,
    0x08, 0x41, 0x08, 0x41, 0x08, 0x41, 0x08, 0x41, 0x08, 0x41, 0x08, 0x41, 0x08, 0x41, 0x08, 0x41,
    0x08, 0x41, 0x08, 0x41, 0x08, 0x41, 0x08, 0x41, 0x08, 0x41, 0x08, 0x41, 0x08, 0x41, 0x08, 0x41,
    0x08, 0x41, 0x08, 0x41, 0x08, 0x41, 0x08, 0x41, 0x08, 0x41, 0x08, 0x41, 0x08, 0x41, 0x08, 0x41,
    0x08, 0x41, 0x08, 0x41, 0x08, 0x41, 0x08, 0x41, 0x08, 0x41, 0x08, 0x41, 0x08, 0x41, 0x08, 0x41,
    0x08, 0x41, 0x08, 0x41, 0x08, 0x41, 0x08, 0x41, 0x08, 0x41, 0x08, 0x41, 0x08, 0x41, 0x08, 0x41,
    0x08, 0x41, 0x08, 0x41, 0x08, 0x41, 0x08, 0x41, 0x08, 0x41, 0x08, 0x41, 0x08, 0x41, 0x08, 0x41,
    0x08, 0x41, 0x08, 0x41, 0x08, 0x41, 0x08, 0x41, 0x08, 0x41, 0x08, 0x41, 0x08, 0x41, 0x08, 0x41,
    0x08, 0x41, 0x08, 0x41, 0x08, 0x41, 0x08, 0x41, 0x08, 0x41, 0x08, 0x41, 0x08, 0x41, 0x08, 0x41,
    0x08, 0x41, 0x08, 0x41, 0x08, 0x41, 0x08, 0x41, 0x08, 0x41, 0x08, 0x41, 0x08, 0x41, 0x08, 0x41,
    0x08, 0x41, 0x08, 0x41, 0x08, 0x41, 0x08, 0x41, 0x08, 0x41, 0x08, 0x41, 0x08, 0x41, 0x08, 0x41,
    0x08, 0x41, 0x08, 0x41, 0x08, 0x41, 0x08, 0x41, 0x08, 0x41, 0x08, 0x41, 0x08, 0x41, 0x08, 0x41,
    0x08, 0x41, 0x08, 0x41, 0x08, 0x41, 0x08, 0x41, 0x08, 0x41, 0x08, 0x41, 0x08, 0x41, 0x08, 0x41,
    0x08, 0x41, 0x08, 0x41, 0x08, 0x41, 0x08, 0x41, 0x08, 0x41, 0x08, 0x41, 0x08, 0x41, 0x08, 0x41,
    0x08, 0x41, 0x08, 0x41, 0x08, 0x41, 0x08, 0x41, 0x08, 0x41, 0x08, 0x41, 0x08, 0x41, 0x08, 0x41,
    0x08, 0x41, 0x08, 0x41, 0x08, 0x41, 0x08, 0x41, 0x08, 0x41, 0x08, 0x41, 0x08, 0x41, 0x08, 0x41,
    0x08, 0x41, 0x08, 0x41, 0x08, 0x41, 0x08, 0x41, 0x08, 0x41, 0x08, 0x41, 0x08, 0x41, 0x08, 0x41,
    0x08, 0x41, 0x08, 0x41, 0x08, 0x41, 0x08, 0x41, 0x08, 0x41, 0x08, 0x41, 0x08, 0x41, 0x08, 0x41,
    0x08, 0x41, 0x08, 0x41, 0x08, 0x41, 0x08, 0x41, 0x08, 0x41, 0x08, 0x41, 0x08, 0x41, 0x08, 0x41,
    0x08, 0x41, 0x08, 0x41, 0x08, 0x41, 0x08, 0x41, 0x08, 0x41, 0x08, 0x41, 0x08, 0x41, 0x08, 0x41,
    0x08, 0x41, 0x08, 0x41, 0x08, 0x41, 0x08, 0x41, 0x08, 0x41, 0x08, 0x41, 0x08, 0x41, 0x08, 0x41,
    0x08, 0x41, 0x08, 0x41, 0x08, 0x41, 0x08, 0x41, 0x08, 0x41, 0x08, 0x41, 0x08, 0x41, 0x08, 0x41,
    0x08, 0x41, 0x08, 0x41, 0x08, 0x41, 0x08, 0x41, 0x08, 0x41, 0x08, 0x41, 0x08, 0x41, 0x08, 0x41,
    0x08, 0x41, 0x08, 0x41, 0x08, 0x41, 0x08, 0x41, 0x08, 0x41, 0x08, 0x41, 0x08, 0x41, 0x08, 0x41,
    0x08, 0x41, 0x08, 0x41, 0x08, 0x41, 0x08, 0x41, 0x08, 0x41, 0x08, 0x41, 0x08, 0x41, 0x08, 0x41,
    0x08, 0x41, 0x08, 0x41, 0x08, 0x41, 0x08, 0x41, 0x08, 0x41, 0x08, 0x41, 0x08, 0x41, 0x08, 0x41,
    0x08, 0x41, 0x08, 0x41, 0x08, 0x41, 0x08, 0x41, 0x08, 0x41, 0x08, 0x41, 0x08, 0x41, 0x08, 0x41,
    0x08, 0x41, 0x08, 0x41, 0x08, 0x41, 0x08, 0x41, 0x08, 0x41, 0x08, 0x41, 0x08, 0x41, 0x08, 0x41,
    0x08, 0x41, 0x08, 0x41, 0x08, 0x41, 0x08, 0x41, 0x08, 0x41, 0x08, 0x41, 0x08, 0x41, 0x08, 0x41,
    0x08, 0x41, 0x08, 0x41, 0x08, 0x41, 0x08, 0x41, 0x08, 0x41, 0x08, 0x41, 0x08, 0x41, 0x08, 0x41,
    0x08, 0x41, 0x08, 0x41, 0x08, 0x41, 0x08, 0x41, 0x08, 0x41, 0x08, 0x41, 0x08, 0x41, 0x08, 0x41,
    0x08, 0x41, 0x08, 0x41, 0x08, 0x41, 0x08, 0x41, 0x08, 0x41, 0x08, 0x41, 0x08, 0x41, 0x08, 0x41,
    0x08, 0x41, 0x08, 0x41, 0x08, 0x41, 0x08, 0x41, 0x08, 0x41, 0x08, 0x41, 0x08, 0x41, 0x08, 0x41,
    0x08, 0x41, 0x08, 0x41, 0x08, 0x41, 0x08, 0x41, 0x08, 0x41, 0x08, 0x41, 0x08, 0x41, 0x08, 0x41,
    0x08, 0x41, 0x08, 0x41, 0x08, 0x41, 0x08, 0x41, 0x08, 0x41, 0x08, 0x41, 0x08, 0x41, 0x08, 0x41,
    0x08, 0x41, 0x08, 0x41, 0x08, 0x41, 0x08, 0x41, 0x08, 0x41, 0x08, 0x41, 0x08, 0x41, 0x08, 0x41,
    0x08, 0x41, 0x08, 0x41, 0x08, 0x41, 0x08, 0x41, 0x08, 0x41, 0x08, 0x41, 0x08, 0x41, 0x08, 0x41,
    0x08, 0x41, 0x08, 0x41, 0x08, 0x41, 0x08, 0x41, 0x08, 0x41, 0x08, 0x41, 0x08, 0x41, 0x08, 0x41,
    0x08, 0x41, 0x08, 0x41, 0x08, 0x41, 0x08, 0x41, 0x08, 0x41, 0x08, 0x41, 0x08, 0x41, 0x08, 0x41,
    0xaf, 0xec, 0xaf, 0xec, 0xaf, 0xec, 0xaf, 0xec, 0xaf, 0xec, 0xaf, 0xec, 0xaf, 0xec, 0xaf, 0xec,
    0xaf, 0xec, 0xaf, 0xec, 0xaf, 0xec, 0xaf, 0xec, 0xaf, 0xec, 0xaf, 0xec, 0xaf, 0xec, 0xaf, 0xec,
    0xaf, 0xec, 0xaf, 0xec, 0xaf, 0xec, 0xaf, 0xec, 0xaf, 0xec, 0xaf, 0xec, 0xaf, 0xec, 0xaf, 0xec,
    0xaf, 0xec, 0xaf, 0xec, 0xaf, 0xec, 0xaf, 0xec, 0xaf, 0xec, 0xaf, 0xec, 0xaf, 0xec, 0xaf, 0xec,
    0xaf, 0xec, 0xaf, 0xec, 0xaf, 0xec, 0xaf, 0xec, 0xaf, 0xec, 0xaf, 0xec, 0xaf, 0xec, 0xaf, 0xec,
    0xaf, 0xec, 0xaf, 0xec, 0xaf, 0xec, 0xaf, 0xec, 0xaf, 0xec, 0xaf, 0xec, 0xaf, 0xec, 0xaf, 0xec,
    0xaf, 0xec, 0xaf, 0xec, 0xaf, 0xec, 0xaf, 0xec, 0xaf, 0xec, 0xaf, 0xec, 0xaf, 0xec, 0xaf, 0xec,
    0xaf, 0xec, 0xaf, 0xec, 0xaf, 0xec, 0xaf, 0xec, 0xaf, 0xec, 0xaf, 0xec, 0xaf, 0xec, 0xaf, 0xec,
    0xaf, 0xec, 0xaf, 0xec, 0xaf, 0xec, 0xaf, 0xec, 0xaf, 0xec, 0xaf, 0xec, 0xaf, 0xec, 0xaf, 0xec,
    0xaf, 0xec, 0xaf, 0xec, 0xaf, 0xec, 0xaf, 0xec, 0xaf, 0xec, 0xaf, 0xec, 0xaf, 0xec, 0xaf, 0xec,
    0xaf, 0xec, 0xaf, 0xec, 0xaf, 0xec, 0xaf, 0xec, 0xaf, 0xec, 0xaf, 0xec, 0xaf, 0xec, 0xaf, 0xec,
    0xaf, 0xec, 0xaf, 0xec, 0xaf, 0xec, 0xaf, 0xec, 0xaf, 0xec, 0xaf, 0xec, 0xaf, 0xec, 0xaf, 0xec,
    0xaf, 0xec, 0xaf, 0xec, 0xaf, 0xec, 0xaf, 0xec, 0xaf, 0xec, 0xaf, 0xec, 0xaf, 0xec, 0xaf, 0xec,
    0xaf, 0xec, 0xaf, 0xec, 0xaf, 0xec, 0xaf, 0xec, 0xaf, 0xec, 0xaf, 0xec, 0xaf, 0xec, 0xaf, 0xec,
    0xaf, 0xec, 0xaf, 0xec, 0xaf, 0xec, 0xaf, 0xec, 0xaf, 0xec, 0xaf, 0xec, 0xaf, 0xec, 0xaf, 0xec,
    0xaf, 0xec, 0xaf, 0xec, 0xaf, 0xec, 0xaf, 0xec, 0xaf, 0xec, 0xaf, 0xec, 0xaf, 0xec, 0xaf, 0xec,
    0xaf, 0xec, 0xaf, 0xec, 0xaf, 0xec, 0xaf, 0xec, 0xaf, 0xec, 0xaf, 0xec, 0xaf, 0xec, 0xaf, 0xec,
    0xaf, 0xec, 0xaf, 0xec, 0xaf, 0xec, 0xaf, 0xec, 0xaf, 0xec, 0xaf, 0xec, 0xaf, 0xec, 0xaf, 0xec,
    0xaf, 0xec, 0xaf, 0xec, 0xaf, 0xec, 0xaf, 0xec, 0xaf, 0xec, 0xaf, 0xec, 0xaf, 0xec, 0xaf, 0xec,
    0xaf, 0xec, 0xaf, 0xec, 0xaf, 0xec, 0xaf, 0xec, 0xaf, 0xec, 0xaf, 0xec, 0xaf, 0xec, 0xaf, 0xec,
    0xaf, 0xec, 0xaf, 0xec, 0xaf, 0xec, 0xaf, 0xec, 0xaf, 0xec, 0xaf, 0xec, 0xaf, 0xec, 0xaf, 0xec,
    0xaf, 0xec, 0xaf, 0xec, 0xaf, 0xec, 0xaf, 0xec, 0xaf, 0xec, 0xaf, 0xec, 0xaf, 0xec, 0xaf, 0xec,
    0xaf, 0xec, 0xaf, 0xec, 0xaf, 0xec, 0xaf, 0xec, 0xaf, 0xec, 0xaf, 0xec, 0xaf, 0xec, 0xaf, 0xec,
    0xaf, 0xec, 0xaf, 0xec, 0xaf, 0xec, 0xaf, 0xec, 0xaf, 0xec, 0xaf, 0xec, 0xaf, 0xec, 0xaf, 0xec,
    0xaf, 0xec, 0xaf, 0xec, 0xaf, 0xec, 0xaf, 0xec, 0xaf, 0xec, 0xaf, 0xec, 0xaf, 0xec, 0xaf, 0xec,
    0xaf, 0xec, 0xaf, 0xec, 0xaf, 0xec, 0xaf, 0xec, 0xaf, 0xec, 0xaf, 0xec, 0xaf, 0xec, 0xaf, 0xec,
    0x08, 0x41, 0x08, 0x41, 0x08, 0x41, 0x08, 0x41, 0x08, 0x41, 0x08, 0x41, 0x08, 0x41, 0x08, 0x41,
    0x08, 0x41, 0x08, 0x41, 0x08, 0x41, 0x08, 0x41, 0x08, 0x41, 0x08, 0x41, 0x08, 0x41, 0x08, 0x41,
    0x08, 0x41, 0x08, 0x41, 0x08, 0x41, 0x08, 0x41, 0x08, 0x41, 0x08, 0x41, 0x08, 0x41, 0x08, 0x41,
    0x08, 0x41, 0x08, 0x41, 0x08, 0x41, 0x08, 0x41, 0x08, 0x41, 0x08, 0x41, 0x08, 0x41, 0x08, 0x41,
    0xaf, 0xec, 0xaf, 0xec, 0xaf, 0xec, 0xaf, 0xec, 0xaf, 0xec, 0xaf, 0xec, 0xaf, 0xec, 0xaf, 0xec,
    0xaf, 0xec, 0xaf, 0xec, 0xaf, 0xec, 0xaf, 0xec, 0xaf, 0xec, 0xaf, 0xec, 0xaf, 0xec, 0xaf, 0xec,
    0xaf, 0xec, 0xaf, 0xec, 0xaf, 0xec, 0xaf, 0xec, 0xaf, 0xec, 0xaf, 0xec, 0xaf, 0xec, 0xaf, 0xec,
    0xaf, 0xec, 0xaf, 0xec, 0xaf, 0xec, 0xaf, 0xec, 0xaf, 0xec, 0xaf, 0xec, 0xaf, 0xec, 0xaf, 0xec,
    0xaf, 0xec, 0xaf, 0xec, 0xaf, 0xec, 0xaf, 0xec, 0xaf, 0xec, 0xaf, 0xec, 0xaf, 0xec, 0xaf, 0xec,
    0xaf, 0xec, 0xaf, 0xec, 0xaf, 0xec, 0xaf, 0xec, 0xaf, 0xec, 0xaf, 0xec, 0xaf, 0xec, 0xaf, 0xec,
    0xaf, 0xec, 0xaf, 0xec, 0xaf, 0xec, 0xaf, 0xec, 0xaf, 0xec, 0xaf, 0xec, 0xaf, 0xec, 0xaf, 0xec,
    0xaf, 0xec, 0xaf, 0xec, 0xaf, 0xec, 0xaf, 0xec, 0xaf, 0xec, 0xaf, 0xec, 0xaf, 0xec, 0xaf, 0xec,
    0xaf, 0xec, 0xaf, 0xec, 0xaf, 0xec, 0xaf, 0xec, 0xaf, 0xec, 0xaf, 0xec, 0xaf, 0xec, 0xaf, 0xec,
    0xaf, 0xec, 0xaf, 0xec, 0xaf, 0xec, 0xaf, 0xec, 0xaf, 0xec, 0xaf, 0xec, 0xaf, 0xec, 0xaf, 0xec,
    0xaf, 0xec, 0xaf, 0xec, 0xaf, 0xec, 0xaf, 0xec, 0xaf, 0xec, 0xaf, 0xec, 0xaf, 0xec, 0xaf, 0xec,
    0xaf, 0xec, 0xaf, 0xec, 0xaf, 0xec, 0xaf, 0xec, 0xaf, 0xec, 0xaf, 0xec, 0xaf, 0xec, 0xaf, 0xec,
    0xaf, 0xec, 0xaf, 0xec, 0xaf, 0xec, 0xaf, 0xec, 0xaf, 0xec, 0xaf, 0xec, 0xaf, 0xec, 0xaf, 0xec,
    0xaf, 0xec, 0xaf, 0xec, 0xaf, 0xec, 0xaf, 0xec, 0xaf, 0xec, 0xaf, 0xec, 0xaf, 0xec, 0xaf, 0xec,
    0xaf, 0xec, 0xaf, 0xec, 0xaf, 0xec, 0xaf, 0xec, 0xaf, 0xec, 0xaf, 0xec, 0xaf, 0xec, 0xaf, 0xec,
    0xaf, 0xec, 0xaf, 0xec, 0xaf, 0xec, 0xaf, 0xec, 0xaf, 0xec, 0xaf, 0xec, 0xaf, 0xec, 0xaf, 0xec,
    0xaf, 0xec, 0xaf, 0xec, 0xaf, 0xec, 0xaf, 0xec, 0xaf, 0xec, 0xaf, 0xec, 0xaf, 0xec, 0xaf, 0xec,
    0xaf, 0xec, 0xaf, 0xec, 0xaf, 0xec, 0xaf, 0xec, 0xaf, 0xec, 0xaf, 0xec, 0xaf, 0xec, 0xaf, 0xec,
    0xaf, 0xec, 0xaf, 0xec, 0xaf, 0xec, 0xaf, 0xec, 0xaf, 0xec, 0xaf, 0xec, 0xaf, 0xec, 0xaf, 0xec,
    0xaf, 0xec, 0xaf, 0xec, 0xaf, 0xec, 0xaf, 0xec, 0xaf, 0xec, 0xaf, 0xec, 0xaf, 0xec, 0xaf, 0xec,
    0xaf, 0xec, 0xaf, 0xec, 0xaf, 0xec, 0xaf, 0xec, 0xaf, 0xec, 0xaf, 0xec, 0xaf, 0xec, 0xaf, 0xec,
    0xaf, 0xec, 0xaf, 0xec, 0xaf, 0xec, 0xaf, 0xec, 0xaf, 0xec, 0xaf, 0xec, 0xaf, 0xec, 0xaf, 0xec,
    0xaf, 0xec, 0xaf, 0xec, 0xaf, 0xec, 0xaf, 0xec, 0xaf, 0xec, 0xaf, 0xec, 0xaf, 0xec, 0xaf, 0xec,
    0xaf, 0xec, 0xaf, 0xec, 0xaf, 0xec, 0xaf, 0xec, 0xaf, 0xec, 0xaf, 0xec, 0xaf, 0xec, 0xaf, 0xec,
    0xaf, 0xec, 0xaf, 0xec, 0xaf, 0xec, 0xaf, 0xec, 0xaf, 0xec, 0xaf, 0xec, 0xaf, 0xec, 0xaf, 0xec,
    0xaf, 0xec, 0xaf, 0xec, 0xaf, 0xec, 0xaf, 0xec, 0xaf, 0xec, 0xaf, 0xec, 0xaf, 0xec, 0xaf, 0xec,
    0x08, 0x41, 0x08, 0x41, 0x08, 0x41, 0x08, 0x41, 0x08, 0x41, 0x08, 0x41, 0x08, 0x41, 0x08, 0x41,
    0x08, 0x41, 0x08, 0x41, 0x08, 0x41, 0x08, 0x41, 0x08, 0x41, 0x08, 0x41, 0x08, 0x41, 0x08, 0x41,
    0x08, 0x41, 0x08, 0x41, 0x08, 0x41, 0x08, 0x41, 0x08, 0x41, 0x08, 0x41, 0x08, 0x41, 0x08, 0x41,
    0x08, 0x41, 0x08, 0x41, 0x08, 0x41, 0x08, 0x41, 0x08, 0x41, 0x08, 0x41, 0x08, 0x41, 0x08, 0x41,
    0xaf, 0xec, 0xaf, 0xec, 0xaf, 0xec, 0xaf, 0xec, 0xaf, 0xec, 0xaf, 0xec, 0xaf, 0xec, 0xaf, 0xec,
    0xaf, 0xec, 0xaf, 0xec, 0xaf, 0xec, 0xaf, 0xec, 0xaf, 0xec, 0xaf, 0xec, 0xaf, 0xec, 0xaf, 0xec,
    0xaf, 0xec, 0xaf, 0xec, 0xaf, 0xec, 0xaf, 0xec, 0xaf, 0xec, 0xaf, 0xec, 0xaf, 0xec, 0xaf, 0xec,
    0xaf, 0xec, 0xaf, 0xec, 0xaf, 0xec, 0xaf, 0xec, 0xaf, 0xec, 0xaf, 0xec, 0xaf, 0xec, 0xaf, 0xec,
    0xaf, 0xec, 0xaf, 0xec, 0xaf, 0xec, 0xaf, 0xec, 0xaf, 0xec, 0xaf, 0xec, 0xaf, 0xec, 0xaf, 0xec,
    0xaf, 0xec, 0xaf, 0xec, 0xaf, 0xec, 0xaf, 0xec, 0xaf, 0xec, 0xaf, 0xec, 0xaf, 0xec, 0xaf, 0xec,
    0xaf, 0xec, 0xaf, 0xec, 0xaf, 0xec, 0xaf, 0xec, 0xaf, 0xec, 0xaf, 0xec, 0xaf, 0xec, 0xaf, 0xec,
    0xaf, 0xec, 0xaf, 0xec, 0xaf, 0xec, 0xaf, 0xec, 0xaf, 0xec, 0xaf, 0xec, 0xaf, 0xec, 0xaf, 0xec,
    0xaf, 0xec, 0xaf, 0xec, 0xaf, 0xec, 0xaf, 0xec, 0xaf, 0xec, 0xaf, 0xec, 0xaf, 0xec, 0xaf, 0xec,
    0xaf, 0xec, 0xaf, 0xec, 0xaf, 0xec, 0xaf, 0xec, 0xaf, 0xec, 0xaf, 0xec, 0xaf, 0xec, 0xaf, 0xec,
    0xaf, 0xec, 0xaf, 0xec, 0xaf, 0xec, 0xaf, 0xec, 0xaf, 0xec, 0xaf, 0xec, 0xaf, 0xec, 0xaf, 0xec,
    0xaf, 0xec, 0xaf, 0xec, 0xaf, 0xec, 0xaf, 0xec, 0xaf, 0xec, 0xaf, 0xec, 0xaf, 0xec, 0xaf, 0xec,
    0xaf, 0xec, 0xaf, 0xec, 0xaf, 0xec, 0xaf, 0xec, 0xaf, 0xec, 0xaf, 0xec, 0xaf, 0xec, 0xaf, 0xec,
    0xaf, 0xec, 0xaf, 0xec, 0xaf, 0xec, 0xaf, 0xec, 0xaf, 0xec, 0xaf, 0xec, 0xaf, 0xec, 0xaf, 0xec,
    0xaf, 0xec, 0xaf, 0xec, 0xaf, 0xec, 0xaf, 0xec, 0xaf, 0xec, 0xaf, 0xec, 0xaf, 0xec, 0xaf, 0xec,
    0xaf, 0xec, 0xaf, 0xec, 0xaf, 0xec, 0xaf, 0xec, 0xaf, 0xec, 0xaf, 0xec, 0xaf, 0xec, 0xaf, 0xec,
    0xaf, 0xec, 0xaf, 0xec, 0xaf, 0xec, 0xaf, 0xec, 0xaf, 0xec, 0xaf, 0xec, 0xaf, 0xec, 0xaf, 0xec,
    0xaf, 0xec, 0xaf, 0xec, 0xaf, 0xec, 0xaf, 0xec, 0xaf, 0xec, 0xaf, 0xec, 0xaf, 0xec, 0xaf, 0xec,
    0xaf, 0xec, 0xaf, 0xec, 0xaf, 0xec, 0xaf, 0xec, 0xaf, 0xec, 0xaf, 0xec, 0xaf, 0xec, 0xaf, 0xec,
    0xaf, 0xec, 0xaf, 0xec, 0xaf, 0xec, 0xaf, 0xec, 0xaf, 0xec, 0xaf, 0xec, 0xaf, 0xec, 0xaf, 0xec,
    0xaf, 0xec, 0xaf, 0xec, 0xaf, 0xec, 0xaf, 0xec, 0xaf, 0xec, 0xaf, 0xec, 0xaf, 0xec, 0xaf, 0xec,
    0xaf, 0xec, 0xaf, 0xec, 0xaf, 0xec, 0xaf, 0xec, 0xaf, 0xec, 0xaf, 0xec, 0xaf, 0xec, 0xaf, 0xec,
    0xaf, 0xec, 0xaf, 0xec, 0xaf, 0xec, 0xaf, 0xec, 0xaf, 0xec, 0xaf, 0xec, 0xaf, 0xec, 0xaf, 0xec,
    0xaf, 0xec, 0xaf, 0xec, 0xaf, 0xec, 0xaf, 0xec, 0xaf, 0xec, 0xaf, 0xec, 0xaf, 0xec, 0xaf, 0xec,
    0xaf, 0xec, 0xaf, 0xec, 0xaf, 0xec, 0xaf, 0xec, 0xaf, 0xec, 0xaf, 0xec, 0xaf, 0xec, 0xaf, 0xec,
    0xaf, 0xec, 0xaf, 0xec, 0xaf, 0xec, 0xaf, 0xec, 0xaf, 0xec, 0xaf, 0xec, 0xaf, 0xec, 0xaf, 0xec,
    0x08, 0x41, 0x08, 0x41, 0x08, 0x41, 0x08, 0x41, 0x08, 0x41, 0x08, 0x41, 0x08, 0x41, 0x08, 0x41,
    0x08, 0x41, 0x08, 0x41, 0x08, 0x41, 0x08, 0x41, 0x08, 0x41, 0x08, 0x41, 0x08, 0x41, 0x08, 0x41,
    0x08, 0x41, 0x08, 0x41, 0x08, 0x41, 0x08, 0x41, 0x08, 0x41, 0x08, 0x41, 0x08, 0x41, 0x08, 0x41,
    0x08, 0x41, 0x08, 0x41, 0x08, 0x41, 0x08, 0x41, 0x08, 0x41, 0x08, 0x41, 0x08, 0x41, 0x08, 0x41,
    0x08, 0x41, 0x08, 0x41, 0x08, 0x41, 0x08, 0x41, 0x08, 0x41, 0x08, 0x41, 0x08, 0x41, 0x08, 0x41,
    0x08, 0x41, 0x08, 0x41, 0x08, 0x41, 0x08, 0x41, 0x08, 0x41, 0x08, 0x41, 0x08, 0x41, 0x08, 0x41,
    0x08, 0x41, 0x08, 0x41, 0x08, 0x41, 0x08, 0x41, 0x08, 0x41, 0x08, 0x41, 0x08, 0x41, 0x08, 0x41,
    0x08, 0x41, 0x08, 0x41, 0x08, 0x41, 0x08, 0x41, 0x08, 0x41, 0x08, 0x41, 0x08, 0x41, 0x08, 0x41,
    0x08, 0x41, 0x08, 0x41, 0x08, 0x41, 0x08, 0x41, 0x08, 0x41, 0x08, 0x41, 0x08, 0x41, 0x08, 0x41,
    0x08, 0x41, 0x08, 0x41, 0x08, 0x41, 0x08, 0x41, 0x08, 0x41, 0x08, 0x41, 0x08, 0x41, 0x08, 0x41,
    0x08, 0x41, 0x08, 0x41, 0x08, 0x41, 0x08, 0x41, 0x08, 0x41, 0x08, 0x41, 0x08, 0x41, 0x08, 0x41,
    0x08, 0x41, 0x08, 0x41, 0x08, 0x41, 0x08, 0x41, 0x08, 0x41, 0x08, 0x41, 0x08, 0x41, 0x08, 0x41,
    0x08, 0x41, 0x08, 0x41, 0x08, 0x41, 0x08, 0x41, 0x08, 0x41, 0x08, 0x41, 0x08, 0x41, 0x08, 0x41,
    0x08, 0x41, 0x08, 0x41, 0x08, 0x41, 0x08, 0x41, 0x08, 0x41, 0x08, 0x41, 0x08, 0x41, 0x08, 0x41,
    0x08, 0x41, 0x08, 0x41, 0x08, 0x41, 0x08, 0x41, 0x08, 0x41, 0x08, 0x41, 0x08, 0x41, 0x08, 0x41,
    0x08, 0x41, 0x08, 0x41, 0x08, 0x41, 0x08, 0x41, 0x08, 0x41, 0x08, 0x41, 0x08, 0x41, 0x08, 0x41,
    0x08, 0x41, 0x08, 0x41, 0x08, 0x41, 0x08, 0x41, 0x08, 0x41, 0x08, 0x41, 0x08, 0x41, 0x08, 0x41,
    0x08, 0x41, 0x08, 0x41, 0x08, 0x41, 0x08, 0x41, 0x08, 0x41, 0x08, 0x41, 0x08, 0x41, 0x08, 0x41,
    0x08, 0x41, 0x08, 0x41, 0x08, 0x41, 0x08, 0x41, 0x08, 0x41, 0x08, 0x41, 0x08, 0x41, 0x08, 0x41,
    0x08, 0x41, 0x08, 0x41, 0x08, 0x41, 0x08, 0x41, 0x08, 0x41, 0x08, 0x41, 0x08, 0x41, 0x08, 0x41,
    0x08, 0x41, 0x08, 0x41, 0x08, 0x41, 0x08, 0x41, 0x08, 0x41, 0x08, 0x41, 0x08, 0x41, 0x08, 0x41,
    0x08, 0x41, 0x08, 0x41, 0x08, 0x41, 0x08, 0x41, 0x08, 0x41, 0x08, 0x41, 0x08, 0x41, 0x08, 0x41,
    0x08, 0x41, 0x08, 0x41, 0x08, 0x41, 0x08, 0x41, 0x08, 0x41, 0x08, 0x41, 0x08, 0x41, 0x08, 0x41,
    0x08, 0x41, 0x08, 0x41, 0x08, 0x41, 0x08, 0x41, 0x08, 0x41, 0x08, 0x41, 0x08, 0x41, 0x08, 0x41,
    0x08, 0x41, 0x08, 0x41, 0x08, 0x41, 0x08, 0x41, 0x08, 0x41, 0x08, 0x41, 0x08, 0x41, 0x08, 0x41,
    0x08, 0x41, 0x08, 0x41, 0x08, 0x41, 0x08, 0x41, 0x08, 0x41, 0x08, 0x41, 0x08, 0x41, 0x08, 0x41,
    0x08, 0x41, 0x08, 0x41, 0x08, 0x41, 0x08, 0x41, 0x08, 0x41, 0x08, 0x41, 0x08, 0x41, 0x08, 0x41,
    0x08, 0x41, 0x08, 0x41, 0x08, 0x41, 0x08, 0x41, 0x08, 0x41, 0x08, 0x41, 0x08, 0x41, 0x08, 0x41,
    0x08, 0x41, 0x08, 0x41, 0x08, 0x41, 0x08, 0x41, 0x08, 0x41, 0x08, 0x41, 0x08, 0x41, 0x08, 0x41,
    0x08, 0x41, 0x08, 0x41, 0x08, 0x41, 0x08, 0x41, 0x08, 0x41, 0x08, 0x41, 0x08, 0x41, 0x08, 0x41,
    0x08, 0x41, 0x08, 0x41, 0x08, 0x41, 0x08, 0x41, 0x08, 0x41, 0x08, 0x41, 0x08, 0x41, 0x08, 0x41,
    0x08, 0x41, 0x08, 0x41, 0x08, 0x41, 0x08, 0x41, 0x08, 0x41, 0x08, 0x41, 0x08, 0x41, 0x08, 0x41,
    0x08, 0x41, 0x08, 0x41, 0x08, 0x41, 0x08, 0x41, 0x08, 0x41, 0x08, 0x41, 0x08, 0x41, 0x08, 0x41,
    0x08, 0x41, 0x08, 0x41, 0x08, 0x41, 0x08, 0x41, 0x08, 0x41, 0x08, 0x41, 0x08, 0x41, 0x08, 0x41,
    0x08, 0x41, 0x08, 0x41, 0x08, 0x41, 0x08, 0x41, 0x08, 0x41, 0x08, 0x41, 0x08, 0x41, 0x08, 0x41,
    0x08, 0x41, 0x08, 0x41, 0x08, 0x41, 0x08, 0x41, 0x08, 0x41, 0x08, 0x41, 0x08, 0x41, 0x08, 0x41,
    0x08, 0x41, 0x08, 0x41, 0x08, 0x41, 0x08, 0x41, 0x08, 0x41, 0x08, 0x41, 0x08, 0x41, 0x08, 0x41,
    0x08, 0x41, 0x08, 0x41, 0x08, 0x41, 0x08, 0x41, 0x08, 0x41, 0x08, 0x41, 0x08, 0x41, 0x08, 0x41,
    0x08, 0x41, 0x08, 0x41, 0x08, 0x41, 0x08, 0x41, 0x08, 0x41, 0x08, 0x41, 0x08, 0x41, 0x08, 0x41,
    0x08, 0x41, 0x08, 0x41, 0x08, 0x41, 0x08, 0x41, 0x08, 0x41, 0x08, 0x41, 0x08, 0x41, 0x08, 0x41,
    0x08, 0x41, 0x08, 0x41, 0x08, 0x41, 0x08, 0x41, 0x08, 0x41, 0x08, 0x41, 0x08, 0x41, 0x08, 0x41,
    0x08, 0x41, 0x08, 0x41, 0x08, 0x41, 0x08, 0x41, 0x08, 0x41, 0x08, 0x41, 0x08, 0x41, 0x08, 0x41,
    0x08, 0x41, 0x08, 0x41, 0x08, 0x41, 0x08, 0x41, 0x08, 0x41, 0x08, 0x41, 0x08, 0x41, 0x08, 0x41,
    0x08, 0x41, 0x08, 0x41, 0x08, 0x41, 0x08, 0x41, 0x08, 0x41, 0x08, 0x41, 0x08, 0x41, 0x08, 0x41,
    0x08, 0x41, 0x08, 0x41, 0x08, 0x41, 0x08, 0x41, 0x08, 0x41, 0x08, 0x41, 0x08, 0x41, 0x08, 0x41,
    0x08, 0x41, 0x08, 0x41, 0x08, 0x41, 0x08, 0x41, 0x08, 0x41, 0x08, 0x41, 0x08, 0x41, 0x08, 0x41,
    0x08, 0x41, 0x08, 0x41, 0x08, 0x41, 0x08, 0x41, 0x08, 0x41, 0x08, 0x41, 0x08, 0x41, 0x08, 0x41,
    0x08, 0x41, 0x08, 0x41, 0x08, 0x41, 0x08, 0x41, 0x08, 0x41, 0x08, 0x41, 0x08, 0x41, 0x08, 0x41,
    0x08, 0x41, 0x08, 0x41, 0x08, 0x41, 0x08, 0x41, 0x08, 0x41, 0x08, 0x41, 0x08, 0x41, 0x08, 0x41,
    0x08, 0x41, 0x08, 0x41, 0x08, 0x41, 0x08, 0x41, 0x08, 0x41, 0x08, 0x41, 0x08, 0x41, 0x08, 0x41,
    0x08, 0x41, 0x08, 0x41, 0x08, 0x41, 0x08, 0x41, 0x08, 0x41, 0x08, 0x41, 0x08, 0x41, 0x08, 0x41,
    0x08, 0x41, 0x08, 0x41, 0x08, 0x41, 0x08, 0x41, 0x08, 0x41, 0x08, 0x41, 0x08, 0x41, 0x08, 0x41,
    0x08, 0x41, 0x08, 0x41, 0x08, 0x41, 0x08, 0x41, 0x08, 0x41, 0x08, 0x41, 0x08, 0x41, 0x08, 0x41,
    0x08, 0x41, 0x08, 0x41, 0x08, 0x41, 0x08, 0x41, 0x08, 0x41, 0x08, 0x41, 0x08, 0x41, 0x08, 0x41,
    0x08, 0x41, 0x08, 0x41, 0x08, 0x41, 0x08, 0x41, 0x08, 0x41, 0x08, 0x41, 0x08, 0x41, 0x08, 0x41,
    0x08, 0x41, 0x08, 0x41, 0x08, 0x41, 0x08, 0x41, 0x08, 0x41, 0x08, 0x41, 0x08, 0x41, 0x08, 0x41,
    0x08, 0x41, 0x08, 0x41, 0x08, 0x41, 0x08, 0x41, 0x08, 0x41, 0x08, 0x41, 0x08, 0x41, 0x08, 0x41,
    0x08, 0x41, 0x08, 0x41, 0x08, 0x41, 0x08, 0x41, 0x08, 0x41, 0x08, 0x41, 0x08, 0x41, 0x08, 0x41,
    0x08, 0x41, 0x08, 0x41, 0x08, 0x41, 0x08, 0x41, 0x08, 0x41, 0x08, 0x41, 0x08, 0x41, 0x08, 0x41,
    0x08, 0x41, 0x08, 0x41, 0x08, 0x41, 0x08, 0x41, 0x08, 0x41, 0x08, 0x41, 0x08, 0x41, 0x08, 0x41,
    0x08, 0x41, 0x08, 0x41, 0x08, 0x41, 0x08, 0x41, 0x08, 0x41, 0x08, 0x41, 0x08, 0x41, 0x08, 0x41,
    0x08, 0x41, 0x08, 0x41, 0x08, 0x41, 0x08, 0x41, 0x08, 0x41, 0x08, 0x41, 0x08, 0x41, 0x08, 0x41,
    0x08, 0x41, 0x08, 0x41, 0x08, 0x41, 0x08, 0x41, 0x08, 0x41, 0x08, 0x41, 0x08, 0x41, 0x08, 0x41,
    0x08, 0x41, 0x08, 0x41, 0x08, 0x41, 0x08, 0x41, 0x08, 0x41, 0x08, 0x41, 0x08, 0x41, 0x08, 0x41,
    0x08, 0x41, 0x08, 0x41, 0x08, 0x41, 0x08, 0x41, 0x08, 0x41, 0x08, 0x41, 0x08, 0x41, 0x08, 0x41,
    0x08, 0x41, 0x08, 0x41, 0x08, 0x41, 0x08, 0x41, 0x08, 0x41, 0x08, 0x41, 0x08, 0x41, 0x08, 0x41,
    0x08, 0x41, 0x08, 0x41, 0x08, 0x41, 0x08, 0x41, 0x08, 0x41, 0x08, 0x41, 0x08, 0x41, 0x08, 0x41,
    0x08, 0x41, 0x08, 0x41, 0x08, 0x41, 0x08, 0x41, 0x08, 0x41, 0x08, 0x41, 0x08, 0x41, 0x08, 0x41,
    0x08, 0x41, 0x08, 0x41, 0x08, 0x41, 0x08, 0x41, 0x08, 0x41, 0x08, 0x41, 0x08, 0x41, 0x08, 0x41,
    0x08, 0x41, 0x08, 0x41, 0x08, 0x41, 0x08, 0x41, 0x08, 0x41, 0x08, 0x41, 0x08, 0x41, 0x08, 0x41,
    0x08, 0x41, 0x08, 0x41, 0x08, 0x41, 0x08, 0x41, 0x08, 0x41, 0x08, 0x41, 0x08, 0x41, 0x08, 0x41,
    0x08, 0x41, 0x08, 0x41, 0x08, 0x41, 0x08, 0x41, 0x08, 0x41, 0x08, 0x41, 0x08, 0x41, 0x08, 0x41,
    0x08, 0x41, 0x08, 0x41, 0x08, 0x41, 0x08, 0x41, 0x08, 0x41, 0x08, 0x41, 0x08, 0x41, 0x08, 0x41,
    0x08, 0x41, 0x08, 0x41, 0x08, 0x41, 0x08, 0x41, 0x08, 0x41, 0x08, 0x41, 0x08, 0x41, 0x08, 0x41,
    0x08, 0x41, 0x08, 0x41, 0x08, 0x41, 0x08, 0x41, 0x08, 0x41, 0x08, 0x41, 0x08, 0x41, 0x08, 0x41,
    0x08, 0x41, 0x08, 0x41, 0x08, 0x41, 0x08, 0x41, 0x08, 0x41, 0x08, 0x41, 0x08, 0x41, 0x08, 0x41,
    0x08, 0x41, 0x08, 0x41, 0x08, 0x41, 0x08, 0x41, 0x08, 0x41, 0x08, 0x41, 0x08, 0x41, 0x08, 0x41,
    0x08, 0x41, 0x08, 0x41, 0x08, 0x41, 0x08, 0x41, 0x08, 0x41, 0x08, 0x41, 0x08, 0x41, 0x08, 0x41,
    0x08, 0x41, 0x08, 0x41, 0x08, 0x41, 0x08, 0x41, 0x08, 0x41, 0x08, 0x41, 0x08, 0x41, 0x08, 0x41,
    0x08, 0x41, 0x08, 0x41, 0x08, 0x41, 0x08, 0x41, 0x08, 0x41, 0x08, 0x41, 0x08, 0x41, 0x08, 0x41,
    0x08, 0x41, 0x08, 0x41, 0x08, 0x41, 0x08, 0x41, 0x08, 0x41, 0x08, 0x41, 0x08, 0x41, 0x08, 0x41,
    0x08, 0x41, 0x08, 0x41, 0x08, 0x41, 0x08, 0x41, 0x08, 0x41, 0x08, 0x41, 0x08, 0x41, 0x08, 0x41,
    0x08, 0x41, 0x08, 0x41, 0x08, 0x41, 0x08, 0x41, 0x08, 0x41, 0x08, 0x41, 0x08, 0x41, 0x08, 0x41,
    0x08, 0x41, 0x08, 0x41, 0x08, 0x41, 0x08, 0x41, 0x08, 0x41, 0x08, 0x41, 0x08, 0x41, 0x08, 0x41,
    0x08, 0x41, 0x08, 0x41, 0x08, 0x41, 0x08, 0x41, 0x08, 0x41, 0x08, 0x41, 0x08, 0x41, 0x08, 0x41,
    0x08, 0x41, 0x08, 0x41, 0x08, 0x41, 0x08, 0x41, 0x08, 0x41, 0x08, 0x41, 0x08, 0x41, 0x08, 0x41,
    0x08, 0x41, 0x08, 0x41, 0x08, 0x41, 0x08, 0x41, 0x08, 0x41, 0x08, 0x41, 0x08, 0x41, 0x08, 0x41,
    0x08, 0x41, 0x08, 0x41, 0x08, 0x41, 0x08, 0x41, 0x08, 0x41, 0x08, 0x41, 0x08, 0x41, 0x08, 0x41,
    0x08, 0x41, 0x08, 0x41, 0x08, 0x41, 0x08, 0x41, 0x08, 0x41, 0x08, 0x41, 0x08, 0x41, 0x08, 0x41,
    0x08, 0x41, 0x08, 0x41, 0x08, 0x41, 0x08, 0x41, 0x08, 0x41, 0x08, 0x41, 0x08, 0x41, 0x08, 0x41,
    0x08, 0x41, 0x08, 0x41, 0x08, 0x41, 0x08, 0x41, 0x08, 0x41, 0x08, 0x41, 0x08, 0x41, 0x08, 0x41,
    0x08, 0x41, 0x08, 0x41, 0x08, 0x41, 0x08, 0x41, 0x08, 0x41, 0x08, 0x41, 0x08, 0x41, 0x08, 0x41,
    0x08, 0x41, 0x08, 0x41, 0x08, 0x41, 0x08, 0x41, 0x08, 0x41, 0x08, 0x41, 0x08, 0x41, 0x08, 0x41,
    0x08, 0x41, 0x08, 0x41, 0x08, 0x41, 0x08, 0x41, 0x08, 0x41, 0x08, 0x41, 0x08, 0x41, 0x08, 0x41,
    0x08, 0x41, 0x08, 0x41, 0x08, 0x41, 0x08, 0x41, 0x08, 0x41, 0x08, 0x41, 0x08, 0x41, 0x08, 0x41,
    0x08, 0x41, 0x08, 0x41, 0x08, 0x41, 0x08, 0x41, 0x08, 0x41, 0x08, 0x41, 0x08, 0x41, 0x08, 0x41,
    0x08, 0x41, 0x08, 0x41, 0x08, 0x41, 0x08, 0x41, 0x08, 0x41, 0x08, 0x41, 0x08, 0x41, 0x08, 0x41,
    0x08, 0x41, 0x08, 0x41, 0x08, 0x41, 0x08, 0x41, 0x08, 0x41, 0x08, 0x41, 0x08, 0x41, 0x08, 0x41,
    0x08, 0x41, 0x08, 0x41, 0x08, 0x41, 0x08, 0x41, 0x08, 0x41, 0x08, 0x41, 0x08, 0x41, 0x08, 0x41,
    0x08, 0x41, 0x08, 0x41, 0x08, 0x41, 0x08, 0x41, 0x08, 0x41, 0x08, 0x41, 0x08, 0x41, 0x08, 0x41,
    0x08, 0x41, 0x08, 0x41, 0x08, 0x41, 0x08, 0x41, 0x08, 0x41, 0x08, 0x41, 0x08, 0x41, 0x08, 0x41,
    0x08, 0x41, 0x08, 0x41, 0x08, 0x41, 0x08, 0x41, 0x08, 0x41, 0x08, 0x41, 0x08, 0x41, 0x08, 0x41,
    0x08, 0x41, 0x08, 0x41, 0x08, 0x41, 0x08, 0x41, 0x08, 0x41, 0x08, 0x41, 0x08, 0x41, 0x08, 0x41,
    0x08, 0x41, 0x08, 0x41, 0x08, 0x41, 0x08, 0x41, 0x08, 0x41, 0x08, 0x41, 0x08, 0x41, 0x08, 0x41,
    0x08, 0x41, 0x08, 0x41, 0x08, 0x41, 0x08, 0x41, 0x08, 0x41, 0x08, 0x41, 0x08, 0x41, 0x08, 0x41,
    0x08, 0x41, 0x08, 0x41, 0x08, 0x41, 0x08, 0x41, 0x08, 0x41, 0x08, 0x41, 0x08, 0x41, 0x08, 0x41,
    0x08, 0x41, 0x08, 0x41, 0x08, 0x41, 0x08, 0x41, 0x08, 0x41, 0x08, 0x41, 0x08, 0x41, 0x08, 0x41,
    0x08, 0x41, 0x08, 0x41, 0x08, 0x41, 0x08, 0x41, 0x08, 0x41, 0x08, 0x41, 0x08, 0x41, 0x08, 0x41,
    0x08, 0x41, 0x08, 0x41, 0x08, 0x41, 0x08, 0x41, 0x08, 0x41, 0x08, 0x41, 0x08, 0x41, 0x08, 0x41,
    0x08, 0x41, 0x08, 0x41, 0x08, 0x41, 0x08, 0x41, 0x08, 0x41, 0x08, 0x41, 0x08, 0x41, 0x08, 0x41,
    0x08, 0x41, 0x08, 0x41, 0x08, 0x41, 0x08, 0x41, 0x08, 0x41, 0x08, 0x41, 0x08, 0x41, 0x08, 0x41,
    0x08, 0x41, 0x08, 0x41, 0x08, 0x41, 0x08, 0x41, 0x08, 0x41, 0x08, 0x41, 0x08, 0x41, 0x08, 0x41,
    0x08, 0x41, 0x08, 0x41, 0x08, 0x41, 0x08, 0x41, 0x08, 0x41, 0x08, 0x41, 0x08, 0x41, 0x08, 0x41,
    0x08, 0x41, 0x08, 0x41, 0x08, 0x41, 0x08, 0x41, 0x08, 0x41, 0x08, 0x41, 0x08, 0x41, 0x08, 0x41,
    0x08, 0x41, 0x08, 0x41, 0x08, 0x41, 0x08, 0x41, 0x08, 0x41, 0x08, 0x41, 0x08, 0x41, 0x08, 0x41,
    0x08, 0x41, 0x08, 0x41, 0x08, 0x41, 0x08, 0x41, 0x08, 0x41, 0x08, 0x41, 0x08, 0x41, 0x08, 0x41,
    0x08, 0x41, 0x08, 0x41, 0x08, 0x41, 0x08, 0x41, 0x08, 0x41, 0x08, 0x41, 0x08, 0x41, 0x08, 0x41,
    0x08, 0x41, 0x08, 0x41, 0x08, 0x41, 0x08, 0x41, 0x08, 0x41, 0x08, 0x41, 0x08, 0x41, 0x08, 0x41,
    0x08, 0x41, 0x08, 0x41, 0x08, 0x41, 0x08, 0x41, 0x08, 0x41, 0x08, 0x41, 0x08, 0x41, 0x08, 0x41,
    0x08, 0x41, 0x08, 0x41, 0x08, 0x41, 0x08, 0x41, 0x08, 0x41, 0x08, 0x41, 0x08, 0x41, 0x08, 0x41,
    0x08, 0x41, 0x08, 0x41, 0x08, 0x41, 0x08, 0x41, 0x08, 0x41, 0x08, 0x41, 0x08, 0x41, 0x08, 0x41,
    0x08, 0x41, 0x08, 0x41, 0x08, 0x41, 0x08, 0x41, 0x08, 0x41, 0x08, 0x41, 0x08, 0x41, 0x08, 0x41,
    0x08, 0x41, 0x08, 0x41, 0x08, 0x41, 0x08, 0x41, 0x08, 0x41, 0x08, 0x41, 0x08, 0x41, 0x08, 0x41,
    0x08, 0x41, 0x08, 0x41, 0x08, 0x41, 0x08, 0x41, 0x08, 0x41, 0x08, 0x41, 0x08, 0x41, 0x08, 0x41,
    0x08, 0x41, 0x08, 0x41, 0x08, 0x41, 0x08, 0x41, 0x08, 0x41, 0x08, 0x41, 0x08, 0x41, 0x08, 0x41,
    0x08, 0x41, 0x08, 0x41, 0x08, 0x41, 0x08, 0x41, 0x08, 0x41, 0x08, 0x41, 0x08, 0x41, 0x08, 0x41,
    0x08, 0x41, 0x08, 0x41, 0x08, 0x41, 0x08, 0x41, 0x08, 0x41, 0x08, 0x41, 0x08, 0x41, 0x08, 0x41,
    0x08, 0x41, 0x08, 0x41, 0x08, 0x41, 0x08, 0x41, 0x08, 0x41, 0x08, 0x41, 0x08, 0x41, 0x08, 0x41,
    0x08, 0x41, 0x08, 0x41, 0x08, 0x41, 0x08, 0x41, 0x08, 0x41, 0x08, 0x41, 0x08, 0x41, 0x08, 0x41,
    0x08, 0x41, 0x08, 0x41, 0x08, 0x41, 0x08, 0x41, 0x08, 0x41, 0x08, 0x41, 0x08, 0x41, 0x08, 0x41,
    0x08, 0x41, 0x08, 0x41, 0x08, 0x41, 0x08, 0x41, 0x08, 0x41, 0x08, 0x41, 0x08, 0x41, 0x08, 0x41,
    0x08, 0x41, 0x08, 0x41, 0x08, 0x41, 0x08, 0x41, 0x08, 0x41, 0x08, 0x41, 0x08, 0x41, 0x08, 0x41,
    0x08, 0x41, 0x08, 0x41, 0x08, 0x41, 0x08, 0x41, 0x08, 0x41, 0x08, 0x41, 0x08, 0x41, 0x08, 0x41,
    0x08, 0x41, 0x08, 0x41, 0x08, 0x41, 0x08, 0x41, 0x08, 0x41, 0x08, 0x41, 0x08, 0x41, 0x08, 0x41,
    0x08, 0x41, 0x08, 0x41, 0x08, 0x41, 0x08, 0x41, 0x08, 0x41, 0x08, 0x41, 0x08, 0x41, 0x08, 0x41,
    0x08, 0x41, 0x08, 0x41, 0x08, 0x41, 0x08, 0x41, 0x08, 0x41, 0x08, 0x41, 0x08, 0x41, 0x08, 0x41,
    0x08, 0x41, 0x08, 0x41, 0x08, 0x41, 0x08, 0x41, 0x08, 0x41, 0x08, 0x41, 0x08, 0x41, 0x08, 0x41,
    0x08, 0x41, 0x08, 0x41, 0x08, 0x41, 0x08, 0x41, 0x08, 0x41, 0x08, 0x41, 0x08, 0x41, 0x08, 0x41,
    0x08, 0x41, 0x08, 0x41, 0x08, 0x41, 0x08, 0x41, 0x08, 0x41, 0x08, 0x41, 0x08, 0x41, 0x08, 0x41,
    0x08, 0x41, 0x08, 0x41, 0x08, 0x41, 0x08, 0x41, 0x08, 0x41, 0x08, 0x41, 0x08, 0x41, 0x08, 0x41,
    0x08, 0x41, 0x08, 0x41, 0x08, 0x41, 0x08, 0x41, 0x08, 0x41, 0x08, 0x41, 0x08, 0x41, 0x08, 0x41,
    0x08, 0x41, 0x08, 0x41, 0x08, 0x41, 0x08, 0x41, 0x08, 0x41, 0x08, 0x41, 0x08, 0x41, 0x08, 0x41,
    0x08, 0x41, 0x08, 0x41, 0x08, 0x41, 0x08, 0x41, 0x08, 0x41, 0x08, 0x41, 0x08, 0x41, 0x08, 0x41,
    0x08, 0x41, 0x08, 0x41, 0x08, 0x41, 0x08, 0x41, 0x08, 0x41, 0x08, 0x41, 0x08, 0x41, 0x08, 0x41,
    0x08, 0x41, 0x08, 0x41, 0x08, 0x41, 0x08, 0x41, 0x08, 0x41, 0x08, 0x41, 0x08, 0x41, 0x08, 0x41,
    0x08, 0x41, 0x08, 0x41, 0x08, 0x41, 0x08, 0x41, 0x08, 0x41, 0x08, 0x41, 0x08, 0x41, 0x08, 0x41,
    0x08, 0x41, 0x08, 0x41, 0x08, 0x41, 0x08, 0x41, 0x08, 0x41, 0x08, 0x41, 0x08, 0x41, 0x08, 0x41,
    0x08, 0x41, 0x08, 0x41, 0x08, 0x41, 0x08, 0x41, 0x08, 0x41, 0x08, 0x41, 0x08, 0x41, 0x08, 0x41,
    0x08, 0x41, 0x08, 0x41, 0x08, 0x41, 0x08, 0x41, 0x08, 0x41, 0x08, 0x41, 0x08, 0x41, 0x08, 0x41,
    0x08, 0x41, 0x08, 0x41, 0x08, 0x41, 0x08, 0x41, 0x08, 0x41, 0x08, 0x41, 0x08, 0x41, 0x08, 0x41,
    0x08, 0x41, 0x08, 0x41, 0x08, 0x41, 0x08, 0x41, 0x08, 0x41, 0x08, 0x41, 0x08, 0x41, 0x08, 0x41,
    0x08, 0x41, 0x08, 0x41, 0x08, 0x41, 0x08, 0x41, 0x08, 0x41, 0x08, 0x41, 0x08, 0x41, 0x08, 0x41,
    0x08, 0x41, 0x08, 0x41, 0x08, 0x41, 0x08, 0x41, 0x08, 0x41, 0x08, 0x41, 0x08, 0x41, 0x08, 0x41,
    0x08, 0x41, 0x08, 0x41, 0x08, 0x41, 0x08, 0x41, 0x08, 0x41, 0x08, 0x41, 0x08, 0x41, 0x08, 0x41,
    0x08, 0x41, 0x08, 0x41, 0x08, 0x41, 0x08, 0x41, 0x08, 0x41, 0x08, 0x41, 0x08, 0x41, 0x08, 0x41,
    0x08, 0x41, 0x08, 0x41, 0x08, 0x41, 0x08, 0x41, 0x08, 0x41, 0x08, 0x41, 0x08, 0x41, 0x08, 0x41,
    0x08, 0x41, 0x08, 0x41, 0x08, 0x41, 0x08, 0x41, 0x08, 0x41, 0x08, 0x41, 0x08, 0x41, 0x08, 0x41,
    0x08, 0x41, 0x08, 0x41, 0x08, 0x41, 0x08, 0x41, 0x08, 0x41, 0x08, 0x41, 0x08, 0x41, 0x08, 0x41,
    0x08, 0x41, 0x08, 0x41, 0x08, 0x41, 0x08, 0x41, 0x08, 0x41, 0x08, 0x41, 0x08, 0x41, 0x08, 0x41,
    0x08, 0x41, 0x08, 0x41, 0x08, 0x41, 0x08, 0x41, 0x08, 0x41, 0x08, 0x41, 0x08, 0x41, 0x08, 0x41,
    0x08, 0x41, 0x08, 0x41, 0x08, 0x41, 0x08, 0x41, 0x08, 0x41, 0x08, 0x41, 0x08, 0x41, 0x08, 0x41,
    0x08, 0x41, 0x08, 0x41, 0x08, 0x41, 0x08, 0x41, 0x08, 0x41, 0x08, 0x41, 0x08, 0x41, 0x08, 0x41,
    0x08, 0x41, 0x08, 0x41, 0x08, 0x41, 0x08, 0x41, 0x08, 0x41, 0x08, 0x41, 0x08, 0x41, 0x08, 0x41,
    0x08, 0x41, 0x08, 0x41, 0x08, 0x41, 0x08, 0x41, 0x08, 0x41, 0x08, 0x41, 0x08, 0x41, 0x08, 0x41,
    0x08, 0x41, 0x08, 0x41, 0x08, 0x41, 0x08, 0x41, 0x08, 0x41, 0x08, 0x41, 0x08, 0x41, 0x08, 0x41,
    0x08, 0x41, 0x08, 0x41, 0x08, 0x41, 0x08, 0x41, 0x08, 0x41, 0x08, 0x41, 0x08, 0x41, 0x08, 0x41,
    0x08, 0x41, 0x08, 0x41, 0x08, 0x41, 0x08, 0x41, 0x08, 0x41, 0x08, 0x41, 0x08, 0x41, 0x08, 0x41,
    0x08, 0x41, 0x08, 0x41, 0x08, 0x41, 0x08, 0x41, 0x08, 0x41, 0x08, 0x41, 0x08, 0x41, 0x08, 0x41,
    0x08, 0x41, 0x08, 0x41, 0x08, 0x41, 0x08, 0x41, 0x08, 0x41, 0x08, 0x41, 0x08, 0x41, 0x08, 0x41,
    0x08, 0x41, 0x08, 0x41, 0x08, 0x41, 0x08, 0x41, 0x08, 0x41, 0x08, 0x41, 0x08, 0x41, 0x08, 0x41,
    0x08, 0x41, 0x08, 0x41, 0x08, 0x41, 0x08, 0x41, 0x08, 0x41, 0x08, 0x41, 0x08, 0x41, 0x08, 0x41,
    0x08, 0x41, 0x08, 0x41, 0x08, 0x41, 0x08, 0x41, 0x08, 0x41, 0x08, 0x41, 0x08, 0x41, 0x08, 0x41,
    0x08, 0x41, 0x08, 0x41, 0x08, 0x41, 0x08, 0x41, 0x08, 0x41, 0x08, 0x41, 0x08, 0x41, 0x08, 0x41,
    0x08, 0x41, 0x08, 0x41, 0x08, 0x41, 0x08, 0x41, 0x08, 0x41, 0x08, 0x41, 0x08, 0x41, 0x08, 0x41,
    0x08, 0x41, 0x08, 0x41, 0x08, 0x41, 0x08, 0x41, 0x08, 0x41, 0x08, 0x41, 0x08, 0x41, 0x08, 0x41,
    0x08, 0x41, 0x08, 0x41, 0x08, 0x41, 0x08, 0x41, 0x08, 0x41, 0x08, 0x41, 0x08, 0x41, 0x08, 0x41,
    0x08, 0x41, 0x08, 0x41, 0x08, 0x41, 0x08, 0x41, 0x08, 0x41, 0x08, 0x41, 0x08, 0x41, 0x08, 0x41,
    0x08, 0x41, 0x08, 0x41, 0x08, 0x41, 0x08, 0x41, 0x08, 0x41, 0x08, 0x41, 0x08, 0x41, 0x08, 0x41,
    0x08, 0x41, 0x08, 0x41, 0x08, 0x41, 0x08, 0x41, 0x08, 0x41, 0x08, 0x41, 0x08, 0x41, 0x08, 0x41,
    0x08, 0x41, 0x08, 0x41, 0x08, 0x41, 0x08, 0x41, 0x08, 0x41, 0x08, 0x41, 0x08, 0x41, 0x08, 0x41,
    0x08, 0x41, 0x08, 0x41, 0x08, 0x41, 0x08, 0x41, 0x08, 0x41, 0x08, 0x41, 0x08, 0x41, 0x08, 0x41,
    0x08, 0x41, 0x08, 0x41, 0x08, 0x41, 0x08, 0x41, 0x08, 0x41, 0x08, 0x41, 0x08, 0x41, 0x08, 0x41,
    0x08, 0x41, 0x08, 0x41, 0x08, 0x41, 0x08, 0x41, 0x08, 0x41, 0x08, 0x41, 0x08, 0x41, 0x08, 0x41,
    0x08, 0x41, 0x08, 0x41, 0x08, 0x41, 0x08, 0x41, 0x08, 0x41, 0x08, 0x41, 0x08, 0x41, 0x08, 0x41,
    0x08, 0x41, 0x08, 0x41, 0x08, 0x41, 0x08, 0x41, 0x08, 0x41, 0x08, 0x41, 0x08, 0x41, 0x08, 0x41,
    0x08, 0x41, 0x08, 0x41, 0x08, 0x41, 0x08, 0x41, 0x08, 0x41, 0x08, 0x41, 0x08, 0x41, 0x08, 0x41,
    0x08, 0x41, 0x08, 0x41, 0x08, 0x41, 0x08, 0x41, 0x08, 0x41, 0x08, 0x41, 0x08, 0x41, 0x08, 0x41,
    0x08, 0x41, 0x08, 0x41, 0x08, 0x41, 0x08, 0x41, 0x08, 0x41, 0x08, 0x41, 0x08, 0x41, 0x08, 0x41,
    0x08, 0x41, 0x08, 0x41, 0x08, 0x41, 0x08, 0x41, 0x08, 0x41, 0x08, 0x41, 0x08, 0x41, 0x08, 0x41,
    0x08, 0x41, 0x08, 0x41, 0x08, 0x41, 0x08, 0x41, 0x08, 0x41, 0x08, 0x41, 0x08, 0x41, 0x08, 0x41,
    0x08, 0x41, 0x08, 0x41, 0x08, 0x41, 0x08, 0x41, 0x08, 0x41, 0x08, 0x41, 0x08, 0x41, 0x08, 0x41,
    0x08, 0x41, 0x08, 0x41, 0x08, 0x41, 0x08, 0x41, 0x08, 0x41, 0x08, 0x41, 0x08, 0x41, 0x08, 0x41,
    0x08, 0x41, 0x08, 0x41, 0x08, 0x41, 0x08, 0x41, 0x08, 0x41, 0x08, 0x41, 0x08, 0x41, 0x08, 0x41,
    0x08, 0x41, 0x08, 0x41, 0x08, 0x41, 0x08, 0x41, 0x08, 0x41, 0x08, 0x41, 0x08, 0x41, 0x08, 0x41,
    0x08, 0x41, 0x08, 0x41, 0x08, 0x41, 0x08, 0x41, 0x08, 0x41, 0x08, 0x41, 0x08, 0x41, 0x08, 0x41,
    0x08, 0x41, 0x08, 0x41, 0x08, 0x41, 0x08, 0x41, 0x08, 0x41, 0x08, 0x41, 0x08, 0x41, 0x08, 0x41,
    0x08, 0x41, 0x08, 0x41, 0x08, 0x41, 0x08, 0x41, 0x08, 0x41, 0x08, 0x41, 0x08, 0x41, 0x08, 0x41,
    0x08, 0x41, 0x08, 0x41, 0x08, 0x41, 0x08, 0x41, 0x08, 0x41, 0x08, 0x41, 0x08, 0x41, 0x08, 0x41,
    0x08, 0x41, 0x08, 0x41, 0x08, 0x41, 0x08, 0x41, 0x08, 0x41, 0x08, 0x41, 0x08, 0x41, 0x08, 0x41,
    0x08, 0x41, 0x08, 0x41, 0x08, 0x41, 0x08, 0x41, 0x08, 0x41, 0x08, 0x41, 0x08, 0x41, 0x08, 0x41,
    0x08, 0x41, 0x08, 0x41, 0x08, 0x41, 0x08, 0x41, 0x08, 0x41, 0x08, 0x41, 0x08, 0x41, 0x08, 0x41,
    0x08, 0x41, 0x08, 0x41, 0x08, 0x41, 0x08, 0x41, 0x08, 0x41, 0x08, 0x41, 0x08, 0x41, 0x08, 0x41,
    0x08, 0x41, 0x08, 0x41, 0x08, 0x41, 0x08, 0x41, 0x08, 0x41, 0x08, 0x41, 0x08, 0x41, 0x08, 0x41,
    0x08, 0x41, 0x08, 0x41, 0x08, 0x41, 0x08, 0x41, 0x08, 0x41, 0x08, 0x41, 0x08, 0x41, 0x08, 0x41,
    0x08, 0x41, 0x08, 0x41, 0x08, 0x41, 0x08, 0x41, 0x08, 0x41, 0x08, 0x41, 0x08, 0x41, 0x08, 0x41,
    0x08, 0x41, 0x08, 0x41, 0x08, 0x41, 0x08, 0x41, 0x08, 0x41, 0x08, 0x41, 0x08, 0x41, 0x08, 0x41,
    0x08, 0x41, 0x08, 0x41, 0x08, 0x41, 0x08, 0x41, 0x08, 0x41, 0x08, 0x41, 0x08, 0x41, 0x08, 0x41,
    0x08, 0x41, 0x08, 0x41, 0x08, 0x41, 0x08, 0x41, 0x08, 0x41, 0x08, 0x41, 0x08, 0x41, 0x08, 0x41,
    0x08, 0x41, 0x08, 0x41, 0x08, 0x41, 0x08, 0x41, 0x08, 0x41, 0x08, 0x41, 0x08, 0x41, 0x08, 0x41,
    0x08, 0x41, 0x08, 0x41, 0x08, 0x41, 0x08, 0x41, 0x08, 0x41, 0x08, 0x41, 0x08, 0x41, 0x08, 0x41,
    0x08, 0x41, 0x08, 0x41, 0x08, 0x41, 0x08, 0x41, 0x08, 0x41, 0x08, 0x41, 0x08, 0x41, 0x08, 0x41,
    0x08, 0x41, 0x08, 0x41, 0x08, 0x41, 0x08, 0x41, 0x08, 0x41, 0x08, 0x41, 0x08, 0x41, 0x08, 0x41,
    0x08, 0x41, 0x08, 0x41, 0x08, 0x41, 0x08, 0x41, 0x08, 0x41, 0x08, 0x41, 0x08, 0x41, 0x08, 0x41,
    0x08, 0x41, 0x08, 0x41, 0x08, 0x41, 0x08, 0x41, 0x08, 0x41, 0x08, 0x41, 0x08, 0x41, 0x08, 0x41,
    0x08, 0x41, 0x08, 0x41, 0x08, 0x41, 0x08, 0x41, 0x08, 0x41, 0x08, 0x41, 0x08, 0x41, 0x08, 0x41,
    0x08, 0x41, 0x08, 0x41, 0x08, 0x41, 0x08, 0x41, 0x08, 0x41, 0x08, 0x41, 0x08, 0x41, 0x08, 0x41,
    0x08, 0x41, 0x08, 0x41, 0x08, 0x41, 0x08, 0x41, 0x08, 0x41, 0x08, 0x41, 0x08, 0x41, 0x08, 0x41,
    0x08, 0x41, 0x08, 0x41, 0x08, 0x41, 0x08, 0x41, 0x08, 0x41, 0x08, 0x41, 0x08, 0x41, 0x08, 0x41,
    0x08, 0x41, 0x08, 0x41, 0x08, 0x41, 0x08, 0x41, 0x08, 0x41, 0x08, 0x41, 0x08, 0x41, 0x08, 0x41,
    0x08, 0x41, 0x08, 0x41, 0x08, 0x41, 0x08, 0x41, 0x08, 0x41, 0x08, 0x41, 0x08, 0x41, 0x08, 0x41,
    0x08, 0x41, 0x08, 0x41, 0x08, 0x41, 0x08, 0x41, 0x08, 0x41, 0x08, 0x41, 0x08, 0x41, 0x08, 0x41,
    0x08, 0x41, 0x08, 0x41, 0x08, 0x41, 0x08, 0x41, 0x08, 0x41, 0x08, 0x41, 0x08, 0x41, 0x08, 0x41,
    0x08, 0x41, 0x08, 0x41, 0x08, 0x41, 0x08, 0x41, 0x08, 0x41, 0x08, 0x41, 0x08, 0x41, 0x08, 0x41,
    0x08, 0x41, 0x08, 0x41, 0x08, 0x41, 0x08, 0x41, 0x08, 0x41, 0x08, 0x41, 0x08, 0x41, 0x08, 0x41,
    0x08, 0x41, 0x08, 0x41, 0x08, 0x41, 0x08, 0x41, 0x08, 0x41, 0x08, 0x41, 0x08, 0x41, 0x08, 0x41,
    0x08, 0x41, 0x08, 0x41, 0x08, 0x41, 0x08, 0x41, 0x08, 0x41, 0x08, 0x41, 0x08, 0x41, 0x08, 0x41,
    0x08, 0x41, 0x08, 0x41, 0x08, 0x41, 0x08, 0x41, 0x08, 0x41, 0x08, 0x41, 0x08, 0x41, 0x08, 0x41,
    0x08, 0x41, 0x08, 0x41, 0x08, 0x41, 0x08, 0x41, 0x08, 0x41, 0x08, 0x41, 0x08, 0x41, 0x08, 0x41,
    0x08, 0x41, 0x08, 0x41, 0x08, 0x41, 0x08, 0x41, 0x08, 0x41, 0x08, 0x41, 0x08, 0x41, 0x08, 0x41,
    0x08, 0x41, 0x08, 0x41, 0x08, 0x41, 0x08, 0x41, 0x08, 0x41, 0x08, 0x41, 0x08, 0x41, 0x08, 0x41,
    0x08, 0x41, 0x08, 0x41, 0x08, 0x41, 0x08, 0x41, 0x08, 0x41, 0x08, 0x41, 0x08, 0x41, 0x08, 0x41,
    0x08, 0x41, 0x08, 0x41, 0x08, 0x41, 0x08, 0x41, 0x08, 0x41, 0x08, 0x41, 0x08, 0x41, 0x08, 0x41,
    0x08, 0x41, 0x08, 0x41, 0x08, 0x41, 0x08, 0x41, 0x08, 0x41, 0x08, 0x41, 0x08, 0x41, 0x08, 0x41,
    0x08, 0x41, 0x08, 0x41, 0x08, 0x41, 0x08, 0x41, 0x08, 0x41, 0x08, 0x41, 0x08, 0x41, 0x08, 0x41,
    0x08, 0x41, 0x08, 0x41, 0x08, 0x41, 0x08, 0x41, 0x08, 0x41, 0x08, 0x41, 0x08, 0x41, 0x08, 0x41,
    0x08, 0x41, 0x08, 0x41, 0x08, 0x41, 0x08, 0x41, 0x08, 0x41, 0x08, 0x41, 0x08, 0x41, 0x08, 0x41,
    0x08, 0x41, 0x08, 0x41, 0x08, 0x41, 0x08, 0x41, 0x08, 0x41, 0x08, 0x41, 0x08, 0x41, 0x08, 0x41,
    0x08, 0x41, 0x08, 0x41, 0x08, 0x41, 0x08, 0x41, 0x08, 0x41, 0x08, 0x41, 0x08, 0x41, 0x08, 0x41,
    0x08, 0x41, 0x08, 0x41, 0x08, 0x41, 0x08, 0x41, 0x08, 0x41, 0x08, 0x41, 0x08, 0x41, 0x08, 0x41,
    0x08, 0x41, 0x08, 0x41, 0x08, 0x41, 0x08, 0x41, 0x08, 0x41, 0x08, 0x41, 0x08, 0x41, 0x08, 0x41,
    0x08, 0x41, 0x08, 0x41, 0x08, 0x41, 0x08, 0x41, 0x08, 0x41, 0x08, 0x41, 0x08, 0x41, 0x08, 0x41,
    0x08, 0x41, 0x08, 0x41, 0x08, 0x41, 0x08, 0x41, 0x08, 0x41, 0x08, 0x41, 0x08, 0x41, 0x08, 0x41,
    0x08, 0x41, 0x08, 0x41, 0x08, 0x41, 0x08, 0x41, 0x08, 0x41, 0x08, 0x41, 0x08, 0x41, 0x08, 0x41,
    0x08, 0x41, 0x08, 0x41, 0x08, 0x41, 0x08, 0x41, 0x08, 0x41, 0x08, 0x41, 0x08, 0x41, 0x08, 0x41,
    0x08, 0x41, 0x08, 0x41, 0x08, 0x41, 0x08, 0x41, 0x08, 0x41, 0x08, 0x41, 0x08, 0x41, 0x08, 0x41,
    0x08, 0x41, 0x08, 0x41, 0x08, 0x41, 0x08, 0x41, 0x08, 0x41, 0x08, 0x41, 0x08, 0x41, 0x08, 0x41,
    0x08, 0x41, 0x08, 0x41, 0x08, 0x41, 0x08, 0x41, 0x08, 0x41, 0x08, 0x41, 0x08, 0x41, 0x08, 0x41,
    0x08, 0x41, 0x08, 0x41, 0x08, 0x41, 0x08, 0x41, 0x08, 0x41, 0x08, 0x41, 0x08, 0x41, 0x08, 0x41,
    0x08, 0x41, 0x08, 0x41, 0x08, 0x41, 0x08, 0x41, 0x08, 0x41, 0x08, 0x41, 0x08, 0x41, 0x08, 0x41,
    0x08, 0x41, 0x08, 0x41, 0x08, 0x41, 0x08, 0x41, 0x08, 0x41, 0x08, 0x41, 0x08, 0x41, 0x08, 0x41,
    0x08, 0x41, 0x08, 0x41, 0x08, 0x41, 0x08, 0x41, 0x08, 0x41, 0x08, 0x41, 0x08, 0x41, 0x08, 0x41,
    0x08, 0x41, 0x08, 0x41, 0x08, 0x41, 0x08, 0x41, 0x08, 0x41, 0x08, 0x41, 0x08, 0x41, 0x08, 0x41,
    0x08, 0x41, 0x08, 0x41, 0x08, 0x41, 0x08, 0x41, 0x08, 0x41, 0x08, 0x41, 0x08, 0x41, 0x08, 0x41,
    0x08, 0x41, 0x08, 0x41, 0x08, 0x41, 0x08, 0x41, 0x08, 0x41, 0x08, 0x41, 0x08, 0x41, 0x08, 0x41,
    0x08, 0x41, 0x08, 0x41, 0x08, 0x41, 0x08, 0x41, 0x08, 0x41, 0x08, 0x41, 0x08, 0x41, 0x08, 0x41,
    0x08, 0x41, 0x08, 0x41, 0x08, 0x41, 0x08, 0x41, 0x08, 0x41, 0x08, 0x41, 0x08, 0x41, 0x08, 0x41,
    0x08, 0x41, 0x08, 0x41, 0x08, 0x41, 0x08, 0x41, 0x08, 0x41, 0x08, 0x41, 0x08, 0x41, 0x08, 0x41,
    0x08, 0x41, 0x08, 0x41, 0x08, 0x41, 0x08, 0x41, 0x08, 0x41, 0x08, 0x41, 0x08, 0x41, 0x08, 0x41,
    0x08, 0x41, 0x08, 0x41, 0x08, 0x41, 0x08, 0x41, 0x08, 0x41, 0x08, 0x41, 0x08, 0x41, 0x08, 0x41,
    0x08, 0x41, 0x08, 0x41, 0x08, 0x41, 0x08, 0x41, 0x08, 0x41, 0x08, 0x41, 0x08, 0x41, 0x08, 0x41,
    0x08, 0x41, 0x08, 0x41, 0x08, 0x41, 0x08, 0x41, 0x08, 0x41, 0x08, 0x41, 0x08, 0x41, 0x08, 0x41,
    0x08, 0x41, 0x08, 0x41, 0x08, 0x41, 0x08, 0x41, 0x08, 0x41, 0x08, 0x41, 0x08, 0x41, 0x08, 0x41,
    0x08, 0x41, 0x08, 0x41, 0x08, 0x41, 0x08, 0x41, 0x08, 0x41, 0x08, 0x41, 0x08, 0x41, 0x08, 0x41,
    0x08, 0x41, 0x08, 0x41, 0x08, 0x41, 0x08, 0x41, 0x08, 0x41, 0x08, 0x41, 0x08, 0x41, 0x08, 0x41,
    0x08, 0x41, 0x08, 0x41, 0x08, 0x41, 0x08, 0x41, 0x08, 0x41, 0x08, 0x41, 0x08, 0x41, 0x08, 0x41,
    0x08, 0x41, 0x08, 0x41, 0x08, 0x41, 0x08, 0x41, 0x08, 0x41, 0x08, 0x41, 0x08, 0x41, 0x08, 0x41,
    0x08, 0x41, 0x08, 0x41, 0x08, 0x41, 0x08, 0x41, 0x08, 0x41, 0x08, 0x41, 0x08, 0x41, 0x08, 0x41,
    0x08, 0x41, 0x08, 0x41, 0x08, 0x41, 0x08, 0x41, 0x08, 0x41, 0x08, 0x41, 0x08, 0x41, 0x08, 0x41,
    0x08, 0x41, 0x08, 0x41, 0x08, 0x41, 0x08, 0x41, 0x08, 0x41, 0x08, 0x41, 0x08, 0x41, 0x08, 0x41,
    0x08, 0x41, 0x08, 0x41, 0x08, 0x41, 0x08, 0x41, 0x08, 0x41, 0x08, 0x41, 0x08, 0x41, 0x08, 0x41,
    0x08, 0x41, 0x08, 0x41, 0x08, 0x41, 0x08, 0x41, 0x08, 0x41, 0x08, 0x41, 0x08, 0x41, 0x08, 0x41,
    0x08, 0x41, 0x08, 0x41, 0x08, 0x41, 0x08, 0x41, 0x08, 0x41, 0x08, 0x41, 0x08, 0x41, 0x08, 0x41,
    0x08, 0x41, 0x08, 0x41, 0x08, 0x41, 0x08, 0x41, 0x08, 0x41, 0x08, 0x41, 0x08, 0x41, 0x08, 0x41,
    0x08, 0x41, 0x08, 0x41, 0x08, 0x41, 0x08, 0x41, 0x08, 0x41, 0x08, 0x41, 0x08, 0x41, 0x08, 0x41,
    0x08, 0x41, 0x08, 0x41, 0x08, 0x41, 0x08, 0x41, 0x08, 0x41, 0x08, 0x41, 0x08, 0x41, 0x08, 0x41,
    0x08, 0x41, 0x08, 0x41, 0x08, 0x41, 0x08, 0x41, 0x08, 0x41, 0x08, 0x41, 0x08, 0x41, 0x08, 0x41,
    0x08, 0x41, 0x08, 0x41, 0x08, 0x41, 0x08, 0x41, 0x08, 0x41, 0x08, 0x41, 0x08, 0x41, 0x08, 0x41,
    0x08, 0x41, 0x08, 0x41, 0x08, 0x41, 0x08, 0x41, 0x08, 0x41, 0x08, 0x41, 0x08, 0x41, 0x08, 0x41,
    0x08, 0x41, 0x08, 0x41, 0x08, 0x41, 0x08, 0x41, 0x08, 0x41, 0x08, 0x41, 0x08, 0x41, 0x08, 0x41,
    0x08, 0x41, 0x08, 0x41, 0x08, 0x41, 0x08, 0x41, 0x08, 0x41, 0x08, 0x41, 0x08, 0x41, 0x08, 0x41,
    0x08, 0x41, 0x08, 0x41, 0x08, 0x41, 0x08, 0x41, 0x08, 0x41, 0x08, 0x41, 0x08, 0x41, 0x08, 0x41,
    0x08, 0x41, 0x08, 0x41, 0x08, 0x41, 0x08, 0x41, 0x08, 0x41, 0x08, 0x41, 0x08, 0x41, 0x08, 0x41,
    0x08, 0x41, 0x08, 0x41, 0x08, 0x41, 0x08, 0x41, 0x08, 0x41, 0x08, 0x41, 0x08, 0x41, 0x08, 0x41,
    0x08, 0x41, 0x08, 0x41, 0x08, 0x41, 0x08, 0x41, 0x08, 0x41, 0x08, 0x41, 0x08, 0x41, 0x08, 0x41,
    0x08, 0x41, 0x08, 0x41, 0x08, 0x41, 0x08, 0x41, 0x08, 0x41, 0x08, 0x41, 0x08, 0x41, 0x08, 0x41,
    0x08, 0x41, 0x08, 0x41, 0x08, 0x41, 0x08, 0x41, 0x08, 0x41, 0x08, 0x41, 0x08, 0x41, 0x08, 0x41,
    0x08, 0x41, 0x08, 0x41, 0x08, 0x41, 0x08, 0x41, 0x08, 0x41, 0x08, 0x41, 0x08, 0x41, 0x08, 0x41,
    0x08, 0x41, 0x08, 0x41, 0x08, 0x41, 0x08, 0x41, 0x08, 0x41, 0x08, 0x41, 0x08, 0x41, 0x08, 0x41,
    0x08, 0x41, 0x08, 0x41, 0x08, 0x41, 0x08, 0x41, 0x08, 0x41, 0x08, 0x41, 0x08, 0x41, 0x08, 0x41,
    0x08, 0x41, 0x08, 0x41, 0x08, 0x41, 0x08, 0x41, 0x08, 0x41, 0x08, 0x41, 0x08, 0x41, 0x08, 0x41,
    0x08, 0x41, 0x08, 0x41, 0x08, 0x41, 0x08, 0x41, 0x08, 0x41, 0x08, 0x41, 0x08, 0x41, 0x08, 0x41,
    0x08, 0x41, 0x08, 0x41, 0x08, 0x41, 0x08, 0x41, 0x08, 0x41, 0x08, 0x41, 0x08, 0x41, 0x08, 0x41,
    0x08, 0x41, 0x08, 0x41, 0x08, 0x41, 0x08, 0x41, 0x08, 0x41, 0x08, 0x41, 0x08, 0x41, 0x08, 0x41,
    0x08, 0x41, 0x08, 0x41, 0x08, 0x41, 0x08, 0x41, 0x08, 0x41, 0x08, 0x41, 0x08, 0x41, 0x08, 0x41,
    0x08, 0x41, 0x08, 0x41, 0x08, 0x41, 0x08, 0x41, 0x08, 0x41, 0x08, 0x41, 0x08, 0x41, 0x08, 0x41,
    0x08, 0x41, 0x08, 0x41, 0x08, 0x41, 0x08, 0x41, 0x08, 0x41, 0x08, 0x41, 0x08, 0x41, 0x08, 0x41,
    0x08, 0x41, 0x08, 0x41, 0x08, 0x41, 0x08, 0x41, 0x08, 0x41, 0x08, 0x41, 0x08, 0x41, 0x08, 0x41,
    0x08, 0x41, 0x08, 0x41, 0x08, 0x41, 0x08, 0x41, 0x08, 0x41, 0x08, 0x41, 0x08, 0x41, 0x08, 0x41,
    0x08, 0x41, 0x08, 0x41, 0x08, 0x41, 0x08, 0x41, 0x08, 0x41, 0x08, 0x41, 0x08, 0x41, 0x08, 0x41,
    0x08, 0x41, 0x08, 0x41, 0x08, 0x41, 0x08, 0x41, 0x08, 0x41, 0x08, 0x41, 0x08, 0x41, 0x08, 0x41,
    0x08, 0x41, 0x08, 0x41, 0x08, 0x41, 0x08, 0x41, 0x08, 0x41, 0x08, 0x41, 0x08, 0x41, 0x08, 0x41,
    0x08, 0x41, 0x08, 0x41, 0x08, 0x41, 0x08, 0x41, 0x08, 0x41, 0x08, 0x41, 0x08, 0x41, 0x08, 0x41,
    0x08, 0x41, 0x08, 0x41, 0x08, 0x41, 0x08, 0x41, 0x08, 0x41, 0x08, 0x41, 0x08, 0x41, 0x08, 0x41,
    0x08, 0x41, 0x08, 0x41, 0x08, 0x41, 0x08, 0x41, 0x08, 0x41, 0x08, 0x41, 0x08, 0x41, 0x08, 0x41,
    0x08, 0x41, 0x08, 0x41, 0x08, 0x41, 0x08, 0x41, 0x08, 0x41, 0x08, 0x41, 0x08, 0x41, 0x08, 0x41,
    0x08, 0x41, 0x08, 0x41, 0x08, 0x41, 0x08, 0x41, 0x08, 0x41, 0x08, 0x41, 0x08, 0x41, 0x08, 0x41,
    0x08, 0x41, 0x08, 0x41, 0x08, 0x41, 0x08, 0x41, 0x08, 0x41, 0x08, 0x41, 0x08, 0x41, 0x08, 0x41,
    0x08, 0x41, 0x08, 0x41, 0x08, 0x41, 0x08, 0x41, 0x08, 0x41, 0x08, 0x41, 0x08, 0x41, 0x08, 0x41,
    0x08, 0x41, 0x08, 0x41, 0x08, 0x41, 0x08, 0x41, 0x08, 0x41, 0x08, 0x41, 0x08, 0x41, 0x08, 0x41,
    0x08, 0x41, 0x08, 0x41, 0x08, 0x41, 0x08, 0x41, 0x08, 0x41, 0x08, 0x41, 0x08, 0x41, 0x08, 0x41,
    0x08, 0x41, 0x08, 0x41, 0x08, 0x41, 0x08, 0x41, 0x08, 0x41, 0x08, 0x41, 0x08, 0x41, 0x08, 0x41,
    0x08, 0x41, 0x08, 0x41, 0x08, 0x41, 0x08, 0x41, 0x08, 0x41, 0x08, 0x41, 0x08, 0x41, 0x08, 0x41,
    0x08, 0x41, 0x08, 0x41, 0x08, 0x41, 0x08, 0x41, 0x08, 0x41, 0x08, 0x41, 0x08, 0x41, 0x08, 0x41,
    0x08, 0x41, 0x08, 0x41, 0x08, 0x41, 0x08, 0x41, 0x08, 0x41, 0x08, 0x41, 0x08, 0x41, 0x08, 0x41,
    0x08, 0x41, 0x08, 0x41, 0x08, 0x41, 0x08, 0x41, 0x08, 0x41, 0x08, 0x41, 0x08, 0x41, 0x08, 0x41,
    0x08, 0x41, 0x08, 0x41, 0x08, 0x41, 0x08, 0x41, 0x08, 0x41, 0x08, 0x41, 0x08, 0x41, 0x08, 0x41,
    0x08, 0x41, 0x08, 0x41, 0x08, 0x41, 0x08, 0x41, 0x08, 0x41, 0x08, 0x41, 0x08, 0x41, 0x08, 0x41,
    0x08, 0x41, 0x08, 0x41, 0x08, 0x41, 0x08, 0x41, 0x08, 0x41, 0x08, 0x41, 0x08, 0x41, 0x08, 0x41,
    0x08, 0x41, 0x08, 0x41, 0x08, 0x41, 0x08, 0x41, 0x08, 0x41, 0x08, 0x41, 0x08, 0x41, 0x08, 0x41,
    0x08, 0x41, 0x08, 0x41, 0x08, 0x41, 0x08, 0x41, 0x08, 0x41, 0x08, 0x41, 0x08, 0x41, 0x08, 0x41,
    0x08, 0x41, 0x08, 0x41, 0x08, 0x41, 0x08, 0x41, 0x08, 0x41, 0x08, 0x41, 0x08, 0x41, 0x08, 0x41,
    0x08, 0x41, 0x08, 0x41, 0x08, 0x41, 0x08, 0x41, 0x08, 0x41, 0x08, 0x41, 0x08, 0x41, 0x08, 0x41,
    0x08, 0x41, 0x08, 0x41, 0x08, 0x41, 0x08, 0x41, 0x08, 0x41, 0x08, 0x41, 0x08, 0x41, 0x08, 0x41,
    0x08, 0x41, 0x08, 0x41, 0x08, 0x41, 0x08, 0x41, 0x08, 0x41, 0x08, 0x41, 0x08, 0x41, 0x08, 0x41,
    0x08, 0x41, 0x08, 0x41, 0x08, 0x41, 0x08, 0x41, 0x08, 0x41, 0x08, 0x41, 0x08, 0x41, 0x08, 0x41,
    0x08, 0x41, 0x08, 0x41, 0x08, 0x41, 0x08, 0x41, 0x08, 0x41, 0x08, 0x41, 0x08, 0x41, 0x08, 0x41,
    0x08, 0x41, 0x08, 0x41, 0x08, 0x41, 0x08, 0x41, 0x08, 0x41, 0x08, 0x41, 0x08, 0x41, 0x08, 0x41,
    0x08, 0x41, 0x08, 0x41, 0x08, 0x41, 0x08, 0x41, 0x08, 0x41, 0x08, 0x41, 0x08, 0x41, 0x08, 0x41,
    0x08, 0x41, 0x08, 0x41, 0x08, 0x41, 0x08, 0x41, 0x08, 0x41, 0x08, 0x41, 0x08, 0x41, 0x08, 0x41,
    0x08, 0x41, 0x08, 0x41, 0x08, 0x41, 0x08, 0x41, 0x08, 0x41, 0x08, 0x41, 0x08, 0x41, 0x08, 0x41,
    0x08, 0x41, 0x08, 0x41, 0x08, 0x41, 0x08, 0x41, 0x08, 0x41, 0x08, 0x41, 0x08, 0x41, 0x08, 0x41,
    0x08, 0x41, 0x08, 0x41, 0x08, 0x41, 0x08, 0x41, 0x08, 0x41, 0x08, 0x41, 0x08, 0x41, 0x08, 0x41,
    0x08, 0x41, 0x08, 0x41, 0x08, 0x41, 0x08, 0x41, 0x08, 0x41, 0x08, 0x41, 0x08, 0x41, 0x08, 0x41,
    0x08, 0x41, 0x08, 0x41, 0x08, 0x41, 0x08, 0x41, 0x08, 0x41, 0x08, 0x41, 0x08, 0x41, 0x08, 0x41,
    0x08, 0x41, 0x08, 0x41, 0x08, 0x41, 0x08, 0x41, 0x08, 0x41, 0x08, 0x41, 0x08, 0x41, 0x08, 0x41,
    0x08, 0x41, 0x08, 0x41, 0x08, 0x41, 0x08, 0x41, 0x08, 0x41, 0x08, 0x41, 0x08, 0x41, 0x08, 0x41,
    0x08, 0x41, 0x08, 0x41, 0x08, 0x41, 0x08, 0x41, 0x08, 0x41, 0x08, 0x41, 0x08, 0x41, 0x08, 0x41,
    0x08, 0x41, 0x08, 0x41, 0x08, 0x41, 0x08, 0x41, 0x08, 0x41, 0x08, 0x41, 0x08, 0x41, 0x08, 0x41,
    0x08, 0x41, 0x08, 0x41, 0x08, 0x41, 0x08, 0x41, 0x08, 0x41, 0x08, 0x41, 0x08, 0x41, 0x08, 0x41,
    0x08, 0x41, 0x08, 0x41, 0x08, 0x41, 0x08, 0x41, 0x08, 0x41, 0x08, 0x41, 0x08, 0x41, 0x08, 0x41,
    0x08, 0x41, 0x08, 0x41, 0x08, 0x41, 0x08, 0x41, 0x08, 0x41, 0x08, 0x41, 0x08, 0x41, 0x08, 0x41,
    0x08, 0x41, 0x08, 0x41, 0x08, 0x41, 0x08, 0x41, 0x08, 0x41, 0x08, 0x41, 0x08, 0x41, 0x08, 0x41,
    0x08, 0x41, 0x08, 0x41, 0x08, 0x41, 0x08, 0x41, 0x08, 0x41, 0x08, 0x41, 0x08, 0x41, 0x08, 0x41,
    0x08, 0x41, 0x08, 0x41, 0x08, 0x41, 0x08, 0x41, 0x08, 0x41, 0x08, 0x41, 0x08, 0x41, 0x08, 0x41,
    0x08, 0x41, 0x08, 0x41, 0x08, 0x41, 0x08, 0x41, 0x08, 0x41, 0x08, 0x41, 0x08, 0x41, 0x08, 0x41,
    0x08, 0x41, 0x08, 0x41, 0x08, 0x41, 0x08, 0x41, 0x08, 0x41, 0x08, 0x41, 0x08, 0x41, 0x08, 0x41,
    0x08, 0x41, 0x08, 0x41, 0x08, 0x41, 0x08, 0x41, 0x08, 0x41, 0x08, 0x41, 0x08, 0x41, 0x08, 0x41,
    0x08, 0x41, 0x08, 0x41, 0x08, 0x41, 0x08, 0x41, 0x08, 0x41, 0x08, 0x41, 0x08, 0x41, 0x08, 0x41,
    0x08, 0x41, 0x08, 0x41, 0x08, 0x41, 0x08, 0x41, 0x08, 0x41, 0x08, 0x41, 0x08, 0x41, 0x08, 0x41,
    0x08, 0x41, 0x08, 0x41, 0x08, 0x41, 0x08, 0x41, 0x08, 0x41, 0x08, 0x41, 0x08, 0x41, 0x08, 0x41,
    0x08, 0x41, 0x08, 0x41, 0x08, 0x41, 0x08, 0x41, 0x08, 0x41, 0x08, 0x41, 0x08, 0x41, 0x08, 0x41,
    0x08, 0x41, 0x08, 0x41, 0x08, 0x41, 0x08, 0x41, 0x08, 0x41, 0x08, 0x41, 0x08, 0x41, 0x08, 0x41,
    0x08, 0x41, 0x08, 0x41, 0x08, 0x41, 0x08, 0x41, 0x08, 0x41, 0x08, 0x41, 0x08, 0x41, 0x08, 0x41,
    0x08, 0x41, 0x08, 0x41, 0x08, 0x41, 0x08, 0x41, 0x08, 0x41, 0x08, 0x41, 0x08, 0x41, 0x08, 0x41,
    0x08, 0x41, 0x08, 0x41, 0x08, 0x41, 0x08, 0x41, 0x08, 0x41, 0x08, 0x41, 0x08, 0x41, 0x08, 0x41,
    0x08, 0x41, 0x08, 0x41, 0x08, 0x41, 0x08, 0x41, 0x08, 0x41, 0x08, 0x41, 0x08, 0x41, 0x08, 0x41,
    0x08, 0x41, 0x08, 0x41, 0x08, 0x41, 0x08, 0x41, 0x08, 0x41, 0x08, 0x41, 0x08, 0x41, 0x08, 0x41,
    0x08, 0x41, 0x08, 0x41, 0x08, 0x41, 0x08, 0x41, 0x08, 0x41, 0x08, 0x41, 0x08, 0x41, 0x08, 0x41,
    0x08, 0x41, 0x08, 0x41, 0x08, 0x41, 0x08, 0x41, 0x08, 0x41, 0x08, 0x41, 0x08, 0x41, 0x08, 0x41,
    0x08, 0x41, 0x08, 0x41, 0x08, 0x41, 0x08, 0x41, 0x08, 0x41, 0x08, 0x41, 0x08, 0x41, 0x08, 0x41,
    0x08, 0x41, 0x08, 0x41, 0x08, 0x41, 0x08, 0x41, 0x08, 0x41, 0x08, 0x41, 0x08, 0x41, 0x08, 0x41,
    0x08, 0x41, 0x08, 0x41, 0x08, 0x41, 0x08, 0x41, 0x08, 0x41, 0x08, 0x41, 0x08, 0x41, 0x08, 0x41,
    0x08, 0x41, 0x08, 0x41, 0x08, 0x41, 0x08, 0x41, 0x08, 0x41, 0x08, 0x41, 0x08, 0x41, 0x08, 0x41,
    0x08, 0x41, 0x08, 0x41, 0x08, 0x41, 0x08, 0x41, 0x08, 0x41, 0x08, 0x41, 0x08, 0x41, 0x08, 0x41,
    0x08, 0x41, 0x08, 0x41, 0x08, 0x41, 0x08, 0x41, 0x08, 0x41, 0x08, 0x41, 0x08, 0x41, 0x08, 0x41,
    0x08, 0x41, 0x08, 0x41, 0x08, 0x41, 0x08, 0x41, 0x08, 0x41, 0x08, 0x41, 0x08, 0x41, 0x08, 0x41,
    0x08, 0x41, 0x08, 0x41, 0x08, 0x41, 0x08, 0x41, 0x08, 0x41, 0x08, 0x41, 0x08, 0x41, 0x08, 0x41,
    0x08, 0x41, 0x08, 0x41, 0x08, 0x41, 0x08, 0x41, 0x08, 0x41, 0x08, 0x41, 0x08, 0x41, 0x08, 0x41,
    0x08, 0x41, 0x08, 0x41, 0x08, 0x41, 0x08, 0x41, 0x08, 0x41, 0x08, 0x41, 0x08, 0x41, 0x08, 0x41,
    0x08, 0x41, 0x08, 0x41, 0x08, 0x41, 0x08, 0x41, 0x08, 0x41, 0x08, 0x41, 0x08, 0x41, 0x08, 0x41,
    0x08, 0x41, 0x08, 0x41, 0x08, 0x41, 0x08, 0x41, 0x08, 0x41, 0x08, 0x41, 0x08, 0x41, 0x08, 0x41,
    0x08, 0x41, 0x08, 0x41, 0x08, 0x41, 0x08, 0x41, 0x08, 0x41, 0x08, 0x41, 0x08, 0x41, 0x08, 0x41,
    0x08, 0x41, 0x08, 0x41, 0x08, 0x41, 0x08, 0x41, 0x08, 0x41, 0x08, 0x41, 0x08, 0x41, 0x08, 0x41,
    0x08, 0x41, 0x08, 0x41, 0x08, 0x41, 0x08, 0x41, 0x08, 0x41, 0x08, 0x41, 0x08, 0x41, 0x08, 0x41,
    0x08, 0x41, 0x08, 0x41, 0x08, 0x41, 0x08, 0x41, 0x08, 0x41, 0x08, 0x41, 0x08, 0x41, 0x08, 0x41,
    0x08, 0x41, 0x08, 0x41, 0x08, 0x41, 0x08, 0x41, 0x08, 0x41, 0x08, 0x41, 0x08, 0x41, 0x08, 0x41,
    0x08, 0x41, 0x08, 0x41, 0x08, 0x41, 0x08, 0x41, 0x08, 0x41, 0x08, 0x41, 0x08, 0x41, 0x08, 0x41,
    0x08, 0x41, 0x08, 0x41, 0x08, 0x41, 0x08, 0x41, 0x08, 0x41, 0x08, 0x41, 0x08, 0x41, 0x08, 0x41,
    0x08, 0x41, 0x08, 0x41, 0x08, 0x41, 0x08, 0x41, 0x08, 0x41, 0x08, 0x41, 0x08, 0x41, 0x08, 0x41,
    0x08, 0x41, 0x08, 0x41, 0x08, 0x41, 0x08, 0x41, 0x08, 0x41, 0x08, 0x41, 0x08, 0x41, 0x08, 0x41,
    0x08, 0x41, 0x08, 0x41, 0x08, 0x41, 0x08, 0x41, 0x08, 0x41, 0x08, 0x41, 0x08, 0x41, 0x08, 0x41,
    0x08, 0x41, 0x08, 0x41, 0x08, 0x41, 0x08, 0x41, 0x08, 0x41, 0x08, 0x41, 0x08, 0x41, 0x08, 0x41,
    0x08, 0x41, 0x08, 0x41, 0x08, 0x41, 0x08, 0x41, 0x08, 0x41, 0x08, 0x41, 0x08, 0x41, 0x08, 0x41,
    0x08, 0x41, 0x08, 0x41, 0x08, 0x41, 0x08, 0x41, 0x08, 0x41, 0x08, 0x41, 0x08, 0x41, 0x08, 0x41,
    0x08, 0x41, 0x08, 0x41, 0x08, 0x41, 0x08, 0x41, 0x08, 0x41, 0x08, 0x41, 0x08, 0x41, 0x08, 0x41,
    0x08, 0x41, 0x08, 0x41, 0x08, 0x41, 0x08, 0x41, 0x08, 0x41, 0x08, 0x41, 0x08, 0x41, 0x08, 0x41,
    0x08, 0x41, 0x08, 0x41, 0x08, 0x41, 0x08, 0x41, 0x08, 0x41, 0x08, 0x41, 0x08, 0x41, 0x08, 0x41,
    0x08, 0x41, 0x08, 0x41, 0x08, 0x41, 0x08, 0x41, 0x08, 0x41, 0x08, 0x41, 0x08, 0x41, 0x08, 0x41,
    0x08, 0x41, 0x08, 0x41, 0x08, 0x41, 0x08, 0x41, 0x08, 0x41, 0x08, 0x41, 0x08, 0x41, 0x08, 0x41,
    0x08, 0x41, 0x08, 0x41, 0x08, 0x41, 0x08, 0x41, 0x08, 0x41, 0x08, 0x41, 0x08, 0x41, 0x08, 0x41,
    0x08, 0x41, 0x08, 0x41, 0x08, 0x41, 0x08, 0x41, 0x08, 0x41, 0x08, 0x41, 0x08, 0x41, 0x08, 0x41,
    0x08, 0x41, 0x08, 0x41, 0x08, 0x41, 0x08, 0x41, 0x08, 0x41, 0x08, 0x41, 0x08, 0x41, 0x08, 0x41,
    0x08, 0x41, 0x08, 0x41, 0x08, 0x41, 0x08, 0x41, 0x08, 0x41, 0x08, 0x41, 0x08, 0x41, 0x08, 0x41,
    0x08, 0x41, 0x08, 0x41, 0x08, 0x41, 0x08, 0x41, 0x08, 0x41, 0x08, 0x41, 0x08, 0x41, 0x08, 0x41,
    0x08, 0x41, 0x08, 0x41, 0x08, 0x41, 0x08, 0x41, 0x08, 0x41, 0x08, 0x41, 0x08, 0x41, 0x08, 0x41,
    0x08, 0x41, 0x08, 0x41, 0x08, 0x41, 0x08, 0x41, 0x08, 0x41, 0x08, 0x41, 0x08, 0x41, 0x08, 0x41,
    0x08, 0x41, 0x08, 0x41, 0x08, 0x41, 0x08, 0x41, 0x08, 0x41, 0x08, 0x41, 0x08, 0x41, 0x08, 0x41,
    0x08, 0x41, 0x08, 0x41, 0x08, 0x41, 0x08, 0x41, 0x08, 0x41, 0x08, 0x41, 0x08, 0x41, 0x08, 0x41,
    0x08, 0x41, 0x08, 0x41, 0x08, 0x41, 0x08, 0x41, 0x08, 0x41, 0x08, 0x41, 0x08, 0x41, 0x08, 0x41,
    0x08, 0x41, 0x08, 0x41, 0x08, 0x41, 0x08, 0x41, 0x08, 0x41, 0x08, 0x41, 0x08, 0x41, 0x08, 0x41,
    0x08, 0x41, 0x08, 0x41, 0x08, 0x41, 0x08, 0x41, 0x08, 0x41, 0x08, 0x41, 0x08, 0x41, 0x08, 0x41,
    0x08, 0x41, 0x08, 0x41, 0x08, 0x41, 0x08, 0x41, 0x08, 0x41, 0x08, 0x41, 0x08, 0x41, 0x08, 0x41,
    0x08, 0x41, 0x08, 0x41, 0x08, 0x41, 0x08, 0x41, 0x08, 0x41, 0x08, 0x41, 0x08, 0x41, 0x08, 0x41,
    0x08, 0x41, 0x08, 0x41, 0x08, 0x41, 0x08, 0x41, 0x08, 0x41, 0x08, 0x41, 0x08, 0x41, 0x08, 0x41,
    0x08, 0x41, 0x08, 0x41, 0x08, 0x41, 0x08, 0x41, 0x08, 0x41, 0x08, 0x41, 0x08, 0x41, 0x08, 0x41,
    0x08, 0x41, 0x08, 0x41, 0x08, 0x41, 0x08, 0x41, 0x08, 0x41, 0x08, 0x41, 0x08, 0x41, 0x08, 0x41,
    0x08, 0x41, 0x08, 0x41, 0x08, 0x41, 0x08, 0x41, 0x08, 0x41, 0x08, 0x41, 0x08, 0x41, 0x08, 0x41,
    0x08, 0x41, 0x08, 0x41, 0x08, 0x41, 0x08, 0x41, 0x08, 0x41, 0x08, 0x41, 0x08, 0x41, 0x08, 0x41,
    0x08, 0x41, 0x08, 0x41, 0x08, 0x41, 0x08, 0x41, 0x08, 0x41, 0x08, 0x41, 0x08, 0x41, 0x08, 0x41,
    0x08, 0x41, 0x08, 0x41, 0x08, 0x41, 0x08, 0x41, 0x08, 0x41, 0x08, 0x41, 0x08, 0x41, 0x08, 0x41,
    0x08, 0x41, 0x08, 0x41, 0x08, 0x41, 0x08, 0x41, 0x08, 0x41, 0x08, 0x41, 0x08, 0x41, 0x08, 0x41,
    0x08, 0x41, 0x08, 0x41, 0x08, 0x41, 0x08, 0x41, 0x08, 0x41, 0x08, 0x41, 0x08, 0x41, 0x08, 0x41,
    0x08, 0x41, 0x08, 0x41, 0x08, 0x41, 0x08, 0x41, 0x08, 0x41, 0x08, 0x41, 0x08, 0x41, 0x08, 0x41,
    0x08, 0x41, 0x08, 0x41, 0x08, 0x41, 0x08, 0x41, 0x08, 0x41, 0x08, 0x41, 0x08, 0x41, 0x08, 0x41,
    0x08, 0x41, 0x08, 0x41, 0x08, 0x41, 0x08, 0x41, 0x08, 0x41, 0x08, 0x41, 0x08, 0x41, 0x08, 0x41,
    0x08, 0x41, 0x08, 0x41, 0x08, 0x41, 0x08, 0x41, 0x08, 0x41, 0x08, 0x41, 0x08, 0x41, 0x08, 0x41,
    0x08, 0x41, 0x08, 0x41, 0x08, 0x41, 0x08, 0x41, 0x08, 0x41, 0x08, 0x41, 0x08, 0x41, 0x08, 0x41,
    0x08, 0x41, 0x08, 0x41, 0x08, 0x41, 0x08, 0x41, 0x08, 0x41, 0x08, 0x41, 0x08, 0x41, 0x08, 0x41,
    0x08, 0x41, 0x08, 0x41, 0x08, 0x41, 0x08, 0x41, 0x08, 0x41, 0x08, 0x41, 0x08, 0x41, 0x08, 0x41,
    0x08, 0x41, 0x08, 0x41, 0x08, 0x41, 0x08, 0x41, 0x08, 0x41, 0x08, 0x41, 0x08, 0x41, 0x08, 0x41,
    0x08, 0x41, 0x08, 0x41, 0x08, 0x41, 0x08, 0x41, 0x08, 0x41, 0x08, 0x41, 0x08, 0x41, 0x08, 0x41,
    0x08, 0x41, 0x08, 0x41, 0x08, 0x41, 0x08, 0x41, 0x08, 0x41, 0x08, 0x41, 0x08, 0x41, 0x08, 0x41,
    0x08, 0x41, 0x08, 0x41, 0x08, 0x41, 0x08, 0x41, 0x08, 0x41, 0x08, 0x41, 0x08, 0x41, 0x08, 0x41,
    0x08, 0x41, 0x08, 0x41, 0x08, 0x41, 0x08, 0x41, 0x08, 0x41, 0x08, 0x41, 0x08, 0x41, 0x08, 0x41,
    0x08, 0x41, 0x08, 0x41, 0x08, 0x41, 0x08, 0x41, 0x08, 0x41, 0x08, 0x41, 0x08, 0x41, 0x08, 0x41,
    0x08, 0x41, 0x08, 0x41, 0x08, 0x41, 0x08, 0x41, 0x08, 0x41, 0x08, 0x41, 0x08, 0x41, 0x08, 0x41,
    0x08, 0x41, 0x08, 0x41, 0x08, 0x41, 0x08, 0x41, 0x08, 0x41, 0x08, 0x41, 0x08, 0x41, 0x08, 0x41,
    0x08, 0x41, 0x08, 0x41, 0x08, 0x41, 0x08, 0x41, 0x08, 0x41, 0x08, 0x41, 0x08, 0x41, 0x08, 0x41,
    0x08, 0x41, 0x08, 0x41, 0x08, 0x41, 0x08, 0x41, 0x08, 0x41, 0x08, 0x41, 0x08, 0x41, 0x08, 0x41,
    0x08, 0x41, 0x08, 0x41, 0x08, 0x41, 0x08, 0x41, 0x08, 0x41, 0x08, 0x41, 0x08, 0x41, 0x08, 0x41,
    0x08, 0x41, 0x08, 0x41, 0x08, 0x41, 0x08, 0x41, 0x08, 0x41, 0x08, 0x41, 0x08, 0x41, 0x08, 0x41,
    0x08, 0x41, 0x08, 0x41, 0x08, 0x41, 0x08, 0x41, 0x08, 0x41, 0x08, 0x41, 0x08, 0x41, 0x08, 0x41,
    0x08, 0x41, 0x08, 0x41, 0x08, 0x41, 0x08, 0x41, 0x08, 0x41, 0x08, 0x41, 0x08, 0x41, 0x08, 0x41,
    0x08, 0x41, 0x08, 0x41, 0x08, 0x41, 0x08, 0x41, 0x08, 0x41, 0x08, 0x41, 0x08, 0x41, 0x08, 0x41,
    0x08, 0x41, 0x08, 0x41, 0x08, 0x41, 0x08, 0x41, 0x08, 0x41, 0x08, 0x41, 0x08, 0x41, 0x08, 0x41,
    0x08, 0x41, 0x08, 0x41, 0x08, 0x41, 0x08, 0x41, 0x08, 0x41, 0x08, 0x41, 0x08, 0x41, 0x08, 0x41,
    0x08, 0x41, 0x08, 0x41, 0x08, 0x41, 0x08, 0x41, 0x08, 0x41, 0x08, 0x41, 0x08, 0x41, 0x08, 0x41,
    0x08, 0x41, 0x08, 0x41, 0x08, 0x41, 0x08, 0x41, 0x08, 0x41, 0x08, 0x41, 0x08, 0x41, 0x08, 0x41,
    0x08, 0x41, 0x08, 0x41, 0x08, 0x41, 0x08, 0x41, 0x08, 0x41, 0x08, 0x41, 0x08, 0x41, 0x08, 0x41,
    0x08, 0x41, 0x08, 0x41, 0x08, 0x41, 0x08, 0x41, 0x08, 0x41, 0x08, 0x41, 0x08, 0x41, 0x08, 0x41,
    0x08, 0x41, 0x08, 0x41, 0x08, 0x41, 0x08, 0x41, 0x08, 0x41, 0x08, 0x41, 0x08, 0x41, 0x08, 0x41,
    0x08, 0x41, 0x08, 0x41, 0x08, 0x41, 0x08, 0x41, 0x08, 0x41, 0x08, 0x41, 0x08, 0x41, 0x08, 0x41,
    0x08, 0x41, 0x08, 0x41, 0x08, 0x41, 0x08, 0x41, 0x08, 0x41, 0x08, 0x41, 0x08, 0x41, 0x08, 0x41,
    0x08, 0x41, 0x08, 0x41, 0x08, 0x41, 0x08, 0x41, 0x08, 0x41, 0x08, 0x41, 0x08, 0x41, 0x08, 0x41,
    0x08, 0x41, 0x08, 0x41, 0x08, 0x41, 0x08, 0x41, 0x08, 0x41, 0x08, 0x41, 0x08, 0x41, 0x08, 0x41,
    0x08, 0x41, 0x08, 0x41, 0x08, 0x41, 0x08, 0x41, 0x08, 0x41, 0x08, 0x41, 0x08, 0x41, 0x08, 0x41,
    0x08, 0x41, 0x08, 0x41, 0x08, 0x41, 0x08, 0x41, 0x08, 0x41, 0x08, 0x41, 0x08, 0x41, 0x08, 0x41,
    0x08, 0x41, 0x08, 0x41, 0x08, 0x41, 0x08, 0x41, 0x08, 0x41, 0x08, 0x41, 0x08, 0x41, 0x08, 0x41,
    0x08, 0x41, 0x08, 0x41, 0x08, 0x41, 0x08, 0x41, 0x08, 0x41, 0x08, 0x41, 0x08, 0x41, 0x08, 0x41,
    0x08, 0x41, 0x08, 0x41, 0x08, 0x41, 0x08, 0x41, 0x08, 0x41, 0x08, 0x41, 0x08, 0x41, 0x08, 0x41,
    0x08, 0x41, 0x08, 0x41, 0x08, 0x41, 0x08, 0x41, 0x08, 0x41, 0x08, 0x41, 0x08, 0x41, 0x08, 0x41,
    0x08, 0x41, 0x08, 0x41, 0x08, 0x41, 0x08, 0x41, 0x08, 0x41, 0x08, 0x41, 0x08, 0x41, 0x08, 0x41,
    0x08, 0x41, 0x08, 0x41, 0x08, 0x41, 0x08, 0x41, 0x08, 0x41, 0x08, 0x41, 0x08, 0x41, 0x08, 0x41,
    0x08, 0x41, 0x08, 0x41, 0x08, 0x41, 0x08, 0x41, 0x08, 0x41, 0x08, 0x41, 0x08, 0x41, 0x08, 0x41,
    0xef, 0x5c, 0xef, 0x5c, 0xef, 0x5c, 0xef, 0x5c, 0xef, 0x5c, 0xef, 0x5c, 0xef, 0x5c, 0xef, 0x5c,
    0xef, 0x5c, 0xef, 0x5c, 0xef, 0x5c, 0xef, 0x5c, 0xef, 0x5c, 0xef, 0x5c, 0xef, 0x5c, 0xef, 0x5c,
    0xef, 0x5c, 0xef, 0x5c, 0xef, 0x5c, 0xef, 0x5c, 0xef, 0x5c, 0xef, 0x5c, 0xef, 0x5c, 0xef, 0x5c,
    0xef, 0x5c, 0xef, 0x5c, 0xef, 0x5c, 0xef, 0x5c, 0xef, 0x5c, 0xef, 0x5c, 0xef, 0x5c, 0xef, 0x5c,
    0xef, 0x5c, 0xef, 0x5c, 0xef, 0x5c, 0xef, 0x5c, 0xef, 0x5c, 0xef, 0x5c, 0xef, 0x5c, 0xef, 0x5c,
    0xef, 0x5c, 0xef, 0x5c, 0xef, 0x5c, 0xef, 0x5c, 0xef, 0x5c, 0xef, 0x5c, 0xef, 0x5c, 0xef, 0x5c,
    0xef, 0x5c, 0xef, 0x5c, 0xef, 0x5c, 0xef, 0x5c, 0xef, 0x5c, 0xef, 0x5c, 0xef, 0x5c, 0xef, 0x5c,
    0xef, 0x5c, 0xef, 0x5c, 0xef, 0x5c, 0xef, 0x5c, 0xef, 0x5c, 0xef, 0x5c, 0xef, 0x5c, 0xef, 0x5c,
    0xef, 0x5c, 0xef, 0x5c, 0xef, 0x5c, 0xef, 0x5c, 0xef, 0x5c, 0xef, 0x5c, 0xef, 0x5c, 0xef, 0x5c,
    0xef, 0x5c, 0xef, 0x5c, 0xef, 0x5c, 0xef, 0x5c, 0xef, 0x5c, 0xef, 0x5c, 0xef, 0x5c, 0xef, 0x5c,
    0xef, 0x5c, 0xef, 0x5c, 0xef, 0x5c, 0xef, 0x5c, 0xef, 0x5c, 0xef, 0x5c, 0xef, 0x5c, 0xef, 0x5c,
    0xef, 0x5c, 0xef, 0x5c, 0xef, 0x5c, 0xef, 0x5c, 0xef, 0x5c, 0xef, 0x5c, 0xef, 0x5c, 0xef, 0x5c,
    0xef, 0x5c, 0xef, 0x5c, 0xef, 0x5c, 0xef, 0x5c, 0x08, 0x41, 0x08, 0x41, 0x08, 0x41, 0x08, 0x41,
    0x08, 0x41, 0x08, 0x41, 0x08, 0x41, 0x08, 0x41, 0xef, 0x5c, 0xef, 0x5c, 0xef, 0x5c, 0xef, 0x5c,
    0xef, 0x5c, 0xef, 0x5c, 0xef, 0x5c, 0xef, 0x5c, 0xef, 0x5c, 0xef, 0x5c, 0xef, 0x5c, 0xef, 0x5c,
    0xef, 0x5c, 0xef, 0x5c, 0xef, 0x5c, 0xef, 0x5c, 0xef, 0x5c, 0xef, 0x5c, 0xef, 0x5c, 0xef, 0x5c,
    0xef, 0x5c, 0xef, 0x5c, 0xef, 0x5c, 0xef, 0x5c, 0xef, 0x5c, 0xef, 0x5c, 0xef, 0x5c, 0xef, 0x5c,
    0xef, 0x5c, 0xef, 0x5c, 0xef, 0x5c, 0xef, 0x5c, 0xef, 0x5c, 0xef, 0x5c, 0xef, 0x5c, 0xef, 0x5c,
    0xef, 0x5c, 0xef, 0x5c, 0xef, 0x5c, 0xef, 0x5c, 0xef, 0x5c, 0xef, 0x5c, 0xef, 0x5c, 0xef, 0x5c,
    0xef, 0x5c, 0xef, 0x5c, 0xef, 0x5c, 0xef, 0x5c, 0xef, 0x5c, 0xef, 0x5c, 0xef, 0x5c, 0xef, 0x5c,
    0xef, 0x5c, 0xef, 0x5c, 0xef, 0x5c, 0xef, 0x5c, 0xef, 0x5c, 0xef, 0x5c, 0xef, 0x5c, 0xef, 0x5c,
    0xef, 0x5c, 0xef, 0x5c, 0xef, 0x5c, 0xef, 0x5c, 0xef, 0x5c, 0xef, 0x5c, 0xef, 0x5c, 0xef, 0x5c,
    0xef, 0x5c, 0xef, 0x5c, 0xef, 0x5c, 0xef, 0x5c, 0xef, 0x5c, 0xef, 0x5c, 0xef, 0x5c, 0xef, 0x5c,
    0xef, 0x5c, 0xef, 0x5c, 0xef, 0x5c, 0xef, 0x5c, 0xef, 0x5c, 0xef, 0x5c, 0xef, 0x5c, 0xef, 0x5c,
    0xef, 0x5c, 0xef, 0x5c, 0xef, 0x5c, 0xef, 0x5c, 0xef, 0x5c, 0xef, 0x5c, 0xef, 0x5c, 0xef, 0x5c,
    0xef, 0x5c, 0xef, 0x5c, 0xef, 0x5c, 0xef, 0x5c, 0xef, 0x5c, 0xef, 0x5c, 0xef, 0x5c, 0xef, 0x5c,
    0x08, 0x41, 0x08, 0x41, 0x08, 0x41, 0x08, 0x41, 0x08, 0x41, 0x08, 0x41, 0x08, 0x41, 0x08, 0x41,
    0x08, 0x41, 0x08, 0x41, 0x08, 0x41, 0x08, 0x41, 0x08, 0x41, 0x08, 0x41, 0x08, 0x41, 0x08, 0x41,
    0x08, 0x41, 0x08, 0x41, 0x08, 0x41, 0x08, 0x41, 0x08, 0x41, 0x08, 0x41, 0x08, 0x41, 0x08, 0x41,
    0x08, 0x41, 0x08, 0x41, 0x08, 0x41, 0x08, 0x41, 0x08, 0x41, 0x08, 0x41, 0x08, 0x41, 0x08, 0x41,
    0xef, 0x5c, 0x10, 0x82, 0x10, 0x82, 0x10, 0x82, 0x10, 0x82, 0x10, 0x82, 0x10, 0x82, 0x10, 0x82,
    0x10, 0x82, 0x10, 0x82, 0x10, 0x82, 0x10, 0x82, 0x10, 0x82, 0x10, 0x82, 0x10, 0x82, 0x10, 0x82,
    0x10, 0x82, 0x10, 0x82, 0x10, 0x82, 0x10, 0x82, 0x10, 0x82, 0x10, 0x82, 0x10, 0x82, 0x10, 0x82,
    0x10, 0x82, 0x10, 0x82, 0x10, 0x82, 0x10, 0x82, 0x10, 0x82, 0x10, 0x82, 0x10, 0x82, 0x10, 0x82,
    0x10, 0x82, 0x10, 0x82, 0x10, 0x82, 0x10, 0x82, 0x10, 0x82, 0x10, 0x82, 0x10, 0x82, 0x10, 0x82,
    0x10, 0x82, 0x10, 0x82, 0x10, 0x82, 0x10, 0x82, 0x10, 0x82, 0x10, 0x82, 0x10, 0x82, 0x10, 0x82,
    0x10, 0x82, 0x10, 0x82, 0x10, 0x82, 0x10, 0x82, 0x10, 0x82, 0x10, 0x82, 0x10, 0x82, 0x10, 0x82,
    0x10, 0x82, 0x10, 0x82, 0x10, 0x82, 0x10, 0x82, 0x10, 0x82, 0x10, 0x82, 0x10, 0x82, 0x10, 0x82,
    0x10, 0x82, 0x10, 0x82, 0x10, 0x82, 0x10, 0x82, 0x10, 0x82, 0x10, 0x82, 0x10, 0x82, 0x10, 0x82,
    0x10, 0x82, 0x10, 0x82, 0x10, 0x82, 0x10, 0x82, 0x10, 0x82, 0x10, 0x82, 0x10, 0x82, 0x10, 0x82,
    0x10, 0x82, 0x10, 0x82, 0x10, 0x82, 0x10, 0x82, 0x10, 0x82, 0x10, 0x82, 0x10, 0x82, 0x10, 0x82,
    0x10, 0x82, 0x10, 0x82, 0x10, 0x82, 0x10, 0x82, 0x10, 0x82, 0x10, 0x82, 0x10, 0x82, 0x10, 0x82,
    0x10, 0x82, 0x10, 0x82, 0x10, 0x82, 0xef, 0x5c, 0x08, 0x41, 0x08, 0x41, 0x08, 0x41, 0x08, 0x41,
    0x08, 0x41, 0x08, 0x41, 0x08, 0x41, 0x08, 0x41, 0xef, 0x5c, 0x10, 0x82, 0x10, 0x82, 0x10, 0x82,
    0x10, 0x82, 0x10, 0x82, 0x10, 0x82, 0x10, 0x82, 0x10, 0x82, 0x10, 0x82, 0x10, 0x82, 0x10, 0x82,
    0x10, 0x82, 0x10, 0x82, 0x10, 0x82, 0x10, 0x82, 0x10, 0x82, 0x10, 0x82, 0x10, 0x82, 0x10, 0x82,
    0x10, 0x82, 0x10, 0x82, 0x10, 0x82, 0x10, 0x82, 0x10, 0x82, 0x10, 0x82, 0x10, 0x82, 0x10, 0x82,
    0x10, 0x82, 0x10, 0x82, 0x10, 0x82, 0x10, 0x82, 0x10, 0x82, 0x10, 0x82, 0x10, 0x82, 0x10, 0x82,
    0x10, 0x82, 0x10, 0x82, 0x10, 0x82, 0x10, 0x82, 0x10, 0x82, 0x10, 0x82, 0x10, 0x82, 0x10, 0x82,
    0x10, 0x82, 0x10, 0x82, 0x10, 0x82, 0x10, 0x82, 0x10, 0x82, 0x10, 0x82, 0x10, 0x82, 0x10, 0x82,
    0x10, 0x82, 0x10, 0x82, 0x10, 0x82, 0x10, 0x82, 0x10, 0x82, 0x10, 0x82, 0x10, 0x82, 0x10, 0x82,
    0x10, 0x82, 0x10, 0x82, 0x10, 0x82, 0x10, 0x82, 0x10, 0x82, 0x10, 0x82, 0x10, 0x82, 0x10, 0x82,
    0x10, 0x82, 0x10, 0x82, 0x10, 0x82, 0x10, 0x82, 0x10, 0x82, 0x10, 0x82, 0x10, 0x82, 0x10, 0x82,
    0x10, 0x82, 0x10, 0x82, 0x10, 0x82, 0x10, 0x82, 0x10, 0x82, 0x10, 0x82, 0x10, 0x82, 0x10, 0x82,
    0x10, 0x82, 0x10, 0x82, 0x10, 0x82, 0x10, 0x82, 0x10, 0x82, 0x10, 0x82, 0x10, 0x82, 0x10, 0x82,
    0x10, 0x82, 0x10, 0x82, 0x10, 0x82, 0x10, 0x82, 0x10, 0x82, 0x10, 0x82, 0x10, 0x82, 0xef, 0x5c,
    0x08, 0x41, 0x08, 0x41, 0x08, 0x41, 0x08, 0x41, 0x08, 0x41, 0x08, 0x41, 0x08, 0x41, 0x08, 0x41,
    0x08, 0x41, 0x08, 0x41, 0x08, 0x41, 0x08, 0x41, 0x08, 0x41, 0x08, 0x41, 0x08, 0x41, 0x08, 0x41,
    0x08, 0x41, 0x08, 0x41, 0x08, 0x41, 0x08, 0x41, 0x08, 0x41, 0x08, 0x41, 0x08, 0x41, 0x08, 0x41,
    0x08, 0x41, 0x08, 0x41, 0x08, 0x41, 0x08, 0x41, 0x08, 0x41, 0x08, 0x41, 0x08, 0x41, 0x08, 0x41,
    0xef, 0x5c, 0x10, 0x82, 0x10, 0x82, 0x10, 0x82, 0x10, 0x82, 0x10, 0x82, 0x10, 0x82, 0x10, 0x82,
    0x10, 0x82, 0x10, 0x82, 0x10, 0x82, 0x10, 0x82, 0x10, 0x82, 0x10, 0x82, 0x10, 0x82, 0x10, 0x82,
    0x10, 0x82, 0x10, 0x82, 0x10, 0x82, 0x10, 0x82, 0x10, 0x82, 0x10, 0x82, 0x10, 0x82, 0x10, 0x82,
    0x10, 0x82, 0x10, 0x82, 0x10, 0x82, 0x10, 0x82, 0x10, 0x82, 0x10, 0x82, 0x10, 0x82, 0x10, 0x82,
    0x10, 0x82, 0x10, 0x82, 0x10, 0x82, 0x10, 0x82, 0x10, 0x82, 0x10, 0x82, 0x10, 0x82, 0x10, 0x82,
    0x10, 0x82, 0x10, 0x82, 0x10, 0x82, 0x10, 0x82, 0x10, 0x82, 0x10, 0x82, 0x10, 0x82, 0x10, 0x82,
    0x10, 0x82, 0x10, 0x82, 0x10, 0x82, 0x10, 0x82, 0x10, 0x82, 0x10, 0x82, 0x10, 0x82, 0x10, 0x82,
    0x10, 0x82, 0x10, 0x82, 0x10, 0x82, 0x10, 0x82, 0x10, 0x82, 0x10, 0x82, 0x10, 0x82, 0x10, 0x82,
    0x10, 0x82, 0x10, 0x82, 0x10, 0x82, 0x10, 0x82, 0x10, 0x82, 0x10, 0x82, 0x10, 0x82, 0x10, 0x82,
    0x10, 0x82, 0x10, 0x82, 0x10, 0x82, 0x10, 0x82, 0x10, 0x82, 0x10, 0x82, 0x10, 0x82, 0x10, 0x82,
    0x10, 0x82, 0x10, 0x82, 0x10, 0x82, 0x10, 0x82, 0x10, 0x82, 0x10, 0x82, 0x10, 0x82, 0x10, 0x82,
    0x10, 0x82, 0x10, 0x82, 0x10, 0x82, 0x10, 0x82, 0x10, 0x82, 0x10, 0x82, 0x10, 0x82, 0x10, 0x82,
    0x10, 0x82, 0x10, 0x82, 0x10, 0x82, 0xef, 0x5c, 0x08, 0x41, 0x08, 0x41, 0x08, 0x41, 0x08, 0x41,
    0x08, 0x41, 0x08, 0x41, 0x08, 0x41, 0x08, 0x41, 0xef, 0x5c, 0x10, 0x82, 0x10, 0x82, 0x10, 0x82,
    0x10, 0x82, 0x10, 0x82, 0x10, 0x82, 0x10, 0x82, 0x10, 0x82, 0x10, 0x82, 0x10, 0x82, 0x10, 0x82,
    0x10, 0x82, 0x10, 0x82, 0x10, 0x82, 0x10, 0x82, 0x10, 0x82, 0x10, 0x82, 0x10, 0x82, 0x10, 0x82,
    0x10, 0x82, 0x10, 0x82, 0x10, 0x82, 0x10, 0x82, 0x10, 0x82, 0x10, 0x82, 0x10, 0x82, 0x10, 0x82,
    0x10, 0x82, 0x10, 0x82, 0x10, 0x82, 0x10, 0x82, 0x10, 0x82, 0x10, 0x82, 0x10, 0x82, 0x10, 0x82,
    0x10, 0x82, 0x10, 0x82, 0x10, 0x82, 0x10, 0x82, 0x10, 0x82, 0x10, 0x82, 0x10, 0x82, 0x10, 0x82,
    0x10, 0x82, 0x10, 0x82, 0x10, 0x82, 0x10, 0x82, 0x10, 0x82, 0x10, 0x82, 0x10, 0x82, 0x10, 0x82,
    0x10, 0x82, 0x10, 0x82, 0x10, 0x82, 0x10, 0x82, 0x10, 0x82, 0x10, 0x82, 0x10, 0x82, 0x10, 0x82,
    0x10, 0x82, 0x10, 0x82, 0x10, 0x82, 0x10, 0x82, 0x10, 0x82, 0x10, 0x82, 0x10, 0x82, 0x10, 0x82,
    0x10, 0x82, 0x10, 0x82, 0x10, 0x82, 0x10, 0x82, 0x10, 0x82, 0x10, 0x82, 0x10, 0x82, 0x10, 0x82,
    0x10, 0x82, 0x10, 0x82, 0x10, 0x82, 0x10, 0x82, 0x10, 0x82, 0x10, 0x82, 0x10, 0x82, 0x10, 0x82,
    0x10, 0x82, 0x10, 0x82, 0x10, 0x82, 0x10, 0x82, 0x10, 0x82, 0x10, 0x82, 0x10, 0x82, 0x10, 0x82,
    0x10, 0x82, 0x10, 0x82, 0x10, 0x82, 0x10, 0x82, 0x10, 0x82, 0x10, 0x82, 0x10, 0x82, 0xef, 0x5c,
    0x08, 0x41, 0x08, 0x41, 0x08, 0x41, 0x08, 0x41, 0x08, 0x41, 0x08, 0x41, 0x08, 0x41, 0x08, 0x41,
    0x08, 0x41, 0x08, 0x41, 0x08, 0x41, 0x08, 0x41, 0x08, 0x41, 0x08, 0x41, 0x08, 0x41, 0x08, 0x41,
    0x08, 0x41, 0x08, 0x41, 0x08, 0x41, 0x08, 0x41, 0x08, 0x41, 0x08, 0x41, 0x08, 0x41, 0x08, 0x41,
    0x08, 0x41, 0x08, 0x41, 0x08, 0x41, 0x08, 0x41, 0x08, 0x41, 0x08, 0x41, 0x08, 0x41, 0x08, 0x41,
    0xef, 0x5c, 0x10, 0x82, 0x10, 0x82, 0x10, 0x82, 0x10, 0x82, 0x10, 0x82, 0x10, 0x82, 0x10, 0x82,
    0x10, 0x82, 0x10, 0x82, 0x10, 0x82, 0x10, 0x82, 0x10, 0x82, 0x10, 0x82, 0x10, 0x82, 0x10, 0x82,
    0x10, 0x82, 0x10, 0x82, 0x10, 0x82, 0x10, 0x82, 0x10, 0x82, 0x10, 0x82, 0x10, 0x82, 0x10, 0x82,
    0x10, 0x82, 0x10, 0x82, 0x10, 0x82, 0x10, 0x82, 0x10, 0x82, 0x10, 0x82, 0x10, 0x82, 0x10, 0x82,
    0x10, 0x82, 0x10, 0x82, 0x10, 0x82, 0x10, 0x82, 0x10, 0x82, 0x10, 0x82, 0x10, 0x82, 0x10, 0x82,
    0x10, 0x82, 0x10, 0x82, 0x10, 0x82, 0x10, 0x82, 0x10, 0x82, 0x10, 0x82, 0x10, 0x82, 0x10, 0x82,
    0x10, 0x82, 0x10, 0x82, 0x10, 0x82, 0x10, 0x82, 0x10, 0x82, 0x10, 0x82, 0x10, 0x82, 0x10, 0x82,
    0x10, 0x82, 0x10, 0x82, 0x10, 0x82, 0x10, 0x82, 0x10, 0x82, 0x10, 0x82, 0x10, 0x82, 0x10, 0x82,
    0x10, 0x82, 0x10, 0x82, 0x10, 0x82, 0x10, 0x82, 0x10, 0x82, 0x10, 0x82, 0x10, 0x82, 0x10, 0x82,
    0x10, 0x82, 0x10, 0x82, 0x10, 0x82, 0x10, 0x82, 0x10, 0x82, 0x10, 0x82, 0x10, 0x82, 0x10, 0x82,
    0x10, 0x82, 0x10, 0x82, 0x10, 0x82, 0x10, 0x82, 0x10, 0x82, 0x10, 0x82, 0x10, 0x82, 0x10, 0x82,
    0x10, 0x82, 0x10, 0x82, 0x10, 0x82, 0x10, 0x82, 0x10, 0x82, 0x10, 0x82, 0x10, 0x82, 0x10, 0x82,
    0x10, 0x82, 0x10, 0x82, 0x10, 0x82, 0xef, 0x5c, 0x08, 0x41, 0x08, 0x41, 0x08, 0x41, 0x08, 0x41,
    0x08, 0x41, 0x08, 0x41, 0x08, 0x41, 0x08, 0x41, 0xef, 0x5c, 0x10, 0x82, 0x10, 0x82, 0x10, 0x82,
    0x10, 0x82, 0x10, 0x82, 0x10, 0x82, 0x10, 0x82, 0x10, 0x82, 0x10, 0x82, 0x10, 0x82, 0x10, 0x82,
    0x10, 0x82, 0x10, 0x82, 0x10, 0x82, 0x10, 0x82, 0x10, 0x82, 0x10, 0x82, 0x10, 0x82, 0x10, 0x82,
    0x10, 0x82, 0x10, 0x82, 0x10, 0x82, 0x10, 0x82, 0x10, 0x82, 0x10, 0x82, 0x10, 0x82, 0x10, 0x82,
    0x10, 0x82, 0x10, 0x82, 0x10, 0x82, 0x10, 0x82, 0x10, 0x82, 0x10, 0x82, 0x10, 0x82, 0x10, 0x82,
    0x10, 0x82, 0x10, 0x82, 0x10, 0x82, 0x10, 0x82, 0x10, 0x82, 0x10, 0x82, 0x10, 0x82, 0x10, 0x82,
    0x10, 0x82, 0x10, 0x82, 0x10, 0x82, 0x10, 0x82, 0x10, 0x82, 0x10, 0x82, 0x10, 0x82, 0x10, 0x82,
    0x10, 0x82, 0x10, 0x82, 0x10, 0x82, 0x10, 0x82, 0x10, 0x82, 0x10, 0x82, 0x10, 0x82, 0x10, 0x82,
    0x10, 0x82, 0x10, 0x82, 0x10, 0x82, 0x10, 0x82, 0x10, 0x82, 0x10, 0x82, 0x10, 0x82, 0x10, 0x82,
    0x10, 0x82, 0x10, 0x82, 0x10, 0x82, 0x10, 0x82, 0x10, 0x82, 0x10, 0x82, 0x10, 0x82, 0x10, 0x82,
    0x10, 0x82, 0x10, 0x82, 0x10, 0x82, 0x10, 0x82, 0x10, 0x82, 0x10, 0x82, 0x10, 0x82, 0x10, 0x82,
    0x10, 0x82, 0x10, 0x82, 0x10, 0x82, 0x10, 0x82, 0x10, 0x82, 0x10, 0x82, 0x10, 0x82, 0x10, 0x82,
    0x10, 0x82, 0x10, 0x82, 0x10, 0x82, 0x10, 0x82, 0x10, 0x82, 0x10, 0x82, 0x10, 0x82, 0xef, 0x5c,
    0x08, 0x41, 0x08, 0x41, 0x08, 0x41, 0x08, 0x41, 0x08, 0x41, 0x08, 0x41, 0x08, 0x41, 0x08, 0x41,
    0x08, 0x41, 0x08, 0x41, 0x08, 0x41, 0x08, 0x41, 0x08, 0x41, 0x08, 0x41, 0x08, 0x41, 0x08, 0x41,
    0x08, 0x41, 0x08, 0x41, 0x08, 0x41, 0x08, 0x41, 0x08, 0x41, 0x08, 0x41, 0x08, 0x41, 0x08, 0x41,
    0x08, 0x41, 0x08, 0x41, 0x08, 0x41, 0x08, 0x41, 0x08, 0x41, 0x08, 0x41, 0x08, 0x41, 0x08, 0x41,
    0xef, 0x5c, 0x10, 0x82, 0x10, 0x82, 0x10, 0x82, 0x10, 0x82, 0x10, 0x82, 0x10, 0x82, 0x10, 0x82,
    0x10, 0x82, 0x10, 0x82, 0x10, 0x82, 0x10, 0x82, 0x10, 0x82, 0x10, 0x82, 0x10, 0x82, 0x10, 0x82,
    0x10, 0x82, 0x10, 0x82, 0x10, 0x82, 0x10, 0x82, 0x10, 0x82, 0x10, 0x82, 0x10, 0x82, 0x10, 0x82,
    0x10, 0x82, 0x10, 0x82, 0x10, 0x82, 0x10, 0x82, 0x10, 0x82, 0x10, 0x82, 0x10, 0x82, 0x10, 0x82,
    0x10, 0x82, 0x10, 0x82, 0x10, 0x82, 0x10, 0x82, 0x10, 0x82, 0x10, 0x82, 0x10, 0x82, 0x10, 0x82,
    0x10, 0x82, 0x10, 0x82, 0x10, 0x82, 0x10, 0x82, 0x10, 0x82, 0x10, 0x82, 0x10, 0x82, 0x10, 0x82,
    0x10, 0x82, 0x10, 0x82, 0x10, 0x82, 0x10, 0x82, 0x10, 0x82, 0x10, 0x82, 0x10, 0x82, 0x10, 0x82,
    0x10, 0x82, 0x10, 0x82, 0x10, 0x82, 0x10, 0x82, 0x10, 0x82, 0x10, 0x82, 0x10, 0x82, 0x10, 0x82,
    0x10, 0x82, 0x10, 0x82, 0x10, 0x82, 0x10, 0x82, 0x10, 0x82, 0x10, 0x82, 0x10, 0x82, 0x10, 0x82,
    0x10, 0x82, 0x10, 0x82, 0x10, 0x82, 0x10, 0x82, 0x10, 0x82, 0x10, 0x82, 0x10, 0x82, 0x10, 0x82,
    0x10, 0x82, 0x10, 0x82, 0x10, 0x82, 0x10, 0x82, 0x10, 0x82, 0x10, 0x82, 0x10, 0x82, 0x10, 0x82,
    0x10, 0x82, 0x10, 0x82, 0x10, 0x82, 0x10, 0x82, 0x10, 0x82, 0x10, 0x82, 0x10, 0x82, 0x10, 0x82,
    0x10, 0x82, 0x10, 0x82, 0x10, 0x82, 0xef, 0x5c, 0x08, 0x41, 0x08, 0x41, 0x08, 0x41, 0x08, 0x41,
    0x08, 0x41, 0x08, 0x41, 0x08, 0x41, 0x08, 0x41, 0xef, 0x5c, 0x10, 0x82, 0x10, 0x82, 0x10, 0x82,
    0x10, 0x82, 0x10, 0x82, 0x10, 0x82, 0x10, 0x82, 0x10, 0x82, 0x10, 0x82, 0x10, 0x82, 0x10, 0x82,
    0x10, 0x82, 0x10, 0x82, 0x10, 0x82, 0x10, 0x82, 0x10, 0x82, 0x10, 0x82, 0x10, 0x82, 0x10, 0x82,
    0x10, 0x82, 0x10, 0x82, 0x10, 0x82, 0x10, 0x82, 0x10, 0x82, 0x10, 0x82, 0x10, 0x82, 0x10, 0x82,
    0x10, 0x82, 0x10, 0x82, 0x10, 0x82, 0x10, 0x82, 0x10, 0x82, 0x10, 0x82, 0x10, 0x82, 0x10, 0x82,
    0x10, 0x82, 0x10, 0x82, 0x10, 0x82, 0x10, 0x82, 0x10, 0x82, 0x10, 0x82, 0x10, 0x82, 0x10, 0x82,
    0x10, 0x82, 0x10, 0x82, 0x10, 0x82, 0x10, 0x82, 0x10, 0x82, 0x10, 0x82, 0x10, 0x82, 0x10, 0x82,
    0x10, 0x82, 0x10, 0x82, 0x10, 0x82, 0x10, 0x82, 0x10, 0x82, 0x10, 0x82, 0x10, 0x82, 0x10, 0x82,
    0x10, 0x82, 0x10, 0x82, 0x10, 0x82, 0x10, 0x82, 0x10, 0x82, 0x10, 0x82, 0x10, 0x82, 0x10, 0x82,
    0x10, 0x82, 0x10, 0x82, 0x10, 0x82, 0x10, 0x82, 0x10, 0x82, 0x10, 0x82, 0x10, 0x82, 0x10, 0x82,
    0x10, 0x82, 0x10, 0x82, 0x10, 0x82, 0x10, 0x82, 0x10, 0x82, 0x10, 0x82, 0x10, 0x82, 0x10, 0x82,
    0x10, 0x82, 0x10, 0x82, 0x10, 0x82, 0x10, 0x82, 0x10, 0x82, 0x10, 0x82, 0x10, 0x82, 0x10, 0x82,
    0x10, 0x82, 0x10, 0x82, 0x10, 0x82, 0x10, 0x82, 0x10, 0x82, 0x10, 0x82, 0x10, 0x82, 0xef, 0x5c,
    0x08, 0x41, 0x08, 0x41, 0x08, 0x41, 0x08, 0x41, 0x08, 0x41, 0x08, 0x41, 0x08, 0x41, 0x08, 0x41,
    0x08, 0x41, 0x08, 0x41, 0x08, 0x41, 0x08, 0x41, 0x08, 0x41, 0x08, 0x41, 0x08, 0x41, 0x08, 0x41,
    0x08, 0x41, 0x08, 0x41, 0x08, 0x41, 0x08, 0x41, 0x08, 0x41, 0x08, 0x41, 0x08, 0x41, 0x08, 0x41,
    0x08, 0x41, 0x08, 0x41, 0x08, 0x41, 0x08, 0x41, 0x08, 0x41, 0x08, 0x41, 0x08, 0x41, 0x08, 0x41,
    0xef, 0x5c, 0x10, 0x82, 0x10, 0x82, 0x10, 0x82, 0x10, 0x82, 0x10, 0x82, 0x10, 0x82, 0x10, 0x82,
    0x10, 0x82, 0x10, 0x82, 0x10, 0x82, 0x10, 0x82, 0x10, 0x82, 0x10, 0x82, 0x10, 0x82, 0x10, 0x82,
    0x10, 0x82, 0x10, 0x82, 0x10, 0x82, 0x10, 0x82, 0x10, 0x82, 0x10, 0x82, 0x10, 0x82, 0x10, 0x82,
    0x10, 0x82, 0x10, 0x82, 0x10, 0x82, 0x10, 0x82, 0x10, 0x82, 0x10, 0x82, 0x10, 0x82, 0x10, 0x82,
    0x10, 0x82, 0x10, 0x82, 0x10, 0x82, 0x10, 0x82, 0x10, 0x82, 0x10, 0x82, 0x10, 0x82, 0x10, 0x82,
    0x10, 0x82, 0x10, 0x82, 0x10, 0x82, 0x10, 0x82, 0x10, 0x82, 0x10, 0x82, 0x10, 0x82, 0x10, 0x82,
    0x10, 0x82, 0x10, 0x82, 0x10, 0x82, 0x10, 0x82, 0x10, 0x82, 0x10, 0x82, 0x10, 0x82, 0x10, 0x82,
    0x10, 0x82, 0x10, 0x82, 0x10, 0x82, 0x10, 0x82, 0x10, 0x82, 0x10, 0x82, 0x10, 0x82, 0x10, 0x82,
    0x10, 0x82, 0x10, 0x82, 0x10, 0x82, 0x10, 0x82, 0x10, 0x82, 0x10, 0x82, 0x10, 0x82, 0x10, 0x82,
    0x10, 0x82, 0x10, 0x82, 0x10, 0x82, 0x10, 0x82, 0x10, 0x82, 0x10, 0x82, 0x10, 0x82, 0x10, 0x82,
    0x10, 0x82, 0x10, 0x82, 0x10, 0x82, 0x10, 0x82, 0x10, 0x82, 0x10, 0x82, 0x10, 0x82, 0x10, 0x82,
    0x10, 0x82, 0x10, 0x82, 0x10, 0x82, 0x10, 0x82, 0x10, 0x82, 0x10, 0x82, 0x10, 0x82, 0x10, 0x82,
    0x10, 0x82, 0x10, 0x82, 0x10, 0x82, 0xef, 0x5c, 0x08, 0x41, 0x08, 0x41, 0x08, 0x41, 0x08, 0x41,
    0x08, 0x41, 0x08, 0x41, 0x08, 0x41, 0x08, 0x41, 0xef, 0x5c, 0x10, 0x82, 0x10, 0x82, 0x10, 0x82,
    0x10, 0x82, 0x10, 0x82, 0x10, 0x82, 0x10, 0x82, 0x10, 0x82, 0x10, 0x82, 0x10, 0x82, 0x10, 0x82,
    0x10, 0x82, 0x10, 0x82, 0x10, 0x82, 0x10, 0x82, 0x10, 0x82, 0x10, 0x82, 0x10, 0x82, 0x10, 0x82,
    0x10, 0x82, 0x10, 0x82, 0x10, 0x82, 0x10, 0x82, 0x10, 0x82, 0x10, 0x82, 0x10, 0x82, 0x10, 0x82,
    0x10, 0x82, 0x10, 0x82, 0x10, 0x82, 0x10, 0x82, 0x10, 0x82, 0x10, 0x82, 0x10, 0x82, 0x10, 0x82,
    0x10, 0x82, 0x10, 0x82, 0x10, 0x82, 0x10, 0x82, 0x10, 0x82, 0x10, 0x82, 0x10, 0x82, 0x10, 0x82,
    0x10, 0x82, 0x10, 0x82, 0x10, 0x82, 0x10, 0x82, 0x10, 0x82, 0x10, 0x82, 0x10, 0x82, 0x10, 0x82,
    0x10, 0x82, 0x10, 0x82, 0x10, 0x82, 0x10, 0x82, 0x10, 0x82, 0x10, 0x82, 0x10, 0x82, 0x10, 0x82,
    0x10, 0x82, 0x10, 0x82, 0x10, 0x82, 0x10, 0x82, 0x10, 0x82, 0x10, 0x82, 0x10, 0x82, 0x10, 0x82,
    0x10, 0x82, 0x10, 0x82, 0x10, 0x82, 0x10, 0x82, 0x10, 0x82, 0x10, 0x82, 0x10, 0x82, 0x10, 0x82,
    0x10, 0x82, 0x10, 0x82, 0x10, 0x82, 0x10, 0x82, 0x10, 0x82, 0x10, 0x82, 0x10, 0x82, 0x10, 0x82,
    0x10, 0x82, 0x10, 0x82, 0x10, 0x82, 0x10, 0x82, 0x10, 0x82, 0x10, 0x82, 0x10, 0x82, 0x10, 0x82,
    0x10, 0x82, 0x10, 0x82, 0x10, 0x82, 0x10, 0x82, 0x10, 0x82, 0x10, 0x82, 0x10, 0x82, 0xef, 0x5c,
    0x08, 0x41, 0x08, 0x41, 0x08, 0x41, 0x08, 0x41, 0x08, 0x41, 0x08, 0x41, 0x08, 0x41, 0x08, 0x41,
    0x08, 0x41, 0x08, 0x41, 0x08, 0x41, 0x08, 0x41, 0x08, 0x41, 0x08, 0x41, 0x08, 0x41, 0x08, 0x41,
    0x08, 0x41, 0x08, 0x41, 0x08, 0x41, 0x08, 0x41, 0x08, 0x41, 0x08, 0x41, 0x08, 0x41, 0x08, 0x41,
    0x08, 0x41, 0x08, 0x41, 0x08, 0x41, 0x08, 0x41, 0x08, 0x41, 0x08, 0x41, 0x08, 0x41, 0x08, 0x41,
    0xef, 0x5c, 0x10, 0x82, 0x10, 0x82, 0x10, 0x82, 0x10, 0x82, 0x10, 0x82, 0x10, 0x82, 0x10, 0x82,
    0x10, 0x82, 0x10, 0x82, 0x10, 0x82, 0x10, 0x82, 0x10, 0x82, 0x10, 0x82, 0x10, 0x82, 0x10, 0x82,
    0x10, 0x82, 0x10, 0x82, 0x10, 0x82, 0x10, 0x82, 0x10, 0x82, 0x10, 0x82, 0x10, 0x82, 0x10, 0x82,
    0x10, 0x82, 0x10, 0x82, 0x10, 0x82, 0x10, 0x82, 0x10, 0x82, 0x10, 0x82, 0x10, 0x82, 0x10, 0x82,
    0x10, 0x82, 0x10, 0x82, 0x10, 0x82, 0x10, 0x82, 0x10, 0x82, 0x10, 0x82, 0x10, 0x82, 0x10, 0x82,
    0x10, 0x82, 0x10, 0x82, 0x10, 0x82, 0x10, 0x82, 0x10, 0x82, 0x10, 0x82, 0x10, 0x82, 0x10, 0x82,
    0x10, 0x82, 0x10, 0x82, 0x10, 0x82, 0x10, 0x82, 0x10, 0x82, 0x10, 0x82, 0x10, 0x82, 0x10, 0x82,
    0x10, 0x82, 0x10, 0x82, 0x10, 0x82, 0x10, 0x82, 0x10, 0x82, 0x10, 0x82, 0x10, 0x82, 0x10, 0x82,
    0x10, 0x82, 0x10, 0x82, 0x10, 0x82, 0x10, 0x82, 0x10, 0x82, 0x10, 0x82, 0x10, 0x82, 0x10, 0x82,
    0x10, 0x82, 0x10, 0x82, 0x10, 0x82, 0x10, 0x82, 0x10, 0x82, 0x10, 0x82, 0x10, 0x82, 0x10, 0x82,
    0x10, 0x82, 0x10, 0x82, 0x10, 0x82, 0x10, 0x82, 0x10, 0x82, 0x10, 0x82, 0x10, 0x82, 0x10, 0x82,
    0x10, 0x82, 0x10, 0x82, 0x10, 0x82, 0x10, 0x82, 0x10, 0x82, 0x10, 0x82, 0x10, 0x82, 0x10, 0x82,
    0x10, 0x82, 0x10, 0x82, 0x10, 0x82, 0xef, 0x5c, 0x08, 0x41, 0x08, 0x41, 0x08, 0x41, 0x08, 0x41,
    0x08, 0x41, 0x08, 0x41, 0x08, 0x41, 0x08, 0x41, 0xef, 0x5c, 0x10, 0x82, 0x10, 0x82, 0x10, 0x82,
    0x10, 0x82, 0x10, 0x82, 0x10, 0x82, 0x10, 0x82, 0x10, 0x82, 0x10, 0x82, 0x10, 0x82, 0x10, 0x82,
    0x10, 0x82, 0x10, 0x82, 0x10, 0x82, 0x10, 0x82, 0x10, 0x82, 0x10, 0x82, 0x10, 0x82, 0x10, 0x82,
    0x10, 0x82, 0x10, 0x82, 0x10, 0x82, 0x10, 0x82, 0x10, 0x82, 0x10, 0x82, 0x10, 0x82, 0x10, 0x82,
    0x10, 0x82, 0x10, 0x82, 0x10, 0x82, 0x10, 0x82, 0x10, 0x82, 0x10, 0x82, 0x10, 0x82, 0x10, 0x82,
    0x10, 0x82, 0x10, 0x82, 0x10, 0x82, 0x10, 0x82, 0x10, 0x82, 0x10, 0x82, 0x10, 0x82, 0x10, 0x82,
    0x10, 0x82, 0x10, 0x82, 0x10, 0x82, 0x10, 0x82, 0x10, 0x82, 0x10, 0x82, 0x10, 0x82, 0x10, 0x82,
    0x10, 0x82, 0x10, 0x82, 0x10, 0x82, 0x10, 0x82, 0x10, 0x82, 0x10, 0x82, 0x10, 0x82, 0x10, 0x82,
    0x10, 0x82, 0x10, 0x82, 0x10, 0x82, 0x10, 0x82, 0x10, 0x82, 0x10, 0x82, 0x10, 0x82, 0x10, 0x82,
    0x10, 0x82, 0x10, 0x82, 0x10, 0x82, 0x10, 0x82, 0x10, 0x82, 0x10, 0x82, 0x10, 0x82, 0x10, 0x82,
    0x10, 0x82, 0x10, 0x82, 0x10, 0x82, 0x10, 0x82, 0x10, 0x82, 0x10, 0x82, 0x10, 0x82, 0x10, 0x82,
    0x10, 0x82, 0x10, 0x82, 0x10, 0x82, 0x10, 0x82, 0x10, 0x82, 0x10, 0x82, 0x10, 0x82, 0x10, 0x82,
    0x10, 0x82, 0x10, 0x82, 0x10, 0x82, 0x10, 0x82, 0x10, 0x82, 0x10, 0x82, 0x10, 0x82, 0xef, 0x5c,
    0x08, 0x41, 0x08, 0x41, 0x08, 0x41, 0x08, 0x41, 0x08, 0x41, 0x08, 0x41, 0x08, 0x41, 0x08, 0x41,
    0x08, 0x41, 0x08, 0x41, 0x08, 0x41, 0x08, 0x41, 0x08, 0x41, 0x08, 0x41, 0x08, 0x41, 0x08, 0x41,
    0x08, 0x41, 0x08, 0x41, 0x08, 0x41, 0x08, 0x41, 0x08, 0x41, 0x08, 0x41, 0x08, 0x41, 0x08, 0x41,
    0x08, 0x41, 0x08, 0x41, 0x08, 0x41, 0x08, 0x41, 0x08, 0x41, 0x08, 0x41, 0x08, 0x41, 0x08, 0x41,
    0xef, 0x5c, 0x10, 0x82, 0x10, 0x82, 0x10, 0x82, 0x10, 0x82, 0x10, 0x82, 0x10, 0x82, 0x10, 0x82,
    0x10, 0x82, 0x10, 0x82, 0x10, 0x82, 0x10, 0x82, 0x10, 0x82, 0x10, 0x82, 0x10, 0x82, 0x10, 0x82,
    0x10, 0x82, 0x10, 0x82, 0x10, 0x82, 0x10, 0x82, 0x10, 0x82, 0x10, 0x82, 0x10, 0x82, 0x10, 0x82,
    0x10, 0x82, 0x10, 0x82, 0x10, 0x82, 0x10, 0x82, 0x10, 0x82, 0x10, 0x82, 0x10, 0x82, 0x10, 0x82,
    0x10, 0x82, 0x10, 0x82, 0x10, 0x82, 0x10, 0x82, 0x10, 0x82, 0x10, 0x82, 0x10, 0x82, 0x10, 0x82,
    0x10, 0x82, 0x10, 0x82, 0x10, 0x82, 0x10, 0x82, 0x10, 0x82, 0x10, 0x82, 0x10, 0x82, 0x10, 0x82,
    0x10, 0x82, 0x10, 0x82, 0x10, 0x82, 0x10, 0x82, 0x10, 0x82, 0x10, 0x82, 0x10, 0x82, 0x10, 0x82,
    0x10, 0x82, 0x10, 0x82, 0x10, 0x82, 0x10, 0x82, 0x10, 0x82, 0x10, 0x82, 0x10, 0x82, 0x10, 0x82,
    0x10, 0x82, 0x10, 0x82, 0x10, 0x82, 0x10, 0x82, 0x10, 0x82, 0x10, 0x82, 0x10, 0x82, 0x10, 0x82,
    0x10, 0x82, 0x10, 0x82, 0x10, 0x82, 0x10, 0x82, 0x10, 0x82, 0x10, 0x82, 0x10, 0x82, 0x10, 0x82,
    0x10, 0x82, 0x10, 0x82, 0x10, 0x82, 0x10, 0x82, 0x10, 0x82, 0x10, 0x82, 0x10, 0x82, 0x10, 0x82,
    0x10, 0x82, 0x10, 0x82, 0x10, 0x82, 0x10, 0x82, 0x10, 0x82, 0x10, 0x82, 0x10, 0x82, 0x10, 0x82,
    0x10, 0x82, 0x10, 0x82, 0x10, 0x82, 0xef, 0x5c, 0x08, 0x41, 0x08, 0x41, 0x08, 0x41, 0x08, 0x41,
    0x08, 0x41, 0x08, 0x41, 0x08, 0x41, 0x08, 0x41, 0xef, 0x5c, 0x10, 0x82, 0x10, 0x82, 0x10, 0x82,
    0x10, 0x82, 0x10, 0x82, 0x10, 0x82, 0x10, 0x82, 0x10, 0x82, 0x10, 0x82, 0x10, 0x82, 0x10, 0x82,
    0x10, 0x82, 0x10, 0x82, 0x10, 0x82, 0x10, 0x82, 0x10, 0x82, 0x10, 0x82, 0x10, 0x82, 0x10, 0x82,
    0x10, 0x82, 0x10, 0x82, 0x10, 0x82, 0x10, 0x82, 0x10, 0x82, 0x10, 0x82, 0x10, 0x82, 0x10, 0x82,
    0x10, 0x82, 0x10, 0x82, 0x10, 0x82, 0x10, 0x82, 0x10, 0x82, 0x10, 0x82, 0x10, 0x82, 0x10, 0x82,
    0x10, 0x82, 0x10, 0x82, 0x10, 0x82, 0x10, 0x82, 0x10, 0x82, 0x10, 0x82, 0x10, 0x82, 0x10, 0x82,
    0x10, 0x82, 0x10, 0x82, 0x10, 0x82, 0x10, 0x82, 0x10, 0x82, 0x10, 0x82, 0x10, 0x82, 0x10, 0x82,
    0x10, 0x82, 0x10, 0x82, 0x10, 0x82, 0x10, 0x82, 0x10, 0x82, 0x10, 0x82, 0x10, 0x82, 0x10, 0x82,
    0x10, 0x82, 0x10, 0x82, 0x10, 0x82, 0x10, 0x82, 0x10, 0x82, 0x10, 0x82, 0x10, 0x82, 0x10, 0x82,
    0x10, 0x82, 0x10, 0x82, 0x10, 0x82, 0x10, 0x82, 0x10, 0x82, 0x10, 0x82, 0x10, 0x82, 0x10, 0x82,
    0x10, 0x82, 0x10, 0x82, 0x10, 0x82, 0x10, 0x82, 0x10, 0x82, 0x10, 0x82, 0x10, 0x82, 0x10, 0x82,
    0x10, 0x82, 0x10, 0x82, 0x10, 0x82, 0x10, 0x82, 0x10, 0x82, 0x10, 0x82, 0x10, 0x82, 0x10, 0x82,
    0x10, 0x82, 0x10, 0x82, 0x10, 0x82, 0x10, 0x82, 0x10, 0x82, 0x10, 0x82, 0x10, 0x82, 0xef, 0x5c,
    0x08, 0x41, 0x08, 0x41, 0x08, 0x41, 0x08, 0x41, 0x08, 0x41, 0x08, 0x41, 0x08, 0x41, 0x08, 0x41,
    0x08, 0x41, 0x08, 0x41, 0x08, 0x41, 0x08, 0x41, 0x08, 0x41, 0x08, 0x41, 0x08, 0x41, 0x08, 0x41,
    0x08, 0x41, 0x08, 0x41, 0x08, 0x41, 0x08, 0x41, 0x08, 0x41, 0x08, 0x41, 0x08, 0x41, 0x08, 0x41,
    0x08, 0x41, 0x08, 0x41, 0x08, 0x41, 0x08, 0x41, 0x08, 0x41, 0x08, 0x41, 0x08, 0x41, 0x08, 0x41,
    0xef, 0x5c, 0x10, 0x82, 0x10, 0x82, 0x10, 0x82, 0x10, 0x82, 0x10, 0x82, 0x10, 0x82, 0x10, 0x82,
    0x10, 0x82, 0x10, 0x82, 0x32, 0x44, 0x5c, 0x47, 0x53, 0xc6, 0x19, 0x23, 0x10, 0x82, 0x10, 0x82,
    0x10, 0x82, 0x10, 0x82, 0x10, 0x82, 0x10, 0x82, 0x10, 0x82, 0x10, 0x82, 0x10, 0x82, 0x10, 0x82,
    0x10, 0x82, 0x10, 0x82, 0x10, 0x82, 0x10, 0x82, 0x10, 0x82, 0x10, 0x82, 0x10, 0x82, 0x10, 0x82,
    0x10, 0x82, 0x10, 0x82, 0x10, 0x82, 0x10, 0x82, 0x10, 0x82, 0x10, 0x82, 0x10, 0x82, 0x10, 0x82,
    0x10, 0x82, 0x10, 0x82, 0x10, 0x82, 0x10, 0x82, 0x10, 0x82, 0x10, 0x82, 0x10, 0x82, 0x10, 0x82,
    0x10, 0x82, 0x10, 0x82, 0x10, 0x82, 0x10, 0x82, 0x10, 0x82, 0x10, 0x82, 0x10, 0x82, 0x10, 0x82,
    0x10, 0x82, 0x10, 0x82, 0x10, 0x82, 0x10, 0x82, 0x10, 0x82, 0x10, 0x82, 0x10, 0x82, 0x10, 0x82,
    0x10, 0x82, 0x10, 0x82, 0x10, 0x82, 0x10, 0x82, 0x10, 0x82, 0x10, 0x82, 0x10, 0x82, 0x10, 0x82,
    0x10, 0x82, 0x10, 0x82, 0x10, 0x82, 0x10, 0x82, 0x10, 0x82, 0x10, 0x82, 0x10, 0x82, 0x10, 0x82,
    0x10, 0x82, 0x10, 0x82, 0x10, 0x82, 0x10, 0x82, 0x10, 0x82, 0x10, 0x82, 0x10, 0x82, 0x10, 0x82,
    0x10, 0x82, 0x10, 0x82, 0x10, 0x82, 0x10, 0x82, 0x10, 0x82, 0x10, 0x82, 0x10, 0x82, 0x10, 0x82,
    0x10, 0x82, 0x10, 0x82, 0x10, 0x82, 0xef, 0x5c, 0x08, 0x41, 0x08, 0x41, 0x08, 0x41, 0x08, 0x41,
    0x08, 0x41, 0x08, 0x41, 0x08, 0x41, 0x08, 0x41, 0xef, 0x5c, 0x10, 0x82, 0x10, 0x82, 0x10, 0x82,
    0x10, 0x82, 0x10, 0x82, 0x10, 0x82, 0x10, 0x82, 0x10, 0x82, 0x10, 0x82, 0x32, 0x44, 0x5c, 0x47,
    0x53, 0xc6, 0x19, 0x23, 0x10, 0x82, 0x10, 0x82, 0x10, 0x82, 0x10, 0x82, 0x10, 0xc2, 0x32, 0x44,
    0x32, 0x44, 0x10, 0xc2, 0x10, 0x82, 0x10, 0x82, 0x10, 0x82, 0x10, 0x82, 0x10, 0x82, 0x10, 0x82,
    0x10, 0x82, 0x10, 0x82, 0x10, 0x82, 0x10, 0x82, 0x10, 0x82, 0x10, 0x82, 0x10, 0x82, 0x10, 0x82,
    0x10, 0x82, 0x10, 0x82, 0x10, 0x82, 0x10, 0x82, 0x10, 0x82, 0x10, 0x82, 0x10, 0x82, 0x10, 0x82,
    0x10, 0x82, 0x10, 0x82, 0x10, 0x82, 0x10, 0x82, 0x10, 0x82, 0x10, 0x82, 0x10, 0x82, 0x10, 0x82,
    0x10, 0x82, 0x10, 0x82, 0x10, 0x82, 0x10, 0x82, 0x10, 0x82, 0x10, 0x82, 0x10, 0x82, 0x10, 0x82,
    0x10, 0x82, 0x10, 0x82, 0x10, 0x82, 0x10, 0x82, 0x10, 0x82, 0x10, 0x82, 0x10, 0x82, 0x10, 0x82,
    0x10, 0x82, 0x10, 0x82, 0x10, 0x82, 0x10, 0x82, 0x10, 0x82, 0x10, 0x82, 0x10, 0x82, 0x10, 0x82,
    0x10, 0x82, 0x10, 0x82, 0x10, 0x82, 0x10, 0x82, 0x10, 0x82, 0x10, 0x82, 0x10, 0x82, 0x10, 0x82,
    0x10, 0x82, 0x10, 0x82, 0x10, 0x82, 0x10, 0x82, 0x10, 0x82, 0x10, 0x82, 0x10, 0x82, 0x10, 0x82,
    0x10, 0x82, 0x10, 0x82, 0x10, 0x82, 0x10, 0x82, 0x10, 0x82, 0x10, 0x82, 0x10, 0x82, 0xef, 0x5c,
    0x08, 0x41, 0x08, 0x41, 0x08, 0x41, 0x08, 0x41, 0x08, 0x41, 0x08, 0x41, 0x08, 0x41, 0x08, 0x41,
    0x08, 0x41, 0x08, 0x41, 0x08, 0x41, 0x08, 0x41, 0x08, 0x41, 0x08, 0x41, 0x08, 0x41, 0x08, 0x41,
    0x08, 0x41, 0x08, 0x41, 0x08, 0x41, 0x08, 0x41, 0x08, 0x41, 0x08, 0x41, 0x08, 0x41, 0x08, 0x41,
    0x08, 0x41, 0x08, 0x41, 0x08, 0x41, 0x08, 0x41, 0x08, 0x41, 0x08, 0x41, 0x08, 0x41, 0x08, 0x41,
    0xef, 0x5c, 0x10, 0x82, 0x10, 0x82, 0x10, 0x82, 0x10, 0x82, 0x10, 0x82, 0x10, 0x82, 0x10, 0x82,
    0x10, 0x82, 0x4b, 0x86, 0x8e, 0xaa, 0x4b, 0x45, 0x53, 0xe6, 0x96, 0xea, 0x21, 0xa3, 0x10, 0x82,
    0x10, 0x82, 0x10, 0x82, 0x7d, 0xc9, 0xaf, 0xec, 0x64, 0xa7, 0x10, 0x82, 0x10, 0x82, 0x10, 0x82,
    0x10, 0x82, 0x10, 0x82, 0x10, 0x82, 0x10, 0x82, 0x10, 0x82, 0x10, 0x82, 0x10, 0x82, 0x10, 0x82,
    0x10, 0x82, 0x10, 0x82, 0x10, 0x82, 0x10, 0x82, 0x10, 0x82, 0x10, 0x82, 0x10, 0x82, 0x10, 0x82,
    0x10, 0x82, 0x10, 0x82, 0x10, 0x82, 0x10, 0x82, 0x10, 0x82, 0x10, 0x82, 0x10, 0x82, 0x10, 0x82,
    0x10, 0x82, 0x10, 0x82, 0x10, 0x82, 0x10, 0x82, 0x10, 0x82, 0x10, 0x82, 0x10, 0x82, 0x10, 0x82,
    0x10, 0x82, 0x10, 0x82, 0x10, 0x82, 0x10, 0x82, 0x10, 0x82, 0x10, 0x82, 0x10, 0x82, 0x10, 0x82,
    0x10, 0x82, 0x10, 0x82, 0x10, 0x82, 0x10, 0x82, 0x10, 0x82, 0x10, 0x82, 0x10, 0x82, 0x10, 0x82,
    0x10, 0x82, 0x10, 0x82, 0x10, 0x82, 0x10, 0x82, 0x10, 0x82, 0x10, 0x82, 0x10, 0x82, 0x10, 0x82,
    0x10, 0x82, 0x10, 0x82, 0x10, 0x82, 0x10, 0x82, 0x10, 0x82, 0x10, 0x82, 0x10, 0x82, 0x10, 0x82,
    0x10, 0x82, 0x10, 0x82, 0x10, 0x82, 0x10, 0x82, 0x10, 0x82, 0x10, 0x82, 0x10, 0x82, 0x10, 0x82,
    0x10, 0x82, 0x10, 0x82, 0x10, 0x82, 0xef, 0x5c, 0x08, 0x41, 0x08, 0x41, 0x08, 0x41, 0x08, 0x41,
    0x08, 0x41, 0x08, 0x41, 0x08, 0x41, 0x08, 0x41, 0xef, 0x5c, 0x10, 0x82, 0x10, 0x82, 0x10, 0x82,
    0x10, 0x82, 0x10, 0x82, 0x10, 0x82, 0x10, 0x82, 0x10, 0x82, 0x4b, 0x86, 0x8e, 0xaa, 0x4b, 0x45,
    0x53, 0xe6, 0x96, 0xea, 0x21, 0xa3, 0x10, 0x82, 0x10, 0x82, 0x32, 0x24, 0x96, 0xea, 0x7d, 0xc9,
    0x86, 0x09, 0x97, 0x0a, 0x29, 0xe4, 0x10, 0x82, 0x10, 0x82, 0x10, 0x82, 0x10, 0x82, 0x10, 0x82,
    0x10, 0x82, 0x10, 0x82, 0x10, 0x82, 0x10, 0x82, 0x10, 0x82, 0x10, 0x82, 0x10, 0x82, 0x10, 0x82,
    0x10, 0x82, 0x10, 0x82, 0x10, 0x82, 0x10, 0x82, 0x10, 0x82, 0x10, 0x82, 0x10, 0x82, 0x10, 0x82,
    0x10, 0x82, 0x10, 0x82, 0x10, 0x82, 0x10, 0x82, 0x10, 0x82, 0x10, 0x82, 0x10, 0x82, 0x10, 0x82,
    0x10, 0x82, 0x10, 0x82, 0x10, 0x82, 0x10, 0x82, 0x10, 0x82, 0x10, 0x82, 0x10, 0x82, 0x10, 0x82,
    0x10, 0x82, 0x10, 0x82, 0x10, 0x82, 0x10, 0x82, 0x10, 0x82, 0x10, 0x82, 0x10, 0x82, 0x10, 0x82,
    0x10, 0x82, 0x10, 0x82, 0x10, 0x82, 0x10, 0x82, 0x10, 0x82, 0x10, 0x82, 0x10, 0x82, 0x10, 0x82,
    0x10, 0x82, 0x10, 0x82, 0x10, 0x82, 0x10, 0x82, 0x10, 0x82, 0x10, 0x82, 0x10, 0x82, 0x10, 0x82,
    0x10, 0x82, 0x10, 0x82, 0x10, 0x82, 0x10, 0x82, 0x10, 0x82, 0x10, 0x82, 0x10, 0x82, 0x10, 0x82,
    0x10, 0x82, 0x10, 0x82, 0x10, 0x82, 0x10, 0x82, 0x10, 0x82, 0x10, 0x82, 0x10, 0x82, 0xef, 0x5c,
    0x08, 0x41, 0x08, 0x41, 0x08, 0x41, 0x08, 0x41, 0x08, 0x41, 0x08, 0x41, 0x08, 0x41, 0x08, 0x41,
    0x08, 0x41, 0x08, 0x41, 0x08, 0x41, 0x08, 0x41, 0x08, 0x41, 0x08, 0x41, 0x08, 0x41, 0x08, 0x41,
    0x08, 0x41, 0x08, 0x41, 0x08, 0x41, 0x08, 0x41, 0x08, 0x41, 0x08, 0x41, 0x08, 0x41, 0x08, 0x41,
    0x08, 0x41, 0x08, 0x41, 0x08, 0x41, 0x08, 0x41, 0x08, 0x41, 0x08, 0x41, 0x08, 0x41, 0x08, 0x41,
    0xef, 0x5c, 0x10, 0x82, 0x10, 0x82, 0x10, 0x82, 0x10, 0x82, 0x10, 0x82, 0x10, 0x82, 0x10, 0x82,
    0x18, 0xe2, 0x9f, 0x6b, 0x19, 0x23, 0x10, 0x82, 0x10, 0x82, 0x42, 0xe5, 0x7d, 0xc9, 0x10, 0x82,
    0x10, 0x82, 0x10, 0x82, 0x10, 0x82, 0x53, 0xc6, 0x64, 0xa7, 0x10, 0x82, 0x10, 0x82, 0x10, 0x82,
    0x10, 0x82, 0x10, 0x82, 0x10, 0x82, 0x10, 0x82, 0x10, 0x82, 0x10, 0x82, 0x10, 0x82, 0x10, 0x82,
    0x10, 0x82, 0x10, 0x82, 0x10, 0x82, 0x10, 0x82, 0x10, 0x82, 0x10, 0x82, 0x10, 0x82, 0x10, 0x82,
    0x10, 0x82, 0x10, 0x82, 0x10, 0x82, 0x10, 0x82, 0x10, 0x82, 0x10, 0x82, 0x10, 0x82, 0x10, 0x82,
    0x10, 0x82, 0x10, 0x82, 0x10, 0x82, 0x10, 0x82, 0x10, 0x82, 0x10, 0x82, 0x10, 0x82, 0x10, 0x82,
    0x10, 0x82, 0x10, 0x82, 0x10, 0x82, 0x10, 0x82, 0x10, 0x82, 0x10, 0x82, 0x10, 0x82, 0x10, 0x82,
    0x10, 0x82, 0x10, 0x82, 0x10, 0x82, 0x10, 0x82, 0x10, 0x82, 0x10, 0x82, 0x10, 0x82, 0x10, 0x82,
    0x10, 0x82, 0x10, 0x82, 0x10, 0x82, 0x10, 0x82, 0x10, 0x82, 0x10, 0x82, 0x10, 0x82, 0x10, 0x82,
    0x10, 0x82, 0x10, 0x82, 0x10, 0x82, 0x10, 0x82, 0x10, 0x82, 0x10, 0x82, 0x10, 0x82, 0x10, 0x82,
    0x10, 0x82, 0x10, 0x82, 0x10, 0x82, 0x10, 0x82, 0x10, 0x82, 0x10, 0x82, 0x10, 0x82, 0x10, 0x82,
    0x10, 0x82, 0x10, 0x82, 0x10, 0x82, 0xef, 0x5c, 0x08, 0x41, 0x08, 0x41, 0x08, 0x41, 0x08, 0x41,
    0x08, 0x41, 0x08, 0x41, 0x08, 0x41, 0x08, 0x41, 0xef, 0x5c, 0x10, 0x82, 0x10, 0x82, 0x10, 0x82,
    0x10, 0x82, 0x10, 0x82, 0x10, 0x82, 0x10, 0x82, 0x18, 0xe2, 0x9f, 0x6b, 0x19, 0x23, 0x10, 0x82,
    0x10, 0x82, 0x42, 0xe5, 0x7d, 0xc9, 0x10, 0x82, 0x10, 0xc2, 0x96, 0xea, 0x32, 0x44, 0x10, 0x82,
    0x10, 0x82, 0x43, 0x25, 0x8e, 0x8a, 0x10, 0x82, 0x10, 0x82, 0x10, 0x82, 0x10, 0x82, 0x10, 0x82,
    0x10, 0x82, 0x10, 0x82, 0x10, 0x82, 0x10, 0x82, 0x10, 0x82, 0x10, 0x82, 0x10, 0x82, 0x10, 0x82,
    0x10, 0x82, 0x10, 0x82, 0x10, 0x82, 0x10, 0x82, 0x10, 0x82, 0x10, 0x82, 0x10, 0x82, 0x10, 0x82,
    0x10, 0x82, 0x10, 0x82, 0x10, 0x82, 0x10, 0x82, 0x10, 0x82, 0x10, 0x82, 0x10, 0x82, 0x10, 0x82,
    0x10, 0x82, 0x10, 0x82, 0x10, 0x82, 0x10, 0x82, 0x10, 0x82, 0x10, 0x82, 0x10, 0x82, 0x10, 0x82,
    0x10, 0x82, 0x10, 0x82, 0x10, 0x82, 0x10, 0x82, 0x10, 0x82, 0x10, 0x82, 0x10, 0x82, 0x10, 0x82,
    0x10, 0x82, 0x10, 0x82, 0x10, 0x82, 0x10, 0x82, 0x10, 0x82, 0x10, 0x82, 0x10, 0x82, 0x10, 0x82,
    0x10, 0x82, 0x10, 0x82, 0x10, 0x82, 0x10, 0x82, 0x10, 0x82, 0x10, 0x82, 0x10, 0x82, 0x10, 0x82,
    0x10, 0x82, 0x10, 0x82, 0x10, 0x82, 0x10, 0x82, 0x10, 0x82, 0x10, 0x82, 0x10, 0x82, 0x10, 0x82,
    0x10, 0x82, 0x10, 0x82, 0x10, 0x82, 0x10, 0x82, 0x10, 0x82, 0x10, 0x82, 0x10, 0x82, 0xef, 0x5c,
    0x08, 0x41, 0x08, 0x41, 0x08, 0x41, 0x08, 0x41, 0x08, 0x41, 0x08, 0x41, 0x08, 0x41, 0x08, 0x41,
    0x08, 0x41, 0x08, 0x41, 0x08, 0x41, 0x08, 0x41, 0x08, 0x41, 0x08, 0x41, 0x08, 0x41, 0x08, 0x41,
    0x08, 0x41, 0x08, 0x41, 0x08, 0x41, 0x08, 0x41, 0x08, 0x41, 0x08, 0x41, 0x08, 0x41, 0x08, 0x41,
    0x08, 0x41, 0x08, 0x41, 0x08, 0x41, 0x08, 0x41, 0x08, 0x41, 0x08, 0x41, 0x08, 0x41, 0x08, 0x41,
    0xef, 0x5c, 0x10, 0x82, 0x10, 0x82, 0x10, 0x82, 0x10, 0x82, 0x10, 0x82, 0x10, 0x82, 0x10, 0x82,
    0x42, 0xe5, 0x75, 0x88, 0x10, 0x82, 0x10, 0x82, 0x10, 0x82, 0x10, 0xa2, 0x97, 0x2a, 0x19, 0x02,
    0x10, 0x82, 0x10, 0x82, 0x10, 0x82, 0x53, 0xc6, 0x64, 0xa7, 0x10, 0x82, 0x10, 0x82, 0x10, 0x82,
    0x10, 0x82, 0x10, 0x82, 0x10, 0x82, 0x10, 0x82, 0x10, 0x82, 0x10, 0x82, 0x10, 0x82, 0x10, 0x82,
    0x10, 0x82, 0x10, 0x82, 0x10, 0x82, 0x10, 0x82, 0x10, 0x82, 0x10, 0x82, 0x10, 0x82, 0x10, 0x82,
    0x10, 0x82, 0x10, 0x82, 0x10, 0x82, 0x10, 0x82, 0x10, 0x82, 0x10, 0x82, 0x10, 0x82, 0x10, 0x82,
    0x10, 0x82, 0x10, 0x82, 0x10, 0x82, 0x10, 0x82, 0x10, 0x82, 0x10, 0x82, 0x10, 0x82, 0x10, 0x82,
    0x10, 0x82, 0x10, 0x82, 0x10, 0x82, 0x10, 0x82, 0x10, 0x82, 0x10, 0x82, 0x10, 0x82, 0x10, 0x82,
    0x10, 0x82, 0x10, 0x82, 0x10, 0x82, 0x10, 0x82, 0x10, 0x82, 0x10, 0x82, 0x10, 0x82, 0x10, 0x82,
    0x10, 0x82, 0x10, 0x82, 0x10, 0x82, 0x10, 0x82, 0x10, 0x82, 0x10, 0x82, 0x10, 0x82, 0x10, 0x82,
    0x10, 0x82, 0x10, 0x82, 0x10, 0x82, 0x10, 0x82, 0x10, 0x82, 0x10, 0x82, 0x10, 0x82, 0x10, 0x82,
    0x10, 0x82, 0x10, 0x82, 0x10, 0x82, 0x10, 0x82, 0x10, 0x82, 0x10, 0x82, 0x10, 0x82, 0x10, 0x82,
    0x10, 0x82, 0x10, 0x82, 0x10, 0x82, 0xef, 0x5c, 0x08, 0x41, 0x08, 0x41, 0x08, 0x41, 0x08, 0x41,
    0x08, 0x41, 0x08, 0x41, 0x08, 0x41, 0x08, 0x41, 0xef, 0x5c, 0x10, 0x82, 0x10, 0x82, 0x10, 0x82,
    0x10, 0x82, 0x10, 0x82, 0x10, 0x82, 0x10, 0x82, 0x42, 0xe5, 0x75, 0x88, 0x10, 0x82, 0x10, 0x82,
    0x10, 0x82, 0x10, 0xa2, 0x97, 0x2a, 0x19, 0x02, 0x32, 0x24, 0x86, 0x09, 0x10, 0x82, 0x10, 0x82,
    0x10, 0x82, 0x10, 0x82, 0x9f, 0x6b, 0x18, 0xe2, 0x10, 0x82, 0x10, 0x82, 0x10, 0x82, 0x10, 0x82,
    0x10, 0x82, 0x10, 0x82, 0x10, 0x82, 0x10, 0x82, 0x10, 0x82, 0x10, 0x82, 0x10, 0x82, 0x10, 0x82,
    0x10, 0x82, 0x10, 0x82, 0x10, 0x82, 0x10, 0x82, 0x10, 0x82, 0x10, 0x82, 0x10, 0x82, 0x10, 0x82,
    0x10, 0x82, 0x10, 0x82, 0x10, 0x82, 0x10, 0x82, 0x10, 0x82, 0x10, 0x82, 0x10, 0x82, 0x10, 0x82,
    0x10, 0x82, 0x10, 0x82, 0x10, 0x82, 0x10, 0x82, 0x10, 0x82, 0x10, 0x82, 0x10, 0x82, 0x10, 0x82,
    0x10, 0x82, 0x10, 0x82, 0x10, 0x82, 0x10, 0x82, 0x10, 0x82, 0x10, 0x82, 0x10, 0x82, 0x10, 0x82,
    0x10, 0x82, 0x10, 0x82, 0x10, 0x82, 0x10, 0x82, 0x10, 0x82, 0x10, 0x82, 0x10, 0x82, 0x10, 0x82,
    0x10, 0x82, 0x10, 0x82, 0x10, 0x82, 0x10, 0x82, 0x10, 0x82, 0x10, 0x82, 0x10, 0x82, 0x10, 0x82,
    0x10, 0x82, 0x10, 0x82, 0x10, 0x82, 0x10, 0x82, 0x10, 0x82, 0x10, 0x82, 0x10, 0x82, 0x10, 0x82,
    0x10, 0x82, 0x10, 0x82, 0x10, 0x82, 0x10, 0x82, 0x10, 0x82, 0x10, 0x82, 0x10, 0x82, 0xef, 0x5c,
    0x08, 0x41, 0x08, 0x41, 0x08, 0x41, 0x08, 0x41, 0x08, 0x41, 0x08, 0x41, 0x08, 0x41, 0x08, 0x41,
    0x08, 0x41, 0x08, 0x41, 0x08, 0x41, 0x08, 0x41, 0x08, 0x41, 0x08, 0x41, 0x08, 0x41, 0x08, 0x41,
    0x08, 0x41, 0x08, 0x41, 0x08, 0x41, 0x08, 0x41, 0x08, 0x41, 0x08, 0x41, 0x08, 0x41, 0x08, 0x41,
    0x08, 0x41, 0x08, 0x41, 0x08, 0x41, 0x08, 0x41, 0x08, 0x41, 0x08, 0x41, 0x08, 0x41, 0x08, 0x41,
    0xef, 0x5c, 0x10, 0x82, 0x10, 0x82, 0x10, 0x82, 0x10, 0x82, 0x10, 0x82, 0x10, 0x82, 0x10, 0x82,
    0x5c, 0x06, 0x5c, 0x47, 0x10, 0x82, 0x10, 0x82, 0x10, 0x82, 0x10, 0x82, 0x86, 0x09, 0x32, 0x44,
    0x10, 0x82, 0x10, 0x82, 0x10, 0x82, 0x53, 0xc6, 0x64, 0xa7, 0x10, 0x82, 0x10, 0x82, 0x10, 0x82,
    0x10, 0x82, 0x10, 0x82, 0x10, 0x82, 0x10, 0x82, 0x10, 0x82, 0x10, 0x82, 0x10, 0x82, 0x10, 0x82,
    0x10, 0x82, 0x10, 0x82, 0x10, 0x82, 0x10, 0x82, 0x10, 0x82, 0x10, 0x82, 0x10, 0x82, 0x10, 0x82,
    0x10, 0x82, 0x10, 0x82, 0x10, 0x82, 0x10, 0x82, 0x10, 0x82, 0x10, 0x82, 0x10, 0x82, 0x10, 0x82,
    0x10, 0x82, 0x10, 0x82, 0x10, 0x82, 0x10, 0x82, 0x10, 0x82, 0x10, 0x82, 0x10, 0x82, 0x10, 0x82,
    0x10, 0x82, 0x10, 0x82, 0x10, 0x82, 0x10, 0x82, 0x10, 0x82, 0x10, 0x82, 0x10, 0x82, 0x10, 0x82,
    0x10, 0x82, 0x10, 0x82, 0x10, 0x82, 0x10, 0x82, 0x10, 0x82, 0x10, 0x82, 0x10, 0x82, 0x10, 0x82,
    0x10, 0x82, 0x10, 0x82, 0x10, 0x82, 0x10, 0x82, 0x10, 0x82, 0x10, 0x82, 0x10, 0x82, 0x10, 0x82,
    0x10, 0x82, 0x10, 0x82, 0x10, 0x82, 0x10, 0x82, 0x10, 0x82, 0x10, 0x82, 0x10, 0x82, 0x10, 0x82,
    0x10, 0x82, 0x10, 0x82, 0x10, 0x82, 0x10, 0x82, 0x10, 0x82, 0x10, 0x82, 0x10, 0x82, 0x10, 0x82,
    0x10, 0x82, 0x10, 0x82, 0x10, 0x82, 0xef, 0x5c, 0x08, 0x41, 0x08, 0x41, 0x08, 0x41, 0x08, 0x41,
    0x08, 0x41, 0x08, 0x41, 0x08, 0x41, 0x08, 0x41, 0xef, 0x5c, 0x10, 0x82, 0x10, 0x82, 0x10, 0x82,
    0x10, 0x82, 0x10, 0x82, 0x10, 0x82, 0x10, 0x82, 0x5c, 0x06, 0x5c, 0x47, 0x10, 0x82, 0x10, 0x82,
    0x10, 0x82, 0x10, 0x82, 0x86, 0x09, 0x32, 0x44, 0x10, 0xa2, 0x18, 0xe2, 0x10, 0x82, 0x10, 0x82,
    0x10, 0x82, 0x19, 0x02, 0x9f, 0x6b, 0x10, 0xa2, 0x10, 0x82, 0x10, 0x82, 0x10, 0x82, 0x10, 0x82,
    0x10, 0x82, 0x10, 0x82, 0x10, 0x82, 0x10, 0x82, 0x10, 0x82, 0x10, 0x82, 0x10, 0x82, 0x10, 0x82,
    0x10, 0x82, 0x10, 0x82, 0x10, 0x82, 0x10, 0x82, 0x10, 0x82, 0x10, 0x82, 0x10, 0x82, 0x10, 0x82,
    0x10, 0x82, 0x10, 0x82, 0x10, 0x82, 0x10, 0x82, 0x10, 0x82, 0x10, 0x82, 0x10, 0x82, 0x10, 0x82,
    0x10, 0x82, 0x10, 0x82, 0x10, 0x82, 0x10, 0x82, 0x10, 0x82, 0x10, 0x82, 0x10, 0x82, 0x10, 0x82,
    0x10, 0x82, 0x10, 0x82, 0x10, 0x82, 0x10, 0x82, 0x10, 0x82, 0x10, 0x82, 0x10, 0x82, 0x10, 0x82,
    0x10, 0x82, 0x10, 0x82, 0x10, 0x82, 0x10, 0x82, 0x10, 0x82, 0x10, 0x82, 0x10, 0x82, 0x10, 0x82,
    0x10, 0x82, 0x10, 0x82, 0x10, 0x82, 0x10, 0x82, 0x10, 0x82, 0x10, 0x82, 0x10, 0x82, 0x10, 0x82,
    0x10, 0x82, 0x10, 0x82, 0x10, 0x82, 0x10, 0x82, 0x10, 0x82, 0x10, 0x82, 0x10, 0x82, 0x10, 0x82,
    0x10, 0x82, 0x10, 0x82, 0x10, 0x82, 0x10, 0x82, 0x10, 0x82, 0x10, 0x82, 0x10, 0x82, 0xef, 0x5c,
    0x08, 0x41, 0x08, 0x41, 0x08, 0x41, 0x08, 0x41, 0x08, 0x41, 0x08, 0x41, 0x08, 0x41, 0x08, 0x41,
    0x08, 0x41, 0x08, 0x41, 0x08, 0x41, 0x08, 0x41, 0x08, 0x41, 0x08, 0x41, 0x08, 0x41, 0x08, 0x41,
    0x08, 0x41, 0x08, 0x41, 0x08, 0x41, 0x08, 0x41, 0x08, 0x41, 0x08, 0x41, 0x08, 0x41, 0x08, 0x41,
    0x08, 0x41, 0x08, 0x41, 0x08, 0x41, 0x08, 0x41, 0x08, 0x41, 0x08, 0x41, 0x08, 0x41, 0x08, 0x41,
    0xef, 0x5c, 0x10, 0x82, 0x10, 0x82, 0x10, 0x82, 0x10, 0x82, 0x10, 0x82, 0x10, 0x82, 0x10, 0x82,
    0x64, 0x87, 0x53, 0xa6, 0x10, 0x82, 0x10, 0x82, 0x10, 0x82, 0x10, 0x82, 0x75, 0x68, 0x3a, 0xa5,
    0x10, 0x82, 0x10, 0x82, 0x10, 0x82, 0x53, 0xc6, 0x64, 0xa7, 0x10, 0x82, 0x10, 0x82, 0x10, 0x82,
    0x10, 0x82, 0x10, 0x82, 0x10, 0x82, 0x10, 0x82, 0x10, 0x82, 0x10, 0x82, 0x10, 0x82, 0x10, 0x82,
    0x10, 0x82, 0x10, 0x82, 0x10, 0x82, 0x10, 0x82, 0x10, 0x82, 0x10, 0x82, 0x10, 0x82, 0x10, 0x82,
    0x10, 0x82, 0x10, 0x82, 0x10, 0x82, 0x10, 0x82, 0x10, 0x82, 0x10, 0x82, 0x10, 0x82, 0x10, 0x82,
    0x10, 0x82, 0x10, 0x82, 0x10, 0x82, 0x10, 0x82, 0x10, 0x82, 0x10, 0x82, 0x10, 0x82, 0x10, 0x82,
    0x10, 0x82, 0x10, 0x82, 0x10, 0x82, 0x10, 0x82, 0x10, 0x82, 0x10, 0x82, 0x10, 0x82, 0x10, 0x82,
    0x10, 0x82, 0x10, 0x82, 0x10, 0x82, 0x10, 0x82, 0x10, 0x82, 0x10, 0x82, 0x10, 0x82, 0x10, 0x82,
    0x10, 0x82, 0x10, 0x82, 0x10, 0x82, 0x10, 0x82, 0x10, 0x82, 0x10, 0x82, 0x10, 0x82, 0x10, 0x82,
    0x10, 0x82, 0x10, 0x82, 0x10, 0x82, 0x10, 0x82, 0x10, 0x82, 0x10, 0x82, 0x10, 0x82, 0x10, 0x82,
    0x10, 0x82, 0x10, 0x82, 0x10, 0x82, 0x10, 0x82, 0x10, 0x82, 0x10, 0x82, 0x10, 0x82, 0x10, 0x82,
    0x10, 0x82, 0x10, 0x82, 0x10, 0x82, 0xef, 0x5c, 0x08, 0x41, 0x08, 0x41, 0x08, 0x41, 0x08, 0x41,
    0x08, 0x41, 0x08, 0x41, 0x08, 0x41, 0x08, 0x41, 0xef, 0x5c, 0x10, 0x82, 0x10, 0x82, 0x10, 0x82,
    0x10, 0x82, 0x10, 0x82, 0x10, 0x82, 0x10, 0x82, 0x64, 0x87, 0x53, 0xa6, 0x10, 0x82, 0x10, 0x82,
    0x10, 0x82, 0x10, 0x82, 0x75, 0x68, 0x3a, 0xa5, 0x10, 0x82, 0x10, 0x82, 0x10, 0x82, 0x10, 0x82,
    0x10, 0x82, 0x6d, 0x28, 0x64, 0x67, 0x10, 0x82, 0x10, 0x82, 0x10, 0x82, 0x10, 0x82, 0x10, 0x82,
    0x10, 0x82, 0x10, 0x82, 0x10, 0x82, 0x10, 0x82, 0x10, 0x82, 0x10, 0x82, 0x10, 0x82, 0x10, 0x82,
    0x10, 0x82, 0x10, 0x82, 0x10, 0x82, 0x10, 0x82, 0x10, 0x82, 0x10, 0x82, 0x10, 0x82, 0x10, 0x82,
    0x10, 0x82, 0x10, 0x82, 0x10, 0x82, 0x10, 0x82, 0x10, 0x82, 0x10, 0x82, 0x10, 0x82, 0x10, 0x82,
    0x10, 0x82, 0x10, 0x82, 0x10, 0x82, 0x10, 0x82, 0x10, 0x82, 0x10, 0x82, 0x10, 0x82, 0x10, 0x82,
    0x10, 0x82, 0x10, 0x82, 0x10, 0x82, 0x10, 0x82, 0x10, 0x82, 0x10, 0x82, 0x10, 0x82, 0x10, 0x82,
    0x10, 0x82, 0x10, 0x82, 0x10, 0x82, 0x10, 0x82, 0x10, 0x82, 0x10, 0x82, 0x10, 0x82, 0x10, 0x82,
    0x10, 0x82, 0x10, 0x82, 0x10, 0x82, 0x10, 0x82, 0x10, 0x82, 0x10, 0x82, 0x10, 0x82, 0x10, 0x82,
    0x10, 0x82, 0x10, 0x82, 0x10, 0x82, 0x10, 0x82, 0x10, 0x82, 0x10, 0x82, 0x10, 0x82, 0x10, 0x82,
    0x10, 0x82, 0x10, 0x82, 0x10, 0x82, 0x10, 0x82, 0x10, 0x82, 0x10, 0x82, 0x10, 0x82, 0xef, 0x5c,
    0x08, 0x41, 0x08, 0x41, 0x08, 0x41, 0x08, 0x41, 0x08, 0x41, 0x08, 0x41, 0x08, 0x41, 0x08, 0x41,
    0x08, 0x41, 0x08, 0x41, 0x08, 0x41, 0x08, 0x41, 0x08, 0x41, 0x08, 0x41, 0x08, 0x41, 0x08, 0x41,
    0x08, 0x41, 0x08, 0x41, 0x08, 0x41, 0x08, 0x41, 0x08, 0x41, 0x08, 0x41, 0x08, 0x41, 0x08, 0x41,
    0x08, 0x41, 0x08, 0x41, 0x08, 0x41, 0x08, 0x41, 0x08, 0x41, 0x08, 0x41, 0x08, 0x41, 0x08, 0x41,
    0xef, 0x5c, 0x10, 0x82, 0x10, 0x82, 0x10, 0x82, 0x10, 0x82, 0x10, 0x82, 0x10, 0x82, 0x10, 0x82,
    0x5c, 0x47, 0x53, 0xc6, 0x10, 0x82, 0x10, 0x82, 0x10, 0x82, 0x10, 0x82, 0x7d, 0xc9, 0x3a, 0x84,
    0x10, 0x82, 0x10, 0x82, 0x10, 0x82, 0x53, 0xc6, 0x64, 0xa7, 0x10, 0x82, 0x10, 0x82, 0x10, 0x82,
    0x10, 0x82, 0x10, 0x82, 0x10, 0x82, 0x10, 0x82, 0x10, 0x82, 0x10, 0x82, 0x10, 0x82, 0x10, 0x82,
    0x10, 0x82, 0x10, 0x82, 0x10, 0x82, 0x10, 0x82, 0x10, 0x82, 0x10, 0x82, 0x10, 0x82, 0x10, 0x82,
    0x10, 0x82, 0x10, 0x82, 0x10, 0x82, 0x10, 0x82, 0x10, 0x82, 0x10, 0x82, 0x10, 0x82, 0x10, 0x82,
    0x10, 0x82, 0x10, 0x82, 0x10, 0x82, 0x10, 0x82, 0x10, 0x82, 0x10, 0x82, 0x10, 0x82, 0x10, 0x82,
    0x10, 0x82, 0x10, 0x82, 0x10, 0x82, 0x10, 0x82, 0x10, 0x82, 0x10, 0x82, 0x10, 0x82, 0x10, 0x82,
    0x10, 0x82, 0x10, 0x82, 0x10, 0x82, 0x10, 0x82, 0x10, 0x82, 0x10, 0x82, 0x10, 0x82, 0x10, 0x82,
    0x10, 0x82, 0x10, 0x82, 0x10, 0x82, 0x10, 0x82, 0x10, 0x82, 0x10, 0x82, 0x10, 0x82, 0x10, 0x82,
    0x10, 0x82, 0x10, 0x82, 0x10, 0x82, 0x10, 0x82, 0x10, 0x82, 0x10, 0x82, 0x10, 0x82, 0x10, 0x82,
    0x10, 0x82, 0x10, 0x82, 0x10, 0x82, 0x10, 0x82, 0x10, 0x82, 0x10, 0x82, 0x10, 0x82, 0x10, 0x82,
    0x10, 0x82, 0x10, 0x82, 0x10, 0x82, 0xef, 0x5c, 0x08, 0x41, 0x08, 0x41, 0x08, 0x41, 0x08, 0x41,
    0x08, 0x41, 0x08, 0x41, 0x08, 0x41, 0x08, 0x41, 0xef, 0x5c, 0x10, 0x82, 0x10, 0x82, 0x10, 0x82,
    0x10, 0x82, 0x10, 0x82, 0x10, 0x82, 0x10, 0x82, 0x5c, 0x47, 0x53, 0xc6, 0x10, 0x82, 0x10, 0x82,
    0x10, 0x82, 0x10, 0x82, 0x7d, 0xc9, 0x3a, 0x84, 0x10, 0x82, 0x10, 0x82, 0x10, 0x82, 0x10, 0x82,
    0x53, 0xe6, 0x86, 0x49, 0x10, 0xc2, 0x10, 0x82, 0x10, 0x82, 0x10, 0x82, 0x10, 0x82, 0x10, 0x82,
    0x10, 0x82, 0x10, 0x82, 0x10, 0x82, 0x10, 0x82, 0x10, 0x82, 0x10, 0x82, 0x10, 0x82, 0x10, 0x82,
    0x10, 0x82, 0x10, 0x82, 0x10, 0x82, 0x10, 0x82, 0x10, 0x82, 0x10, 0x82, 0x10, 0x82, 0x10, 0x82,
    0x10, 0x82, 0x10, 0x82, 0x10, 0x82, 0x10, 0x82, 0x10, 0x82, 0x10, 0x82, 0x10, 0x82, 0x10, 0x82,
    0x10, 0x82, 0x10, 0x82, 0x10, 0x82, 0x10, 0x82, 0x10, 0x82, 0x10, 0x82, 0x10, 0x82, 0x10, 0x82,
    0x10, 0x82, 0x10, 0x82, 0x10, 0x82, 0x10, 0x82, 0x10, 0x82, 0x10, 0x82, 0x10, 0x82, 0x10, 0x82,
    0x10, 0x82, 0x10, 0x82, 0x10, 0x82, 0x10, 0x82, 0x10, 0x82, 0x10, 0x82, 0x10, 0x82, 0x10, 0x82,
    0x10, 0x82, 0x10, 0x82, 0x10, 0x82, 0x10, 0x82, 0x10, 0x82, 0x10, 0x82, 0x10, 0x82, 0x10, 0x82,
    0x10, 0x82, 0x10, 0x82, 0x10, 0x82, 0x10, 0x82, 0x10, 0x82, 0x10, 0x82, 0x10, 0x82, 0x10, 0x82,
    0x10, 0x82, 0x10, 0x82, 0x10, 0x82, 0x10, 0x82, 0x10, 0x82, 0x10, 0x82, 0x10, 0x82, 0xef, 0x5c,
    0x08, 0x41, 0x08, 0x41, 0x08, 0x41, 0x08, 0x41, 0x08, 0x41, 0x08, 0x41, 0x08, 0x41, 0x08, 0x41,
    0x08, 0x41, 0x08, 0x41, 0x08, 0x41, 0x08, 0x41, 0x08, 0x41, 0x08, 0x41, 0x08, 0x41, 0x08, 0x41,
    0x08, 0x41, 0x08, 0x41, 0x08, 0x41, 0x08, 0x41, 0x08, 0x41, 0x08, 0x41, 0x08, 0x41, 0x08, 0x41,
    0x08, 0x41, 0x08, 0x41, 0x08, 0x41, 0x08, 0x41, 0x08, 0x41, 0x08, 0x41, 0x08, 0x41, 0x08, 0x41,
    0xef, 0x5c, 0x10, 0x82, 0x10, 0x82, 0x10, 0x82, 0x10, 0x82, 0x10, 0x82, 0x10, 0x82, 0x10, 0x82,
    0x4b, 0x86, 0x64, 0xa7, 0x10, 0x82, 0x10, 0x82, 0x10, 0x82, 0x10, 0x82, 0x8e, 0xaa, 0x29, 0xa3,
    0x10, 0x82, 0x10, 0x82, 0x10, 0x82, 0x53, 0xc6, 0x64, 0xa7, 0x10, 0x82, 0x10, 0x82, 0x10, 0x82,
    0x10, 0x82, 0x10, 0x82, 0x10, 0x82, 0x10, 0x82, 0x10, 0x82, 0x10, 0x82, 0x10, 0x82, 0x10, 0x82,
    0x10, 0x82, 0x10, 0x82, 0x10, 0x82, 0x10, 0x82, 0x10, 0x82, 0x10, 0x82, 0x10, 0x82, 0x10, 0x82,
    0x10, 0x82, 0x10, 0x82, 0x10, 0x82, 0x10, 0x82, 0x10, 0x82, 0x10, 0x82, 0x10, 0x82, 0x10, 0x82,
    0x10, 0x82, 0x10, 0x82, 0x10, 0x82, 0x10, 0x82, 0x10, 0x82, 0x10, 0x82, 0x10, 0x82, 0x10, 0x82,
    0x10, 0x82, 0x10, 0x82, 0x10, 0x82, 0x10, 0x82, 0x10, 0x82, 0x10, 0x82, 0x10, 0x82, 0x10, 0x82,
    0x10, 0x82, 0x10, 0x82, 0x10, 0x82, 0x10, 0x82, 0x10, 0x82, 0x10, 0x82, 0x10, 0x82, 0x10, 0x82,
    0x10, 0x82, 0x10, 0x82, 0x10, 0x82, 0x10, 0x82, 0x10, 0x82, 0x10, 0x82, 0x10, 0x82, 0x10, 0x82,
    0x10, 0x82, 0x10, 0x82, 0x10, 0x82, 0x10, 0x82, 0x10, 0x82, 0x10, 0x82, 0x10, 0x82, 0x10, 0x82,
    0x10, 0x82, 0x10, 0x82, 0x10, 0x82, 0x10, 0x82, 0x10, 0x82, 0x10, 0x82, 0x10, 0x82, 0x10, 0x82,
    0x10, 0x82, 0x10, 0x82, 0x10, 0x82, 0xef, 0x5c, 0x08, 0x41, 0x08, 0x41, 0x08, 0x41, 0x08, 0x41,
    0x08, 0x41, 0x08, 0x41, 0x08, 0x41, 0x08, 0x41, 0xef, 0x5c, 0x10, 0x82, 0x10, 0x82, 0x10, 0x82,
    0x10, 0x82, 0x10, 0x82, 0x10, 0x82, 0x10, 0x82, 0x4b, 0x86, 0x64, 0xa7, 0x10, 0x82, 0x10, 0x82,
    0x10, 0x82, 0x10, 0x82, 0x8e, 0xaa, 0x29, 0xa3, 0x10, 0x82, 0x10, 0x82, 0x10, 0x82, 0x4b, 0x45,
    0x96, 0xca, 0x19, 0x02, 0x10, 0x82, 0x10, 0x82, 0x10, 0x82, 0x10, 0x82, 0x10, 0x82, 0x10, 0x82,
    0x10, 0x82, 0x10, 0x82, 0x10, 0x82, 0x10, 0x82, 0x10, 0x82, 0x10, 0x82, 0x10, 0x82, 0x10, 0x82,
    0x10, 0x82, 0x10, 0x82, 0x10, 0x82, 0x10, 0x82, 0x10, 0x82, 0x10, 0x82, 0x10, 0x82, 0x10, 0x82,
    0x10, 0x82, 0x10, 0x82, 0x10, 0x82, 0x10, 0x82, 0x10, 0x82, 0x10, 0x82, 0x10, 0x82, 0x10, 0x82,
    0x10, 0x82, 0x10, 0x82, 0x10, 0x82, 0x10, 0x82, 0x10, 0x82, 0x10, 0x82, 0x10, 0x82, 0x10, 0x82,
    0x10, 0x82, 0x10, 0x82, 0x10, 0x82, 0x10, 0x82, 0x10, 0x82, 0x10, 0x82, 0x10, 0x82, 0x10, 0x82,
    0x10, 0x82, 0x10, 0x82, 0x10, 0x82, 0x10, 0x82, 0x10, 0x82, 0x10, 0x82, 0x10, 0x82, 0x10, 0x82,
    0x10, 0x82, 0x10, 0x82, 0x10, 0x82, 0x10, 0x82, 0x10, 0x82, 0x10, 0x82, 0x10, 0x82, 0x10, 0x82,
    0x10, 0x82, 0x10, 0x82, 0x10, 0x82, 0x10, 0x82, 0x10, 0x82, 0x10, 0x82, 0x10, 0x82, 0x10, 0x82,
    0x10, 0x82, 0x10, 0x82, 0x10, 0x82, 0x10, 0x82, 0x10, 0x82, 0x10, 0x82, 0x10, 0x82, 0xef, 0x5c,
    0x08, 0x41, 0x08, 0x41, 0x08, 0x41, 0x08, 0x41, 0x08, 0x41, 0x08, 0x41, 0x08, 0x41, 0x08, 0x41,
    0x08, 0x41, 0x08, 0x41, 0x08, 0x41, 0x08, 0x41, 0x08, 0x41, 0x08, 0x41, 0x08, 0x41, 0x08, 0x41,
    0x08, 0x41, 0x08, 0x41, 0x08, 0x41, 0x08, 0x41, 0x08, 0x41, 0x08, 0x41, 0x08, 0x41, 0x08, 0x41,
    0x08, 0x41, 0x08, 0x41, 0x08, 0x41, 0x08, 0x41, 0x08, 0x41, 0x08, 0x41, 0x08, 0x41, 0x08, 0x41,
    0xef, 0x5c, 0x10, 0x82, 0x10, 0x82, 0x10, 0x82, 0x10, 0x82, 0x10, 0x82, 0x10, 0x82, 0x10, 0x82,
    0x29, 0xe3, 0x96, 0xca, 0x10, 0x82, 0x10, 0x82, 0x10, 0x82, 0x29, 0xc3, 0x9f, 0x2b, 0x10, 0x82,
    0x10, 0x82, 0x10, 0x82, 0x10, 0x82, 0x53, 0xc6, 0x64, 0xa7, 0x10, 0x82, 0x10, 0x82, 0x10, 0x82,
    0x10, 0x82, 0x10, 0x82, 0x10, 0x82, 0x10, 0x82, 0x10, 0x82, 0x10, 0x82, 0x10, 0x82, 0x10, 0x82,
    0x10, 0x82, 0x10, 0x82, 0x10, 0x82, 0x10, 0x82, 0x10, 0x82, 0x10, 0x82, 0x10, 0x82, 0x10, 0x82,
    0x10, 0x82, 0x10, 0x82, 0x10, 0x82, 0x10, 0x82, 0x10, 0x82, 0x10, 0x82, 0x10, 0x82, 0x10, 0x82,
    0x10, 0x82, 0x10, 0x82, 0x10, 0x82, 0x10, 0x82, 0x10, 0x82, 0x10, 0x82, 0x10, 0x82, 0x10, 0x82,
    0x10, 0x82, 0x10, 0x82, 0x10, 0x82, 0x10, 0x82, 0x10, 0x82, 0x10, 0x82, 0x10, 0x82, 0x10, 0x82,
    0x10, 0x82, 0x10, 0x82, 0x10, 0x82, 0x10, 0x82, 0x10, 0x82, 0x10, 0x82, 0x10, 0x82, 0x10, 0x82,
    0x10, 0x82, 0x10, 0x82, 0x10, 0x82, 0x10, 0x82, 0x10, 0x82, 0x10, 0x82, 0x10, 0x82, 0x10, 0x82,
    0x10, 0x82, 0x10, 0x82, 0x10, 0x82, 0x10, 0x82, 0x10, 0x82, 0x10, 0x82, 0x10, 0x82, 0x10, 0x82,
    0x10, 0x82, 0x10, 0x82, 0x10, 0x82, 0x10, 0x82, 0x10, 0x82, 0x10, 0x82, 0x10, 0x82, 0x10, 0x82,
    0x10, 0x82, 0x10, 0x82, 0x10, 0x82, 0xef, 0x5c, 0x08, 0x41, 0x08, 0x41, 0x08, 0x41, 0x08, 0x41,
    0x08, 0x41, 0x08, 0x41, 0x08, 0x41, 0x08, 0x41, 0xef, 0x5c, 0x10, 0x82, 0x10, 0x82, 0x10, 0x82,
    0x10, 0x82, 0x10, 0x82, 0x10, 0x82, 0x10, 0x82, 0x29, 0xe3, 0x96, 0xca, 0x10, 0x82, 0x10, 0x82,
    0x10, 0x82, 0x29, 0xc3, 0x9f, 0x2b, 0x10, 0x82, 0x10, 0x82, 0x10, 0x82, 0x3a, 0xc5, 0x96, 0xea,
    0x21, 0x63, 0x10, 0x82, 0x10, 0x82, 0x10, 0x82, 0x10, 0x82, 0x10, 0x82, 0x10, 0x82, 0x10, 0x82,
    0x10, 0x82, 0x10, 0x82, 0x10, 0x82, 0x10, 0x82, 0x10, 0x82, 0x10, 0x82, 0x10, 0x82, 0x10, 0x82,
    0x10, 0x82, 0x10, 0x82, 0x10, 0x82, 0x10, 0x82, 0x10, 0x82, 0x10, 0x82, 0x10, 0x82, 0x10, 0x82,
    0x10, 0x82, 0x10, 0x82, 0x10, 0x82, 0x10, 0x82, 0x10, 0x82, 0x10, 0x82, 0x10, 0x82, 0x10, 0x82,
    0x10, 0x82, 0x10, 0x82, 0x10, 0x82, 0x10, 0x82, 0x10, 0x82, 0x10, 0x82, 0x10, 0x82, 0x10, 0x82,
    0x10, 0x82, 0x10, 0x82, 0x10, 0x82, 0x10, 0x82, 0x10, 0x82, 0x10, 0x82, 0x10, 0x82, 0x10, 0x82,
    0x10, 0x82, 0x10, 0x82, 0x10, 0x82, 0x10, 0x82, 0x10, 0x82, 0x10, 0x82, 0x10, 0x82, 0x10, 0x82,
    0x10, 0x82, 0x10, 0x82, 0x10, 0x82, 0x10, 0x82, 0x10, 0x82, 0x10, 0x82, 0x10, 0x82, 0x10, 0x82,
    0x10, 0x82, 0x10, 0x82, 0x10, 0x82, 0x10, 0x82, 0x10, 0x82, 0x10, 0x82, 0x10, 0x82, 0x10, 0x82,
    0x10, 0x82, 0x10, 0x82, 0x10, 0x82, 0x10, 0x82, 0x10, 0x82, 0x10, 0x82, 0x10, 0x82, 0xef, 0x5c,
    0x08, 0x41, 0x08, 0x41, 0x08, 0x41, 0x08, 0x41, 0x08, 0x41, 0x08, 0x41, 0x08, 0x41, 0x08, 0x41,
    0x08, 0x41, 0x08, 0x41, 0x08, 0x41, 0x08, 0x41, 0x08, 0x41, 0x08, 0x41, 0x08, 0x41, 0x08, 0x41,
    0x08, 0x41, 0x08, 0x41, 0x08, 0x41, 0x08, 0x41, 0x08, 0x41, 0x08, 0x41, 0x08, 0x41, 0x08, 0x41,
    0x08, 0x41, 0x08, 0x41, 0x08, 0x41, 0x08, 0x41, 0x08, 0x41, 0x08, 0x41, 0x08, 0x41, 0x08, 0x41,
    0xef, 0x5c, 0x10, 0x82, 0x10, 0x82, 0x10, 0x82, 0x10, 0x82, 0x10, 0x82, 0x10, 0x82, 0x10, 0x82,
    0x10, 0x82, 0x86, 0x09, 0x64, 0x87, 0x18, 0xe2, 0x21, 0x83, 0x86, 0x69, 0x53, 0xa6, 0x10, 0x82,
    0x10, 0x82, 0x10, 0x82, 0x10, 0x82, 0x53, 0xc6, 0x64, 0xa7, 0x10, 0x82, 0x10, 0x82, 0x10, 0x82,
    0x10, 0x82, 0x10, 0x82, 0x10, 0x82, 0x10, 0x82, 0x10, 0x82, 0x10, 0x82, 0x10, 0x82, 0x10, 0x82,
    0x10, 0x82, 0x10, 0x82, 0x10, 0x82, 0x10, 0x82, 0x10, 0x82, 0x10, 0x82, 0x10, 0x82, 0x10, 0x82,
    0x10, 0x82, 0x10, 0x82, 0x10, 0x82, 0x10, 0x82, 0x10, 0x82, 0x10, 0x82, 0x10, 0x82, 0x10, 0x82,
    0x10, 0x82, 0x10, 0x82, 0x10, 0x82, 0x10, 0x82, 0x10, 0x82, 0x10, 0x82, 0x10, 0x82, 0x10, 0x82,
    0x10, 0x82, 0x10, 0x82, 0x10, 0x82, 0x10, 0x82, 0x10, 0x82, 0x10, 0x82, 0x10, 0x82, 0x10, 0x82,
    0x10, 0x82, 0x10, 0x82, 0x10, 0x82, 0x10, 0x82, 0x10, 0x82, 0x10, 0x82, 0x10, 0x82, 0x10, 0x82,
    0x10, 0x82, 0x10, 0x82, 0x10, 0x82, 0x10, 0x82, 0x10, 0x82, 0x10, 0x82, 0x10, 0x82, 0x10, 0x82,
    0x10, 0x82, 0x10, 0x82, 0x10, 0x82, 0x10, 0x82, 0x10, 0x82, 0x10, 0x82, 0x10, 0x82, 0x10, 0x82,
    0x10, 0x82, 0x10, 0x82, 0x10, 0x82, 0x10, 0x82, 0x10, 0x82, 0x10, 0x82, 0x10, 0x82, 0x10, 0x82,
    0x10, 0x82, 0x10, 0x82, 0x10, 0x82, 0xef, 0x5c, 0x08, 0x41, 0x08, 0x41, 0x08, 0x41, 0x08, 0x41,
    0x08, 0x41, 0x08, 0x41, 0x08, 0x41, 0x08, 0x41, 0xef, 0x5c, 0x10, 0x82, 0x10, 0x82, 0x10, 0x82,
    0x10, 0x82, 0x10, 0x82, 0x10, 0x82, 0x10, 0x82, 0x10, 0x82, 0x86, 0x09, 0x64, 0x87, 0x18, 0xe2,
    0x21, 0x83, 0x86, 0x69, 0x53, 0xa6, 0x10, 0x82, 0x10, 0x82, 0x32, 0x44, 0x97, 0x0a, 0x29, 0xa3,
    0x10, 0x82, 0x10, 0x82, 0x10, 0x82, 0x10, 0x82, 0x10, 0x82, 0x10, 0x82, 0x10, 0x82, 0x10, 0x82,
    0x10, 0x82, 0x10, 0x82, 0x10, 0x82, 0x10, 0x82, 0x10, 0x82, 0x10, 0x82, 0x10, 0x82, 0x10, 0x82,
    0x10, 0x82, 0x10, 0x82, 0x10, 0x82, 0x10, 0x82, 0x10, 0x82, 0x10, 0x82, 0x10, 0x82, 0x10, 0x82,
    0x10, 0x82, 0x10, 0x82, 0x10, 0x82, 0x10, 0x82, 0x10, 0x82, 0x10, 0x82, 0x10, 0x82, 0x10, 0x82,
    0x10, 0x82, 0x10, 0x82, 0x10, 0x82, 0x10, 0x82, 0x10, 0x82, 0x10, 0x82, 0x10, 0x82, 0x10, 0x82,
    0x10, 0x82, 0x10, 0x82, 0x10, 0x82, 0x10, 0x82, 0x10, 0x82, 0x10, 0x82, 0x10, 0x82, 0x10, 0x82,
    0x10, 0x82, 0x10, 0x82, 0x10, 0x82, 0x10, 0x82, 0x10, 0x82, 0x10, 0x82, 0x10, 0x82, 0x10, 0x82,
    0x10, 0x82, 0x10, 0x82, 0x10, 0x82, 0x10, 0x82, 0x10, 0x82, 0x10, 0x82, 0x10, 0x82, 0x10, 0x82,
    0x10, 0x82, 0x10, 0x82, 0x10, 0x82, 0x10, 0x82, 0x10, 0x82, 0x10, 0x82, 0x10, 0x82, 0x10, 0x82,
    0x10, 0x82, 0x10, 0x82, 0x10, 0x82, 0x10, 0x82, 0x10, 0x82, 0x10, 0x82, 0x10, 0x82, 0xef, 0x5c,
    0x08, 0x41, 0x08, 0x41, 0x08, 0x41, 0x08, 0x41, 0x08, 0x41, 0x08, 0x41, 0x08, 0x41, 0x08, 0x41,
    0x08, 0x41, 0x08, 0x41, 0x08, 0x41, 0x08, 0x41, 0x08, 0x41, 0x08, 0x41, 0x08, 0x41, 0x08, 0x41,
    0x08, 0x41, 0x08, 0x41, 0x08, 0x41, 0x08, 0x41, 0x08, 0x41, 0x08, 0x41, 0x08, 0x41, 0x08, 0x41,
    0x08, 0x41, 0x08, 0x41, 0x08, 0x41, 0x08, 0x41, 0x08, 0x41, 0x08, 0x41, 0x08, 0x41, 0x08, 0x41,
    0xef, 0x5c, 0x10, 0x82, 0x10, 0x82, 0x10, 0x82, 0x10, 0x82, 0x10, 0x82, 0x10, 0x82, 0x10, 0x82,
    0x10, 0x82, 0x19, 0x23, 0x7d, 0xa8, 0xa7, 0xab, 0x9f, 0x4b, 0x54, 0x06, 0x10, 0x82, 0x10, 0x82,
    0x10, 0x82, 0x10, 0x82, 0x10, 0x82, 0x53, 0xc6, 0x64, 0xa7, 0x10, 0x82, 0x10, 0x82, 0x10, 0x82,
    0x10, 0x82, 0x10, 0x82, 0x10, 0x82, 0x10, 0x82, 0x10, 0x82, 0x10, 0x82, 0x10, 0x82, 0x10, 0x82,
    0x10, 0x82, 0x10, 0x82, 0x10, 0x82, 0x10, 0x82, 0x10, 0x82, 0x10, 0x82, 0x10, 0x82, 0x10, 0x82,
    0x10, 0x82, 0x10, 0x82, 0x10, 0x82, 0x10, 0x82, 0x10, 0x82, 0x10, 0x82, 0x10, 0x82, 0x10, 0x82,
    0x10, 0x82, 0x10, 0x82, 0x10, 0x82, 0x10, 0x82, 0x10, 0x82, 0x10, 0x82, 0x10, 0x82, 0x10, 0x82,
    0x10, 0x82, 0x10, 0x82, 0x10, 0x82, 0x10, 0x82, 0x10, 0x82, 0x10, 0x82, 0x10, 0x82, 0x10, 0x82,
    0x10, 0x82, 0x10, 0x82, 0x10, 0x82, 0x10, 0x82, 0x10, 0x82, 0x10, 0x82, 0x10, 0x82, 0x10, 0x82,
    0x10, 0x82, 0x10, 0x82, 0x10, 0x82, 0x10, 0x82, 0x10, 0x82, 0x10, 0x82, 0x10, 0x82, 0x10, 0x82,
    0x10, 0x82, 0x10, 0x82, 0x10, 0x82, 0x10, 0x82, 0x10, 0x82, 0x10, 0x82, 0x10, 0x82, 0x10, 0x82,
    0x10, 0x82, 0x10, 0x82, 0x10, 0x82, 0x10, 0x82, 0x10, 0x82, 0x10, 0x82, 0x10, 0x82, 0x10, 0x82,
    0x10, 0x82, 0x10, 0x82, 0x10, 0x82, 0xef, 0x5c, 0x08, 0x41, 0x08, 0x41, 0x08, 0x41, 0x08, 0x41,
    0x08, 0x41, 0x08, 0x41, 0x08, 0x41, 0x08, 0x41, 0xef, 0x5c, 0x10, 0x82, 0x10, 0x82, 0x10, 0x82,
    0x10, 0x82, 0x10, 0x82, 0x10, 0x82, 0x10, 0x82, 0x10, 0x82, 0x19, 0x23, 0x7d, 0xa8, 0xa7, 0xab,
    0x9f, 0x4b, 0x54, 0x06, 0x10, 0x82, 0x10, 0x82, 0x29, 0xe3, 0x9f, 0x8b, 0xaf, 0xec, 0xaf, 0xec,
    0xaf, 0xec, 0xaf, 0xec, 0xaf, 0xec, 0x32, 0x64, 0x10, 0x82, 0x10, 0x82, 0x10, 0x82, 0x10, 0x82,
    0x10, 0x82, 0x10, 0x82, 0x10, 0x82, 0x10, 0x82, 0x10, 0x82, 0x10, 0x82, 0x10, 0x82, 0x10, 0x82,
    0x10, 0x82, 0x10, 0x82, 0x10, 0x82, 0x10, 0x82, 0x10, 0x82, 0x10, 0x82, 0x10, 0x82, 0x10, 0x82,
    0x10, 0x82, 0x10, 0x82, 0x10, 0x82, 0x10, 0x82, 0x10, 0x82, 0x10, 0x82, 0x10, 0x82, 0x10, 0x82,
    0x10, 0x82, 0x10, 0x82, 0x10, 0x82, 0x10, 0x82, 0x10, 0x82, 0x10, 0x82, 0x10, 0x82, 0x10, 0x82,
    0x10, 0x82, 0x10, 0x82, 0x10, 0x82, 0x10, 0x82, 0x10, 0x82, 0x10, 0x82, 0x10, 0x82, 0x10, 0x82,
    0x10, 0x82, 0x10, 0x82, 0x10, 0x82, 0x10, 0x82, 0x10, 0x82, 0x10, 0x82, 0x10, 0x82, 0x10, 0x82,
    0x10, 0x82, 0x10, 0x82, 0x10, 0x82, 0x10, 0x82, 0x10, 0x82, 0x10, 0x82, 0x10, 0x82, 0x10, 0x82,
    0x10, 0x82, 0x10, 0x82, 0x10, 0x82, 0x10, 0x82, 0x10, 0x82, 0x10, 0x82, 0x10, 0x82, 0x10, 0x82,
    0x10, 0x82, 0x10, 0x82, 0x10, 0x82, 0x10, 0x82, 0x10, 0x82, 0x10, 0x82, 0x10, 0x82, 0xef, 0x5c,
    0x08, 0x41, 0x08, 0x41, 0x08, 0x41, 0x08, 0x41, 0x08, 0x41, 0x08, 0x41, 0x08, 0x41, 0x08, 0x41,
    0x08, 0x41, 0x08, 0x41, 0x08, 0x41, 0x08, 0x41, 0x08, 0x41, 0x08, 0x41, 0x08, 0x41, 0x08, 0x41,
    0x08, 0x41, 0x08, 0x41, 0x08, 0x41, 0x08, 0x41, 0x08, 0x41, 0x08, 0x41, 0x08, 0x41, 0x08, 0x41,
    0x08, 0x41, 0x08, 0x41, 0x08, 0x41, 0x08, 0x41, 0x08, 0x41, 0x08, 0x41, 0x08, 0x41, 0x08, 0x41,
    0xef, 0x5c, 0x10, 0x82, 0x10, 0x82, 0x10, 0x82, 0x10, 0x82, 0x10, 0x82, 0x10, 0x82, 0x10, 0x82,
    0x10, 0x82, 0x10, 0x82, 0x10, 0x82, 0x10, 0x82, 0x10, 0x82, 0x10, 0x82, 0x10, 0x82, 0x10, 0x82,
    0x10, 0x82, 0x10, 0x82, 0x10, 0x82, 0x10, 0x82, 0x10, 0x82, 0x10, 0x82, 0x10, 0x82, 0x10, 0x82,
    0x10, 0x82, 0x10, 0x82, 0x10, 0x82, 0x10, 0x82, 0x10, 0x82, 0x10, 0x82, 0x10, 0x82, 0x10, 0x82,
    0x10, 0x82, 0x10, 0x82, 0x10, 0x82, 0x10, 0x82, 0x10, 0x82, 0x10, 0x82, 0x10, 0x82, 0x10, 0x82,
    0x10, 0x82, 0x10, 0x82, 0x10, 0x82, 0x10, 0x82, 0x10, 0x82, 0x10, 0x82, 0x10, 0x82, 0x10, 0x82,
    0x10, 0x82, 0x10, 0x82, 0x10, 0x82, 0x10, 0x82, 0x10, 0x82, 0x10, 0x82, 0x10, 0x82, 0x10, 0x82,
    0x10, 0x82, 0x10, 0x82, 0x10, 0x82, 0x10, 0x82, 0x10, 0x82, 0x10, 0x82, 0x10, 0x82, 0x10, 0x82,
    0x10, 0x82, 0x10, 0x82, 0x10, 0x82, 0x10, 0x82, 0x10, 0x82, 0x10, 0x82, 0x10, 0x82, 0x10, 0x82,
    0x10, 0x82, 0x10, 0x82, 0x10, 0x82, 0x10, 0x82, 0x10, 0x82, 0x10, 0x82, 0x10, 0x82, 0x10, 0x82,
    0x10, 0x82, 0x10, 0x82, 0x10, 0x82, 0x10, 0x82, 0x10, 0x82, 0x10, 0x82, 0x10, 0x82, 0x10, 0x82,
    0x10, 0x82, 0x10, 0x82, 0x10, 0x82, 0x10, 0x82, 0x10, 0x82, 0x10, 0x82, 0x10, 0x82, 0x10, 0x82,
    0x10, 0x82, 0x10, 0x82, 0x10, 0x82, 0xef, 0x5c, 0x08, 0x41, 0x08, 0x41, 0x08, 0x41, 0x08, 0x41,
    0x08, 0x41, 0x08, 0x41, 0x08, 0x41, 0x08, 0x41, 0xef, 0x5c, 0x10, 0x82, 0x10, 0x82, 0x10, 0x82,
    0x10, 0x82, 0x10, 0x82, 0x10, 0x82, 0x10, 0x82, 0x10, 0x82, 0x10, 0x82, 0x10, 0x82, 0x10, 0x82,
    0x10, 0x82, 0x10, 0x82, 0x10, 0x82, 0x10, 0x82, 0x10, 0x82, 0x10, 0x82, 0x10, 0x82, 0x10, 0x82,
    0x10, 0x82, 0x10, 0x82, 0x10, 0x82, 0x10, 0x82, 0x10, 0x82, 0x10, 0x82, 0x10, 0x82, 0x10, 0x82,
    0x10, 0x82, 0x10, 0x82, 0x10, 0x82, 0x10, 0x82, 0x10, 0x82, 0x10, 0x82, 0x10, 0x82, 0x10, 0x82,
    0x10, 0x82, 0x10, 0x82, 0x10, 0x82, 0x10, 0x82, 0x10, 0x82, 0x10, 0x82, 0x10, 0x82, 0x10, 0x82,
    0x10, 0x82, 0x10, 0x82, 0x10, 0x82, 0x10, 0x82, 0x10, 0x82, 0x10, 0x82, 0x10, 0x82, 0x10, 0x82,
    0x10, 0x82, 0x10, 0x82, 0x10, 0x82, 0x10, 0x82, 0x10, 0x82, 0x10, 0x82, 0x10, 0x82, 0x10, 0x82,
    0x10, 0x82, 0x10, 0x82, 0x10, 0x82, 0x10, 0x82, 0x10, 0x82, 0x10, 0x82, 0x10, 0x82, 0x10, 0x82,
    0x10, 0x82, 0x10, 0x82, 0x10, 0x82, 0x10, 0x82, 0x10, 0x82, 0x10, 0x82, 0x10, 0x82, 0x10, 0x82,
    0x10, 0x82, 0x10, 0x82, 0x10, 0x82, 0x10, 0x82, 0x10, 0x82, 0x10, 0x82, 0x10, 0x82, 0x10, 0x82,
    0x10, 0x82, 0x10, 0x82, 0x10, 0x82, 0x10, 0x82, 0x10, 0x82, 0x10, 0x82, 0x10, 0x82, 0x10, 0x82,
    0x10, 0x82, 0x10, 0x82, 0x10, 0x82, 0x10, 0x82, 0x10, 0x82, 0x10, 0x82, 0x10, 0x82, 0xef, 0x5c,
    0x08, 0x41, 0x08, 0x41, 0x08, 0x41, 0x08, 0x41, 0x08, 0x41, 0x08, 0x41, 0x08, 0x41, 0x08, 0x41,
    0x08, 0x41, 0x08, 0x41, 0x08, 0x41, 0x08, 0x41, 0x08, 0x41, 0x08, 0x41, 0x08, 0x41, 0x08, 0x41,
    0x08, 0x41, 0x08, 0x41, 0x08, 0x41, 0x08, 0x41, 0x08, 0x41, 0x08, 0x41, 0x08, 0x41, 0x08, 0x41,
    0x08, 0x41, 0x08, 0x41, 0x08, 0x41, 0x08, 0x41, 0x08, 0x41, 0x08, 0x41, 0x08, 0x41, 0x08, 0x41,
    0xef, 0x5c, 0x10, 0x82, 0x10, 0x82, 0x10, 0x82, 0x10, 0x82, 0x10, 0x82, 0x10, 0x82, 0x10, 0x82,
    0x10, 0x82, 0x10, 0x82, 0x10, 0x82, 0x10, 0x82, 0x10, 0x82, 0x10, 0x82, 0x10, 0x82, 0x10, 0x82,
    0x10, 0x82, 0x10, 0x82, 0x10, 0x82, 0x10, 0x82, 0x10, 0x82, 0x10, 0x82, 0x10, 0x82, 0x10, 0x82,
    0x10, 0x82, 0x10, 0x82, 0x10, 0x82, 0x10, 0x82, 0x10, 0x82, 0x10, 0x82, 0x10, 0x82, 0x10, 0x82,
    0x10, 0x82, 0x10, 0x82, 0x10, 0x82, 0x10, 0x82, 0x10, 0x82, 0x10, 0x82, 0x10, 0x82, 0x10, 0x82,
    0x10, 0x82, 0x10, 0x82, 0x10, 0x82, 0x10, 0x82, 0x10, 0x82, 0x10, 0x82, 0x10, 0x82, 0x10, 0x82,
    0x10, 0x82, 0x10, 0x82, 0x10, 0x82, 0x10, 0x82, 0x10, 0x82, 0x10, 0x82, 0x10, 0x82, 0x10, 0x82,
    0x10, 0x82, 0x10, 0x82, 0x10, 0x82, 0x10, 0x82, 0x10, 0x82, 0x10, 0x82, 0x10, 0x82, 0x10, 0x82,
    0x10, 0x82, 0x10, 0x82, 0x10, 0x82, 0x10, 0x82, 0x10, 0x82, 0x10, 0x82, 0x10, 0x82, 0x10, 0x82,
    0x10, 0x82, 0x10, 0x82, 0x10, 0x82, 0x10, 0x82, 0x10, 0x82, 0x10, 0x82, 0x10, 0x82, 0x10, 0x82,
    0x10, 0x82, 0x10, 0x82, 0x10, 0x82, 0x10, 0x82, 0x10, 0x82, 0x10, 0x82, 0x10, 0x82, 0x10, 0x82,
    0x10, 0x82, 0x10, 0x82, 0x10, 0x82, 0x10, 0x82, 0x10, 0x82, 0x10, 0x82, 0x10, 0x82, 0x10, 0x82,
    0x10, 0x82, 0x10, 0x82, 0x10, 0x82, 0xef, 0x5c, 0x08, 0x41, 0x08, 0x41, 0x08, 0x41, 0x08, 0x41,
    0x08, 0x41, 0x08, 0x41, 0x08, 0x41, 0x08, 0x41, 0xef, 0x5c, 0x10, 0x82, 0x10, 0x82, 0x10, 0x82,
    0x10, 0x82, 0x10, 0x82, 0x10, 0x82, 0x10, 0x82, 0x10, 0x82, 0x10, 0x82, 0x10, 0x82, 0x10, 0x82,
    0x10, 0x82, 0x10, 0x82, 0x10, 0x82, 0x10, 0x82, 0x10, 0x82, 0x10, 0x82, 0x10, 0x82, 0x10, 0x82,
    0x10, 0x82, 0x10, 0x82, 0x10, 0x82, 0x10, 0x82, 0x10, 0x82, 0x10, 0x82, 0x10, 0x82, 0x10, 0x82,
    0x10, 0x82, 0x10, 0x82, 0x10, 0x82, 0x10, 0x82, 0x10, 0x82, 0x10, 0x82, 0x10, 0x82, 0x10, 0x82,
    0x10, 0x82, 0x10, 0x82, 0x10, 0x82, 0x10, 0x82, 0x10, 0x82, 0x10, 0x82, 0x10, 0x82, 0x10, 0x82,
    0x10, 0x82, 0x10, 0x82, 0x10, 0x82, 0x10, 0x82, 0x10, 0x82, 0x10, 0x82, 0x10, 0x82, 0x10, 0x82,
    0x10, 0x82, 0x10, 0x82, 0x10, 0x82, 0x10, 0x82, 0x10, 0x82, 0x10, 0x82, 0x10, 0x82, 0x10, 0x82,
    0x10, 0x82, 0x10, 0x82, 0x10, 0x82, 0x10, 0x82, 0x10, 0x82, 0x10, 0x82, 0x10, 0x82, 0x10, 0x82,
    0x10, 0x82, 0x10, 0x82, 0x10, 0x82, 0x10, 0x82, 0x10, 0x82, 0x10, 0x82, 0x10, 0x82, 0x10, 0x82,
    0x10, 0x82, 0x10, 0x82, 0x10, 0x82, 0x10, 0x82, 0x10, 0x82, 0x10, 0x82, 0x10, 0x82, 0x10, 0x82,
    0x10, 0x82, 0x10, 0x82, 0x10, 0x82, 0x10, 0x82, 0x10, 0x82, 0x10, 0x82, 0x10, 0x82, 0x10, 0x82,
    0x10, 0x82, 0x10, 0x82, 0x10, 0x82, 0x10, 0x82, 0x10, 0x82, 0x10, 0x82, 0x10, 0x82, 0xef, 0x5c,
    0x08, 0x41, 0x08, 0x41, 0x08, 0x41, 0x08, 0x41, 0x08, 0x41, 0x08, 0x41, 0x08, 0x41, 0x08, 0x41,
    0x08, 0x41, 0x08, 0x41, 0x08, 0x41, 0x08, 0x41, 0x08, 0x41, 0x08, 0x41, 0x08, 0x41, 0x08, 0x41,
    0x08, 0x41, 0x08, 0x41, 0x08, 0x41, 0x08, 0x41, 0x08, 0x41, 0x08, 0x41, 0x08, 0x41, 0x08, 0x41,
    0x08, 0x41, 0x08, 0x41, 0x08, 0x41, 0x08, 0x41, 0x08, 0x41, 0x08, 0x41, 0x08, 0x41, 0x08, 0x41,
    0xef, 0x5c, 0x10, 0x82, 0x10, 0x82, 0x10, 0x82, 0x10, 0x82, 0x10, 0x82, 0x10, 0x82, 0x10, 0x82,
    0x10, 0x82, 0x10, 0x82, 0x10, 0x82, 0x10, 0x82, 0x10, 0x82, 0x10, 0x82, 0x10, 0x82, 0x10, 0x82,
    0x10, 0x82, 0x10, 0x82, 0x10, 0x82, 0x10, 0x82, 0x10, 0x82, 0x10, 0x82, 0x10, 0x82, 0x10, 0x82,
    0x10, 0x82, 0x10, 0x82, 0x10, 0x82, 0x10, 0x82, 0x10, 0x82, 0x10, 0x82, 0x10, 0x82, 0x10, 0x82,
    0x10, 0x82, 0x10, 0x82, 0x10, 0x82, 0x10, 0x82, 0x10, 0x82, 0x10, 0x82, 0x10, 0x82, 0x10, 0x82,
    0x10, 0x82, 0x10, 0x82, 0x10, 0x82, 0x10, 0x82, 0x10, 0x82, 0x10, 0x82, 0x10, 0x82, 0x10, 0x82,
    0x10, 0x82, 0x10, 0x82, 0x10, 0x82, 0x10, 0x82, 0x10, 0x82, 0x10, 0x82, 0x10, 0x82, 0x10, 0x82,
    0x10, 0x82, 0x10, 0x82, 0x10, 0x82, 0x10, 0x82, 0x10, 0x82, 0x10, 0x82, 0x10, 0x82, 0x10, 0x82,
    0x10, 0x82, 0x10, 0x82, 0x10, 0x82, 0x10, 0x82, 0x10, 0x82, 0x10, 0x82, 0x10, 0x82, 0x10, 0x82,
    0x10, 0x82, 0x10, 0x82, 0x10, 0x82, 0x10, 0x82, 0x10, 0x82, 0x10, 0x82, 0x10, 0x82, 0x10, 0x82,
    0x10, 0x82, 0x10, 0x82, 0x10, 0x82, 0x10, 0x82, 0x10, 0x82, 0x10, 0x82, 0x10, 0x82, 0x10, 0x82,
    0x10, 0x82, 0x10, 0x82, 0x10, 0x82, 0x10, 0x82, 0x10, 0x82, 0x10, 0x82, 0x10, 0x82, 0x10, 0x82,
    0x10, 0x82, 0x10, 0x82, 0x10, 0x82, 0xef, 0x5c, 0x08, 0x41, 0x08, 0x41, 0x08, 0x41, 0x08, 0x41,
    0x08, 0x41, 0x08, 0x41, 0x08, 0x41, 0x08, 0x41, 0xef, 0x5c, 0x10, 0x82, 0x10, 0x82, 0x10, 0x82,
    0x10, 0x82, 0x10, 0x82, 0x10, 0x82, 0x10, 0x82, 0x10, 0x82, 0x10, 0x82, 0x10, 0x82, 0x10, 0x82,
    0x10, 0x82, 0x10, 0x82, 0x10, 0x82, 0x10, 0x82, 0x10, 0x82, 0x10, 0x82, 0x10, 0x82, 0x10, 0x82,
    0x10, 0x82, 0x10, 0x82, 0x10, 0x82, 0x10, 0x82, 0x10, 0x82, 0x10, 0x82, 0x10, 0x82, 0x10, 0x82,
    0x10, 0x82, 0x10, 0x82, 0x10, 0x82, 0x10, 0x82, 0x10, 0x82, 0x10, 0x82, 0x10, 0x82, 0x10, 0x82,
    0x10, 0x82, 0x10, 0x82, 0x10, 0x82, 0x10, 0x82, 0x10, 0x82, 0x10, 0x82, 0x10, 0x82, 0x10, 0x82,
    0x10, 0x82, 0x10, 0x82, 0x10, 0x82, 0x10, 0x82, 0x10, 0x82, 0x10, 0x82, 0x10, 0x82, 0x10, 0x82,
    0x10, 0x82, 0x10, 0x82, 0x10, 0x82, 0x10, 0x82, 0x10, 0x82, 0x10, 0x82, 0x10, 0x82, 0x10, 0x82,
    0x10, 0x82, 0x10, 0x82, 0x10, 0x82, 0x10, 0x82, 0x10, 0x82, 0x10, 0x82, 0x10, 0x82, 0x10, 0x82,
    0x10, 0x82, 0x10, 0x82, 0x10, 0x82, 0x10, 0x82, 0x10, 0x82, 0x10, 0x82, 0x10, 0x82, 0x10, 0x82,
    0x10, 0x82, 0x10, 0x82, 0x10, 0x82, 0x10, 0x82, 0x10, 0x82, 0x10, 0x82, 0x10, 0x82, 0x10, 0x82,
    0x10, 0x82, 0x10, 0x82, 0x10, 0x82, 0x10, 0x82, 0x10, 0x82, 0x10, 0x82, 0x10, 0x82, 0x10, 0x82,
    0x10, 0x82, 0x10, 0x82, 0x10, 0x82, 0x10, 0x82, 0x10, 0x82, 0x10, 0x82, 0x10, 0x82, 0xef, 0x5c,
    0x08, 0x41, 0x08, 0x41, 0x08, 0x41, 0x08, 0x41, 0x08, 0x41, 0x08, 0x41, 0x08, 0x41, 0x08, 0x41,
    0x08, 0x41, 0x08, 0x41, 0x08, 0x41, 0x08, 0x41, 0x08, 0x41, 0x08, 0x41, 0x08, 0x41, 0x08, 0x41,
    0x08, 0x41, 0x08, 0x41, 0x08, 0x41, 0x08, 0x41, 0x08, 0x41, 0x08, 0x41, 0x08, 0x41, 0x08, 0x41,
    0x08, 0x41, 0x08, 0x41, 0x08, 0x41, 0x08, 0x41, 0x08, 0x41, 0x08, 0x41, 0x08, 0x41, 0x08, 0x41,
    0xef, 0x5c, 0x10, 0x82, 0x10, 0x82, 0x10, 0x82, 0x10, 0x82, 0x10, 0x82, 0x10, 0x82, 0x10, 0x82,
    0x10, 0x82, 0x10, 0x82, 0x10, 0x82, 0x10, 0x82, 0x10, 0x82, 0x10, 0x82, 0x10, 0x82, 0x10, 0x82,
    0x10, 0x82, 0x10, 0x82, 0x10, 0x82, 0x10, 0x82, 0x10, 0x82, 0x10, 0x82, 0x10, 0x82, 0x10, 0x82,
    0x10, 0x82, 0x10, 0x82, 0x10, 0x82, 0x10, 0x82, 0x10, 0x82, 0x10, 0x82, 0x10, 0x82, 0x10, 0x82,
    0x10, 0x82, 0x10, 0x82, 0x10, 0x82, 0x10, 0x82, 0x10, 0x82, 0x10, 0x82, 0x10, 0x82, 0x10, 0x82,
    0x10, 0x82, 0x10, 0x82, 0x10, 0x82, 0x10, 0x82, 0x10, 0x82, 0x10, 0x82, 0x10, 0x82, 0x10, 0x82,
    0x10, 0x82, 0x10, 0x82, 0x10, 0x82, 0x10, 0x82, 0x10, 0x82, 0x10, 0x82, 0x10, 0x82, 0x10, 0x82,
    0x10, 0x82, 0x10, 0x82, 0x10, 0x82, 0x10, 0x82, 0x10, 0x82, 0x10, 0x82, 0x10, 0x82, 0x10, 0x82,
    0x10, 0x82, 0x10, 0x82, 0x10, 0x82, 0x10, 0x82, 0x10, 0x82, 0x10, 0x82, 0x10, 0x82, 0x10, 0x82,
    0x10, 0x82, 0x10, 0x82, 0x10, 0x82, 0x10, 0x82, 0x10, 0x82, 0x10, 0x82, 0x10, 0x82, 0x10, 0x82,
    0x10, 0x82, 0x10, 0x82, 0x10, 0x82, 0x10, 0x82, 0x10, 0x82, 0x10, 0x82, 0x10, 0x82, 0x10, 0x82,
    0x10, 0x82, 0x10, 0x82, 0x10, 0x82, 0x10, 0x82, 0x10, 0x82, 0x10, 0x82, 0x10, 0x82, 0x10, 0x82,
    0x10, 0x82, 0x10, 0x82, 0x10, 0x82, 0xef, 0x5c, 0x08, 0x41, 0x08, 0x41, 0x08, 0x41, 0x08, 0x41,
    0x08, 0x41, 0x08, 0x41, 0x08, 0x41, 0x08, 0x41, 0xef, 0x5c, 0x10, 0x82, 0x10, 0x82, 0x10, 0x82,
    0x10, 0x82, 0x10, 0x82, 0x10, 0x82, 0x10, 0x82, 0x10, 0x82, 0x10, 0x82, 0x10, 0x82, 0x10, 0x82,
    0x10, 0x82, 0x10, 0x82, 0x10, 0x82, 0x10, 0x82, 0x10, 0x82, 0x10, 0x82, 0x10, 0x82, 0x10, 0x82,
    0x10, 0x82, 0x10, 0x82, 0x10, 0x82, 0x10, 0x82, 0x10, 0x82, 0x10, 0x82, 0x10, 0x82, 0x10, 0x82,
    0x10, 0x82, 0x10, 0x82, 0x10, 0x82, 0x10, 0x82, 0x10, 0x82, 0x10, 0x82, 0x10, 0x82, 0x10, 0x82,
    0x10, 0x82, 0x10, 0x82, 0x10, 0x82, 0x10, 0x82, 0x10, 0x82, 0x10, 0x82, 0x10, 0x82, 0x10, 0x82,
    0x10, 0x82, 0x10, 0x82, 0x10, 0x82, 0x10, 0x82, 0x10, 0x82, 0x10, 0x82, 0x10, 0x82, 0x10, 0x82,
    0x10, 0x82, 0x10, 0x82, 0x10, 0x82, 0x10, 0x82, 0x10, 0x82, 0x10, 0x82, 0x10, 0x82, 0x10, 0x82,
    0x10, 0x82, 0x10, 0x82, 0x10, 0x82, 0x10, 0x82, 0x10, 0x82, 0x10, 0x82, 0x10, 0x82, 0x10, 0x82,
    0x10, 0x82, 0x10, 0x82, 0x10, 0x82, 0x10, 0x82, 0x10, 0x82, 0x10, 0x82, 0x10, 0x82, 0x10, 0x82,
    0x10, 0x82, 0x10, 0x82, 0x10, 0x82, 0x10, 0x82, 0x10, 0x82, 0x10, 0x82, 0x10, 0x82, 0x10, 0x82,
    0x10, 0x82, 0x10, 0x82, 0x10, 0x82, 0x10, 0x82, 0x10, 0x82, 0x10, 0x82, 0x10, 0x82, 0x10, 0x82,
    0x10, 0x82, 0x10, 0x82, 0x10, 0x82, 0x10, 0x82, 0x10, 0x82, 0x10, 0x82, 0x10, 0x82, 0xef, 0x5c,
    0x08, 0x41, 0x08, 0x41, 0x08, 0x41, 0x08, 0x41, 0x08, 0x41, 0x08, 0x41, 0x08, 0x41, 0x08, 0x41,
    0x08, 0x41, 0x08, 0x41, 0x08, 0x41, 0x08, 0x41, 0x08, 0x41, 0x08, 0x41, 0x08, 0x41, 0x08, 0x41,
    0x08, 0x41, 0x08, 0x41, 0x08, 0x41, 0x08, 0x41, 0x08, 0x41, 0x08, 0x41, 0x08, 0x41, 0x08, 0x41,
    0x08, 0x41, 0x08, 0x41, 0x08, 0x41, 0x08, 0x41, 0x08, 0x41, 0x08, 0x41, 0x08, 0x41, 0x08, 0x41,
    0xef, 0x5c, 0x10, 0x82, 0x10, 0x82, 0x10, 0x82, 0x10, 0x82, 0x10, 0x82, 0x10, 0x82, 0x10, 0x82,
    0x10, 0x82, 0x10, 0x82, 0x10, 0x82, 0x10, 0x82, 0x10, 0x82, 0x10, 0x82, 0x10, 0x82, 0x10, 0x82,
    0x10, 0x82, 0x10, 0x82, 0x10, 0x82, 0x10, 0x82, 0x10, 0x82, 0x10, 0x82, 0x10, 0x82, 0x10, 0x82,
    0x10, 0x82, 0x10, 0x82, 0x10, 0x82, 0x10, 0x82, 0x10, 0x82, 0x10, 0x82, 0x10, 0x82, 0x10, 0x82,
    0x10, 0x82, 0x10, 0x82, 0x10, 0x82, 0x10, 0x82, 0x10, 0x82, 0x10, 0x82, 0x10, 0x82, 0x10, 0x82,
    0x10, 0x82, 0x10, 0x82, 0x10, 0x82, 0x10, 0x82, 0x10, 0x82, 0x10, 0x82, 0x10, 0x82, 0x10, 0x82,
    0x10, 0x82, 0x10, 0x82, 0x10, 0x82, 0x10, 0x82, 0x10, 0x82, 0x10, 0x82, 0x10, 0x82, 0x10, 0x82,
    0x10, 0x82, 0x10, 0x82, 0x10, 0x82, 0x10, 0x82, 0x10, 0x82, 0x10, 0x82, 0x10, 0x82, 0x10, 0x82,
    0x10, 0x82, 0x10, 0x82, 0x10, 0x82, 0x10, 0x82, 0x10, 0x82, 0x10, 0x82, 0x10, 0x82, 0x10, 0x82,
    0x10, 0x82, 0x10, 0x82, 0x10, 0x82, 0x10, 0x82, 0x10, 0x82, 0x10, 0x82, 0x10, 0x82, 0x10, 0x82,
    0x10, 0x82, 0x10, 0x82, 0x10, 0x82, 0x10, 0x82, 0x10, 0x82, 0x10, 0x82, 0x10, 0x82, 0x10, 0x82,
    0x10, 0x82, 0x10, 0x82, 0x10, 0x82, 0x10, 0x82, 0x10, 0x82, 0x10, 0x82, 0x10, 0x82, 0x10, 0x82,
    0x10, 0x82, 0x10, 0x82, 0x10, 0x82, 0xef, 0x5c, 0x08, 0x41, 0x08, 0x41, 0x08, 0x41, 0x08, 0x41,
    0x08, 0x41, 0x08, 0x41, 0x08, 0x41, 0x08, 0x41, 0xef, 0x5c, 0x10, 0x82, 0x10, 0x82, 0x10, 0x82,
    0x10, 0x82, 0x10, 0x82, 0x10, 0x82, 0x10, 0x82, 0x10, 0x82, 0x10, 0x82, 0x10, 0x82, 0x10, 0x82,
    0x10, 0x82, 0x10, 0x82, 0x10, 0x82, 0x10, 0x82, 0x10, 0x82, 0x10, 0x82, 0x10, 0x82, 0x10, 0x82,
    0x10, 0x82, 0x10, 0x82, 0x10, 0x82, 0x10, 0x82, 0x10, 0x82, 0x10, 0x82, 0x10, 0x82, 0x10, 0x82,
    0x10, 0x82, 0x10, 0x82, 0x10, 0x82, 0x10, 0x82, 0x10, 0x82, 0x10, 0x82, 0x10, 0x82, 0x10, 0x82,
    0x10, 0x82, 0x10, 0x82, 0x10, 0x82, 0x10, 0x82, 0x10, 0x82, 0x10, 0x82, 0x10, 0x82, 0x10, 0x82,
    0x10, 0x82, 0x10, 0x82, 0x10, 0x82, 0x10, 0x82, 0x10, 0x82, 0x10, 0x82, 0x10, 0x82, 0x10, 0x82,
    0x10, 0x82, 0x10, 0x82, 0x10, 0x82, 0x10, 0x82, 0x10, 0x82, 0x10, 0x82, 0x10, 0x82, 0x10, 0x82,
    0x10, 0x82, 0x10, 0x82, 0x10, 0x82, 0x10, 0x82, 0x10, 0x82, 0x10, 0x82, 0x10, 0x82, 0x10, 0x82,
    0x10, 0x82, 0x10, 0x82, 0x10, 0x82, 0x10, 0x82, 0x10, 0x82, 0x10, 0x82, 0x10, 0x82, 0x10, 0x82,
    0x10, 0x82, 0x10, 0x82, 0x10, 0x82, 0x10, 0x82, 0x10, 0x82, 0x10, 0x82, 0x10, 0x82, 0x10, 0x82,
    0x10, 0x82, 0x10, 0x82, 0x10, 0x82, 0x10, 0x82, 0x10, 0x82, 0x10, 0x82, 0x10, 0x82, 0x10, 0x82,
    0x10, 0x82, 0x10, 0x82, 0x10, 0x82, 0x10, 0x82, 0x10, 0x82, 0x10, 0x82, 0x10, 0x82, 0xef, 0x5c,
    0x08, 0x41, 0x08, 0x41, 0x08, 0x41, 0x08, 0x41, 0x08, 0x41, 0x08, 0x41, 0x08, 0x41, 0x08, 0x41,
    0x08, 0x41, 0x08, 0x41, 0x08, 0x41, 0x08, 0x41, 0x08, 0x41, 0x08, 0x41, 0x08, 0x41, 0x08, 0x41,
    0x08, 0x41, 0x08, 0x41, 0x08, 0x41, 0x08, 0x41, 0x08, 0x41, 0x08, 0x41, 0x08, 0x41, 0x08, 0x41,
    0x08, 0x41, 0x08, 0x41, 0x08, 0x41, 0x08, 0x41, 0x08, 0x41, 0x08, 0x41, 0x08, 0x41, 0x08, 0x41,
    0xef, 0x5c, 0x10, 0x82, 0x10, 0x82, 0x10, 0x82, 0x10, 0x82, 0x10, 0x82, 0x10, 0x82, 0x10, 0x82,
    0x10, 0x82, 0x10, 0x82, 0x10, 0x82, 0x10, 0x82, 0x10, 0x82, 0x10, 0x82, 0x10, 0x82, 0x10, 0x82,
    0x10, 0x82, 0x10, 0x82, 0x10, 0x82, 0x10, 0x82, 0x10, 0x82, 0x10, 0x82, 0x10, 0x82, 0x10, 0x82,
    0x10, 0x82, 0x10, 0x82, 0x10, 0x82, 0x10, 0x82, 0x10, 0x82, 0x10, 0x82, 0x10, 0x82, 0x10, 0x82,
    0x10, 0x82, 0x10, 0x82, 0x10, 0x82, 0x10, 0x82, 0x10, 0x82, 0x10, 0x82, 0x10, 0x82, 0x10, 0x82,
    0x10, 0x82, 0x10, 0x82, 0x10, 0x82, 0x10, 0x82, 0x10, 0x82, 0x10, 0x82, 0x10, 0x82, 0x10, 0x82,
    0x10, 0x82, 0x10, 0x82, 0x10, 0x82, 0x10, 0x82, 0x10, 0x82, 0x10, 0x82, 0x10, 0x82, 0x10, 0x82,
    0x10, 0x82, 0x10, 0x82, 0x10, 0x82, 0x10, 0x82, 0x10, 0x82, 0x10, 0x82, 0x10, 0x82, 0x10, 0x82,
    0x10, 0x82, 0x10, 0x82, 0x10, 0x82, 0x10, 0x82, 0x10, 0x82, 0x10, 0x82, 0x10, 0x82, 0x10, 0x82,
    0x10, 0x82, 0x10, 0x82, 0x10, 0x82, 0x10, 0x82, 0x10, 0x82, 0x10, 0x82, 0x10, 0x82, 0x10, 0x82,
    0x10, 0x82, 0x10, 0x82, 0x10, 0x82, 0x10, 0x82, 0x10, 0x82, 0x10, 0x82, 0x10, 0x82, 0x10, 0x82,
    0x10, 0x82, 0x10, 0x82, 0x10, 0x82, 0x10, 0x82, 0x10, 0x82, 0x10, 0x82, 0x10, 0x82, 0x10, 0x82,
    0x10, 0x82, 0x10, 0x82, 0x10, 0x82, 0xef, 0x5c, 0x08, 0x41, 0x08, 0x41, 0x08, 0x41, 0x08, 0x41,
    0x08, 0x41, 0x08, 0x41, 0x08, 0x41, 0x08, 0x41, 0xef, 0x5c, 0x10, 0x82, 0x10, 0x82, 0x10, 0x82,
    0x10, 0x82, 0x10, 0x82, 0x10, 0x82, 0x10, 0x82, 0x10, 0x82, 0x10, 0x82, 0x10, 0x82, 0x10, 0x82,
    0x10, 0x82, 0x10, 0x82, 0x10, 0x82, 0x10, 0x82, 0x10, 0x82, 0x10, 0x82, 0x10, 0x82, 0x10, 0x82,
    0x10, 0x82, 0x10, 0x82, 0x10, 0x82, 0x10, 0x82, 0x10, 0x82, 0x10, 0x82, 0x10, 0x82, 0x10, 0x82,
    0x10, 0x82, 0x10, 0x82, 0x10, 0x82, 0x10, 0x82, 0x10, 0x82, 0x10, 0x82, 0x10, 0x82, 0x10, 0x82,
    0x10, 0x82, 0x10, 0x82, 0x10, 0x82, 0x10, 0x82, 0x10, 0x82, 0x10, 0x82, 0x10, 0x82, 0x10, 0x82,
    0x10, 0x82, 0x10, 0x82, 0x10, 0x82, 0x10, 0x82, 0x10, 0x82, 0x10, 0x82, 0x10, 0x82, 0x10, 0x82,
    0x10, 0x82, 0x10, 0x82, 0x10, 0x82, 0x10, 0x82, 0x10, 0x82, 0x10, 0x82, 0x10, 0x82, 0x10, 0x82,
    0x10, 0x82, 0x10, 0x82, 0x10, 0x82, 0x10, 0x82, 0x10, 0x82, 0x10, 0x82, 0x10, 0x82, 0x10, 0x82,
    0x10, 0x82, 0x10, 0x82, 0x10, 0x82, 0x10, 0x82, 0x10, 0x82, 0x10, 0x82, 0x10, 0x82, 0x10, 0x82,
    0x10, 0x82, 0x10, 0x82, 0x10, 0x82, 0x10, 0x82, 0x10, 0x82, 0x10, 0x82, 0x10, 0x82, 0x10, 0x82,
    0x10, 0x82, 0x10, 0x82, 0x10, 0x82, 0x10, 0x82, 0x10, 0x82, 0x10, 0x82, 0x10, 0x82, 0x10, 0x82,
    0x10, 0x82, 0x10, 0x82, 0x10, 0x82, 0x10, 0x82, 0x10, 0x82, 0x10, 0x82, 0x10, 0x82, 0xef, 0x5c,
    0x08, 0x41, 0x08, 0x41, 0x08, 0x41, 0x08, 0x41, 0x08, 0x41, 0x08, 0x41, 0x08, 0x41, 0x08, 0x41,
    0x08, 0x41, 0x08, 0x41, 0x08, 0x41, 0x08, 0x41, 0x08, 0x41, 0x08, 0x41, 0x08, 0x41, 0x08, 0x41,
    0x08, 0x41, 0x08, 0x41, 0x08, 0x41, 0x08, 0x41, 0x08, 0x41, 0x08, 0x41, 0x08, 0x41, 0x08, 0x41,
    0x08, 0x41, 0x08, 0x41, 0x08, 0x41, 0x08, 0x41, 0x08, 0x41, 0x08, 0x41, 0x08, 0x41, 0x08, 0x41,
    0xef, 0x5c, 0x10, 0x82, 0x10, 0x82, 0x10, 0x82, 0x10, 0x82, 0x10, 0x82, 0x10, 0x82, 0x10, 0x82,
    0x10, 0x82, 0x10, 0x82, 0x10, 0x82, 0x10, 0x82, 0x10, 0x82, 0x10, 0x82, 0x10, 0x82, 0x10, 0x82,
    0x10, 0x82, 0x10, 0x82, 0x10, 0x82, 0x10, 0x82, 0x10, 0x82, 0x10, 0x82, 0x10, 0x82, 0x10, 0x82,
    0x10, 0x82, 0x10, 0x82, 0x10, 0x82, 0x10, 0x82, 0x10, 0x82, 0x10, 0x82, 0x10, 0x82, 0x10, 0x82,
    0x10, 0x82, 0x10, 0x82, 0x10, 0x82, 0x10, 0x82, 0x10, 0x82, 0x10, 0x82, 0x10, 0x82, 0x10, 0x82,
    0x10, 0x82, 0x10, 0x82, 0x10, 0x82, 0x10, 0x82, 0x10, 0x82, 0x10, 0x82, 0x10, 0x82, 0x10, 0x82,
    0x10, 0x82, 0x10, 0x82, 0x10, 0x82, 0x10, 0x82, 0x10, 0x82, 0x10, 0x82, 0x10, 0x82, 0x10, 0x82,
    0x10, 0x82, 0x10, 0x82, 0x10, 0x82, 0x10, 0x82, 0x10, 0x82, 0x10, 0x82, 0x10, 0x82, 0x10, 0x82,
    0x10, 0x82, 0x10, 0x82, 0x10, 0x82, 0x10, 0x82, 0x10, 0x82, 0x10, 0x82, 0x10, 0x82, 0x10, 0x82,
    0x10, 0x82, 0x10, 0x82, 0x10, 0x82, 0x10, 0x82, 0x10, 0x82, 0x10, 0x82, 0x10, 0x82, 0x10, 0x82,
    0x10, 0x82, 0x10, 0x82, 0x10, 0x82, 0x10, 0x82, 0x10, 0x82, 0x10, 0x82, 0x10, 0x82, 0x10, 0x82,
    0x10, 0x82, 0x10, 0x82, 0x10, 0x82, 0x10, 0x82, 0x10, 0x82, 0x10, 0x82, 0x10, 0x82, 0x10, 0x82,
    0x10, 0x82, 0x10, 0x82, 0x10, 0x82, 0xef, 0x5c, 0x08, 0x41, 0x08, 0x41, 0x08, 0x41, 0x08, 0x41,
    0x08, 0x41, 0x08, 0x41, 0x08, 0x41, 0x08, 0x41, 0xef, 0x5c, 0x10, 0x82, 0x10, 0x82, 0x10, 0x82,
    0x10, 0x82, 0x10, 0x82, 0x10, 0x82, 0x10, 0x82, 0x10, 0x82, 0x10, 0x82, 0x10, 0x82, 0x10, 0x82,
    0x10, 0x82, 0x10, 0x82, 0x10, 0x82, 0x10, 0x82, 0x10, 0x82, 0x10, 0x82, 0x10, 0x82, 0x10, 0x82,
    0x10, 0x82, 0x10, 0x82, 0x10, 0x82, 0x10, 0x82, 0x10, 0x82, 0x10, 0x82, 0x10, 0x82, 0x10, 0x82,
    0x10, 0x82, 0x10, 0x82, 0x10, 0x82, 0x10, 0x82, 0x10, 0x82, 0x10, 0x82, 0x10, 0x82, 0x10, 0x82,
    0x10, 0x82, 0x10, 0x82, 0x10, 0x82, 0x10, 0x82, 0x10, 0x82, 0x10, 0x82, 0x10, 0x82, 0x10, 0x82,
    0x10, 0x82, 0x10, 0x82, 0x10, 0x82, 0x10, 0x82, 0x10, 0x82, 0x10, 0x82, 0x10, 0x82, 0x10, 0x82,
    0x10, 0x82, 0x10, 0x82, 0x10, 0x82, 0x10, 0x82, 0x10, 0x82, 0x10, 0x82, 0x10, 0x82, 0x10, 0x82,
    0x10, 0x82, 0x10, 0x82, 0x10, 0x82, 0x10, 0x82, 0x10, 0x82, 0x10, 0x82, 0x10, 0x82, 0x10, 0x82,
    0x10, 0x82, 0x10, 0x82, 0x10, 0x82, 0x10, 0x82, 0x10, 0x82, 0x10, 0x82, 0x10, 0x82, 0x10, 0x82,
    0x10, 0x82, 0x10, 0x82, 0x10, 0x82, 0x10, 0x82, 0x10, 0x82, 0x10, 0x82, 0x10, 0x82, 0x10, 0x82,
    0x10, 0x82, 0x10, 0x82, 0x10, 0x82, 0x10, 0x82, 0x10, 0x82, 0x10, 0x82, 0x10, 0x82, 0x10, 0x82,
    0x10, 0x82, 0x10, 0x82, 0x10, 0x82, 0x10, 0x82, 0x10, 0x82, 0x10, 0x82, 0x10, 0x82, 0xef, 0x5c,
    0x08, 0x41, 0x08, 0x41, 0x08, 0x41, 0x08, 0x41, 0x08, 0x41, 0x08, 0x41, 0x08, 0x41, 0x08, 0x41,
    0x08, 0x41, 0x08, 0x41, 0x08, 0x41, 0x08, 0x41, 0x08, 0x41, 0x08, 0x41, 0x08, 0x41, 0x08, 0x41,
    0x08, 0x41, 0x08, 0x41, 0x08, 0x41, 0x08, 0x41, 0x08, 0x41, 0x08, 0x41, 0x08, 0x41, 0x08, 0x41,
    0x08, 0x41, 0x08, 0x41, 0x08, 0x41, 0x08, 0x41, 0x08, 0x41, 0x08, 0x41, 0x08, 0x41, 0x08, 0x41,
    0xef, 0x5c, 0x10, 0x82, 0x10, 0x82, 0x10, 0x82, 0x10, 0x82, 0x10, 0x82, 0x10, 0x82, 0x10, 0x82,
    0x10, 0x82, 0x10, 0x82, 0x10, 0x82, 0x10, 0x82, 0x10, 0x82, 0x10, 0x82, 0x10, 0x82, 0x10, 0x82,
    0x10, 0x82, 0x10, 0x82, 0x10, 0x82, 0x10, 0x82, 0x10, 0x82, 0x10, 0x82, 0x10, 0x82, 0x10, 0x82,
    0x10, 0x82, 0x10, 0x82, 0x10, 0x82, 0x10, 0x82, 0x10, 0x82, 0x10, 0x82, 0x10, 0x82, 0x10, 0x82,
    0x10, 0x82, 0x10, 0x82, 0x10, 0x82, 0x10, 0x82, 0x10, 0x82, 0x10, 0x82, 0x10, 0x82, 0x10, 0x82,
    0x10, 0x82, 0x10, 0x82, 0x10, 0x82, 0x10, 0x82, 0x10, 0x82, 0x10, 0x82, 0x10, 0x82, 0x10, 0x82,
    0x10, 0x82, 0x10, 0x82, 0x10, 0x82, 0x10, 0x82, 0x10, 0x82, 0x10, 0x82, 0x10, 0x82, 0x10, 0x82,
    0x10, 0x82, 0x10, 0x82, 0x10, 0x82, 0x10, 0x82, 0x10, 0x82, 0x10, 0x82, 0x10, 0x82, 0x10, 0x82,
    0x10, 0x82, 0x10, 0x82, 0x10, 0x82, 0x10, 0x82, 0x10, 0x82, 0x10, 0x82, 0x10, 0x82, 0x10, 0x82,
    0x10, 0x82, 0x10, 0x82, 0x10, 0x82, 0x10, 0x82, 0x10, 0x82, 0x10, 0x82, 0x10, 0x82, 0x10, 0x82,
    0x10, 0x82, 0x10, 0x82, 0x10, 0x82, 0x10, 0x82, 0x10, 0x82, 0x10, 0x82, 0x10, 0x82, 0x10, 0x82,
    0x10, 0x82, 0x10, 0x82, 0x10, 0x82, 0x10, 0x82, 0x10, 0x82, 0x10, 0x82, 0x10, 0x82, 0x10, 0x82,
    0x10, 0x82, 0x10, 0x82, 0x10, 0x82, 0xef, 0x5c, 0x08, 0x41, 0x08, 0x41, 0x08, 0x41, 0x08, 0x41,
    0x08, 0x41, 0x08, 0x41, 0x08, 0x41, 0x08, 0x41, 0xef, 0x5c, 0x10, 0x82, 0x10, 0x82, 0x10, 0x82,
    0x10, 0x82, 0x10, 0x82, 0x10, 0x82, 0x10, 0x82, 0x10, 0x82, 0x10, 0x82, 0x10, 0x82, 0x10, 0x82,
    0x10, 0x82, 0x10, 0x82, 0x10, 0x82, 0x10, 0x82, 0x10, 0x82, 0x10, 0x82, 0x10, 0x82, 0x10, 0x82,
    0x10, 0x82, 0x10, 0x82, 0x10, 0x82, 0x10, 0x82, 0x10, 0x82, 0x10, 0x82, 0x10, 0x82, 0x10, 0x82,
    0x10, 0x82, 0x10, 0x82, 0x10, 0x82, 0x10, 0x82, 0x10, 0x82, 0x10, 0x82, 0x10, 0x82, 0x10, 0x82,
    0x10, 0x82, 0x10, 0x82, 0x10, 0x82, 0x10, 0x82, 0xad, 0x54, 0xb5, 0xb6, 0x10, 0x82, 0x10, 0x82,
    0x10, 0x82, 0x10, 0x82, 0x10, 0x82, 0x10, 0x82, 0x10, 0x82, 0x10, 0x82, 0x10, 0x82, 0x10, 0x82,
    0x10, 0x82, 0xce, 0x79, 0x73, 0x8e, 0x10, 0x82, 0x10, 0x82, 0x10, 0x82, 0x10, 0x82, 0x10, 0x82,
    0x10, 0x82, 0x10, 0x82, 0x10, 0x82, 0x21, 0x04, 0x52, 0x8a, 0x21, 0x24, 0x10, 0x82, 0x10, 0x82,
    0x10, 0x82, 0x10, 0x82, 0x10, 0x82, 0x10, 0x82, 0x10, 0x82, 0x10, 0x82, 0x10, 0x82, 0x10, 0x82,
    0x10, 0x82, 0x10, 0x82, 0x10, 0x82, 0x10, 0x82, 0x10, 0x82, 0x10, 0x82, 0x10, 0x82, 0x10, 0x82,
    0x10, 0x82, 0x10, 0x82, 0x10, 0x82, 0x10, 0x82, 0x10, 0x82, 0x10, 0x82, 0x10, 0x82, 0x10, 0x82,
    0x10, 0x82, 0x10, 0x82, 0x10, 0x82, 0x10, 0x82, 0x10, 0x82, 0x10, 0x82, 0x10, 0x82, 0xef, 0x5c,
    0x08, 0x41, 0x08, 0x41, 0x08, 0x41, 0x08, 0x41, 0x08, 0x41, 0x08, 0x41, 0x08, 0x41, 0x08, 0x41,
    0x08, 0x41, 0x08, 0x41, 0x08, 0x41, 0x08, 0x41, 0x08, 0x41, 0x08, 0x41, 0x08, 0x41, 0x08, 0x41,
    0x08, 0x41, 0x08, 0x41, 0x08, 0x41, 0x08, 0x41, 0x08, 0x41, 0x08, 0x41, 0x08, 0x41, 0x08, 0x41,
    0x08, 0x41, 0x08, 0x41, 0x08, 0x41, 0x08, 0x41, 0x08, 0x41, 0x08, 0x41, 0x08, 0x41, 0x08, 0x41,
    0xef, 0x5c, 0x10, 0x82, 0x10, 0x82, 0x10, 0x82, 0x10, 0x82, 0x10, 0x82, 0x10, 0x82, 0x10, 0x82,
    0x10, 0x82, 0x10, 0x82, 0x10, 0x82, 0x10, 0x82, 0x10, 0x82, 0x10, 0x82, 0x10, 0x82, 0x10, 0x82,
    0x10, 0x82, 0x10, 0x82, 0x10, 0x82, 0x10, 0x82, 0x10, 0x82, 0x10, 0x82, 0x10, 0x82, 0x10, 0x82,
    0x10, 0x82, 0x10, 0x82, 0x10, 0x82, 0x10, 0x82, 0x10, 0x82, 0x10, 0x82, 0x10, 0x82, 0x10, 0x82,
    0x10, 0x82, 0x10, 0xa2, 0x6b, 0x4c, 0x29, 0x65, 0x18, 0xe3, 0x52, 0x89, 0x21, 0x24, 0x10, 0x82,
    0x10, 0x82, 0x10, 0x82, 0x63, 0x0c, 0xb5, 0x95, 0x18, 0xe3, 0x10, 0x82, 0x10, 0x82, 0x10, 0x82,
    0x10, 0x82, 0x10, 0x82, 0x10, 0x82, 0x10, 0x82, 0x18, 0xe3, 0xb5, 0xb6, 0x39, 0xc7, 0x10, 0x82,
    0x10, 0x82, 0x10, 0x82, 0x10, 0x82, 0x10, 0x82, 0x10, 0x82, 0x73, 0x8e, 0x73, 0xae, 0x10, 0x82,
    0x10, 0x82, 0x10, 0x82, 0x10, 0x82, 0x10, 0x82, 0x10, 0x82, 0x10, 0x82, 0x10, 0x82, 0x10, 0x82,
    0x10, 0x82, 0x10, 0x82, 0x18, 0xc3, 0xb5, 0xb6, 0x42, 0x28, 0x10, 0x82, 0x10, 0x82, 0x10, 0x82,
    0x10, 0x82, 0x10, 0x82, 0x10, 0x82, 0x10, 0x82, 0x10, 0x82, 0x10, 0x82, 0x10, 0x82, 0x10, 0x82,
    0x10, 0x82, 0x10, 0x82, 0x10, 0x82, 0x10, 0x82, 0x10, 0x82, 0x10, 0x82, 0x10, 0x82, 0x10, 0x82,
    0x10, 0x82, 0x10, 0x82, 0x10, 0x82, 0xef, 0x5c, 0x08, 0x41, 0x08, 0x41, 0x08, 0x41, 0x08, 0x41,
    0x08, 0x41, 0x08, 0x41, 0x08, 0x41, 0x08, 0x41, 0xef, 0x5c, 0x10, 0x82, 0x10, 0x82, 0x10, 0x82,
    0x10, 0x82, 0x10, 0x82, 0x10, 0x82, 0x10, 0x82, 0x10, 0x82, 0x10, 0x82, 0x10, 0x82, 0x10, 0x82,
    0x10, 0x82, 0x10, 0x82, 0x10, 0x82, 0x10, 0x82, 0x10, 0x82, 0x10, 0x82, 0x10, 0x82, 0x10, 0x82,
    0x10, 0x82, 0x10, 0x82, 0x10, 0x82, 0x10, 0x82, 0x10, 0x82, 0x10, 0x82, 0x10, 0x82, 0x10, 0x82,
    0x10, 0x82, 0x10, 0x82, 0x10, 0x82, 0x10, 0x82, 0x10, 0x82, 0x10, 0x82, 0x10, 0x82, 0x10, 0x82,
    0x10, 0x82, 0x10, 0x82, 0x10, 0x82, 0x10, 0x82, 0xa5, 0x34, 0x73, 0x8d, 0x10, 0x82, 0x10, 0x82,
    0x10, 0x82, 0x10, 0x82, 0x10, 0x82, 0x10, 0x82, 0x10, 0x82, 0x10, 0x82, 0x10, 0x82, 0x10, 0x82,
    0x10, 0x82, 0xd6, 0x99, 0x4a, 0x49, 0x10, 0x82, 0x39, 0xc7, 0x9c, 0xf3, 0x9c, 0xd2, 0x9c, 0xf3,
    0xa5, 0x34, 0xb5, 0xb6, 0xd6, 0x99, 0xd6, 0xba, 0xc6, 0x38, 0x8c, 0x50, 0x10, 0x82, 0x10, 0x82,
    0x10, 0x82, 0x10, 0x82, 0x10, 0x82, 0x10, 0x82, 0x10, 0x82, 0x10, 0x82, 0x10, 0x82, 0x10, 0x82,
    0x10, 0x82, 0x10, 0x82, 0x10, 0x82, 0x10, 0x82, 0x10, 0x82, 0x10, 0x82, 0x10, 0x82, 0x10, 0x82,
    0x10, 0x82, 0x10, 0x82, 0x10, 0x82, 0x10, 0x82, 0x10, 0x82, 0x10, 0x82, 0x10, 0x82, 0x10, 0x82,
    0x10, 0x82, 0x10, 0x82, 0x10, 0x82, 0x10, 0x82, 0x10, 0x82, 0x10, 0x82, 0x10, 0x82, 0xef, 0x5c,
    0x08, 0x41, 0x08, 0x41, 0x08, 0x41, 0x08, 0x41, 0x08, 0x41, 0x08, 0x41, 0x08, 0x41, 0x08, 0x41,
    0x08, 0x41, 0x08, 0x41, 0x08, 0x41, 0x08, 0x41, 0x08, 0x41, 0x08, 0x41, 0x08, 0x41, 0x08, 0x41,
    0x08, 0x41, 0x08, 0x41, 0x08, 0x41, 0x08, 0x41, 0x08, 0x41, 0x08, 0x41, 0x08, 0x41, 0x08, 0x41,
    0x08, 0x41, 0x08, 0x41, 0x08, 0x41, 0x08, 0x41, 0x08, 0x41, 0x08, 0x41, 0x08, 0x41, 0x08, 0x41,
    0xef, 0x5c, 0x10, 0x82, 0x10, 0x82, 0x10, 0x82, 0x10, 0x82, 0x10, 0x82, 0x10, 0x82, 0x10, 0x82,
    0x10, 0x82, 0x10, 0x82, 0x10, 0x82, 0x10, 0x82, 0x10, 0x82, 0x10, 0x82, 0x10, 0x82, 0x10, 0x82,
    0x10, 0x82, 0x10, 0x82, 0x52, 0xaa, 0x6b, 0x6d, 0x31, 0x86, 0x18, 0xc3, 0x10, 0x82, 0x18, 0xc3,
    0x21, 0x24, 0x4a, 0x49, 0x94, 0x92, 0x29, 0x65, 0x10, 0x82, 0x10, 0x82, 0x10, 0x82, 0x10, 0x82,
    0x10, 0x82, 0x10, 0x82, 0xe7, 0x3c, 0x4a, 0x48, 0x18, 0xc3, 0xef, 0x5c, 0x29, 0x65, 0x10, 0x82,
    0x10, 0x82, 0x10, 0x82, 0xb5, 0xb6, 0x52, 0xaa, 0x10, 0x82, 0x10, 0x82, 0x10, 0x82, 0x10, 0x82,
    0x10, 0x82, 0x10, 0x82, 0x10, 0x82, 0x10, 0x82, 0x10, 0x82, 0x63, 0x2c, 0xde, 0xda, 0x4a, 0x69,
    0x10, 0x82, 0x10, 0x82, 0x10, 0x82, 0x10, 0x82, 0x10, 0x82, 0xa5, 0x13, 0x8c, 0x51, 0x10, 0x82,
    0x10, 0x82, 0x10, 0x82, 0x10, 0x82, 0x10, 0x82, 0x10, 0x82, 0x10, 0x82, 0x10, 0x82, 0x10, 0x82,
    0x10, 0x82, 0x10, 0x82, 0x10, 0x82, 0x52, 0x8a, 0xd6, 0xba, 0x6b, 0x6d, 0x10, 0x82, 0x10, 0x82,
    0x10, 0x82, 0x10, 0x82, 0x10, 0x82, 0x10, 0x82, 0x10, 0x82, 0x10, 0x82, 0x10, 0x82, 0x10, 0x82,
    0x10, 0x82, 0x10, 0x82, 0x10, 0x82, 0x10, 0x82, 0x10, 0x82, 0x10, 0x82, 0x10, 0x82, 0x10, 0x82,
    0x10, 0x82, 0x10, 0x82, 0x10, 0x82, 0xef, 0x5c, 0x08, 0x41, 0x08, 0x41, 0x08, 0x41, 0x08, 0x41,
    0x08, 0x41, 0x08, 0x41, 0x08, 0x41, 0x08, 0x41, 0xef, 0x5c, 0x10, 0x82, 0x10, 0x82, 0x10, 0x82,
    0x10, 0x82, 0x10, 0x82, 0x10, 0x82, 0x10, 0x82, 0x10, 0x82, 0x10, 0x82, 0x10, 0x82, 0x10, 0x82,
    0x10, 0x82, 0x10, 0x82, 0x10, 0x82, 0x10, 0x82, 0x10, 0x82, 0x10, 0x82, 0x10, 0x82, 0x10, 0x82,
    0x10, 0x82, 0x10, 0x82, 0x10, 0x82, 0x10, 0x82, 0x10, 0x82, 0x10, 0x82, 0x10, 0x82, 0x10, 0x82,
    0x10, 0x82, 0x10, 0x82, 0x10, 0x82, 0x10, 0x82, 0x10, 0x82, 0x10, 0x82, 0x29, 0x65, 0x21, 0x24,
    0x18, 0xe3, 0x10, 0xa2, 0x10, 0x82, 0x10, 0x82, 0xb5, 0xb6, 0x52, 0xaa, 0x10, 0x82, 0x10, 0xa2,
    0x18, 0xc3, 0x18, 0xe3, 0x21, 0x24, 0x29, 0x45, 0x10, 0x82, 0x10, 0x82, 0x10, 0x82, 0x10, 0x82,
    0x10, 0x82, 0xc6, 0x38, 0x4a, 0x49, 0x10, 0x82, 0x18, 0xc3, 0x52, 0xaa, 0x4a, 0x69, 0x42, 0x08,
    0x42, 0x08, 0xde, 0xfa, 0x10, 0xa2, 0x10, 0x82, 0x73, 0xae, 0x29, 0x65, 0x10, 0x82, 0x10, 0x82,
    0x10, 0x82, 0x10, 0x82, 0x10, 0x82, 0x10, 0x82, 0x10, 0x82, 0x10, 0x82, 0x10, 0x82, 0x10, 0x82,
    0x10, 0x82, 0x10, 0x82, 0x10, 0x82, 0x10, 0x82, 0x10, 0x82, 0x10, 0x82, 0x10, 0x82, 0x10, 0x82,
    0x10, 0x82, 0x10, 0x82, 0x10, 0x82, 0x10, 0x82, 0x10, 0x82, 0x10, 0x82, 0x10, 0x82, 0x10, 0x82,
    0x10, 0x82, 0x10, 0x82, 0x10, 0x82, 0x10, 0x82, 0x10, 0x82, 0x10, 0x82, 0x10, 0x82, 0xef, 0x5c,
    0x08, 0x41, 0x08, 0x41, 0x08, 0x41, 0x08, 0x41, 0x08, 0x41, 0x08, 0x41, 0x08, 0x41, 0x08, 0x41,
    0x08, 0x41, 0x08, 0x41, 0x08, 0x41, 0x08, 0x41, 0x08, 0x41, 0x08, 0x41, 0x08, 0x41, 0x08, 0x41,
    0x08, 0x41, 0x08, 0x41, 0x08, 0x41, 0x08, 0x41, 0x08, 0x41, 0x08, 0x41, 0x08, 0x41, 0x08, 0x41,
    0x08, 0x41, 0x08, 0x41, 0x08, 0x41, 0x08, 0x41, 0x08, 0x41, 0x08, 0x41, 0x08, 0x41, 0x08, 0x41,
    0xef, 0x5c, 0x10, 0x82, 0x10, 0x82, 0x10, 0x82, 0x10, 0x82, 0x10, 0x82, 0x10, 0x82, 0x10, 0x82,
    0x10, 0x82, 0x10, 0x82, 0x10, 0x82, 0x10, 0x82, 0x10, 0x82, 0x10, 0x82, 0x10, 0x82, 0x10, 0x82,
    0x10, 0x82, 0x10, 0x82, 0x5a, 0xcb, 0xef, 0x5c, 0xef, 0x5c, 0xef, 0x5c, 0xef, 0x5c, 0xef, 0x5c,
    0xef, 0x5c, 0xef, 0x5c, 0xef, 0x5c, 0x29, 0x45, 0x10, 0x82, 0x10, 0x82, 0x10, 0x82, 0x10, 0x82,
    0x10, 0x82, 0x10, 0x82, 0xde, 0xfb, 0x31, 0x86, 0x10, 0x82, 0xe7, 0x3c, 0x18, 0xc3, 0x42, 0x07,
    0xe7, 0x1b, 0xe7, 0x3c, 0xef, 0x5c, 0xe7, 0x3c, 0xe7, 0x3c, 0xe7, 0x3c, 0xe7, 0x1b, 0xde, 0xfb,
    0x21, 0x04, 0x10, 0x82, 0x10, 0x82, 0x10, 0x82, 0x10, 0x82, 0x10, 0x82, 0x52, 0x8a, 0xd6, 0x99,
    0x18, 0xe3, 0x10, 0x82, 0x10, 0x82, 0x10, 0x82, 0x10, 0x82, 0x9c, 0xf3, 0x84, 0x0f, 0x10, 0x82,
    0x10, 0x82, 0x10, 0x82, 0x10, 0x82, 0x10, 0x82, 0x10, 0x82, 0x10, 0x82, 0x10, 0x82, 0x10, 0x82,
    0x10, 0x82, 0x10, 0x82, 0x10, 0x82, 0x10, 0x82, 0x31, 0x86, 0xbd, 0xd6, 0x21, 0x04, 0x10, 0x82,
    0x10, 0x82, 0x10, 0x82, 0x10, 0x82, 0x10, 0x82, 0x10, 0x82, 0x10, 0x82, 0x10, 0x82, 0x10, 0x82,
    0x10, 0x82, 0x10, 0x82, 0x10, 0x82, 0x10, 0x82, 0x10, 0x82, 0x10, 0x82, 0x10, 0x82, 0x10, 0x82,
    0x10, 0x82, 0x10, 0x82, 0x10, 0x82, 0xef, 0x5c, 0x08, 0x41, 0x08, 0x41, 0x08, 0x41, 0x08, 0x41,
    0x08, 0x41, 0x08, 0x41, 0x08, 0x41, 0x08, 0x41, 0xef, 0x5c, 0x10, 0x82, 0x10, 0x82, 0x10, 0x82,
    0x10, 0x82, 0x10, 0x82, 0x10, 0x82, 0x10, 0x82, 0x10, 0x82, 0x10, 0x82, 0x10, 0x82, 0x10, 0x82,
    0x10, 0x82, 0x10, 0x82, 0x10, 0x82, 0x10, 0x82, 0x10, 0x82, 0x10, 0x82, 0x10, 0x82, 0x10, 0x82,
    0x10, 0x82, 0x10, 0x82, 0x10, 0x82, 0x10, 0x82, 0x10, 0x82, 0x10, 0x82, 0x10, 0x82, 0x10, 0x82,
    0x10, 0x82, 0x10, 0x82, 0x10, 0x82, 0x10, 0x82, 0x10, 0x82, 0x10, 0x82, 0xde, 0xfb, 0xef, 0x5c,
    0xef, 0x5c, 0xef, 0x5c, 0xef, 0x5c, 0xef, 0x5c, 0xef, 0x5c, 0xef, 0x5c, 0xef, 0x5c, 0xef, 0x5c,
    0xef, 0x5c, 0xef, 0x5c, 0xef, 0x5c, 0xb5, 0x95, 0x10, 0x82, 0x10, 0x82, 0x10, 0xa2, 0x21, 0x04,
    0x10, 0x82, 0xc6, 0x17, 0x4a, 0x69, 0x21, 0x24, 0x10, 0x82, 0x42, 0x28, 0xbd, 0xf7, 0x18, 0xe3,
    0x21, 0x04, 0xde, 0xda, 0x10, 0x82, 0x4a, 0x48, 0xd6, 0xba, 0x39, 0xc7, 0x10, 0x82, 0x10, 0x82,
    0x10, 0x82, 0x10, 0x82, 0x10, 0x82, 0x10, 0x82, 0x10, 0x82, 0x10, 0x82, 0x10, 0x82, 0x10, 0x82,
    0x10, 0x82, 0x10, 0x82, 0x10, 0x82, 0x10, 0x82, 0x10, 0x82, 0x10, 0x82, 0x10, 0x82, 0x10, 0x82,
    0x10, 0x82, 0x10, 0x82, 0x10, 0x82, 0x10, 0x82, 0x10, 0x82, 0x10, 0x82, 0x10, 0x82, 0x10, 0x82,
    0x10, 0x82, 0x10, 0x82, 0x10, 0x82, 0x10, 0x82, 0x10, 0x82, 0x10, 0x82, 0x10, 0x82, 0xef, 0x5c,
    0x08, 0x41, 0x08, 0x41, 0x08, 0x41, 0x08, 0x41, 0x08, 0x41, 0x08, 0x41, 0x08, 0x41, 0x08, 0x41,
    0x08, 0x41, 0x08, 0x41, 0x08, 0x41, 0x08, 0x41, 0x08, 0x41, 0x08, 0x41, 0x08, 0x41, 0x08, 0x41,
    0x08, 0x41, 0x08, 0x41, 0x08, 0x41, 0x08, 0x41, 0x08, 0x41, 0x08, 0x41, 0x08, 0x41, 0x08, 0x41,
    0x08, 0x41, 0x08, 0x41, 0x08, 0x41, 0x08, 0x41, 0x08, 0x41, 0x08, 0x41, 0x08, 0x41, 0x08, 0x41,
    0xef, 0x5c, 0x10, 0x82, 0x10, 0x82, 0x10, 0x82, 0x10, 0x82, 0x10, 0x82, 0x10, 0x82, 0x10, 0x82,
    0x10, 0x82, 0x10, 0x82, 0x10, 0x82, 0x10, 0x82, 0x10, 0x82, 0x10, 0x82, 0x10, 0x82, 0x10, 0x82,
    0x10, 0x82, 0x10, 0x82, 0x5a, 0xcb, 0xc6, 0x17, 0x10, 0x82, 0x10, 0x82, 0x10, 0x82, 0x10, 0x82,
    0x10, 0x82, 0x18, 0xc3, 0xef, 0x5c, 0x29, 0x45, 0x10, 0x82, 0x10, 0x82, 0x10, 0x82, 0x10, 0x82,
    0x10, 0x82, 0x10, 0x82, 0xde, 0xda, 0x21, 0x24, 0x10, 0x82, 0xe7, 0x3c, 0x18, 0xc3, 0x31, 0xa6,
    0xc6, 0x17, 0x10, 0x82, 0x10, 0x82, 0x94, 0x91, 0x6b, 0x4c, 0x10, 0x82, 0x10, 0x82, 0xe7, 0x3c,
    0x18, 0xc3, 0x10, 0x82, 0x10, 0x82, 0x21, 0x24, 0x10, 0xa2, 0x10, 0x82, 0x10, 0x82, 0x18, 0xe3,
    0x18, 0xc3, 0x10, 0x82, 0x10, 0x82, 0x10, 0x82, 0x10, 0x82, 0x9c, 0xd3, 0x84, 0x0f, 0x10, 0x82,
    0x10, 0x82, 0x10, 0x82, 0x10, 0x82, 0x10, 0x82, 0x10, 0x82, 0x8c, 0x71, 0xef, 0x5c, 0xef, 0x5c,
    0xef, 0x5c, 0xef, 0x5c, 0xef, 0x5c, 0xef, 0x5c, 0xef, 0x5c, 0xef, 0x5c, 0xef, 0x5c, 0xef, 0x5c,
    0xef, 0x5c, 0xef, 0x5c, 0xef, 0x5c, 0xef, 0x5c, 0xa5, 0x13, 0x10, 0x82, 0x10, 0x82, 0x10, 0x82,
    0x10, 0x82, 0x10, 0x82, 0x10, 0x82, 0x10, 0x82, 0x10, 0x82, 0x10, 0x82, 0x10, 0x82, 0x10, 0x82,
    0x10, 0x82, 0x10, 0x82, 0x10, 0x82, 0xef, 0x5c, 0x08, 0x41, 0x08, 0x41, 0x08, 0x41, 0x08, 0x41,
    0x08, 0x41, 0x08, 0x41, 0x08, 0x41, 0x08, 0x41, 0xef, 0x5c, 0x10, 0x82, 0x10, 0x82, 0x10, 0x82,
    0x10, 0x82, 0x10, 0x82, 0x10, 0x82, 0x10, 0x82, 0x10, 0x82, 0x10, 0x82, 0x10, 0x82, 0x10, 0x82,
    0x10, 0x82, 0x10, 0x82, 0x10, 0x82, 0x10, 0x82, 0x10, 0x82, 0x10, 0x82, 0x10, 0x82, 0x10, 0x82,
    0x10, 0x82, 0x10, 0x82, 0x10, 0x82, 0x10, 0x82, 0x10, 0x82, 0x10, 0x82, 0x10, 0x82, 0x10, 0x82,
    0x10, 0x82, 0x10, 0x82, 0x10, 0x82, 0x10, 0x82, 0x10, 0x82, 0x10, 0x82, 0x29, 0x65, 0x21, 0x24,
    0x18, 0xe3, 0x18, 0xc3, 0x10, 0xa2, 0x18, 0xc3, 0xe7, 0x1b, 0x18, 0xe3, 0x10, 0x82, 0x10, 0xa2,
    0x18, 0xc3, 0x18, 0xe3, 0x21, 0x24, 0x29, 0x45, 0x10, 0x82, 0x10, 0x82, 0x39, 0xc7, 0xef, 0x5c,
    0xef, 0x5c, 0xef, 0x5c, 0xef, 0x5c, 0xde, 0xfb, 0x21, 0x04, 0x21, 0x04, 0x94, 0x92, 0x84, 0x30,
    0x21, 0x04, 0xde, 0xda, 0x18, 0xe3, 0xce, 0x58, 0x42, 0x08, 0x10, 0xa2, 0x29, 0x45, 0x10, 0x82,
    0x10, 0x82, 0x10, 0x82, 0x10, 0x82, 0x10, 0x82, 0x10, 0x82, 0x10, 0x82, 0x10, 0x82, 0x10, 0x82,
    0x10, 0x82, 0x10, 0x82, 0x10, 0x82, 0x10, 0x82, 0x10, 0x82, 0x10, 0x82, 0x10, 0x82, 0x10, 0x82,
    0x10, 0x82, 0x10, 0x82, 0x10, 0x82, 0x10, 0x82, 0x10, 0x82, 0x10, 0x82, 0x10, 0x82, 0x10, 0x82,
    0x10, 0x82, 0x10, 0x82, 0x10, 0x82, 0x10, 0x82, 0x10, 0x82, 0x10, 0x82, 0x10, 0x82, 0xef, 0x5c,
    0x08, 0x41, 0x08, 0x41, 0x08, 0x41, 0x08, 0x41, 0x08, 0x41, 0x08, 0x41, 0x08, 0x41, 0x08, 0x41,
    0x08, 0x41, 0x08, 0x41, 0x08, 0x41, 0x08, 0x41, 0x08, 0x41, 0x08, 0x41, 0x08, 0x41, 0x08, 0x41,
    0x08, 0x41, 0x08, 0x41, 0x08, 0x41, 0x08, 0x41, 0x08, 0x41, 0x08, 0x41, 0x08, 0x41, 0x08, 0x41,
    0x08, 0x41, 0x08, 0x41, 0x08, 0x41, 0x08, 0x41, 0x08, 0x41, 0x08, 0x41, 0x08, 0x41, 0x08, 0x41,
    0xef, 0x5c, 0x10, 0x82, 0x10, 0x82, 0x10, 0x82, 0x10, 0x82, 0x10, 0x82, 0x10, 0x82, 0x10, 0x82,
    0x10, 0x82, 0x10, 0x82, 0x10, 0x82, 0x10, 0x82, 0x10, 0x82, 0x10, 0x82, 0x10, 0x82, 0x10, 0x82,
    0x10, 0x82, 0x10, 0x82, 0x5a, 0xcb, 0xc6, 0x17, 0x10, 0x82, 0x10, 0x82, 0x10, 0x82, 0x10, 0x82,
    0x10, 0x82, 0x18, 0xc3, 0xef, 0x5c, 0x29, 0x45, 0x10, 0x82, 0x10, 0x82, 0x10, 0x82, 0x10, 0x82,
    0x10, 0x82, 0x10, 0x82, 0xd6, 0xba, 0x21, 0x04, 0x10, 0x82, 0xe7, 0x3c, 0x18, 0xc3, 0x31, 0x86,
    0xc6, 0x17, 0x10, 0x82, 0x10, 0x82, 0x8c, 0x71, 0x63, 0x2c, 0x10, 0x82, 0x10, 0x82, 0xe7, 0x3c,
    0x18, 0xc3, 0x10, 0x82, 0x18, 0xc3, 0xef, 0x5c, 0xef, 0x5c, 0xef, 0x5c, 0xef, 0x5c, 0xef, 0x5c,
    0xc6, 0x17, 0x10, 0x82, 0x10, 0x82, 0x10, 0x82, 0x10, 0x82, 0x9c, 0xd3, 0x84, 0x0f, 0x10, 0x82,
    0x10, 0x82, 0x10, 0x82, 0x10, 0x82, 0x10, 0x82, 0x10, 0x82, 0x10, 0x82, 0x10, 0x82, 0x10, 0x82,
    0x10, 0x82, 0x10, 0xa2, 0x18, 0xc3, 0x10, 0x82, 0x10, 0x82, 0x10, 0x82, 0x10, 0x82, 0x21, 0x04,
    0x10, 0x82, 0x10, 0x82, 0x10, 0x82, 0x10, 0x82, 0x10, 0x82, 0x10, 0x82, 0x10, 0x82, 0x10, 0x82,
    0x10, 0x82, 0x10, 0x82, 0x10, 0x82, 0x10, 0x82, 0x10, 0x82, 0x10, 0x82, 0x10, 0x82, 0x10, 0x82,
    0x10, 0x82, 0x10, 0x82, 0x10, 0x82, 0xef, 0x5c, 0x08, 0x41, 0x08, 0x41, 0x08, 0x41, 0x08, 0x41,
    0x08, 0x41, 0x08, 0x41, 0x08, 0x41, 0x08, 0x41, 0xef, 0x5c, 0x10, 0x82, 0x10, 0x82, 0x10, 0x82,
    0x10, 0x82, 0x10, 0x82, 0x10, 0x82, 0x10, 0x82, 0x10, 0x82, 0x10, 0x82, 0x10, 0x82, 0x10, 0x82,
    0x10, 0x82, 0x10, 0x82, 0x10, 0x82, 0x10, 0x82, 0x10, 0x82, 0x10, 0x82, 0x10, 0x82, 0x10, 0x82,
    0x10, 0x82, 0x10, 0x82, 0x10, 0x82, 0x10, 0x82, 0x10, 0x82, 0x10, 0x82, 0x10, 0x82, 0x10, 0x82,
    0x10, 0x82, 0x10, 0x82, 0x10, 0x82, 0x10, 0x82, 0x10, 0x82, 0x10, 0x82, 0x10, 0x82, 0x18, 0xc3,
    0xef, 0x5c, 0xef, 0x5c, 0xef, 0x5c, 0xef, 0x5c, 0xef, 0x5c, 0xef, 0x5c, 0xef, 0x5c, 0xef, 0x5c,
    0xef, 0x5c, 0xef, 0x5c, 0x21, 0x24, 0x10, 0x82, 0x10, 0x82, 0x10, 0x82, 0x10, 0xa2, 0x21, 0x24,
    0x10, 0xa2, 0xc6, 0x17, 0x4a, 0x69, 0x21, 0x24, 0x94, 0x91, 0xef, 0x5c, 0xef, 0x5c, 0xef, 0x5c,
    0xef, 0x5c, 0xef, 0x5c, 0xef, 0x5c, 0xef, 0x5c, 0xef, 0x5c, 0xef, 0x5c, 0xef, 0x5c, 0x18, 0xc3,
    0x10, 0x82, 0x10, 0x82, 0x10, 0x82, 0x10, 0x82, 0x10, 0x82, 0x10, 0x82, 0x10, 0x82, 0x10, 0x82,
    0x10, 0x82, 0x10, 0x82, 0x10, 0x82, 0x10, 0x82, 0x10, 0x82, 0x10, 0x82, 0x10, 0x82, 0x10, 0x82,
    0x10, 0x82, 0x10, 0x82, 0x10, 0x82, 0x10, 0x82, 0x10, 0x82, 0x10, 0x82, 0x10, 0x82, 0x10, 0x82,
    0x10, 0x82, 0x10, 0x82, 0x10, 0x82, 0x10, 0x82, 0x10, 0x82, 0x10, 0x82, 0x10, 0x82, 0xef, 0x5c,
    0x08, 0x41, 0x08, 0x41, 0x08, 0x41, 0x08, 0x41, 0x08, 0x41, 0x08, 0x41, 0x08, 0x41, 0x08, 0x41,
    0x08, 0x41, 0x08, 0x41, 0x08, 0x41, 0x08, 0x41, 0x08, 0x41, 0x08, 0x41, 0x08, 0x41, 0x08, 0x41,
    0x08, 0x41, 0x08, 0x41, 0x08, 0x41, 0x08, 0x41, 0x08, 0x41, 0x08, 0x41, 0x08, 0x41, 0x08, 0x41,
    0x08, 0x41, 0x08, 0x41, 0x08, 0x41, 0x08, 0x41, 0x08, 0x41, 0x08, 0x41, 0x08, 0x41, 0x08, 0x41,
    0xef, 0x5c, 0x10, 0x82, 0x10, 0x82, 0x10, 0x82, 0x10, 0x82, 0x10, 0x82, 0x10, 0x82, 0x10, 0x82,
    0x10, 0x82, 0x10, 0x82, 0x10, 0x82, 0x10, 0x82, 0x10, 0x82, 0x10, 0x82, 0x10, 0x82, 0x10, 0x82,
    0x10, 0x82, 0x10, 0x82, 0x5a, 0xeb, 0xc6, 0x17, 0x10, 0x82, 0x10, 0x82, 0x10, 0x82, 0x10, 0x82,
    0x10, 0x82, 0x18, 0xc3, 0xef, 0x5c, 0x29, 0x65, 0x10, 0x82, 0x10, 0x82, 0x10, 0x82, 0x10, 0x82,
    0x10, 0x82, 0x10, 0x82, 0xd6, 0x99, 0x21, 0x04, 0x10, 0x82, 0xe7, 0x3c, 0x18, 0xc3, 0x31, 0x86,
    0xc6, 0x17, 0x10, 0x82, 0x10, 0x82, 0x9c, 0xd2, 0x5a, 0xcb, 0x10, 0x82, 0x10, 0x82, 0xe7, 0x3c,
    0x18, 0xc3, 0x10, 0x82, 0x10, 0xa2, 0x39, 0xe7, 0x21, 0x24, 0x18, 0xc3, 0x10, 0xa2, 0xc6, 0x38,
    0x52, 0x8a, 0x21, 0x04, 0x21, 0x04, 0x10, 0xa2, 0x10, 0x82, 0x9c, 0xd3, 0x84, 0x0f, 0x10, 0x82,
    0x10, 0xa2, 0x21, 0x04, 0x18, 0xe3, 0x10, 0x82, 0x10, 0x82, 0x10, 0x82, 0x10, 0x82, 0x10, 0x82,
    0x10, 0x82, 0x8c, 0x50, 0xbd, 0xf7, 0x18, 0xc3, 0x10, 0x82, 0x10, 0x82, 0x10, 0x82, 0xbd, 0xf7,
    0x84, 0x0f, 0x10, 0xa2, 0x10, 0x82, 0x10, 0x82, 0x10, 0x82, 0x10, 0x82, 0x10, 0x82, 0x10, 0x82,
    0x10, 0x82, 0x10, 0x82, 0x10, 0x82, 0x10, 0x82, 0x10, 0x82, 0x10, 0x82, 0x10, 0x82, 0x10, 0x82,
    0x10, 0x82, 0x10, 0x82, 0x10, 0x82, 0xef, 0x5c, 0x08, 0x41, 0x08, 0x41, 0x08, 0x41, 0x08, 0x41,
    0x08, 0x41, 0x08, 0x41, 0x08, 0x41, 0x08, 0x41, 0xef, 0x5c, 0x10, 0x82, 0x10, 0x82, 0x10, 0x82,
    0x10, 0x82, 0x10, 0x82, 0x10, 0x82, 0x10, 0x82, 0x10, 0x82, 0x10, 0x82, 0x10, 0x82, 0x10, 0x82,
    0x10, 0x82, 0x10, 0x82, 0x10, 0x82, 0x10, 0x82, 0x10, 0x82, 0x10, 0x82, 0x10, 0x82, 0x10, 0x82,
    0x10, 0x82, 0x10, 0x82, 0x10, 0x82, 0x10, 0x82, 0x10, 0x82, 0x10, 0x82, 0x10, 0x82, 0x10, 0x82,
    0x10, 0x82, 0x10, 0x82, 0x10, 0x82, 0x10, 0x82, 0x10, 0x82, 0x10, 0x82, 0x10, 0x82, 0x10, 0x82,
    0xe7, 0x3c, 0x29, 0x65, 0x10, 0x82, 0x10, 0x82, 0x10, 0x82, 0x10, 0x82, 0x10, 0x82, 0x10, 0x82,
    0x21, 0x24, 0xef, 0x5c, 0x18, 0xc3, 0x10, 0x82, 0x10, 0x82, 0x10, 0x82, 0x10, 0x82, 0x10, 0x82,
    0x10, 0x82, 0xc6, 0x17, 0x4a, 0x49, 0x10, 0x82, 0x29, 0x65, 0x18, 0xe3, 0x18, 0xe3, 0xad, 0x75,
    0x4a, 0x49, 0xde, 0xda, 0x5a, 0xca, 0x73, 0x8d, 0x10, 0xa2, 0x18, 0xc3, 0x21, 0x24, 0x10, 0x82,
    0x10, 0x82, 0x10, 0x82, 0x10, 0x82, 0x10, 0x82, 0x10, 0x82, 0x10, 0x82, 0x10, 0x82, 0x10, 0x82,
    0x10, 0x82, 0x10, 0x82, 0x10, 0x82, 0x10, 0x82, 0x10, 0x82, 0x10, 0x82, 0x10, 0x82, 0x10, 0x82,
    0x10, 0x82, 0x10, 0x82, 0x10, 0x82, 0x10, 0x82, 0x10, 0x82, 0x10, 0x82, 0x10, 0x82, 0x10, 0x82,
    0x10, 0x82, 0x10, 0x82, 0x10, 0x82, 0x10, 0x82, 0x10, 0x82, 0x10, 0x82, 0x10, 0x82, 0xef, 0x5c,
    0x08, 0x41, 0x08, 0x41, 0x08, 0x41, 0x08, 0x41, 0x08, 0x41, 0x08, 0x41, 0x08, 0x41, 0x08, 0x41,
    0x08, 0x41, 0x08, 0x41, 0x08, 0x41, 0x08, 0x41, 0x08, 0x41, 0x08, 0x41, 0x08, 0x41, 0x08, 0x41,
    0x08, 0x41, 0x08, 0x41, 0x08, 0x41, 0x08, 0x41, 0x08, 0x41, 0x08, 0x41, 0x08, 0x41, 0x08, 0x41,
    0x08, 0x41, 0x08, 0x41, 0x08, 0x41, 0x08, 0x41, 0x08, 0x41, 0x08, 0x41, 0x08, 0x41, 0x08, 0x41,
    0xef, 0x5c, 0x10, 0x82, 0x10, 0x82, 0x10, 0x82, 0x10, 0x82, 0x10, 0x82, 0x10, 0x82, 0x10, 0x82,
    0x10, 0x82, 0x10, 0x82, 0x10, 0x82, 0x10, 0x82, 0x10, 0x82, 0x10, 0x82, 0x10, 0x82, 0x10, 0x82,
    0x10, 0x82, 0x10, 0x82, 0x52, 0xaa, 0xce, 0x58, 0xde, 0xda, 0xe7, 0x3b, 0xe7, 0x3c, 0xef, 0x5c,
    0xe7, 0x3c, 0xde, 0xda, 0xc6, 0x17, 0x29, 0x65, 0x10, 0x82, 0x10, 0x82, 0x10, 0x82, 0x10, 0x82,
    0x10, 0x82, 0x10, 0x82, 0xd6, 0x99, 0xef, 0x5c, 0xef, 0x5c, 0xef, 0x5c, 0xef, 0x5c, 0x84, 0x0f,
    0xef, 0x5c, 0xef, 0x5c, 0xef, 0x5c, 0xef, 0x5c, 0xef, 0x5c, 0xef, 0x5c, 0xef, 0x5c, 0xef, 0x5c,
    0x18, 0xc3, 0x10, 0x82, 0x10, 0x82, 0x10, 0x82, 0x10, 0x82, 0x10, 0x82, 0x63, 0x2c, 0xad, 0x54,
    0x10, 0x82, 0x84, 0x0f, 0xef, 0x5c, 0xef, 0x5c, 0xef, 0x5c, 0xef, 0x5c, 0xef, 0x5c, 0xef, 0x5c,
    0xef, 0x5c, 0xef, 0x5c, 0x6b, 0x6d, 0x10, 0x82, 0x10, 0x82, 0x10, 0x82, 0x10, 0x82, 0x10, 0x82,
    0x6b, 0x4c, 0xce, 0x58, 0x29, 0x65, 0x10, 0x82, 0x10, 0x82, 0x10, 0x82, 0x10, 0x82, 0x21, 0x04,
    0xad, 0x55, 0xb5, 0x95, 0x21, 0x04, 0x10, 0x82, 0x10, 0x82, 0x10, 0x82, 0x10, 0x82, 0x10, 0x82,
    0x10, 0x82, 0x10, 0x82, 0x10, 0x82, 0x10, 0x82, 0x10, 0x82, 0x10, 0x82, 0x10, 0x82, 0x10, 0x82,
    0x10, 0x82, 0x10, 0x82, 0x10, 0x82, 0xef, 0x5c, 0x08, 0x41, 0x08, 0x41, 0x08, 0x41, 0x08, 0x41,
    0x08, 0x41, 0x08, 0x41, 0x08, 0x41, 0x08, 0x41, 0xef, 0x5c, 0x10, 0x82, 0x10, 0x82, 0x10, 0x82,
    0x10, 0x82, 0x10, 0x82, 0x10, 0x82, 0x10, 0x82, 0x10, 0x82, 0x10, 0x82, 0x10, 0x82, 0x10, 0x82,
    0x10, 0x82, 0x10, 0x82, 0x10, 0x82, 0x10, 0x82, 0x10, 0x82, 0x10, 0x82, 0x10, 0x82, 0x10, 0x82,
    0x10, 0x82, 0x10, 0x82, 0x10, 0x82, 0x10, 0x82, 0x10, 0x82, 0x10, 0x82, 0x10, 0x82, 0x10, 0x82,
    0x10, 0x82, 0x10, 0x82, 0x10, 0x82, 0x10, 0x82, 0x10, 0x82, 0x10, 0x82, 0x10, 0x82, 0x10, 0x82,
    0xe7, 0x1b, 0x29, 0x65, 0x10, 0x82, 0x10, 0x82, 0x10, 0x82, 0x10, 0x82, 0x10, 0x82, 0x10, 0x82,
    0x21, 0x24, 0xef, 0x5c, 0x18, 0xc3, 0x10, 0x82, 0x10, 0x82, 0x10, 0x82, 0x10, 0x82, 0x10, 0x82,
    0x10, 0x82, 0xc6, 0x17, 0x7b, 0xce, 0xbd, 0xd6, 0x6b, 0x4d, 0x31, 0xa6, 0xbd, 0xd6, 0x4a, 0x69,
    0x29, 0x45, 0xe7, 0x1b, 0x10, 0x82, 0x7b, 0xef, 0x73, 0xae, 0x10, 0x82, 0x10, 0x82, 0x10, 0x82,
    0x10, 0x82, 0x10, 0x82, 0x10, 0x82, 0x10, 0x82, 0x10, 0x82, 0x10, 0x82, 0x10, 0x82, 0x10, 0x82,
    0x10, 0x82, 0x10, 0x82, 0x10, 0x82, 0x10, 0x82, 0x10, 0x82, 0x10, 0x82, 0x10, 0x82, 0x10, 0x82,
    0x10, 0x82, 0x10, 0x82, 0x10, 0x82, 0x10, 0x82, 0x10, 0x82, 0x10, 0x82, 0x10, 0x82, 0x10, 0x82,
    0x10, 0x82, 0x10, 0x82, 0x10, 0x82, 0x10, 0x82, 0x10, 0x82, 0x10, 0x82, 0x10, 0x82, 0xef, 0x5c,
    0x08, 0x41, 0x08, 0x41, 0x08, 0x41, 0x08, 0x41, 0x08, 0x41, 0x08, 0x41, 0x08, 0x41, 0x08, 0x41,
    0x08, 0x41, 0x08, 0x41, 0x08, 0x41, 0x08, 0x41, 0x08, 0x41, 0x08, 0x41, 0x08, 0x41, 0x08, 0x41,
    0x08, 0x41, 0x08, 0x41, 0x08, 0x41, 0x08, 0x41, 0x08, 0x41, 0x08, 0x41, 0x08, 0x41, 0x08, 0x41,
    0x08, 0x41, 0x08, 0x41, 0x08, 0x41, 0x08, 0x41, 0x08, 0x41, 0x08, 0x41, 0x08, 0x41, 0x08, 0x41,
    0xef, 0x5c, 0x10, 0x82, 0x10, 0x82, 0x10, 0x82, 0x10, 0x82, 0x10, 0x82, 0x10, 0x82, 0x10, 0x82,
    0x10, 0x82, 0x10, 0x82, 0x10, 0x82, 0x10, 0x82, 0x10, 0x82, 0x10, 0x82, 0x10, 0x82, 0x10, 0x82,
    0x10, 0x82, 0x10, 0x82, 0x10, 0x82, 0x10, 0x82, 0x10, 0x82, 0x10, 0x82, 0x10, 0x82, 0x10, 0x82,
    0x10, 0x82, 0x10, 0x82, 0x10, 0x82, 0x10, 0x82, 0x10, 0x82, 0x10, 0x82, 0x10, 0x82, 0x10, 0x82,
    0x10, 0x82, 0x10, 0x82, 0xd6, 0xba, 0x18, 0xe3, 0x10, 0x82, 0x10, 0x82, 0x10, 0xa2, 0x39, 0xc7,
    0xc6, 0x17, 0x10, 0x82, 0x10, 0x82, 0xce, 0x79, 0x18, 0xe3, 0x10, 0x82, 0x10, 0x82, 0xe7, 0x3c,
    0x18, 0xc3, 0x10, 0x82, 0x10, 0x82, 0x10, 0x82, 0x10, 0x82, 0x21, 0x24, 0xde, 0xda, 0x31, 0xa6,
    0x10, 0x82, 0x18, 0xe3, 0x21, 0x04, 0x18, 0xc3, 0x10, 0x82, 0x9c, 0xd3, 0x84, 0x0f, 0x10, 0xa2,
    0x18, 0xe3, 0x29, 0x44, 0x18, 0xe3, 0x10, 0x82, 0x10, 0x82, 0x10, 0x82, 0x10, 0x82, 0x7b, 0xce,
    0xce, 0x79, 0x29, 0x65, 0x10, 0x82, 0x10, 0x82, 0x10, 0x82, 0x10, 0x82, 0x10, 0x82, 0x10, 0x82,
    0x31, 0xa6, 0x8c, 0x71, 0xc6, 0x38, 0x29, 0x65, 0x10, 0x82, 0x10, 0x82, 0x10, 0x82, 0x10, 0x82,
    0x10, 0x82, 0x10, 0x82, 0x10, 0x82, 0x10, 0x82, 0x10, 0x82, 0x10, 0x82, 0x10, 0x82, 0x10, 0x82,
    0x10, 0x82, 0x10, 0x82, 0x10, 0x82, 0xef, 0x5c, 0x08, 0x41, 0x08, 0x41, 0x08, 0x41, 0x08, 0x41,
    0x08, 0x41, 0x08, 0x41, 0x08, 0x41, 0x08, 0x41, 0xef, 0x5c, 0x10, 0x82, 0x10, 0x82, 0x10, 0x82,
    0x10, 0x82, 0x10, 0x82, 0x10, 0x82, 0x10, 0x82, 0x10, 0x82, 0x10, 0x82, 0x10, 0x82, 0x10, 0x82,
    0x10, 0x82, 0x10, 0x82, 0x10, 0x82, 0x10, 0x82, 0x10, 0x82, 0x10, 0x82, 0x10, 0x82, 0x10, 0x82,
    0x10, 0x82, 0x10, 0x82, 0x10, 0x82, 0x10, 0x82, 0x10, 0x82, 0x10, 0x82, 0x10, 0x82, 0x10, 0x82,
    0x10, 0x82, 0x10, 0x82, 0x10, 0x82, 0x10, 0x82, 0x10, 0x82, 0x10, 0x82, 0x10, 0x82, 0x10, 0x82,
    0xde, 0xfb, 0xef, 0x5c, 0xef, 0x5c, 0xef, 0x5c, 0xef, 0x5c, 0xef, 0x5c, 0xef, 0x5c, 0xef, 0x5c,
    0xef, 0x5c, 0xef, 0x5c, 0x10, 0xa2, 0x10, 0x82, 0x10, 0x82, 0x10, 0x82, 0x10, 0x82, 0x10, 0x82,
    0x39, 0xc7, 0xd6, 0x99, 0xd6, 0xba, 0x94, 0xb2, 0x9c, 0xf3, 0xd6, 0x99, 0x42, 0x08, 0x10, 0x82,
    0x31, 0xa6, 0xe7, 0x3c, 0x10, 0x82, 0x10, 0x82, 0x63, 0x2c, 0xad, 0x54, 0x42, 0x28, 0x10, 0x82,
    0x10, 0x82, 0x10, 0x82, 0x10, 0x82, 0x10, 0x82, 0x10, 0x82, 0x10, 0x82, 0x10, 0x82, 0x10, 0x82,
    0x10, 0x82, 0x10, 0x82, 0x10, 0x82, 0x10, 0x82, 0x10, 0x82, 0x10, 0x82, 0x10, 0x82, 0x10, 0x82,
    0x10, 0x82, 0x10, 0x82, 0x10, 0x82, 0x10, 0x82, 0x10, 0x82, 0x10, 0x82, 0x10, 0x82, 0x10, 0x82,
    0x10, 0x82, 0x10, 0x82, 0x10, 0x82, 0x10, 0x82, 0x10, 0x82, 0x10, 0x82, 0x10, 0x82, 0xef, 0x5c,
    0x08, 0x41, 0x08, 0x41, 0x08, 0x41, 0x08, 0x41, 0x08, 0x41, 0x08, 0x41, 0x08, 0x41, 0x08, 0x41,
    0x08, 0x41, 0x08, 0x41, 0x08, 0x41, 0x08, 0x41, 0x08, 0x41, 0x08, 0x41, 0x08, 0x41, 0x08, 0x41,
    0x08, 0x41, 0x08, 0x41, 0x08, 0x41, 0x08, 0x41, 0x08, 0x41, 0x08, 0x41, 0x08, 0x41, 0x08, 0x41,
    0x08, 0x41, 0x08, 0x41, 0x08, 0x41, 0x08, 0x41, 0x08, 0x41, 0x08, 0x41, 0x08, 0x41, 0x08, 0x41,
    0xef, 0x5c, 0x10, 0x82, 0x10, 0x82, 0x10, 0x82, 0x10, 0x82, 0x10, 0x82, 0x10, 0x82, 0x10, 0x82,
    0x10, 0x82, 0x10, 0x82, 0x10, 0x82, 0x10, 0x82, 0x10, 0x82, 0x10, 0x82, 0x10, 0x82, 0x18, 0xe3,
    0x6b, 0x4c, 0x29, 0x65, 0x18, 0xc3, 0x10, 0xa2, 0x29, 0x45, 0x5a, 0xeb, 0x21, 0x04, 0x10, 0x82,
    0x10, 0x82, 0x10, 0x82, 0x10, 0x82, 0x10, 0xa2, 0x29, 0x65, 0x63, 0x0c, 0x18, 0xc3, 0x10, 0x82,
    0x10, 0x82, 0x10, 0x82, 0xde, 0xda, 0x18, 0xe3, 0x10, 0x82, 0x10, 0x82, 0x10, 0x82, 0x31, 0xa6,
    0xc6, 0x17, 0x10, 0x82, 0x39, 0xe7, 0xad, 0x75, 0x10, 0x82, 0x10, 0x82, 0x10, 0x82, 0xe7, 0x3c,
    0x18, 0xc3, 0x10, 0x82, 0x10, 0x82, 0x10, 0x82, 0x10, 0xa2, 0xad, 0x54, 0xef, 0x5c, 0xb5, 0xb6,
    0x29, 0x45, 0x10, 0x82, 0x10, 0x82, 0x10, 0x82, 0x10, 0x82, 0x9c, 0xd3, 0x84, 0x0f, 0x10, 0x82,
    0x10, 0x82, 0x10, 0x82, 0x10, 0x82, 0x10, 0x82, 0x10, 0x82, 0x10, 0x82, 0xa5, 0x13, 0xce, 0x58,
    0x29, 0x45, 0x94, 0x92, 0x39, 0xc7, 0x10, 0x82, 0x10, 0x82, 0x10, 0x82, 0x10, 0x82, 0x21, 0x24,
    0xde, 0xda, 0x29, 0x65, 0x84, 0x0f, 0x8c, 0x50, 0x10, 0x82, 0x10, 0x82, 0x10, 0x82, 0x10, 0x82,
    0x10, 0x82, 0x10, 0x82, 0x10, 0x82, 0x10, 0x82, 0x10, 0x82, 0x10, 0x82, 0x10, 0x82, 0x10, 0x82,
    0x10, 0x82, 0x10, 0x82, 0x10, 0x82, 0xef, 0x5c, 0x08, 0x41, 0x08, 0x41, 0x08, 0x41, 0x08, 0x41,
    0x08, 0x41, 0x08, 0x41, 0x08, 0x41, 0x08, 0x41, 0xef, 0x5c, 0x10, 0x82, 0x10, 0x82, 0x10, 0x82,
    0x10, 0x82, 0x10, 0x82, 0x10, 0x82, 0x10, 0x82, 0x10, 0x82, 0x10, 0x82, 0x10, 0x82, 0x10, 0x82,
    0x10, 0x82, 0x10, 0x82, 0x10, 0x82, 0x10, 0x82, 0x10, 0x82, 0x10, 0x82, 0x10, 0x82, 0x10, 0x82,
    0x10, 0x82, 0x10, 0x82, 0x10, 0x82, 0x10, 0x82, 0x10, 0x82, 0x10, 0x82, 0x10, 0x82, 0x10, 0x82,
    0x10, 0x82, 0x10, 0x82, 0x10, 0x82, 0x10, 0x82, 0x10, 0x82, 0x10, 0x82, 0x10, 0x82, 0x10, 0x82,
    0xe7, 0x1b, 0x29, 0x65, 0x10, 0x82, 0x10, 0x82, 0x10, 0x82, 0x10, 0x82, 0x10, 0x82, 0x10, 0x82,
    0x21, 0x24, 0xef, 0x5c, 0x10, 0xa2, 0x10, 0x82, 0x10, 0x82, 0x10, 0x82, 0x31, 0xa6, 0xbd, 0xd6,
    0xad, 0x75, 0xce, 0x58, 0x4a, 0x69, 0x52, 0x89, 0x9c, 0xf3, 0xc6, 0x17, 0xef, 0x5c, 0xef, 0x5c,
    0xef, 0x5c, 0xef, 0x5c, 0xef, 0x5c, 0xef, 0x5c, 0xef, 0x5c, 0xc6, 0x17, 0x7b, 0xcf, 0x18, 0xe3,
    0x10, 0x82, 0x10, 0x82, 0x10, 0x82, 0x10, 0x82, 0x10, 0x82, 0x10, 0x82, 0x10, 0x82, 0x10, 0x82,
    0x10, 0x82, 0x10, 0x82, 0x10, 0x82, 0x10, 0x82, 0x10, 0x82, 0x10, 0x82, 0x10, 0x82, 0x10, 0x82,
    0x10, 0x82, 0x10, 0x82, 0x10, 0x82, 0x10, 0x82, 0x10, 0x82, 0x10, 0x82, 0x10, 0x82, 0x10, 0x82,
    0x10, 0x82, 0x10, 0x82, 0x10, 0x82, 0x10, 0x82, 0x10, 0x82, 0x10, 0x82, 0x10, 0x82, 0xef, 0x5c,
    0x08, 0x41, 0x08, 0x41, 0x08, 0x41, 0x08, 0x41, 0x08, 0x41, 0x08, 0x41, 0x08, 0x41, 0x08, 0x41,
    0x08, 0x41, 0x08, 0x41, 0x08, 0x41, 0x08, 0x41, 0x08, 0x41, 0x08, 0x41, 0x08, 0x41, 0x08, 0x41,
    0x08, 0x41, 0x08, 0x41, 0x08, 0x41, 0x08, 0x41, 0x08, 0x41, 0x08, 0x41, 0x08, 0x41, 0x08, 0x41,
    0x08, 0x41, 0x08, 0x41, 0x08, 0x41, 0x08, 0x41, 0x08, 0x41, 0x08, 0x41, 0x08, 0x41, 0x08, 0x41,
    0xef, 0x5c, 0x10, 0x82, 0x10, 0x82, 0x10, 0x82, 0x10, 0x82, 0x10, 0x82, 0x10, 0x82, 0x10, 0x82,
    0x10, 0x82, 0x10, 0x82, 0x10, 0x82, 0x10, 0x82, 0x10, 0x82, 0x10, 0x82, 0x10, 0x82, 0x10, 0x82,
    0xef, 0x5c, 0xef, 0x5c, 0xef, 0x5c, 0xef, 0x5c, 0xef, 0x5c, 0xef, 0x5c, 0x18, 0xe3, 0x31, 0xa6,
    0xe7, 0x3c, 0xe7, 0x3c, 0xe7, 0x3c, 0xef, 0x5c, 0xef, 0x5c, 0xef, 0x5c, 0x10, 0xa2, 0x10, 0x82,
    0x10, 0x82, 0x10, 0x82, 0xe7, 0x1b, 0xef, 0x5c, 0xef, 0x5c, 0xef, 0x5c, 0x29, 0x65, 0x42, 0x28,
    0xef, 0x5c, 0xef, 0x5c, 0xef, 0x5c, 0xef, 0x5c, 0xef, 0x5c, 0xef, 0x5c, 0xef, 0x5c, 0xef, 0x5c,
    0x21, 0x24, 0x10, 0x82, 0x10, 0x82, 0x10, 0xa2, 0x9c, 0xd2, 0xb5, 0x95, 0xef, 0x5c, 0x5a, 0xca,
    0xd6, 0x99, 0x42, 0x08, 0x10, 0x82, 0x10, 0x82, 0x10, 0x82, 0x9c, 0xd3, 0x84, 0x0f, 0x10, 0x82,
    0x10, 0x82, 0x10, 0x82, 0x10, 0x82, 0x10, 0x82, 0x10, 0x82, 0x10, 0x82, 0x29, 0x45, 0x21, 0x04,
    0x10, 0x82, 0x6b, 0x4d, 0xc6, 0x17, 0x10, 0xa2, 0x10, 0x82, 0x10, 0x82, 0x10, 0x82, 0x94, 0xb2,
    0x84, 0x30, 0x10, 0x82, 0x10, 0x82, 0x10, 0x82, 0x10, 0x82, 0x10, 0x82, 0x10, 0x82, 0x10, 0x82,
    0x10, 0x82, 0x10, 0x82, 0x10, 0x82, 0x10, 0x82, 0x10, 0x82, 0x10, 0x82, 0x10, 0x82, 0x10, 0x82,
    0x10, 0x82, 0x10, 0x82, 0x10, 0x82, 0xef, 0x5c, 0x08, 0x41, 0x08, 0x41, 0x08, 0x41, 0x08, 0x41,
    0x08, 0x41, 0x08, 0x41, 0x08, 0x41, 0x08, 0x41, 0xef, 0x5c, 0x10, 0x82, 0x10, 0x82, 0x10, 0x82,
    0x10, 0x82, 0x10, 0x82, 0x10, 0x82, 0x10, 0x82, 0x10, 0x82, 0x10, 0x82, 0x10, 0x82, 0x10, 0x82,
    0x10, 0x82, 0x10, 0x82, 0x10, 0x82, 0x10, 0x82, 0x10, 0x82, 0x10, 0x82, 0x10, 0x82, 0x10, 0x82,
    0x10, 0x82, 0x10, 0x82, 0x10, 0x82, 0x10, 0x82, 0x10, 0x82, 0x10, 0x82, 0x10, 0x82, 0x10, 0x82,
    0x10, 0x82, 0x10, 0x82, 0x10, 0x82, 0x10, 0x82, 0x10, 0x82, 0x10, 0x82, 0x10, 0x82, 0x10, 0x82,
    0xe7, 0x1b, 0xef, 0x5c, 0xef, 0x5c, 0xef, 0x5c, 0xef, 0x5c, 0xef, 0x5c, 0xef, 0x5c, 0xef, 0x5c,
    0xef, 0x5c, 0xef, 0x5c, 0x10, 0xa2, 0x10, 0x82, 0x10, 0x82, 0x10, 0x82, 0x18, 0xc3, 0x94, 0x91,
    0x10, 0xa2, 0xc6, 0x17, 0x4a, 0x49, 0x10, 0x82, 0x10, 0x82, 0xb5, 0xb6, 0x5a, 0xca, 0x10, 0x82,
    0x21, 0x24, 0xde, 0xda, 0x10, 0x82, 0x10, 0x82, 0x63, 0x2c, 0xad, 0x75, 0x10, 0x82, 0x10, 0x82,
    0x10, 0x82, 0x10, 0x82, 0x10, 0x82, 0x10, 0x82, 0x10, 0x82, 0x10, 0x82, 0x10, 0x82, 0x10, 0x82,
    0x10, 0x82, 0x10, 0x82, 0x10, 0x82, 0x10, 0x82, 0x10, 0x82, 0x10, 0x82, 0x10, 0x82, 0x10, 0x82,
    0x10, 0x82, 0x10, 0x82, 0x10, 0x82, 0x10, 0x82, 0x10, 0x82, 0x10, 0x82, 0x10, 0x82, 0x10, 0x82,
    0x10, 0x82, 0x10, 0x82, 0x10, 0x82, 0x10, 0x82, 0x10, 0x82, 0x10, 0x82, 0x10, 0x82, 0xef, 0x5c,
    0x08, 0x41, 0x08, 0x41, 0x08, 0x41, 0x08, 0x41, 0x08, 0x41, 0x08, 0x41, 0x08, 0x41, 0x08, 0x41,
    0x08, 0x41, 0x08, 0x41, 0x08, 0x41, 0x08, 0x41, 0x08, 0x41, 0x08, 0x41, 0x08, 0x41, 0x08, 0x41,
    0x08, 0x41, 0x08, 0x41, 0x08, 0x41, 0x08, 0x41, 0x08, 0x41, 0x08, 0x41, 0x08, 0x41, 0x08, 0x41,
    0x08, 0x41, 0x08, 0x41, 0x08, 0x41, 0x08, 0x41, 0x08, 0x41, 0x08, 0x41, 0x08, 0x41, 0x08, 0x41,
    0xef, 0x5c, 0x10, 0x82, 0x10, 0x82, 0x10, 0x82, 0x10, 0x82, 0x10, 0x82, 0x10, 0x82, 0x10, 0x82,
    0x10, 0x82, 0x10, 0x82, 0x10, 0x82, 0x10, 0x82, 0x10, 0x82, 0x10, 0x82, 0x10, 0x82, 0x10, 0x82,
    0xe7, 0x3c, 0x21, 0x04, 0x10, 0x82, 0x10, 0x82, 0x18, 0xe3, 0xef, 0x5c, 0x18, 0xc3, 0x29, 0x44,
    0xde, 0xda, 0x10, 0x82, 0x10, 0x82, 0x10, 0x82, 0x21, 0x24, 0xe7, 0x3c, 0x10, 0x82, 0x10, 0x82,
    0x10, 0x82, 0x10, 0xa2, 0xe7, 0x1b, 0x10, 0x82, 0x10, 0x82, 0xd6, 0x99, 0x29, 0x45, 0x10, 0x82,
    0x10, 0x82, 0x42, 0x08, 0xbd, 0xf7, 0x18, 0xc3, 0x6b, 0x6d, 0x94, 0x91, 0x10, 0x82, 0x10, 0x82,
    0x10, 0x82, 0x10, 0x82, 0x21, 0x04, 0xb5, 0xb6, 0xbd, 0xd6, 0x29, 0x45, 0xef, 0x5c, 0x10, 0xa2,
    0x5a, 0xeb, 0x94, 0x91, 0x10, 0x82, 0x10, 0x82, 0x10, 0x82, 0x9c, 0xd3, 0x84, 0x0f, 0x10, 0x82,
    0x10, 0x82, 0x10, 0x82, 0x10, 0x82, 0x10, 0x82, 0x10, 0x82, 0x10, 0x82, 0x10, 0x82, 0x10, 0x82,
    0x10, 0x82, 0x10, 0x82, 0xad, 0x54, 0x8c, 0x71, 0x10, 0x82, 0x10, 0x82, 0x52, 0x8a, 0xce, 0x58,
    0x18, 0xc3, 0x10, 0x82, 0x10, 0x82, 0x10, 0x82, 0x10, 0x82, 0x10, 0x82, 0x10, 0x82, 0x10, 0x82,
    0x10, 0x82, 0x10, 0x82, 0x10, 0x82, 0x10, 0x82, 0x10, 0x82, 0x10, 0x82, 0x10, 0x82, 0x10, 0x82,
    0x10, 0x82, 0x10, 0x82, 0x10, 0x82, 0xef, 0x5c, 0x08, 0x41, 0x08, 0x41, 0x08, 0x41, 0x08, 0x41,
    0x08, 0x41, 0x08, 0x41, 0x08, 0x41, 0x08, 0x41, 0xef, 0x5c, 0x10, 0x82, 0x10, 0x82, 0x10, 0x82,
    0x10, 0x82, 0x10, 0x82, 0x10, 0x82, 0x10, 0x82, 0x10, 0x82, 0x10, 0x82, 0x10, 0x82, 0x10, 0x82,
    0x10, 0x82, 0x10, 0x82, 0x10, 0x82, 0x10, 0x82, 0x10, 0x82, 0x10, 0x82, 0x10, 0x82, 0x10, 0x82,
    0x10, 0x82, 0x10, 0x82, 0x10, 0x82, 0x10, 0x82, 0x10, 0x82, 0x10, 0x82, 0x10, 0x82, 0x10, 0x82,
    0x10, 0x82, 0x10, 0x82, 0x10, 0x82, 0x10, 0x82, 0x10, 0x82, 0x10, 0x82, 0x10, 0x82, 0x10, 0x82,
    0xe7, 0x1b, 0x29, 0x65, 0x10, 0x82, 0x10, 0x82, 0x10, 0x82, 0x10, 0x82, 0x10, 0x82, 0x10, 0x82,
    0x21, 0x24, 0xef, 0x5c, 0x10, 0xa2, 0x10, 0x82, 0x10, 0x82, 0x10, 0x82, 0x10, 0x82, 0x10, 0x82,
    0x10, 0x82, 0xc6, 0x17, 0x4a, 0x49, 0x10, 0x82, 0x10, 0x82, 0xb5, 0xb6, 0x5a, 0xca, 0x10, 0x82,
    0x21, 0x24, 0xde, 0xda, 0x10, 0x82, 0x10, 0x82, 0x63, 0x2c, 0xad, 0x75, 0x10, 0x82, 0x10, 0x82,
    0x10, 0x82, 0x10, 0x82, 0x10, 0x82, 0x10, 0x82, 0x10, 0x82, 0x10, 0x82, 0x10, 0x82, 0x10, 0x82,
    0x10, 0x82, 0x10, 0x82, 0x10, 0x82, 0x10, 0x82, 0x10, 0x82, 0x10, 0x82, 0x10, 0x82, 0x10, 0x82,
    0x10, 0x82, 0x10, 0x82, 0x10, 0x82, 0x10, 0x82, 0x10, 0x82, 0x10, 0x82, 0x10, 0x82, 0x10, 0x82,
    0x10, 0x82, 0x10, 0x82, 0x10, 0x82, 0x10, 0x82, 0x10, 0x82, 0x10, 0x82, 0x10, 0x82, 0xef, 0x5c,
    0x08, 0x41, 0x08, 0x41, 0x08, 0x41, 0x08, 0x41, 0x08, 0x41, 0x08, 0x41, 0x08, 0x41, 0x08, 0x41,
    0x08, 0x41, 0x08, 0x41, 0x08, 0x41, 0x08, 0x41, 0x08, 0x41, 0x08, 0x41, 0x08, 0x41, 0x08, 0x41,
    0x08, 0x41, 0x08, 0x41, 0x08, 0x41, 0x08, 0x41, 0x08, 0x41, 0x08, 0x41, 0x08, 0x41, 0x08, 0x41,
    0x08, 0x41, 0x08, 0x41, 0x08, 0x41, 0x08, 0x41, 0x08, 0x41, 0x08, 0x41, 0x08, 0x41, 0x08, 0x41,
    0xef, 0x5c, 0x10, 0x82, 0x10, 0x82, 0x10, 0x82, 0x10, 0x82, 0x10, 0x82, 0x10, 0x82, 0x10, 0x82,
    0x10, 0x82, 0x10, 0x82, 0x10, 0x82, 0x10, 0x82, 0x10, 0x82, 0x10, 0x82, 0x10, 0x82, 0x10, 0x82,
    0xe7, 0x3c, 0x21, 0x04, 0x10, 0x82, 0x10, 0x82, 0x18, 0xe3, 0xef, 0x5c, 0x18, 0xc3, 0x21, 0x24,
    0xde, 0xda, 0x10, 0x82, 0x10, 0x82, 0x10, 0x82, 0x21, 0x24, 0xe7, 0x3c, 0x10, 0x82, 0x10, 0x82,
    0x10, 0x82, 0x21, 0x24, 0xd6, 0xba, 0x10, 0x82, 0x10, 0x82, 0xd6, 0x99, 0x29, 0x45, 0x10, 0x82,
    0x39, 0xc6, 0xc6, 0x38, 0x29, 0x65, 0x10, 0x82, 0x6b, 0x6d, 0x94, 0x91, 0x10, 0x82, 0x10, 0x82,
    0x10, 0x82, 0x10, 0x82, 0x10, 0x82, 0x6b, 0x4c, 0x18, 0xe3, 0x18, 0xe3, 0xef, 0x5c, 0x10, 0xa2,
    0x10, 0x82, 0x10, 0x82, 0x10, 0x82, 0x10, 0x82, 0x10, 0x82, 0x9c, 0xd3, 0x84, 0x0f, 0x10, 0x82,
    0x10, 0x82, 0x10, 0x82, 0x10, 0x82, 0x10, 0x82, 0x10, 0x82, 0x10, 0x82, 0x10, 0x82, 0x10, 0x82,
    0x10, 0x82, 0x10, 0x82, 0x18, 0xe3, 0xbd, 0xf7, 0x84, 0x30, 0x42, 0x28, 0xce, 0x79, 0x31, 0x86,
    0x10, 0x82, 0x10, 0x82, 0x10, 0x82, 0x10, 0x82, 0x10, 0x82, 0x10, 0x82, 0x10, 0x82, 0x10, 0x82,
    0x10, 0x82, 0x10, 0x82, 0x10, 0x82, 0x10, 0x82, 0x10, 0x82, 0x10, 0x82, 0x10, 0x82, 0x10, 0x82,
    0x10, 0x82, 0x10, 0x82, 0x10, 0x82, 0xef, 0x5c, 0x08, 0x41, 0x08, 0x41, 0x08, 0x41, 0x08, 0x41,
    0x08, 0x41, 0x08, 0x41, 0x08, 0x41, 0x08, 0x41, 0xef, 0x5c, 0x10, 0x82, 0x10, 0x82, 0x10, 0x82,
    0x10, 0x82, 0x10, 0x82, 0x10, 0x82, 0x10, 0x82, 0x10, 0x82, 0x10, 0x82, 0x10, 0x82, 0x10, 0x82,
    0x10, 0x82, 0x10, 0x82, 0x10, 0x82, 0x10, 0x82, 0x10, 0x82, 0x10, 0x82, 0x10, 0x82, 0x10, 0x82,
    0x10, 0x82, 0x10, 0x82, 0x10, 0x82, 0x10, 0x82, 0x10, 0x82, 0x10, 0x82, 0x10, 0x82, 0x10, 0x82,
    0x10, 0x82, 0x10, 0x82, 0x10, 0x82, 0x10, 0x82, 0x10, 0x82, 0x10, 0x82, 0x10, 0x82, 0x10, 0x82,
    0xe7, 0x1b, 0x29, 0x65, 0x10, 0x82, 0x10, 0x82, 0x10, 0x82, 0x10, 0x82, 0x10, 0x82, 0x10, 0x82,
    0x21, 0x24, 0xef, 0x5c, 0x10, 0xa2, 0x10, 0x82, 0x10, 0x82, 0x10, 0x82, 0x10, 0x82, 0x10, 0x82,
    0x10, 0x82, 0xc6, 0x17, 0x4a, 0x49, 0x10, 0x82, 0x10, 0x82, 0xb5, 0xb6, 0xef, 0x5c, 0xef, 0x5c,
    0xef, 0x5c, 0xef, 0x5c, 0xef, 0x5c, 0xef, 0x5c, 0xef, 0x5c, 0xad, 0x75, 0x10, 0x82, 0x10, 0x82,
    0x10, 0x82, 0x10, 0x82, 0x10, 0x82, 0x10, 0x82, 0x10, 0x82, 0x10, 0x82, 0x10, 0x82, 0x10, 0x82,
    0x10, 0x82, 0x10, 0x82, 0x10, 0x82, 0x10, 0x82, 0x10, 0x82, 0x10, 0x82, 0x10, 0x82, 0x10, 0x82,
    0x10, 0x82, 0x10, 0x82, 0x10, 0x82, 0x10, 0x82, 0x10, 0x82, 0x10, 0x82, 0x10, 0x82, 0x10, 0x82,
    0x10, 0x82, 0x10, 0x82, 0x10, 0x82, 0x10, 0x82, 0x10, 0x82, 0x10, 0x82, 0x10, 0x82, 0xef, 0x5c,
    0x08, 0x41, 0x08, 0x41, 0x08, 0x41, 0x08, 0x41, 0x08, 0x41, 0x08, 0x41, 0x08, 0x41, 0x08, 0x41,
    0x08, 0x41, 0x08, 0x41, 0x08, 0x41, 0x08, 0x41, 0x08, 0x41, 0x08, 0x41, 0x08, 0x41, 0x08, 0x41,
    0x08, 0x41, 0x08, 0x41, 0x08, 0x41, 0x08, 0x41, 0x08, 0x41, 0x08, 0x41, 0x08, 0x41, 0x08, 0x41,
    0x08, 0x41, 0x08, 0x41, 0x08, 0x41, 0x08, 0x41, 0x08, 0x41, 0x08, 0x41, 0x08, 0x41, 0x08, 0x41,
    0xef, 0x5c, 0x10, 0x82, 0x10, 0x82, 0x10, 0x82, 0x10, 0x82, 0x10, 0x82, 0x10, 0x82, 0x10, 0x82,
    0x10, 0x82, 0x10, 0x82, 0x10, 0x82, 0x10, 0x82, 0x10, 0x82, 0x10, 0x82, 0x10, 0x82, 0x10, 0x82,
    0xe7, 0x3c, 0x21, 0x04, 0x10, 0x82, 0x10, 0x82, 0x18, 0xe3, 0xef, 0x5c, 0x18, 0xc3, 0x21, 0x24,
    0xde, 0xda, 0x10, 0x82, 0x10, 0x82, 0x10, 0x82, 0x21, 0x24, 0xe7, 0x3c, 0x10, 0x82, 0x10, 0x82,
    0x10, 0x82, 0x39, 0xe7, 0xbd, 0xf7, 0x10, 0x82, 0x10, 0x82, 0xd6, 0x99, 0x84, 0x0f, 0xef, 0x5c,
    0xef, 0x5c, 0xef, 0x5c, 0xef, 0x5c, 0xef, 0x5c, 0xef, 0x5c, 0xef, 0x5c, 0xef, 0x5c, 0xef, 0x5c,
    0xef, 0x5c, 0x63, 0x2c, 0x10, 0x82, 0x10, 0x82, 0x10, 0x82, 0x18, 0xe3, 0xef, 0x5c, 0x10, 0xa2,
    0x10, 0x82, 0x10, 0x82, 0x10, 0x82, 0x10, 0x82, 0x10, 0x82, 0x9c, 0xd3, 0x84, 0x0f, 0x10, 0x82,
    0x10, 0x82, 0x10, 0x82, 0x10, 0x82, 0x10, 0x82, 0x10, 0x82, 0x10, 0x82, 0x10, 0x82, 0x10, 0x82,
    0x10, 0x82, 0x10, 0x82, 0x10, 0x82, 0x21, 0x04, 0xd6, 0x99, 0xe7, 0x3c, 0x4a, 0x49, 0x10, 0x82,
    0x10, 0x82, 0x10, 0x82, 0x10, 0x82, 0x10, 0x82, 0x10, 0x82, 0x10, 0x82, 0x10, 0x82, 0x10, 0x82,
    0x10, 0x82, 0x10, 0x82, 0x10, 0x82, 0x10, 0x82, 0x10, 0x82, 0x10, 0x82, 0x10, 0x82, 0x10, 0x82,
    0x10, 0x82, 0x10, 0x82, 0x10, 0x82, 0xef, 0x5c, 0x08, 0x41, 0x08, 0x41, 0x08, 0x41, 0x08, 0x41,
    0x08, 0x41, 0x08, 0x41, 0x08, 0x41, 0x08, 0x41, 0xef, 0x5c, 0x10, 0x82, 0x10, 0x82, 0x10, 0x82,
    0x10, 0x82, 0x10, 0x82, 0x10, 0x82, 0x10, 0x82, 0x10, 0x82, 0x10, 0x82, 0x10, 0x82, 0x10, 0x82,
    0x10, 0x82, 0x10, 0x82, 0x10, 0x82, 0x10, 0x82, 0x10, 0x82, 0x10, 0x82, 0x10, 0x82, 0x10, 0x82,
    0x10, 0x82, 0x10, 0x82, 0x10, 0x82, 0x10, 0x82, 0x10, 0x82, 0x10, 0x82, 0x10, 0x82, 0x10, 0x82,
    0x10, 0x82, 0x10, 0x82, 0x10, 0x82, 0x10, 0x82, 0x10, 0x82, 0x10, 0x82, 0x10, 0x82, 0x10, 0x82,
    0xe7, 0x1b, 0xef, 0x5c, 0xef, 0x5c, 0xef, 0x5c, 0xef, 0x5c, 0xef, 0x5c, 0xef, 0x5c, 0xef, 0x5c,
    0xef, 0x5c, 0xef, 0x5c, 0x10, 0xa2, 0x10, 0x82, 0x10, 0x82, 0x10, 0x82, 0x10, 0x82, 0x10, 0x82,
    0x10, 0x82, 0xc6, 0x17, 0x4a, 0x49, 0x10, 0x82, 0x10, 0x82, 0xb5, 0xb6, 0x5a, 0xca, 0x10, 0x82,
    0x21, 0x24, 0xde, 0xda, 0x10, 0x82, 0x10, 0x82, 0x63, 0x2c, 0xad, 0x75, 0x10, 0x82, 0x10, 0x82,
    0x10, 0x82, 0x10, 0x82, 0x10, 0x82, 0x10, 0x82, 0x10, 0x82, 0x10, 0x82, 0x10, 0x82, 0x10, 0x82,
    0x10, 0x82, 0x10, 0x82, 0x10, 0x82, 0x10, 0x82, 0x10, 0x82, 0x10, 0x82, 0x10, 0x82, 0x10, 0x82,
    0x10, 0x82, 0x10, 0x82, 0x10, 0x82, 0x10, 0x82, 0x10, 0x82, 0x10, 0x82, 0x10, 0x82, 0x10, 0x82,
    0x10, 0x82, 0x10, 0x82, 0x10, 0x82, 0x10, 0x82, 0x10, 0x82, 0x10, 0x82, 0x10, 0x82, 0xef, 0x5c,
    0x08, 0x41, 0x08, 0x41, 0x08, 0x41, 0x08, 0x41, 0x08, 0x41, 0x08, 0x41, 0x08, 0x41, 0x08, 0x41,
    0x08, 0x41, 0x08, 0x41, 0x08, 0x41, 0x08, 0x41, 0x08, 0x41, 0x08, 0x41, 0x08, 0x41, 0x08, 0x41,
    0x08, 0x41, 0x08, 0x41, 0x08, 0x41, 0x08, 0x41, 0x08, 0x41, 0x08, 0x41, 0x08, 0x41, 0x08, 0x41,
    0x08, 0x41, 0x08, 0x41, 0x08, 0x41, 0x08, 0x41, 0x08, 0x41, 0x08, 0x41, 0x08, 0x41, 0x08, 0x41,
    0xef, 0x5c, 0x10, 0x82, 0x10, 0x82, 0x10, 0x82, 0x10, 0x82, 0x10, 0x82, 0x10, 0x82, 0x10, 0x82,
    0x10, 0x82, 0x10, 0x82, 0x10, 0x82, 0x10, 0x82, 0x10, 0x82, 0x10, 0x82, 0x10, 0x82, 0x10, 0x82,
    0xe7, 0x3c, 0x21, 0x04, 0x10, 0x82, 0x10, 0x82, 0x18, 0xe3, 0xef, 0x5c, 0x18, 0xc3, 0x21, 0x24,
    0xde, 0xda, 0x10, 0x82, 0x10, 0x82, 0x10, 0x82, 0x21, 0x24, 0xe7, 0x3c, 0x10, 0x82, 0x10, 0x82,
    0x10, 0x82, 0x63, 0x2c, 0xa5, 0x13, 0x10, 0x82, 0x10, 0x82, 0xd6, 0x99, 0x29, 0x45, 0x10, 0x82,
    0x10, 0x82, 0x10, 0x82, 0x10, 0x82, 0x10, 0x82, 0x6b, 0x6d, 0x94, 0x91, 0x10, 0x82, 0x10, 0x82,
    0x10, 0x82, 0x10, 0x82, 0x10, 0x82, 0x10, 0x82, 0x10, 0x82, 0x18, 0xe3, 0xef, 0x5c, 0x10, 0xa2,
    0x21, 0x04, 0x21, 0x04, 0x18, 0xc3, 0x10, 0x82, 0x10, 0x82, 0x9c, 0xd3, 0x84, 0x0f, 0x10, 0x82,
    0x10, 0xa2, 0x18, 0xc3, 0x21, 0x24, 0x18, 0xe3, 0x10, 0x82, 0x10, 0x82, 0x10, 0x82, 0x10, 0x82,
    0x10, 0x82, 0x10, 0x82, 0x31, 0x86, 0xad, 0x54, 0xc6, 0x38, 0x9c, 0xf3, 0xce, 0x79, 0x52, 0xaa,
    0x10, 0x82, 0x10, 0x82, 0x10, 0x82, 0x10, 0x82, 0x10, 0x82, 0x10, 0x82, 0x10, 0x82, 0x10, 0x82,
    0x10, 0x82, 0x10, 0x82, 0x10, 0x82, 0x10, 0x82, 0x10, 0x82, 0x10, 0x82, 0x10, 0x82, 0x10, 0x82,
    0x10, 0x82, 0x10, 0x82, 0x10, 0x82, 0xef, 0x5c, 0x08, 0x41, 0x08, 0x41, 0x08, 0x41, 0x08, 0x41,
    0x08, 0x41, 0x08, 0x41, 0x08, 0x41, 0x08, 0x41, 0xef, 0x5c, 0x10, 0x82, 0x10, 0x82, 0x10, 0x82,
    0x10, 0x82, 0x10, 0x82, 0x10, 0x82, 0x10, 0x82, 0x10, 0x82, 0x10, 0x82, 0x10, 0x82, 0x10, 0x82,
    0x10, 0x82, 0x10, 0x82, 0x10, 0x82, 0x10, 0x82, 0x10, 0x82, 0x10, 0x82, 0x10, 0x82, 0x10, 0x82,
    0x10, 0x82, 0x10, 0x82, 0x10, 0x82, 0x10, 0x82, 0x10, 0x82, 0x10, 0x82, 0x10, 0x82, 0x10, 0x82,
    0x10, 0x82, 0x10, 0x82, 0x10, 0x82, 0x10, 0x82, 0x10, 0xa2, 0x21, 0x24, 0x18, 0xc3, 0x10, 0xa2,
    0xe7, 0x1b, 0x29, 0x65, 0x10, 0x82, 0x10, 0x82, 0x10, 0x82, 0x10, 0x82, 0x10, 0x82, 0x10, 0x82,
    0x21, 0x24, 0xef, 0x5c, 0x10, 0xa2, 0x18, 0xc3, 0x21, 0x24, 0x10, 0xa2, 0x10, 0x82, 0x10, 0x82,
    0x10, 0x82, 0xc6, 0x17, 0x4a, 0x49, 0x10, 0x82, 0x10, 0x82, 0xb5, 0xb6, 0x5a, 0xca, 0x10, 0x82,
    0x21, 0x24, 0xde, 0xda, 0x10, 0x82, 0x10, 0x82, 0x63, 0x2c, 0xad, 0x75, 0x10, 0x82, 0x10, 0x82,
    0x10, 0x82, 0x10, 0x82, 0x10, 0x82, 0x10, 0x82, 0x10, 0x82, 0x10, 0x82, 0x10, 0x82, 0x10, 0x82,
    0x10, 0x82, 0x10, 0x82, 0x10, 0x82, 0x10, 0x82, 0x10, 0x82, 0x10, 0x82, 0x10, 0x82, 0x10, 0x82,
    0x10, 0x82, 0x10, 0x82, 0x10, 0x82, 0x10, 0x82, 0x10, 0x82, 0x10, 0x82, 0x10, 0x82, 0x10, 0x82,
    0x10, 0x82, 0x10, 0x82, 0x10, 0x82, 0x10, 0x82, 0x10, 0x82, 0x10, 0x82, 0x10, 0x82, 0xef, 0x5c,
    0x08, 0x41, 0x08, 0x41, 0x08, 0x41, 0x08, 0x41, 0x08, 0x41, 0x08, 0x41, 0x08, 0x41, 0x08, 0x41,
    0x08, 0x41, 0x08, 0x41, 0x08, 0x41, 0x08, 0x41, 0x08, 0x41, 0x08, 0x41, 0x08, 0x41, 0x08, 0x41,
    0x08, 0x41, 0x08, 0x41, 0x08, 0x41, 0x08, 0x41, 0x08, 0x41, 0x08, 0x41, 0x08, 0x41, 0x08, 0x41,
    0x08, 0x41, 0x08, 0x41, 0x08, 0x41, 0x08, 0x41, 0x08, 0x41, 0x08, 0x41, 0x08, 0x41, 0x08, 0x41,
    0xef, 0x5c, 0x10, 0x82, 0x10, 0x82, 0x10, 0x82, 0x10, 0x82, 0x10, 0x82, 0x10, 0x82, 0x10, 0x82,
    0x10, 0x82, 0x10, 0x82, 0x10, 0x82, 0x10, 0x82, 0x10, 0x82, 0x10, 0x82, 0x10, 0x82, 0x10, 0xa2,
    0xef, 0x5c, 0xef, 0x5c, 0xef, 0x5c, 0xef, 0x5c, 0xef, 0x5c, 0xef, 0x5c, 0x18, 0xc3, 0x29, 0x45,
    0xef, 0x5c, 0xef, 0x5c, 0xef, 0x5c, 0xef, 0x5c, 0xef, 0x5c, 0xe7, 0x3c, 0x10, 0x82, 0x10, 0x82,
    0x10, 0x82, 0xa5, 0x34, 0x73, 0xae, 0x10, 0x82, 0x10, 0x82, 0xd6, 0x99, 0x29, 0x45, 0x10, 0x82,
    0x10, 0x82, 0x10, 0x82, 0x10, 0x82, 0x10, 0x82, 0x6b, 0x6d, 0x94, 0x91, 0x10, 0x82, 0x10, 0x82,
    0x10, 0x82, 0x10, 0x82, 0x10, 0x82, 0x10, 0x82, 0x10, 0x82, 0x21, 0x04, 0xef, 0x5c, 0x10, 0xa2,
    0x8c, 0x71, 0xef, 0x5c, 0xef, 0x5c, 0xef, 0x5c, 0xef, 0x5c, 0xef, 0x5c, 0xef, 0x5c, 0xef, 0x5c,
    0xef, 0x5c, 0xef, 0x5c, 0xef, 0x5c, 0x63, 0x0c, 0x10, 0x82, 0x10, 0x82, 0x10, 0x82, 0x10, 0x82,
    0x4a, 0x49, 0xa5, 0x13, 0xde, 0xda, 0x7b, 0xce, 0x10, 0xa2, 0x10, 0x82, 0x4a, 0x69, 0xbd, 0xf7,
    0xc6, 0x38, 0x73, 0x8e, 0x29, 0x45, 0x10, 0x82, 0x10, 0x82, 0x10, 0x82, 0x10, 0x82, 0x10, 0x82,
    0x10, 0x82, 0x10, 0x82, 0x10, 0x82, 0x10, 0x82, 0x10, 0x82, 0x10, 0x82, 0x10, 0x82, 0x10, 0x82,
    0x10, 0x82, 0x10, 0x82, 0x10, 0x82, 0xef, 0x5c, 0x08, 0x41, 0x08, 0x41, 0x08, 0x41, 0x08, 0x41,
    0x08, 0x41, 0x08, 0x41, 0x08, 0x41, 0x08, 0x41, 0xef, 0x5c, 0x10, 0x82, 0x10, 0x82, 0x10, 0x82,
    0x10, 0x82, 0x10, 0x82, 0x10, 0x82, 0x10, 0x82, 0x10, 0x82, 0x10, 0x82, 0x10, 0x82, 0x10, 0x82,
    0x10, 0x82, 0x10, 0x82, 0x10, 0x82, 0x10, 0x82, 0x10, 0x82, 0x10, 0x82, 0x10, 0x82, 0x10, 0x82,
    0x10, 0x82, 0x10, 0x82, 0x10, 0x82, 0x10, 0x82, 0x10, 0x82, 0x10, 0x82, 0x10, 0x82, 0x10, 0x82,
    0x10, 0x82, 0x10, 0x82, 0x10, 0x82, 0x10, 0x82, 0x31, 0x86, 0xef, 0x5c, 0xef, 0x5c, 0xef, 0x5c,
    0xef, 0x5c, 0xef, 0x5c, 0xef, 0x5c, 0xef, 0x5c, 0xef, 0x5c, 0xef, 0x5c, 0xef, 0x5c, 0xef, 0x5c,
    0xef, 0x5c, 0xef, 0x5c, 0xef, 0x5c, 0xef, 0x5c, 0xef, 0x5c, 0x29, 0x65, 0x10, 0x82, 0x5a, 0xcb,
    0x63, 0x0c, 0xe7, 0x1b, 0x39, 0xe7, 0x10, 0x82, 0x10, 0x82, 0xbd, 0xd6, 0xef, 0x5c, 0xef, 0x5c,
    0xef, 0x5c, 0xef, 0x5c, 0xef, 0x5c, 0xef, 0x5c, 0xef, 0x5c, 0xad, 0x75, 0x10, 0x82, 0x10, 0x82,
    0x10, 0x82, 0x10, 0x82, 0x10, 0x82, 0x10, 0x82, 0x10, 0x82, 0x10, 0x82, 0x10, 0x82, 0x10, 0x82,
    0x10, 0x82, 0x10, 0x82, 0x10, 0x82, 0x10, 0x82, 0x10, 0x82, 0x10, 0x82, 0x10, 0x82, 0x10, 0x82,
    0x10, 0x82, 0x10, 0x82, 0x10, 0x82, 0x10, 0x82, 0x10, 0x82, 0x10, 0x82, 0x10, 0x82, 0x10, 0x82,
    0x10, 0x82, 0x10, 0x82, 0x10, 0x82, 0x10, 0x82, 0x10, 0x82, 0x10, 0x82, 0x10, 0x82, 0xef, 0x5c,
    0x08, 0x41, 0x08, 0x41, 0x08, 0x41, 0x08, 0x41, 0x08, 0x41, 0x08, 0x41, 0x08, 0x41, 0x08, 0x41,
    0x08, 0x41, 0x08, 0x41, 0x08, 0x41, 0x08, 0x41, 0x08, 0x41, 0x08, 0x41, 0x08, 0x41, 0x08, 0x41,
    0x08, 0x41, 0x08, 0x41, 0x08, 0x41, 0x08, 0x41, 0x08, 0x41, 0x08, 0x41, 0x08, 0x41, 0x08, 0x41,
    0x08, 0x41, 0x08, 0x41, 0x08, 0x41, 0x08, 0x41, 0x08, 0x41, 0x08, 0x41, 0x08, 0x41, 0x08, 0x41,
    0xef, 0x5c, 0x10, 0x82, 0x10, 0x82, 0x10, 0x82, 0x10, 0x82, 0x10, 0x82, 0x10, 0x82, 0x10, 0x82,
    0x10, 0x82, 0x10, 0x82, 0x10, 0x82, 0x10, 0x82, 0x10, 0x82, 0x10, 0x82, 0x10, 0x82, 0x21, 0x04,
    0xef, 0x5c, 0x21, 0x04, 0x10, 0x82, 0x10, 0x82, 0x18, 0xe3, 0xef, 0x5c, 0x18, 0xe3, 0x31, 0xa6,
    0xde, 0xda, 0x10, 0x82, 0x10, 0x82, 0x10, 0x82, 0x21, 0x24, 0xef, 0x5c, 0x18, 0xc3, 0x10, 0x82,
    0x29, 0x65, 0xe7, 0x3c, 0x42, 0x08, 0x10, 0x82, 0x10, 0x82, 0xde, 0xda, 0x29, 0x65, 0x10, 0x82,
    0x10, 0x82, 0x10, 0x82, 0x10, 0x82, 0x10, 0x82, 0x73, 0xae, 0x94, 0xb2, 0x10, 0x82, 0x10, 0x82,
    0x10, 0x82, 0x10, 0x82, 0x10, 0x82, 0x10, 0x82, 0x10, 0x82, 0x21, 0x24, 0xef, 0x5c, 0x18, 0xc3,
    0x21, 0x24, 0x29, 0x45, 0x18, 0xe3, 0x18, 0xc3, 0x10, 0xa2, 0x10, 0x82, 0x10, 0x82, 0x10, 0xa2,
    0x18, 0xc3, 0x21, 0x04, 0x29, 0x45, 0x18, 0xe3, 0x10, 0x82, 0x39, 0xe7, 0x8c, 0x51, 0xce, 0x79,
    0xde, 0xda, 0x84, 0x0f, 0x21, 0x04, 0x10, 0x82, 0x10, 0x82, 0x10, 0x82, 0x10, 0x82, 0x10, 0x82,
    0x4a, 0x69, 0xad, 0x54, 0xe7, 0x3c, 0xc6, 0x17, 0x63, 0x0b, 0x10, 0x82, 0x10, 0x82, 0x10, 0x82,
    0x10, 0x82, 0x10, 0x82, 0x10, 0x82, 0x10, 0x82, 0x10, 0x82, 0x10, 0x82, 0x10, 0x82, 0x10, 0x82,
    0x10, 0x82, 0x10, 0x82, 0x10, 0x82, 0xef, 0x5c, 0x08, 0x41, 0x08, 0x41, 0x08, 0x41, 0x08, 0x41,
    0x08, 0x41, 0x08, 0x41, 0x08, 0x41, 0x08, 0x41, 0xef, 0x5c, 0x10, 0x82, 0x10, 0x82, 0x10, 0x82,
    0x10, 0x82, 0x10, 0x82, 0x10, 0x82, 0x10, 0x82, 0x10, 0x82, 0x10, 0x82, 0x10, 0x82, 0x10, 0x82,
    0x10, 0x82, 0x10, 0x82, 0x10, 0x82, 0x10, 0x82, 0x10, 0x82, 0x10, 0x82, 0x10, 0x82, 0x10, 0x82,
    0x10, 0x82, 0x10, 0x82, 0x10, 0x82, 0x10, 0x82, 0x10, 0x82, 0x10, 0x82, 0x10, 0x82, 0x10, 0x82,
    0x10, 0x82, 0x10, 0x82, 0x10, 0x82, 0x10, 0x82, 0x10, 0x82, 0x10, 0x82, 0x10, 0x82, 0x10, 0x82,
    0x10, 0x82, 0x10, 0x82, 0x10, 0x82, 0x10, 0x82, 0x10, 0x82, 0x10, 0x82, 0x10, 0x82, 0x10, 0x82,
    0x10, 0x82, 0x10, 0x82, 0x10, 0x82, 0x10, 0x82, 0x10, 0x82, 0x10, 0x82, 0x10, 0x82, 0x84, 0x30,
    0xde, 0xda, 0x94, 0xb2, 0x10, 0xa2, 0x10, 0x82, 0x10, 0x82, 0xbd, 0xf7, 0x5a, 0xca, 0x10, 0x82,
    0x10, 0x82, 0x10, 0x82, 0x10, 0x82, 0x10, 0x82, 0x63, 0x0c, 0xb5, 0x95, 0x10, 0x82, 0x10, 0x82,
    0x10, 0x82, 0x10, 0x82, 0x10, 0x82, 0x10, 0x82, 0x10, 0x82, 0x10, 0x82, 0x10, 0x82, 0x10, 0x82,
    0x10, 0x82, 0x10, 0x82, 0x10, 0x82, 0x10, 0x82, 0x10, 0x82, 0x10, 0x82, 0x10, 0x82, 0x10, 0x82,
    0x10, 0x82, 0x10, 0x82, 0x10, 0x82, 0x10, 0x82, 0x10, 0x82, 0x10, 0x82, 0x10, 0x82, 0x10, 0x82,
    0x10, 0x82, 0x10, 0x82, 0x10, 0x82, 0x10, 0x82, 0x10, 0x82, 0x10, 0x82, 0x10, 0x82, 0xef, 0x5c,
    0x08, 0x41, 0x08, 0x41, 0x08, 0x41, 0x08, 0x41, 0x08, 0x41, 0x08, 0x41, 0x08, 0x41, 0x08, 0x41,
    0x08, 0x41, 0x08, 0x41, 0x08, 0x41, 0x08, 0x41, 0x08, 0x41, 0x08, 0x41, 0x08, 0x41, 0x08, 0x41,
    0x08, 0x41, 0x08, 0x41, 0x08, 0x41, 0x08, 0x41, 0x08, 0x41, 0x08, 0x41, 0x08, 0x41, 0x08, 0x41,
    0x08, 0x41, 0x08, 0x41, 0x08, 0x41, 0x08, 0x41, 0x08, 0x41, 0x08, 0x41, 0x08, 0x41, 0x08, 0x41,
    0xef, 0x5c, 0x10, 0x82, 0x10, 0x82, 0x10, 0x82, 0x10, 0x82, 0x10, 0x82, 0x10, 0x82, 0x10, 0x82,
    0x10, 0x82, 0x10, 0x82, 0x10, 0x82, 0x10, 0x82, 0x10, 0x82, 0x10, 0x82, 0x10, 0x82, 0x10, 0x82,
    0x10, 0x82, 0x10, 0x82, 0x10, 0x82, 0x10, 0x82, 0x10, 0xa2, 0x5a, 0xeb, 0x18, 0xc3, 0x10, 0x82,
    0x10, 0x82, 0x10, 0x82, 0x10, 0x82, 0x10, 0x82, 0x10, 0xa2, 0x39, 0xc7, 0x10, 0xa2, 0x10, 0x82,
    0x18, 0xe3, 0x63, 0x2c, 0x10, 0x82, 0x10, 0x82, 0x10, 0x82, 0x5a, 0xeb, 0x18, 0xe3, 0x10, 0x82,
    0x10, 0x82, 0x10, 0x82, 0x10, 0x82, 0x10, 0x82, 0x84, 0x0f, 0xa5, 0x34, 0x10, 0x82, 0x10, 0x82,
    0x10, 0x82, 0x10, 0x82, 0x10, 0x82, 0x10, 0x82, 0x10, 0x82, 0x31, 0x86, 0xef, 0x5c, 0x21, 0x24,
    0x10, 0x82, 0x10, 0x82, 0x10, 0x82, 0x10, 0x82, 0x10, 0x82, 0x10, 0x82, 0x10, 0x82, 0x10, 0x82,
    0x10, 0x82, 0x10, 0x82, 0x10, 0x82, 0x10, 0x82, 0x10, 0x82, 0x42, 0x08, 0xc6, 0x17, 0x6b, 0x4d,
    0x18, 0xc3, 0x10, 0x82, 0x10, 0x82, 0x10, 0x82, 0x10, 0x82, 0x10, 0x82, 0x10, 0x82, 0x10, 0x82,
    0x10, 0x82, 0x10, 0x82, 0x29, 0x45, 0x73, 0xae, 0x31, 0x86, 0x10, 0x82, 0x10, 0x82, 0x10, 0x82,
    0x10, 0x82, 0x10, 0x82, 0x10, 0x82, 0x10, 0x82, 0x10, 0x82, 0x10, 0x82, 0x10, 0x82, 0x10, 0x82,
    0x10, 0x82, 0x10, 0x82, 0x10, 0x82, 0xef, 0x5c, 0x08, 0x41, 0x08, 0x41, 0x08, 0x41, 0x08, 0x41,
    0x08, 0x41, 0x08, 0x41, 0x08, 0x41, 0x08, 0x41, 0xef, 0x5c, 0x10, 0x82, 0x10, 0x82, 0x10, 0x82,
    0x10, 0x82, 0x10, 0x82, 0x10, 0x82, 0x10, 0x82, 0x10, 0x82, 0x10, 0x82, 0x10, 0x82, 0x10, 0x82,
    0x10, 0x82, 0x10, 0x82, 0x10, 0x82, 0x10, 0x82, 0x10, 0x82, 0x10, 0x82, 0x10, 0x82, 0x10, 0x82,
    0x10, 0x82, 0x10, 0x82, 0x10, 0x82, 0x10, 0x82, 0x10, 0x82, 0x10, 0x82, 0x10, 0x82, 0x10, 0x82,
    0x10, 0x82, 0x10, 0x82, 0x10, 0x82, 0x10, 0x82, 0x10, 0x82, 0x10, 0x82, 0x10, 0x82, 0x10, 0x82,
    0x10, 0x82, 0x10, 0x82, 0x10, 0x82, 0x10, 0x82, 0x10, 0x82, 0x10, 0x82, 0x10, 0x82, 0x10, 0x82,
    0x10, 0x82, 0x10, 0x82, 0x10, 0x82, 0x10, 0x82, 0x10, 0x82, 0x10, 0x82, 0x10, 0x82, 0x10, 0x82,
    0x10, 0x82, 0x10, 0x82, 0x10, 0x82, 0x10, 0x82, 0x10, 0x82, 0x10, 0x82, 0x10, 0x82, 0x10, 0x82,
    0x10, 0x82, 0x10, 0x82, 0x10, 0x82, 0x10, 0x82, 0x10, 0x82, 0x10, 0x82, 0x10, 0x82, 0x10, 0x82,
    0x10, 0x82, 0x10, 0x82, 0x10, 0x82, 0x10, 0x82, 0x10, 0x82, 0x10, 0x82, 0x10, 0x82, 0x10, 0x82,
    0x10, 0x82, 0x10, 0x82, 0x10, 0x82, 0x10, 0x82, 0x10, 0x82, 0x10, 0x82, 0x10, 0x82, 0x10, 0x82,
    0x10, 0x82, 0x10, 0x82, 0x10, 0x82, 0x10, 0x82, 0x10, 0x82, 0x10, 0x82, 0x10, 0x82, 0x10, 0x82,
    0x10, 0x82, 0x10, 0x82, 0x10, 0x82, 0x10, 0x82, 0x10, 0x82, 0x10, 0x82, 0x10, 0x82, 0xef, 0x5c,
    0x08, 0x41, 0x08, 0x41, 0x08, 0x41, 0x08, 0x41, 0x08, 0x41, 0x08, 0x41, 0x08, 0x41, 0x08, 0x41,
    0x08, 0x41, 0x08, 0x41, 0x08, 0x41, 0x08, 0x41, 0x08, 0x41, 0x08, 0x41, 0x08, 0x41, 0x08, 0x41,
    0x08, 0x41, 0x08, 0x41, 0x08, 0x41, 0x08, 0x41, 0x08, 0x41, 0x08, 0x41, 0x08, 0x41, 0x08, 0x41,
    0x08, 0x41, 0x08, 0x41, 0x08, 0x41, 0x08, 0x41, 0x08, 0x41, 0x08, 0x41, 0x08, 0x41, 0x08, 0x41,
    0xef, 0x5c, 0x10, 0x82, 0x10, 0x82, 0x10, 0x82, 0x10, 0x82, 0x10, 0x82, 0x10, 0x82, 0x10, 0x82,
    0x10, 0x82, 0x10, 0x82, 0x10, 0x82, 0x10, 0x82, 0x10, 0x82, 0x10, 0x82, 0x10, 0x82, 0x10, 0x82,
    0x10, 0x82, 0x10, 0x82, 0x10, 0x82, 0x10, 0x82, 0x10, 0x82, 0x10, 0x82, 0x10, 0x82, 0x10, 0x82,
    0x10, 0x82, 0x10, 0x82, 0x10, 0x82, 0x10, 0x82, 0x10, 0x82, 0x10, 0x82, 0x10, 0x82, 0x10, 0x82,
    0x10, 0x82, 0x10, 0x82, 0x10, 0x82, 0x10, 0x82, 0x10, 0x82, 0x10, 0x82, 0x10, 0x82, 0x10, 0x82,
    0x10, 0x82, 0x10, 0x82, 0x10, 0x82, 0x10, 0x82, 0x10, 0x82, 0x10, 0x82, 0x10, 0x82, 0x10, 0x82,
    0x10, 0x82, 0x10, 0x82, 0x10, 0x82, 0x10, 0x82, 0x10, 0x82, 0x10, 0x82, 0x10, 0x82, 0x10, 0x82,
    0x10, 0x82, 0x10, 0x82, 0x10, 0x82, 0x10, 0x82, 0x10, 0x82, 0x10, 0x82, 0x10, 0x82, 0x10, 0x82,
    0x10, 0x82, 0x10, 0x82, 0x10, 0x82, 0x10, 0x82, 0x10, 0x82, 0x10, 0x82, 0x10, 0x82, 0x10, 0x82,
    0x10, 0x82, 0x10, 0x82, 0x10, 0x82, 0x10, 0x82, 0x10, 0x82, 0x10, 0x82, 0x10, 0x82, 0x10, 0x82,
    0x10, 0x82, 0x10, 0x82, 0x10, 0x82, 0x10, 0x82, 0x10, 0x82, 0x10, 0x82, 0x10, 0x82, 0x10, 0x82,
    0x10, 0x82, 0x10, 0x82, 0x10, 0x82, 0x10, 0x82, 0x10, 0x82, 0x10, 0x82, 0x10, 0x82, 0x10, 0x82,
    0x10, 0x82, 0x10, 0x82, 0x10, 0x82, 0xef, 0x5c, 0x08, 0x41, 0x08, 0x41, 0x08, 0x41, 0x08, 0x41,
    0x08, 0x41, 0x08, 0x41, 0x08, 0x41, 0x08, 0x41, 0xef, 0x5c, 0x10, 0x82, 0x10, 0x82, 0x10, 0x82,
    0x10, 0x82, 0x10, 0x82, 0x10, 0x82, 0x10, 0x82, 0x10, 0x82, 0x10, 0x82, 0x10, 0x82, 0x10, 0x82,
    0x10, 0x82, 0x10, 0x82, 0x10, 0x82, 0x10, 0x82, 0x10, 0x82, 0x10, 0x82, 0x10, 0x82, 0x10, 0x82,
    0x10, 0x82, 0x10, 0x82, 0x10, 0x82, 0x10, 0x82, 0x10, 0x82, 0x10, 0x82, 0x10, 0x82, 0x10, 0x82,
    0x10, 0x82, 0x10, 0x82, 0x10, 0x82, 0x10, 0x82, 0x10, 0x82, 0x10, 0x82, 0x10, 0x82, 0x10, 0x82,
    0x10, 0x82, 0x10, 0x82, 0x10, 0x82, 0x10, 0x82, 0x10, 0x82, 0x10, 0x82, 0x10, 0x82, 0x10, 0x82,
    0x10, 0x82, 0x10, 0x82, 0x10, 0x82, 0x10, 0x82, 0x10, 0x82, 0x10, 0x82, 0x10, 0x82, 0x10, 0x82,
    0x10, 0x82, 0x10, 0x82, 0x10, 0x82, 0x10, 0x82, 0x10, 0x82, 0x10, 0x82, 0x10, 0x82, 0x10, 0x82,
    0x10, 0x82, 0x10, 0x82, 0x10, 0x82, 0x10, 0x82, 0x10, 0x82, 0x10, 0x82, 0x10, 0x82, 0x10, 0x82,
    0x10, 0x82, 0x10, 0x82, 0x10, 0x82, 0x10, 0x82, 0x10, 0x82, 0x10, 0x82, 0x10, 0x82, 0x10, 0x82,
    0x10, 0x82, 0x10, 0x82, 0x10, 0x82, 0x10, 0x82, 0x10, 0x82, 0x10, 0x82, 0x10, 0x82, 0x10, 0x82,
    0x10, 0x82, 0x10, 0x82, 0x10, 0x82, 0x10, 0x82, 0x10, 0x82, 0x10, 0x82, 0x10, 0x82, 0x10, 0x82,
    0x10, 0x82, 0x10, 0x82, 0x10, 0x82, 0x10, 0x82, 0x10, 0x82, 0x10, 0x82, 0x10, 0x82, 0xef, 0x5c,
    0x08, 0x41, 0x08, 0x41, 0x08, 0x41, 0x08, 0x41, 0x08, 0x41, 0x08, 0x41, 0x08, 0x41, 0x08, 0x41,
    0x08, 0x41, 0x08, 0x41, 0x08, 0x41, 0x08, 0x41, 0x08, 0x41, 0x08, 0x41, 0x08, 0x41, 0x08, 0x41,
    0x08, 0x41, 0x08, 0x41, 0x08, 0x41, 0x08, 0x41, 0x08, 0x41, 0x08, 0x41, 0x08, 0x41, 0x08, 0x41,
    0x08, 0x41, 0x08, 0x41, 0x08, 0x41, 0x08, 0x41, 0x08, 0x41, 0x08, 0x41, 0x08, 0x41, 0x08, 0x41,
    0xef, 0x5c, 0x10, 0x82, 0x10, 0x82, 0x10, 0x82, 0x10, 0x82, 0x10, 0x82, 0x10, 0x82, 0x10, 0x82,
    0x10, 0x82, 0x10, 0x82, 0x10, 0x82, 0x10, 0x82, 0x10, 0x82, 0x10, 0x82, 0x10, 0x82, 0x10, 0x82,
    0x10, 0x82, 0x10, 0x82, 0x10, 0x82, 0x10, 0x82, 0x10, 0x82, 0x10, 0x82, 0x10, 0x82, 0x10, 0x82,
    0x10, 0x82, 0x10, 0x82, 0x10, 0x82, 0x10, 0x82, 0x10, 0x82, 0x10, 0x82, 0x10, 0x82, 0x10, 0x82,
    0x10, 0x82, 0x10, 0x82, 0x10, 0x82, 0x10, 0x82, 0x10, 0x82, 0x10, 0x82, 0x10, 0x82, 0x10, 0x82,
    0x10, 0x82, 0x10, 0x82, 0x10, 0x82, 0x10, 0x82, 0x10, 0x82, 0x10, 0x82, 0x10, 0x82, 0x10, 0x82,
    0x10, 0x82, 0x10, 0x82, 0x10, 0x82, 0x10, 0x82, 0x10, 0x82, 0x10, 0x82, 0x10, 0x82, 0x10, 0x82,
    0x10, 0x82, 0x10, 0x82, 0x10, 0x82, 0x10, 0x82, 0x10, 0x82, 0x10, 0x82, 0x10, 0x82, 0x10, 0x82,
    0x10, 0x82, 0x10, 0x82, 0x10, 0x82, 0x10, 0x82, 0x10, 0x82, 0x10, 0x82, 0x10, 0x82, 0x10, 0x82,
    0x10, 0x82, 0x10, 0x82, 0x10, 0x82, 0x10, 0x82, 0x10, 0x82, 0x10, 0x82, 0x10, 0x82, 0x10, 0x82,
    0x10, 0x82, 0x10, 0x82, 0x10, 0x82, 0x10, 0x82, 0x10, 0x82, 0x10, 0x82, 0x10, 0x82, 0x10, 0x82,
    0x10, 0x82, 0x10, 0x82, 0x10, 0x82, 0x10, 0x82, 0x10, 0x82, 0x10, 0x82, 0x10, 0x82, 0x10, 0x82,
    0x10, 0x82, 0x10, 0x82, 0x10, 0x82, 0xef, 0x5c, 0x08, 0x41, 0x08, 0x41, 0x08, 0x41, 0x08, 0x41,
    0x08, 0x41, 0x08, 0x41, 0x08, 0x41, 0x08, 0x41, 0xef, 0x5c, 0x10, 0x82, 0x10, 0x82, 0x10, 0x82,
    0x10, 0x82, 0x10, 0x82, 0x10, 0x82, 0x10, 0x82, 0x10, 0x82, 0x10, 0x82, 0x10, 0x82, 0x10, 0x82,
    0x10, 0x82, 0x10, 0x82, 0x10, 0x82, 0x10, 0x82, 0x10, 0x82, 0x10, 0x82, 0x10, 0x82, 0x10, 0x82,
    0x10, 0x82, 0x10, 0x82, 0x10, 0x82, 0x10, 0x82, 0x10, 0x82, 0x10, 0x82, 0x10, 0x82, 0x10, 0x82,
    0x10, 0x82, 0x10, 0x82, 0x10, 0x82, 0x10, 0x82, 0x10, 0x82, 0x10, 0x82, 0x10, 0x82, 0x10, 0x82,
    0x10, 0x82, 0x10, 0x82, 0x10, 0x82, 0x10, 0x82, 0x10, 0x82, 0x10, 0x82, 0x10, 0x82, 0x10, 0x82,
    0x10, 0x82, 0x10, 0x82, 0x10, 0x82, 0x10, 0x82, 0x10, 0x82, 0x10, 0x82, 0x10, 0x82, 0x10, 0x82,
    0x10, 0x82, 0x10, 0x82, 0x10, 0x82, 0x10, 0x82, 0x10, 0x82, 0x10, 0x82, 0x10, 0x82, 0x10, 0x82,
    0x10, 0x82, 0x10, 0x82, 0x10, 0x82, 0x10, 0x82, 0x10, 0x82, 0x10, 0x82, 0x10, 0x82, 0x10, 0x82,
    0x10, 0x82, 0x10, 0x82, 0x10, 0x82, 0x10, 0x82, 0x10, 0x82, 0x10, 0x82, 0x10, 0x82, 0x10, 0x82,
    0x10, 0x82, 0x10, 0x82, 0x10, 0x82, 0x10, 0x82, 0x10, 0x82, 0x10, 0x82, 0x10, 0x82, 0x10, 0x82,
    0x10, 0x82, 0x10, 0x82, 0x10, 0x82, 0x10, 0x82, 0x10, 0x82, 0x10, 0x82, 0x10, 0x82, 0x10, 0x82,
    0x10, 0x82, 0x10, 0x82, 0x10, 0x82, 0x10, 0x82, 0x10, 0x82, 0x10, 0x82, 0x10, 0x82, 0xef, 0x5c,
    0x08, 0x41, 0x08, 0x41, 0x08, 0x41, 0x08, 0x41, 0x08, 0x41, 0x08, 0x41, 0x08, 0x41, 0x08, 0x41,
    0x08, 0x41, 0x08, 0x41, 0x08, 0x41, 0x08, 0x41, 0x08, 0x41, 0x08, 0x41, 0x08, 0x41, 0x08, 0x41,
    0x08, 0x41, 0x08, 0x41, 0x08, 0x41, 0x08, 0x41, 0x08, 0x41, 0x08, 0x41, 0x08, 0x41, 0x08, 0x41,
    0x08, 0x41, 0x08, 0x41, 0x08, 0x41, 0x08, 0x41, 0x08, 0x41, 0x08, 0x41, 0x08, 0x41, 0x08, 0x41,
    0xef, 0x5c, 0x10, 0x82, 0x10, 0x82, 0x10, 0x82, 0x10, 0x82, 0x10, 0x82, 0x10, 0x82, 0x10, 0x82,
    0x10, 0x82, 0x10, 0x82, 0x10, 0x82, 0x10, 0x82, 0x10, 0x82, 0x10, 0x82, 0x10, 0x82, 0x10, 0x82,
    0x10, 0x82, 0x10, 0x82, 0x10, 0x82, 0x10, 0x82, 0x10, 0x82, 0x10, 0x82, 0x10, 0x82, 0x10, 0x82,
    0x10, 0x82, 0x10, 0x82, 0x10, 0x82, 0x10, 0x82, 0x10, 0x82, 0x10, 0x82, 0x10, 0x82, 0x10, 0x82,
    0x10, 0x82, 0x10, 0x82, 0x10, 0x82, 0x10, 0x82, 0x10, 0x82, 0x10, 0x82, 0x10, 0x82, 0x10, 0x82,
    0x10, 0x82, 0x10, 0x82, 0x10, 0x82, 0x10, 0x82, 0x10, 0x82, 0x10, 0x82, 0x10, 0x82, 0x10, 0x82,
    0x10, 0x82, 0x10, 0x82, 0x10, 0x82, 0x10, 0x82, 0x10, 0x82, 0x10, 0x82, 0x10, 0x82, 0x10, 0x82,
    0x10, 0x82, 0x10, 0x82, 0x10, 0x82, 0x10, 0x82, 0x10, 0x82, 0x10, 0x82, 0x10, 0x82, 0x10, 0x82,
    0x10, 0x82, 0x10, 0x82, 0x10, 0x82, 0x10, 0x82, 0x10, 0x82, 0x10, 0x82, 0x10, 0x82, 0x10, 0x82,
    0x10, 0x82, 0x10, 0x82, 0x10, 0x82, 0x10, 0x82, 0x10, 0x82, 0x10, 0x82, 0x10, 0x82, 0x10, 0x82,
    0x10, 0x82, 0x10, 0x82, 0x10, 0x82, 0x10, 0x82, 0x10, 0x82, 0x10, 0x82, 0x10, 0x82, 0x10, 0x82,
    0x10, 0x82, 0x10, 0x82, 0x10, 0x82, 0x10, 0x82, 0x10, 0x82, 0x10, 0x82, 0x10, 0x82, 0x10, 0x82,
    0x10, 0x82, 0x10, 0x82, 0x10, 0x82, 0xef, 0x5c, 0x08, 0x41, 0x08, 0x41, 0x08, 0x41, 0x08, 0x41,
    0x08, 0x41, 0x08, 0x41, 0x08, 0x41, 0x08, 0x41, 0xef, 0x5c, 0x10, 0x82, 0x10, 0x82, 0x10, 0x82,
    0x10, 0x82, 0x10, 0x82, 0x10, 0x82, 0x10, 0x82, 0x10, 0x82, 0x10, 0x82, 0x10, 0x82, 0x10, 0x82,
    0x10, 0x82, 0x10, 0x82, 0x10, 0x82, 0x10, 0x82, 0x10, 0x82, 0x10, 0x82, 0x10, 0x82, 0x10, 0x82,
    0x10, 0x82, 0x10, 0x82, 0x10, 0x82, 0x10, 0x82, 0x10, 0x82, 0x10, 0x82, 0x10, 0x82, 0x10, 0x82,
    0x10, 0x82, 0x10, 0x82, 0x10, 0x82, 0x10, 0x82, 0x10, 0x82, 0x10, 0x82, 0x10, 0x82, 0x10, 0x82,
    0x10, 0x82, 0x10, 0x82, 0x10, 0x82, 0x10, 0x82, 0x10, 0x82, 0x10, 0x82, 0x10, 0x82, 0x10, 0x82,
    0x10, 0x82, 0x10, 0x82, 0x10, 0x82, 0x10, 0x82, 0x10, 0x82, 0x10, 0x82, 0x10, 0x82, 0x10, 0x82,
    0x10, 0x82, 0x10, 0x82, 0x10, 0x82, 0x10, 0x82, 0x10, 0x82, 0x10, 0x82, 0x10, 0x82, 0x10, 0x82,
    0x10, 0x82, 0x10, 0x82, 0x10, 0x82, 0x10, 0x82, 0x10, 0x82, 0x10, 0x82, 0x10, 0x82, 0x10, 0x82,
    0x10, 0x82, 0x10, 0x82, 0x10, 0x82, 0x10, 0x82, 0x10, 0x82, 0x10, 0x82, 0x10, 0x82, 0x10, 0x82,
    0x10, 0x82, 0x10, 0x82, 0x10, 0x82, 0x10, 0x82, 0x10, 0x82, 0x10, 0x82, 0x10, 0x82, 0x10, 0x82,
    0x10, 0x82, 0x10, 0x82, 0x10, 0x82, 0x10, 0x82, 0x10, 0x82, 0x10, 0x82, 0x10, 0x82, 0x10, 0x82,
    0x10, 0x82, 0x10, 0x82, 0x10, 0x82, 0x10, 0x82, 0x10, 0x82, 0x10, 0x82, 0x10, 0x82, 0xef, 0x5c,
    0x08, 0x41, 0x08, 0x41, 0x08, 0x41, 0x08, 0x41, 0x08, 0x41, 0x08, 0x41, 0x08, 0x41, 0x08, 0x41,
    0x08, 0x41, 0x08, 0x41, 0x08, 0x41, 0x08, 0x41, 0x08, 0x41, 0x08, 0x41, 0x08, 0x41, 0x08, 0x41,
    0x08, 0x41, 0x08, 0x41, 0x08, 0x41, 0x08, 0x41, 0x08, 0x41, 0x08, 0x41, 0x08, 0x41, 0x08, 0x41,
    0x08, 0x41, 0x08, 0x41, 0x08, 0x41, 0x08, 0x41, 0x08, 0x41, 0x08, 0x41, 0x08, 0x41, 0x08, 0x41,
    0xef, 0x5c, 0x10, 0x82, 0x10, 0x82, 0x10, 0x82, 0x10, 0x82, 0x10, 0x82, 0x10, 0x82, 0x10, 0x82,
    0x10, 0x82, 0x10, 0x82, 0x10, 0x82, 0x10, 0x82, 0x10, 0x82, 0x10, 0x82, 0x10, 0x82, 0x10, 0x82,
    0x10, 0x82, 0x10, 0x82, 0x10, 0x82, 0x10, 0x82, 0x10, 0x82, 0x10, 0x82, 0x10, 0x82, 0x10, 0x82,
    0x10, 0x82, 0x10, 0x82, 0x10, 0x82, 0x10, 0x82, 0x10, 0x82, 0x10, 0x82, 0x10, 0x82, 0x10, 0x82,
    0x10, 0x82, 0x10, 0x82, 0x10, 0x82, 0x10, 0x82, 0x10, 0x82, 0x10, 0x82, 0x10, 0x82, 0x10, 0x82,
    0x10, 0x82, 0x10, 0x82, 0x10, 0x82, 0x10, 0x82, 0x10, 0x82, 0x10, 0x82, 0x10, 0x82, 0x10, 0x82,
    0x10, 0x82, 0x10, 0x82, 0x10, 0x82, 0x10, 0x82, 0x10, 0x82, 0x10, 0x82, 0x10, 0x82, 0x10, 0x82,
    0x10, 0x82, 0x10, 0x82, 0x10, 0x82, 0x10, 0x82, 0x10, 0x82, 0x10, 0x82, 0x10, 0x82, 0x10, 0x82,
    0x10, 0x82, 0x10, 0x82, 0x10, 0x82, 0x10, 0x82, 0x10, 0x82, 0x10, 0x82, 0x10, 0x82, 0x10, 0x82,
    0x10, 0x82, 0x10, 0x82, 0x10, 0x82, 0x10, 0x82, 0x10, 0x82, 0x10, 0x82, 0x10, 0x82, 0x10, 0x82,
    0x10, 0x82, 0x10, 0x82, 0x10, 0x82, 0x10, 0x82, 0x10, 0x82, 0x10, 0x82, 0x10, 0x82, 0x10, 0x82,
    0x10, 0x82, 0x10, 0x82, 0x10, 0x82, 0x10, 0x82, 0x10, 0x82, 0x10, 0x82, 0x10, 0x82, 0x10, 0x82,
    0x10, 0x82, 0x10, 0x82, 0x10, 0x82, 0xef, 0x5c, 0x08, 0x41, 0x08, 0x41, 0x08, 0x41, 0x08, 0x41,
    0x08, 0x41, 0x08, 0x41, 0x08, 0x41, 0x08, 0x41, 0xef, 0x5c, 0x10, 0x82, 0x10, 0x82, 0x10, 0x82,
    0x10, 0x82, 0x10, 0x82, 0x10, 0x82, 0x10, 0x82, 0x10, 0x82, 0x10, 0x82, 0x10, 0x82, 0x10, 0x82,
    0x10, 0x82, 0x10, 0x82, 0x10, 0x82, 0x10, 0x82, 0x10, 0x82, 0x10, 0x82, 0x10, 0x82, 0x10, 0x82,
    0x10, 0x82, 0x10, 0x82, 0x10, 0x82, 0x10, 0x82, 0x10, 0x82, 0x10, 0x82, 0x10, 0x82, 0x10, 0x82,
    0x10, 0x82, 0x10, 0x82, 0x10, 0x82, 0x10, 0x82, 0x10, 0x82, 0x10, 0x82, 0x10, 0x82, 0x10, 0x82,
    0x10, 0x82, 0x10, 0x82, 0x10, 0x82, 0x10, 0x82, 0x10, 0x82, 0x10, 0x82, 0x10, 0x82, 0x10, 0x82,
    0x10, 0x82, 0x10, 0x82, 0x10, 0x82, 0x10, 0x82, 0x10, 0x82, 0x10, 0x82, 0x10, 0x82, 0x10, 0x82,
    0x10, 0x82, 0x10, 0x82, 0x10, 0x82, 0x10, 0x82, 0x10, 0x82, 0x10, 0x82, 0x10, 0x82, 0x10, 0x82,
    0x10, 0x82, 0x10, 0x82, 0x10, 0x82, 0x10, 0x82, 0x10, 0x82, 0x10, 0x82, 0x10, 0x82, 0x10, 0x82,
    0x10, 0x82, 0x10, 0x82, 0x10, 0x82, 0x10, 0x82, 0x10, 0x82, 0x10, 0x82, 0x10, 0x82, 0x10, 0x82,
    0x10, 0x82, 0x10, 0x82, 0x10, 0x82, 0x10, 0x82, 0x10, 0x82, 0x10, 0x82, 0x10, 0x82, 0x10, 0x82,
    0x10, 0x82, 0x10, 0x82, 0x10, 0x82, 0x10, 0x82, 0x10, 0x82, 0x10, 0x82, 0x10, 0x82, 0x10, 0x82,
    0x10, 0x82, 0x10, 0x82, 0x10, 0x82, 0x10, 0x82, 0x10, 0x82, 0x10, 0x82, 0x10, 0x82, 0xef, 0x5c,
    0x08, 0x41, 0x08, 0x41, 0x08, 0x41, 0x08, 0x41, 0x08, 0x41, 0x08, 0x41, 0x08, 0x41, 0x08, 0x41,
    0x08, 0x41, 0x08, 0x41, 0x08, 0x41, 0x08, 0x41, 0x08, 0x41, 0x08, 0x41, 0x08, 0x41, 0x08, 0x41,
    0x08, 0x41, 0x08, 0x41, 0x08, 0x41, 0x08, 0x41, 0x08, 0x41, 0x08, 0x41, 0x08, 0x41, 0x08, 0x41,
    0x08, 0x41, 0x08, 0x41, 0x08, 0x41, 0x08, 0x41, 0x08, 0x41, 0x08, 0x41, 0x08, 0x41, 0x08, 0x41,
    0xef, 0x5c, 0x10, 0x82, 0x10, 0x82, 0x10, 0x82, 0x10, 0x82, 0x10, 0x82, 0x10, 0x82, 0x10, 0x82,
    0x10, 0x82, 0x10, 0x82, 0x10, 0x82, 0x10, 0x82, 0x10, 0x82, 0x10, 0x82, 0x10, 0x82, 0x10, 0x82,
    0x10, 0x82, 0x10, 0x82, 0x10, 0x82, 0x10, 0x82, 0x10, 0x82, 0x10, 0x82, 0x10, 0x82, 0x10, 0x82,
    0x10, 0x82, 0x10, 0x82, 0x10, 0x82, 0x10, 0x82, 0x10, 0x82, 0x10, 0x82, 0x10, 0x82, 0x10, 0x82,
    0x10, 0x82, 0x10, 0x82, 0x10, 0x82, 0x10, 0x82, 0x10, 0x82, 0x10, 0x82, 0x10, 0x82, 0x10, 0x82,
    0x10, 0x82, 0x10, 0x82, 0x10, 0x82, 0x10, 0x82, 0x10, 0x82, 0x10, 0x82, 0x10, 0x82, 0x10, 0x82,
    0x10, 0x82, 0x10, 0x82, 0x10, 0x82, 0x10, 0x82, 0x10, 0x82, 0x10, 0x82, 0x10, 0x82, 0x10, 0x82,
    0x10, 0x82, 0x10, 0x82, 0x10, 0x82, 0x10, 0x82, 0x10, 0x82, 0x10, 0x82, 0x10, 0x82, 0x10, 0x82,
    0x10, 0x82, 0x10, 0x82, 0x10, 0x82, 0x10, 0x82, 0x10, 0x82, 0x10, 0x82, 0x10, 0x82, 0x10, 0x82,
    0x10, 0x82, 0x10, 0x82, 0x10, 0x82, 0x10, 0x82, 0x10, 0x82, 0x10, 0x82, 0x10, 0x82, 0x10, 0x82,
    0x10, 0x82, 0x10, 0x82, 0x10, 0x82, 0x10, 0x82, 0x10, 0x82, 0x10, 0x82, 0x10, 0x82, 0x10, 0x82,
    0x10, 0x82, 0x10, 0x82, 0x10, 0x82, 0x10, 0x82, 0x10, 0x82, 0x10, 0x82, 0x10, 0x82, 0x10, 0x82,
    0x10, 0x82, 0x10, 0x82, 0x10, 0x82, 0xef, 0x5c, 0x08, 0x41, 0x08, 0x41, 0x08, 0x41, 0x08, 0x41,
    0x08, 0x41, 0x08, 0x41, 0x08, 0x41, 0x08, 0x41, 0xef, 0x5c, 0x10, 0x82, 0x10, 0x82, 0x10, 0x82,
    0x10, 0x82, 0x10, 0x82, 0x10, 0x82, 0x10, 0x82, 0x10, 0x82, 0x10, 0x82, 0x10, 0x82, 0x10, 0x82,
    0x10, 0x82, 0x10, 0x82, 0x10, 0x82, 0x10, 0x82, 0x10, 0x82, 0x10, 0x82, 0x10, 0x82, 0x10, 0x82,
    0x10, 0x82, 0x10, 0x82, 0x10, 0x82, 0x10, 0x82, 0x10, 0x82, 0x10, 0x82, 0x10, 0x82, 0x10, 0x82,
    0x10, 0x82, 0x10, 0x82, 0x10, 0x82, 0x10, 0x82, 0x10, 0x82, 0x10, 0x82, 0x10, 0x82, 0x10, 0x82,
    0x10, 0x82, 0x10, 0x82, 0x10, 0x82, 0x10, 0x82, 0x10, 0x82, 0x10, 0x82, 0x10, 0x82, 0x10, 0x82,
    0x10, 0x82, 0x10, 0x82, 0x10, 0x82, 0x10, 0x82, 0x10, 0x82, 0x10, 0x82, 0x10, 0x82, 0x10, 0x82,
    0x10, 0x82, 0x10, 0x82, 0x10, 0x82, 0x10, 0x82, 0x10, 0x82, 0x10, 0x82, 0x10, 0x82, 0x10, 0x82,
    0x10, 0x82, 0x10, 0x82, 0x10, 0x82, 0x10, 0x82, 0x10, 0x82, 0x10, 0x82, 0x10, 0x82, 0x10, 0x82,
    0x10, 0x82, 0x10, 0x82, 0x10, 0x82, 0x10, 0x82, 0x10, 0x82, 0x10, 0x82, 0x10, 0x82, 0x10, 0x82,
    0x10, 0x82, 0x10, 0x82, 0x10, 0x82, 0x10, 0x82, 0x10, 0x82, 0x10, 0x82, 0x10, 0x82, 0x10, 0x82,
    0x10, 0x82, 0x10, 0x82, 0x10, 0x82, 0x10, 0x82, 0x10, 0x82, 0x10, 0x82, 0x10, 0x82, 0x10, 0x82,
    0x10, 0x82, 0x10, 0x82, 0x10, 0x82, 0x10, 0x82, 0x10, 0x82, 0x10, 0x82, 0x10, 0x82, 0xef, 0x5c,
    0x08, 0x41, 0x08, 0x41, 0x08, 0x41, 0x08, 0x41, 0x08, 0x41, 0x08, 0x41, 0x08, 0x41, 0x08, 0x41,
    0x08, 0x41, 0x08, 0x41, 0x08, 0x41, 0x08, 0x41, 0x08, 0x41, 0x08, 0x41, 0x08, 0x41, 0x08, 0x41,
    0x08, 0x41, 0x08, 0x41, 0x08, 0x41, 0x08, 0x41, 0x08, 0x41, 0x08, 0x41, 0x08, 0x41, 0x08, 0x41,
    0x08, 0x41, 0x08, 0x41, 0x08, 0x41, 0x08, 0x41, 0x08, 0x41, 0x08, 0x41, 0x08, 0x41, 0x08, 0x41,
    0xef, 0x5c, 0x10, 0x82, 0x10, 0x82, 0x10, 0x82, 0x10, 0x82, 0x10, 0x82, 0x10, 0x82, 0x10, 0x82,
    0x10, 0x82, 0x10, 0x82, 0x10, 0x82, 0x10, 0x82, 0x10, 0x82, 0x10, 0x82, 0x10, 0x82, 0x10, 0x82,
    0x10, 0x82, 0x10, 0x82, 0x10, 0x82, 0x10, 0x82, 0x10, 0x82, 0x10, 0x82, 0x10, 0x82, 0x10, 0x82,
    0x10, 0x82, 0x10, 0x82, 0x10, 0x82, 0x10, 0x82, 0x10, 0x82, 0x10, 0x82, 0x10, 0x82, 0x10, 0x82,
    0x10, 0x82, 0x10, 0x82, 0x10, 0x82, 0x10, 0x82, 0x10, 0x82, 0x10, 0x82, 0x10, 0x82, 0x10, 0x82,
    0x10, 0x82, 0x10, 0x82, 0x10, 0x82, 0x10, 0x82, 0x10, 0x82, 0x10, 0x82, 0x10, 0x82, 0x10, 0x82,
    0x10, 0x82, 0x10, 0x82, 0x10, 0x82, 0x10, 0x82, 0x10, 0x82, 0x10, 0x82, 0x10, 0x82, 0x10, 0x82,
    0x10, 0x82, 0x10, 0x82, 0x10, 0x82, 0x10, 0x82, 0x10, 0x82, 0x10, 0x82, 0x10, 0x82, 0x10, 0x82,
    0x10, 0x82, 0x10, 0x82, 0x10, 0x82, 0x10, 0x82, 0x10, 0x82, 0x10, 0x82, 0x10, 0x82, 0x10, 0x82,
    0x10, 0x82, 0x10, 0x82, 0x10, 0x82, 0x10, 0x82, 0x10, 0x82, 0x10, 0x82, 0x10, 0x82, 0x10, 0x82,
    0x10, 0x82, 0x10, 0x82, 0x10, 0x82, 0x10, 0x82, 0x10, 0x82, 0x10, 0x82, 0x10, 0x82, 0x10, 0x82,
    0x10, 0x82, 0x10, 0x82, 0x10, 0x82, 0x10, 0x82, 0x10, 0x82, 0x10, 0x82, 0x10, 0x82, 0x10, 0x82,
    0x10, 0x82, 0x10, 0x82, 0x10, 0x82, 0xef, 0x5c, 0x08, 0x41, 0x08, 0x41, 0x08, 0x41, 0x08, 0x41,
    0x08, 0x41, 0x08, 0x41, 0x08, 0x41, 0x08, 0x41, 0xef, 0x5c, 0x10, 0x82, 0x10, 0x82, 0x10, 0x82,
    0x10, 0x82, 0x10, 0x82, 0x10, 0x82, 0x10, 0x82, 0x10, 0x82, 0x10, 0x82, 0x10, 0x82, 0x10, 0x82,
    0x10, 0x82, 0x10, 0x82, 0x10, 0x82, 0x10, 0x82, 0x10, 0x82, 0x10, 0x82, 0x10, 0x82, 0x10, 0x82,
    0x10, 0x82, 0x10, 0x82, 0x10, 0x82, 0x10, 0x82, 0x10, 0x82, 0x10, 0x82, 0x10, 0x82, 0x10, 0x82,
    0x10, 0x82, 0x10, 0x82, 0x10, 0x82, 0x10, 0x82, 0x10, 0x82, 0x10, 0x82, 0x10, 0x82, 0x10, 0x82,
    0x10, 0x82, 0x10, 0x82, 0x10, 0x82, 0x10, 0x82, 0x10, 0x82, 0x10, 0x82, 0x10, 0x82, 0x10, 0x82,
    0x10, 0x82, 0x10, 0x82, 0x10, 0x82, 0x10, 0x82, 0x10, 0x82, 0x10, 0x82, 0x10, 0x82, 0x10, 0x82,
    0x10, 0x82, 0x10, 0x82, 0x10, 0x82, 0x10, 0x82, 0x10, 0x82, 0x10, 0x82, 0x10, 0x82, 0x10, 0x82,
    0x10, 0x82, 0x10, 0x82, 0x10, 0x82, 0x10, 0x82, 0x10, 0x82, 0x10, 0x82, 0x10, 0x82, 0x10, 0x82,
    0x10, 0x82, 0x10, 0x82, 0x10, 0x82, 0x10, 0x82, 0x10, 0x82, 0x10, 0x82, 0x10, 0x82, 0x10, 0x82,
    0x10, 0x82, 0x10, 0x82, 0x10, 0x82, 0x10, 0x82, 0x10, 0x82, 0x10, 0x82, 0x10, 0x82, 0x10, 0x82,
    0x10, 0x82, 0x10, 0x82, 0x10, 0x82, 0x10, 0x82, 0x10, 0x82, 0x10, 0x82, 0x10, 0x82, 0x10, 0x82,
    0x10, 0x82, 0x10, 0x82, 0x10, 0x82, 0x10, 0x82, 0x10, 0x82, 0x10, 0x82, 0x10, 0x82, 0xef, 0x5c,
    0x08, 0x41, 0x08, 0x41, 0x08, 0x41, 0x08, 0x41, 0x08, 0x41, 0x08, 0x41, 0x08, 0x41, 0x08, 0x41,
    0x08, 0x41, 0x08, 0x41, 0x08, 0x41, 0x08, 0x41, 0x08, 0x41, 0x08, 0x41, 0x08, 0x41, 0x08, 0x41,
    0x08, 0x41, 0x08, 0x41, 0x08, 0x41, 0x08, 0x41, 0x08, 0x41, 0x08, 0x41, 0x08, 0x41, 0x08, 0x41,
    0x08, 0x41, 0x08, 0x41, 0x08, 0x41, 0x08, 0x41, 0x08, 0x41, 0x08, 0x41, 0x08, 0x41, 0x08, 0x41,
    0xef, 0x5c, 0x10, 0x82, 0x10, 0x82, 0x10, 0x82, 0x10, 0x82, 0x10, 0x82, 0x10, 0x82, 0x10, 0x82,
    0x10, 0x82, 0x10, 0x82, 0x10, 0x82, 0x10, 0x82, 0x10, 0x82, 0x10, 0x82, 0x10, 0x82, 0x10, 0x82,
    0x10, 0x82, 0x10, 0x82, 0x10, 0x82, 0x10, 0x82, 0x10, 0x82, 0x10, 0x82, 0x10, 0x82, 0x10, 0x82,
    0x10, 0x82, 0x10, 0x82, 0x10, 0x82, 0x10, 0x82, 0x10, 0x82, 0x10, 0x82, 0x10, 0x82, 0x10, 0x82,
    0x10, 0x82, 0x10, 0x82, 0x10, 0x82, 0x10, 0x82, 0x10, 0x82, 0x10, 0x82, 0x10, 0x82, 0x10, 0x82,
    0x10, 0x82, 0x10, 0x82, 0x10, 0x82, 0x10, 0x82, 0x10, 0x82, 0x10, 0x82, 0x10, 0x82, 0x10, 0x82,
    0x10, 0x82, 0x10, 0x82, 0x10, 0x82, 0x10, 0x82, 0x10, 0x82, 0x10, 0x82, 0x10, 0x82, 0x10, 0x82,
    0x10, 0x82, 0x10, 0x82, 0x10, 0x82, 0x10, 0x82, 0x10, 0x82, 0x10, 0x82, 0x10, 0x82, 0x10, 0x82,
    0x10, 0x82, 0x10, 0x82, 0x10, 0x82, 0x10, 0x82, 0x10, 0x82, 0x10, 0x82, 0x10, 0x82, 0x10, 0x82,
    0x10, 0x82, 0x10, 0x82, 0x10, 0x82, 0x10, 0x82, 0x10, 0x82, 0x10, 0x82, 0x10, 0x82, 0x10, 0x82,
    0x10, 0x82, 0x10, 0x82, 0x10, 0x82, 0x10, 0x82, 0x10, 0x82, 0x10, 0x82, 0x10, 0x82, 0x10, 0x82,
    0x10, 0x82, 0x10, 0x82, 0x10, 0x82, 0x10, 0x82, 0x10, 0x82, 0x10, 0x82, 0x10, 0x82, 0x10, 0x82,
    0x10, 0x82, 0x10, 0x82, 0x10, 0x82, 0xef, 0x5c, 0x08, 0x41, 0x08, 0x41, 0x08, 0x41, 0x08, 0x41,
    0x08, 0x41, 0x08, 0x41, 0x08, 0x41, 0x08, 0x41, 0xef, 0x5c, 0x10, 0x82, 0x10, 0x82, 0x10, 0x82,
    0x10, 0x82, 0x10, 0x82, 0x10, 0x82, 0x10, 0x82, 0x10, 0x82, 0x10, 0x82, 0x10, 0x82, 0x10, 0x82,
    0x10, 0x82, 0x10, 0x82, 0x10, 0x82, 0x10, 0x82, 0x10, 0x82, 0x10, 0x82, 0x10, 0x82, 0x10, 0x82,
    0x10, 0x82, 0x10, 0x82, 0x10, 0x82, 0x10, 0x82, 0x10, 0x82, 0x10, 0x82, 0x10, 0x82, 0x10, 0x82,
    0x10, 0x82, 0x10, 0x82, 0x10, 0x82, 0x10, 0x82, 0x10, 0x82, 0x10, 0x82, 0x10, 0x82, 0x10, 0x82,
    0x10, 0x82, 0x10, 0x82, 0x10, 0x82, 0x10, 0x82, 0x10, 0x82, 0x10, 0x82, 0x10, 0x82, 0x10, 0x82,
    0x10, 0x82, 0x10, 0x82, 0x10, 0x82, 0x10, 0x82, 0x10, 0x82, 0x10, 0x82, 0x10, 0x82, 0x10, 0x82,
    0x10, 0x82, 0x10, 0x82, 0x10, 0x82, 0x10, 0x82, 0x10, 0x82, 0x10, 0x82, 0x10, 0x82, 0x10, 0x82,
    0x10, 0x82, 0x10, 0x82, 0x10, 0x82, 0x10, 0x82, 0x10, 0x82, 0x10, 0x82, 0x10, 0x82, 0x10, 0x82,
    0x10, 0x82, 0x10, 0x82, 0x10, 0x82, 0x10, 0x82, 0x10, 0x82, 0x10, 0x82, 0x10, 0x82, 0x10, 0x82,
    0x10, 0x82, 0x10, 0x82, 0x10, 0x82, 0x10, 0x82, 0x10, 0x82, 0x10, 0x82, 0x10, 0x82, 0x10, 0x82,
    0x10, 0x82, 0x10, 0x82, 0x10, 0x82, 0x10, 0x82, 0x10, 0x82, 0x10, 0x82, 0x10, 0x82, 0x10, 0x82,
    0x10, 0x82, 0x10, 0x82, 0x10, 0x82, 0x10, 0x82, 0x10, 0x82, 0x10, 0x82, 0x10, 0x82, 0xef, 0x5c,
    0x08, 0x41, 0x08, 0x41, 0x08, 0x41, 0x08, 0x41, 0x08, 0x41, 0x08, 0x41, 0x08, 0x41, 0x08, 0x41,
    0x08, 0x41, 0x08, 0x41, 0x08, 0x41, 0x08, 0x41, 0x08, 0x41, 0x08, 0x41, 0x08, 0x41, 0x08, 0x41,
    0x08, 0x41, 0x08, 0x41, 0x08, 0x41, 0x08, 0x41, 0x08, 0x41, 0x08, 0x41, 0x08, 0x41, 0x08, 0x41,
    0x08, 0x41, 0x08, 0x41, 0x08, 0x41, 0x08, 0x41, 0x08, 0x41, 0x08, 0x41, 0x08, 0x41, 0x08, 0x41,
    0xef, 0x5c, 0x10, 0x82, 0x10, 0x82, 0x10, 0x82, 0x10, 0x82, 0x10, 0x82, 0x10, 0x82, 0x10, 0x82,
    0x10, 0x82, 0x10, 0x82, 0x10, 0x82, 0x10, 0x82, 0x10, 0x82, 0x10, 0x82, 0x10, 0x82, 0x10, 0x82,
    0x10, 0x82, 0x10, 0x82, 0x10, 0x82, 0x10, 0x82, 0x10, 0x82, 0x10, 0x82, 0x10, 0x82, 0x10, 0x82,
    0x10, 0x82, 0x10, 0x82, 0x10, 0x82, 0x10, 0x82, 0x10, 0x82, 0x10, 0x82, 0x10, 0x82, 0x10, 0x82,
    0x10, 0x82, 0x10, 0x82, 0x10, 0x82, 0x10, 0x82, 0x10, 0x82, 0x10, 0x82, 0x10, 0x82, 0x10, 0x82,
    0x10, 0x82, 0x10, 0x82, 0x10, 0x82, 0x10, 0x82, 0x10, 0x82, 0x10, 0x82, 0x10, 0x82, 0x10, 0x82,
    0x10, 0x82, 0x10, 0x82, 0x10, 0x82, 0x10, 0x82, 0x10, 0x82, 0x10, 0x82, 0x10, 0x82, 0x10, 0x82,
    0x10, 0x82, 0x10, 0x82, 0x10, 0x82, 0x10, 0x82, 0x10, 0x82, 0x10, 0x82, 0x10, 0x82, 0x10, 0x82,
    0x10, 0x82, 0x10, 0x82, 0x10, 0x82, 0x10, 0x82, 0x10, 0x82, 0x10, 0x82, 0x10, 0x82, 0x10, 0x82,
    0x10, 0x82, 0x10, 0x82, 0x10, 0x82, 0x10, 0x82, 0x10, 0x82, 0x10, 0x82, 0x10, 0x82, 0x10, 0x82,
    0x10, 0x82, 0x10, 0x82, 0x10, 0x82, 0x10, 0x82, 0x10, 0x82, 0x10, 0x82, 0x10, 0x82, 0x10, 0x82,
    0x10, 0x82, 0x10, 0x82, 0x10, 0x82, 0x10, 0x82, 0x10, 0x82, 0x10, 0x82, 0x10, 0x82, 0x10, 0x82,
    0x10, 0x82, 0x10, 0x82, 0x10, 0x82, 0xef, 0x5c, 0x08, 0x41, 0x08, 0x41, 0x08, 0x41, 0x08, 0x41,
    0x08, 0x41, 0x08, 0x41, 0x08, 0x41, 0x08, 0x41, 0xef, 0x5c, 0x10, 0x82, 0x10, 0x82, 0x10, 0x82,
    0x10, 0x82, 0x10, 0x82, 0x10, 0x82, 0x10, 0x82, 0x10, 0x82, 0x10, 0x82, 0x10, 0x82, 0x10, 0x82,
    0x10, 0x82, 0x10, 0x82, 0x10, 0x82, 0x10, 0x82, 0x10, 0x82, 0x10, 0x82, 0x10, 0x82, 0x10, 0x82,
    0x10, 0x82, 0x10, 0x82, 0x10, 0x82, 0x10, 0x82, 0x10, 0x82, 0x10, 0x82, 0x10, 0x82, 0x10, 0x82,
    0x10, 0x82, 0x10, 0x82, 0x10, 0x82, 0x10, 0x82, 0x10, 0x82, 0x10, 0x82, 0x10, 0x82, 0x10, 0x82,
    0x10, 0x82, 0x10, 0x82, 0x10, 0x82, 0x10, 0x82, 0x10, 0x82, 0x10, 0x82, 0x10, 0x82, 0x10, 0x82,
    0x10, 0x82, 0x10, 0x82, 0x10, 0x82, 0x10, 0x82, 0x10, 0x82, 0x10, 0x82, 0x10, 0x82, 0x10, 0x82,
    0x10, 0x82, 0x10, 0x82, 0x10, 0x82, 0x10, 0x82, 0x10, 0x82, 0x10, 0x82, 0x10, 0x82, 0x10, 0x82,
    0x10, 0x82, 0x10, 0x82, 0x10, 0x82, 0x10, 0x82, 0x10, 0x82, 0x10, 0x82, 0x10, 0x82, 0x10, 0x82,
    0x10, 0x82, 0x10, 0x82, 0x10, 0x82, 0x10, 0x82, 0x10, 0x82, 0x10, 0x82, 0x10, 0x82, 0x10, 0x82,
    0x10, 0x82, 0x10, 0x82, 0x10, 0x82, 0x10, 0x82, 0x10, 0x82, 0x10, 0x82, 0x10, 0x82, 0x10, 0x82,
    0x10, 0x82, 0x10, 0x82, 0x10, 0x82, 0x10, 0x82, 0x10, 0x82, 0x10, 0x82, 0x10, 0x82, 0x10, 0x82,
    0x10, 0x82, 0x10, 0x82, 0x10, 0x82, 0x10, 0x82, 0x10, 0x82, 0x10, 0x82, 0x10, 0x82, 0xef, 0x5c,
    0x08, 0x41, 0x08, 0x41, 0x08, 0x41, 0x08, 0x41, 0x08, 0x41, 0x08, 0x41, 0x08, 0x41, 0x08, 0x41,
    0x08, 0x41, 0x08, 0x41, 0x08, 0x41, 0x08, 0x41, 0x08, 0x41, 0x08, 0x41, 0x08, 0x41, 0x08, 0x41,
    0x08, 0x41, 0x08, 0x41, 0x08, 0x41, 0x08, 0x41, 0x08, 0x41, 0x08, 0x41, 0x08, 0x41, 0x08, 0x41,
    0x08, 0x41, 0x08, 0x41, 0x08, 0x41, 0x08, 0x41, 0x08, 0x41, 0x08, 0x41, 0x08, 0x41, 0x08, 0x41,
    0xef, 0x5c, 0x10, 0x82, 0x10, 0x82, 0x10, 0x82, 0x10, 0x82, 0x10, 0x82, 0x10, 0x82, 0x10, 0x82,
    0x10, 0x82, 0x10, 0x82, 0x10, 0x82, 0x10, 0x82, 0x10, 0x82, 0x10, 0x82, 0x10, 0x82, 0x10, 0x82,
    0x10, 0x82, 0x10, 0x82, 0x10, 0x82, 0x10, 0x82, 0x10, 0x82, 0x10, 0x82, 0x10, 0x82, 0x10, 0x82,
    0x10, 0x82, 0x10, 0x82, 0x10, 0x82, 0x10, 0x82, 0x10, 0x82, 0x10, 0x82, 0x10, 0x82, 0x10, 0x82,
    0x10, 0x82, 0x10, 0x82, 0x10, 0x82, 0x10, 0x82, 0x10, 0x82, 0x10, 0x82, 0x10, 0x82, 0x10, 0x82,
    0x10, 0x82, 0x10, 0x82, 0x10, 0x82, 0x10, 0x82, 0x10, 0x82, 0x10, 0x82, 0x10, 0x82, 0x10, 0x82,
    0x10, 0x82, 0x10, 0x82, 0x10, 0x82, 0x10, 0x82, 0x10, 0x82, 0x10, 0x82, 0x10, 0x82, 0x10, 0x82,
    0x10, 0x82, 0x10, 0x82, 0x10, 0x82, 0x10, 0x82, 0x10, 0x82, 0x10, 0x82, 0x10, 0x82, 0x10, 0x82,
    0x10, 0x82, 0x10, 0x82, 0x10, 0x82, 0x10, 0x82, 0x10, 0x82, 0x10, 0x82, 0x10, 0x82, 0x10, 0x82,
    0x10, 0x82, 0x10, 0x82, 0x10, 0x82, 0x10, 0x82, 0x10, 0x82, 0x10, 0x82, 0x10, 0x82, 0x10, 0x82,
    0x10, 0x82, 0x10, 0x82, 0x10, 0x82, 0x10, 0x82, 0x10, 0x82, 0x10, 0x82, 0x10, 0x82, 0x10, 0x82,
    0x10, 0x82, 0x10, 0x82, 0x10, 0x82, 0x10, 0x82, 0x10, 0x82, 0x10, 0x82, 0x10, 0x82, 0x10, 0x82,
    0x10, 0x82, 0x10, 0x82, 0x10, 0x82, 0xef, 0x5c, 0x08, 0x41, 0x08, 0x41, 0x08, 0x41, 0x08, 0x41,
    0x08, 0x41, 0x08, 0x41, 0x08, 0x41, 0x08, 0x41, 0xef, 0x5c, 0x10, 0x82, 0x10, 0x82, 0x10, 0x82,
    0x10, 0x82, 0x10, 0x82, 0x10, 0x82, 0x10, 0x82, 0x10, 0x82, 0x10, 0x82, 0x10, 0x82, 0x10, 0x82,
    0x10, 0x82, 0x10, 0x82, 0x10, 0x82, 0x10, 0x82, 0x10, 0x82, 0x10, 0x82, 0x10, 0x82, 0x10, 0x82,
    0x10, 0x82, 0x10, 0x82, 0x10, 0x82, 0x10, 0x82, 0x10, 0x82, 0x10, 0x82, 0x10, 0x82, 0x10, 0x82,
    0x10, 0x82, 0x10, 0x82, 0x10, 0x82, 0x10, 0x82, 0x10, 0x82, 0x10, 0x82, 0x10, 0x82, 0x10, 0x82,
    0x10, 0x82, 0x10, 0x82, 0x10, 0x82, 0x10, 0x82, 0x10, 0x82, 0x10, 0x82, 0x10, 0x82, 0x10, 0x82,
    0x10, 0x82, 0x10, 0x82, 0x10, 0x82, 0x10, 0x82, 0x10, 0x82, 0x10, 0x82, 0x10, 0x82, 0x10, 0x82,
    0x10, 0x82, 0x10, 0x82, 0x10, 0x82, 0x10, 0x82, 0x10, 0x82, 0x10, 0x82, 0x10, 0x82, 0x10, 0x82,
    0x10, 0x82, 0x10, 0x82, 0x10, 0x82, 0x10, 0x82, 0x10, 0x82, 0x10, 0x82, 0x10, 0x82, 0x10, 0x82,
    0x10, 0x82, 0x10, 0x82, 0x10, 0x82, 0x10, 0x82, 0x10, 0x82, 0x10, 0x82, 0x10, 0x82, 0x10, 0x82,
    0x10, 0x82, 0x10, 0x82, 0x10, 0x82, 0x10, 0x82, 0x10, 0x82, 0x10, 0x82, 0x10, 0x82, 0x10, 0x82,
    0x10, 0x82, 0x10, 0x82, 0x10, 0x82, 0x10, 0x82, 0x10, 0x82, 0x10, 0x82, 0x10, 0x82, 0x10, 0x82,
    0x10, 0x82, 0x10, 0x82, 0x10, 0x82, 0x10, 0x82, 0x10, 0x82, 0x10, 0x82, 0x10, 0x82, 0xef, 0x5c,
    0x08, 0x41, 0x08, 0x41, 0x08, 0x41, 0x08, 0x41, 0x08, 0x41, 0x08, 0x41, 0x08, 0x41, 0x08, 0x41,
    0x08, 0x41, 0x08, 0x41, 0x08, 0x41, 0x08, 0x41, 0x08, 0x41, 0x08, 0x41, 0x08, 0x41, 0x08, 0x41,
    0x08, 0x41, 0x08, 0x41, 0x08, 0x41, 0x08, 0x41, 0x08, 0x41, 0x08, 0x41, 0x08, 0x41, 0x08, 0x41,
    0x08, 0x41, 0x08, 0x41, 0x08, 0x41, 0x08, 0x41, 0x08, 0x41, 0x08, 0x41, 0x08, 0x41, 0x08, 0x41,
    0xef, 0x5c, 0x10, 0x82, 0x10, 0x82, 0x10, 0x82, 0x10, 0x82, 0x10, 0x82, 0x10, 0x82, 0x10, 0x82,
    0x10, 0x82, 0x10, 0x82, 0x10, 0x82, 0x10, 0x82, 0x10, 0x82, 0x10, 0x82, 0x10, 0x82, 0x10, 0x82,
    0x10, 0x82, 0x10, 0x82, 0x10, 0x82, 0x10, 0x82, 0x10, 0x82, 0x10, 0x82, 0x10, 0x82, 0x10, 0x82,
    0x10, 0x82, 0x10, 0x82, 0x10, 0x82, 0x10, 0x82, 0x10, 0x82, 0x10, 0x82, 0x10, 0x82, 0x10, 0x82,
    0x10, 0x82, 0x10, 0x82, 0x10, 0x82, 0x10, 0x82, 0x10, 0x82, 0x10, 0x82, 0x10, 0x82, 0x10, 0x82,
    0x10, 0x82, 0x10, 0x82, 0x10, 0x82, 0x10, 0x82, 0x10, 0x82, 0x10, 0x82, 0x10, 0x82, 0x10, 0x82,
    0x10, 0x82, 0x10, 0x82, 0x10, 0x82, 0x10, 0x82, 0x10, 0x82, 0x10, 0x82, 0x10, 0x82, 0x10, 0x82,
    0x10, 0x82, 0x10, 0x82, 0x10, 0x82, 0x10, 0x82, 0x10, 0x82, 0x10, 0x82, 0x10, 0x82, 0x10, 0x82,
    0x10, 0x82, 0x10, 0x82, 0x10, 0x82, 0x10, 0x82, 0x10, 0x82, 0x10, 0x82, 0x10, 0x82, 0x10, 0x82,
    0x10, 0x82, 0x10, 0x82, 0x10, 0x82, 0x10, 0x82, 0x10, 0x82, 0x10, 0x82, 0x10, 0x82, 0x10, 0x82,
    0x10, 0x82, 0x10, 0x82, 0x10, 0x82, 0x10, 0x82, 0x10, 0x82, 0x10, 0x82, 0x10, 0x82, 0x10, 0x82,
    0x10, 0x82, 0x10, 0x82, 0x10, 0x82, 0x10, 0x82, 0x10, 0x82, 0x10, 0x82, 0x10, 0x82, 0x10, 0x82,
    0x10, 0x82, 0x10, 0x82, 0x10, 0x82, 0xef, 0x5c, 0x08, 0x41, 0x08, 0x41, 0x08, 0x41, 0x08, 0x41,
    0x08, 0x41, 0x08, 0x41, 0x08, 0x41, 0x08, 0x41, 0xef, 0x5c, 0x10, 0x82, 0x10, 0x82, 0x10, 0x82,
    0x10, 0x82, 0x10, 0x82, 0x10, 0x82, 0x10, 0x82, 0x10, 0x82, 0x10, 0x82, 0x10, 0x82, 0x10, 0x82,
    0x10, 0x82, 0x10, 0x82, 0x10, 0x82, 0x10, 0x82, 0x10, 0x82, 0x10, 0x82, 0x10, 0x82, 0x10, 0x82,
    0x10, 0x82, 0x10, 0x82, 0x10, 0x82, 0x10, 0x82, 0x10, 0x82, 0x10, 0x82, 0x10, 0x82, 0x10, 0x82,
    0x10, 0x82, 0x10, 0x82, 0x10, 0x82, 0x10, 0x82, 0x10, 0x82, 0x10, 0x82, 0x10, 0x82, 0x10, 0x82,
    0x10, 0x82, 0x10, 0x82, 0x10, 0x82, 0x10, 0x82, 0x10, 0x82, 0x10, 0x82, 0x10, 0x82, 0x10, 0x82,
    0x10, 0x82, 0x10, 0x82, 0x10, 0x82, 0x10, 0x82, 0x10, 0x82, 0x10, 0x82, 0x10, 0x82, 0x10, 0x82,
    0x10, 0x82, 0x10, 0x82, 0x10, 0x82, 0x10, 0x82, 0x10, 0x82, 0x10, 0x82, 0x10, 0x82, 0x10, 0x82,
    0x10, 0x82, 0x10, 0x82, 0x10, 0x82, 0x10, 0x82, 0x10, 0x82, 0x10, 0x82, 0x10, 0x82, 0x10, 0x82,
    0x10, 0x82, 0x10, 0x82, 0x10, 0x82, 0x10, 0x82, 0x10, 0x82, 0x10, 0x82, 0x10, 0x82, 0x10, 0x82,
    0x10, 0x82, 0x10, 0x82, 0x10, 0x82, 0x10, 0x82, 0x10, 0x82, 0x10, 0x82, 0x10, 0x82, 0x10, 0x82,
    0x10, 0x82, 0x10, 0x82, 0x10, 0x82, 0x10, 0x82, 0x10, 0x82, 0x10, 0x82, 0x10, 0x82, 0x10, 0x82,
    0x10, 0x82, 0x10, 0x82, 0x10, 0x82, 0x10, 0x82, 0x10, 0x82, 0x10, 0x82, 0x10, 0x82, 0xef, 0x5c,
    0x08, 0x41, 0x08, 0x41, 0x08, 0x41, 0x08, 0x41, 0x08, 0x41, 0x08, 0x41, 0x08, 0x41, 0x08, 0x41,
    0x08, 0x41, 0x08, 0x41, 0x08, 0x41, 0x08, 0x41, 0x08, 0x41, 0x08, 0x41, 0x08, 0x41, 0x08, 0x41,
    0x08, 0x41, 0x08, 0x41, 0x08, 0x41, 0x08, 0x41, 0x08, 0x41, 0x08, 0x41, 0x08, 0x41, 0x08, 0x41,
    0x08, 0x41, 0x08, 0x41, 0x08, 0x41, 0x08, 0x41, 0x08, 0x41, 0x08, 0x41, 0x08, 0x41, 0x08, 0x41,
    0xef, 0x5c, 0x10, 0x82, 0x10, 0x82, 0x10, 0x82, 0x10, 0x82, 0x10, 0x82, 0x10, 0x82, 0x10, 0x82,
    0x10, 0x82, 0x10, 0x82, 0x10, 0x82, 0x10, 0x82, 0x10, 0x82, 0x10, 0x82, 0x10, 0x82, 0x10, 0x82,
    0x10, 0x82, 0x10, 0x82, 0x10, 0x82, 0x10, 0x82, 0x10, 0x82, 0x10, 0x82, 0x10, 0x82, 0x10, 0x82,
    0x10, 0x82, 0x10, 0x82, 0x10, 0x82, 0x10, 0x82, 0x10, 0x82, 0x10, 0x82, 0x10, 0x82, 0x10, 0x82,
    0x10, 0x82, 0x10, 0x82, 0x10, 0x82, 0x10, 0x82, 0x10, 0x82, 0x10, 0x82, 0x10, 0x82, 0x10, 0x82,
    0x10, 0x82, 0x10, 0x82, 0x10, 0x82, 0x10, 0x82, 0x10, 0x82, 0x10, 0x82, 0x10, 0x82, 0x10, 0x82,
    0x10, 0x82, 0x10, 0x82, 0x10, 0x82, 0x10, 0x82, 0x10, 0x82, 0x10, 0x82, 0x10, 0x82, 0x10, 0x82,
    0x10, 0x82, 0x10, 0x82, 0x10, 0x82, 0x10, 0x82, 0x10, 0x82, 0x10, 0x82, 0x10, 0x82, 0x10, 0x82,
    0x10, 0x82, 0x10, 0x82, 0x10, 0x82, 0x10, 0x82, 0x10, 0x82, 0x10, 0x82, 0x10, 0x82, 0x10, 0x82,
    0x10, 0x82, 0x10, 0x82, 0x10, 0x82, 0x10, 0x82, 0x10, 0x82, 0x10, 0x82, 0x10, 0x82, 0x10, 0x82,
    0x10, 0x82, 0x10, 0x82, 0x10, 0x82, 0x10, 0x82, 0x10, 0x82, 0x10, 0x82, 0x10, 0x82, 0x10, 0x82,
    0x10, 0x82, 0x10, 0x82, 0x10, 0x82, 0x10, 0x82, 0x10, 0x82, 0x10, 0x82, 0x10, 0x82, 0x10, 0x82,
    0x10, 0x82, 0x10, 0x82, 0x10, 0x82, 0xef, 0x5c, 0x08, 0x41, 0x08, 0x41, 0x08, 0x41, 0x08, 0x41,
    0x08, 0x41, 0x08, 0x41, 0x08, 0x41, 0x08, 0x41, 0xef, 0x5c, 0x10, 0x82, 0x10, 0x82, 0x10, 0x82,
    0x10, 0x82, 0x10, 0x82, 0x10, 0x82, 0x10, 0x82, 0x10, 0x82, 0x10, 0x82, 0x10, 0x82, 0x10, 0x82,
    0x10, 0x82, 0x10, 0x82, 0x10, 0x82, 0x10, 0x82, 0x10, 0x82, 0x10, 0x82, 0x10, 0x82, 0x10, 0x82,
    0x10, 0x82, 0x10, 0x82, 0x10, 0x82, 0x10, 0x82, 0x10, 0x82, 0x10, 0x82, 0x10, 0x82, 0x10, 0x82,
    0x10, 0x82, 0x10, 0x82, 0x10, 0x82, 0x10, 0x82, 0x10, 0x82, 0x10, 0x82, 0x10, 0x82, 0x10, 0x82,
    0x10, 0x82, 0x10, 0x82, 0x10, 0x82, 0x10, 0x82, 0x10, 0x82, 0x10, 0x82, 0x10, 0x82, 0x10, 0x82,
    0x10, 0x82, 0x10, 0x82, 0x10, 0x82, 0x10, 0x82, 0x10, 0x82, 0x10, 0x82, 0x10, 0x82, 0x10, 0x82,
    0x10, 0x82, 0x10, 0x82, 0x10, 0x82, 0x10, 0x82, 0x10, 0x82, 0x10, 0x82, 0x10, 0x82, 0x10, 0x82,
    0x10, 0x82, 0x10, 0x82, 0x10, 0x82, 0x10, 0x82, 0x10, 0x82, 0x10, 0x82, 0x10, 0x82, 0x10, 0x82,
    0x10, 0x82, 0x10, 0x82, 0x10, 0x82, 0x10, 0x82, 0x10, 0x82, 0x10, 0x82, 0x10, 0x82, 0x10, 0x82,
    0x10, 0x82, 0x10, 0x82, 0x10, 0x82, 0x10, 0x82, 0x10, 0x82, 0x10, 0x82, 0x10, 0x82, 0x10, 0x82,
    0x10, 0x82, 0x10, 0x82, 0x10, 0x82, 0x10, 0x82, 0x10, 0x82, 0x10, 0x82, 0x10, 0x82, 0x10, 0x82,
    0x10, 0x82, 0x10, 0x82, 0x10, 0x82, 0x10, 0x82, 0x10, 0x82, 0x10, 0x82, 0x10, 0x82, 0xef, 0x5c,
    0x08, 0x41, 0x08, 0x41, 0x08, 0x41, 0x08, 0x41, 0x08, 0x41, 0x08, 0x41, 0x08, 0x41, 0x08, 0x41,
    0x08, 0x41, 0x08, 0x41, 0x08, 0x41, 0x08, 0x41, 0x08, 0x41, 0x08, 0x41, 0x08, 0x41, 0x08, 0x41,
    0x08, 0x41, 0x08, 0x41, 0x08, 0x41, 0x08, 0x41, 0x08, 0x41, 0x08, 0x41, 0x08, 0x41, 0x08, 0x41,
    0x08, 0x41, 0x08, 0x41, 0x08, 0x41, 0x08, 0x41, 0x08, 0x41, 0x08, 0x41, 0x08, 0x41, 0x08, 0x41,
    0xef, 0x5c, 0x10, 0x82, 0x10, 0x82, 0x10, 0x82, 0x10, 0x82, 0x10, 0x82, 0x10, 0x82, 0x10, 0x82,
    0x10, 0x82, 0x10, 0x82, 0x10, 0x82, 0x10, 0x82, 0x10, 0x82, 0x10, 0x82, 0x10, 0x82, 0x10, 0x82,
    0x10, 0x82, 0x10, 0x82, 0x10, 0x82, 0x10, 0x82, 0x10, 0x82, 0x10, 0x82, 0x10, 0x82, 0x10, 0x82,
    0x10, 0x82, 0x10, 0x82, 0x10, 0x82, 0x10, 0x82, 0x10, 0x82, 0x10, 0x82, 0x10, 0x82, 0x10, 0x82,
    0x10, 0x82, 0x10, 0x82, 0x10, 0x82, 0x10, 0x82, 0x10, 0x82, 0x10, 0x82, 0x10, 0x82, 0x10, 0x82,
    0x10, 0x82, 0x10, 0x82, 0x10, 0x82, 0x10, 0x82, 0x10, 0x82, 0x10, 0x82, 0x10, 0x82, 0x10, 0x82,
    0x10, 0x82, 0x10, 0x82, 0x10, 0x82, 0x10, 0x82, 0x10, 0x82, 0x10, 0x82, 0x10, 0x82, 0x10, 0x82,
    0x10, 0x82, 0x10, 0x82, 0x10, 0x82, 0x10, 0x82, 0x10, 0x82, 0x10, 0x82, 0x10, 0x82, 0x10, 0x82,
    0x10, 0x82, 0x10, 0x82, 0x10, 0x82, 0x10, 0x82, 0x10, 0x82, 0x10, 0x82, 0x10, 0x82, 0x10, 0x82,
    0x10, 0x82, 0x10, 0x82, 0x10, 0x82, 0x10, 0x82, 0x10, 0x82, 0x10, 0x82, 0x10, 0x82, 0x10, 0x82,
    0x10, 0x82, 0x10, 0x82, 0x10, 0x82, 0x10, 0x82, 0x10, 0x82, 0x10, 0x82, 0x10, 0x82, 0x10, 0x82,
    0x10, 0x82, 0x10, 0x82, 0x10, 0x82, 0x10, 0x82, 0x10, 0x82, 0x10, 0x82, 0x10, 0x82, 0x10, 0x82,
    0x10, 0x82, 0x10, 0x82, 0x10, 0x82, 0xef, 0x5c, 0x08, 0x41, 0x08, 0x41, 0x08, 0x41, 0x08, 0x41,
    0x08, 0x41, 0x08, 0x41, 0x08, 0x41, 0x08, 0x41, 0xef, 0x5c, 0x10, 0x82, 0x10, 0x82, 0x10, 0x82,
    0x10, 0x82, 0x10, 0x82, 0x10, 0x82, 0x10, 0x82, 0x10, 0x82, 0x10, 0x82, 0x10, 0x82, 0x10, 0x82,
    0x10, 0x82, 0x10, 0x82, 0x10, 0x82, 0x10, 0x82, 0x10, 0x82, 0x10, 0x82, 0x10, 0x82, 0x10, 0x82,
    0x10, 0x82, 0x10, 0x82, 0x10, 0x82, 0x10, 0x82, 0x10, 0x82, 0x10, 0x82, 0x10, 0x82, 0x10, 0x82,
    0x10, 0x82, 0x10, 0x82, 0x10, 0x82, 0x10, 0x82, 0x10, 0x82, 0x10, 0x82, 0x10, 0x82, 0x10, 0x82,
    0x10, 0x82, 0x10, 0x82, 0x10, 0x82, 0x10, 0x82, 0x10, 0x82, 0x10, 0x82, 0x10, 0x82, 0x10, 0x82,
    0x10, 0x82, 0x10, 0x82, 0x10, 0x82, 0x10, 0x82, 0x10, 0x82, 0x10, 0x82, 0x10, 0x82, 0x10, 0x82,
    0x10, 0x82, 0x10, 0x82, 0x10, 0x82, 0x10, 0x82, 0x10, 0x82, 0x10, 0x82, 0x10, 0x82, 0x10, 0x82,
    0x10, 0x82, 0x10, 0x82, 0x10, 0x82, 0x10, 0x82, 0x10, 0x82, 0x10, 0x82, 0x10, 0x82, 0x10, 0x82,
    0x10, 0x82, 0x10, 0x82, 0x10, 0x82, 0x10, 0x82, 0x10, 0x82, 0x10, 0x82, 0x10, 0x82, 0x10, 0x82,
    0x10, 0x82, 0x10, 0x82, 0x10, 0x82, 0x10, 0x82, 0x10, 0x82, 0x10, 0x82, 0x10, 0x82, 0x10, 0x82,
    0x10, 0x82, 0x10, 0x82, 0x10, 0x82, 0x10, 0x82, 0x10, 0x82, 0x10, 0x82, 0x10, 0x82, 0x10, 0x82,
    0x10, 0x82, 0x10, 0x82, 0x10, 0x82, 0x10, 0x82, 0x10, 0x82, 0x10, 0x82, 0x10, 0x82, 0xef, 0x5c,
    0x08, 0x41, 0x08, 0x41, 0x08, 0x41, 0x08, 0x41, 0x08, 0x41, 0x08, 0x41, 0x08, 0x41, 0x08, 0x41,
    0x08, 0x41, 0x08, 0x41, 0x08, 0x41, 0x08, 0x41, 0x08, 0x41, 0x08, 0x41, 0x08, 0x41, 0x08, 0x41,
    0x08, 0x41, 0x08, 0x41, 0x08, 0x41, 0x08, 0x41, 0x08, 0x41, 0x08, 0x41, 0x08, 0x41, 0x08, 0x41,
    0x08, 0x41, 0x08, 0x41, 0x08, 0x41, 0x08, 0x41, 0x08, 0x41, 0x08, 0x41, 0x08, 0x41, 0x08, 0x41,
    0xef, 0x5c, 0x10, 0x82, 0x10, 0x82, 0x10, 0x82, 0x10, 0x82, 0x10, 0x82, 0x10, 0x82, 0x10, 0x82,
    0x10, 0x82, 0x10, 0x82, 0x10, 0x82, 0x10, 0x82, 0x10, 0x82, 0x10, 0x82, 0x10, 0x82, 0x10, 0x82,
    0x10, 0x82, 0x10, 0x82, 0x10, 0x82, 0x10, 0x82, 0x10, 0x82, 0x10, 0x82, 0x10, 0x82, 0x10, 0x82,
    0x10, 0x82, 0x10, 0x82, 0x10, 0x82, 0x10, 0x82, 0x10, 0x82, 0x10, 0x82, 0x10, 0x82, 0x10, 0x82,
    0x10, 0x82, 0x10, 0x82, 0x10, 0x82, 0x10, 0x82, 0x10, 0x82, 0x10, 0x82, 0x10, 0x82, 0x10, 0x82,
    0x10, 0x82, 0x10, 0x82, 0x10, 0x82, 0x10, 0x82, 0x10, 0x82, 0x10, 0x82, 0x10, 0x82, 0x10, 0x82,
    0x10, 0x82, 0x10, 0x82, 0x10, 0x82, 0x10, 0x82, 0x10, 0x82, 0x10, 0x82, 0x10, 0x82, 0x10, 0x82,
    0x10, 0x82, 0x10, 0x82, 0x10, 0x82, 0x10, 0x82, 0x10, 0x82, 0x10, 0x82, 0x10, 0x82, 0x10, 0x82,
    0x10, 0x82, 0x10, 0x82, 0x10, 0x82, 0x10, 0x82, 0x10, 0x82, 0x10, 0x82, 0x10, 0x82, 0x10, 0x82,
    0x10, 0x82, 0x10, 0x82, 0x10, 0x82, 0x10, 0x82, 0x10, 0x82, 0x10, 0x82, 0x10, 0x82, 0x10, 0x82,
    0x10, 0x82, 0x10, 0x82, 0x10, 0x82, 0x10, 0x82, 0x10, 0x82, 0x10, 0x82, 0x10, 0x82, 0x10, 0x82,
    0x10, 0x82, 0x10, 0x82, 0x10, 0x82, 0x10, 0x82, 0x10, 0x82, 0x10, 0x82, 0x10, 0x82, 0x10, 0x82,
    0x10, 0x82, 0x10, 0x82, 0x10, 0x82, 0xef, 0x5c, 0x08, 0x41, 0x08, 0x41, 0x08, 0x41, 0x08, 0x41,
    0x08, 0x41, 0x08, 0x41, 0x08, 0x41, 0x08, 0x41, 0xef, 0x5c, 0x10, 0x82, 0x10, 0x82, 0x10, 0x82,
    0x10, 0x82, 0x10, 0x82, 0x10, 0x82, 0x10, 0x82, 0x10, 0x82, 0x10, 0x82, 0x10, 0x82, 0x10, 0x82,
    0x10, 0x82, 0x10, 0x82, 0x10, 0x82, 0x10, 0x82, 0x10, 0x82, 0x10, 0x82, 0x10, 0x82, 0x10, 0x82,
    0x10, 0x82, 0x10, 0x82, 0x10, 0x82, 0x10, 0x82, 0x10, 0x82, 0x10, 0x82, 0x10, 0x82, 0x10, 0x82,
    0x10, 0x82, 0x10, 0x82, 0x10, 0x82, 0x10, 0x82, 0x10, 0x82, 0x10, 0x82, 0x10, 0x82, 0x10, 0x82,
    0x10, 0x82, 0x10, 0x82, 0x10, 0x82, 0x10, 0x82, 0x10, 0x82, 0x10, 0x82, 0x10, 0x82, 0x10, 0x82,
    0x10, 0x82, 0x10, 0x82, 0x10, 0x82, 0x10, 0x82, 0x10, 0x82, 0x10, 0x82, 0x10, 0x82, 0x10, 0x82,
    0x10, 0x82, 0x10, 0x82, 0x10, 0x82, 0x10, 0x82, 0x10, 0x82, 0x10, 0x82, 0x10, 0x82, 0x10, 0x82,
    0x10, 0x82, 0x10, 0x82, 0x10, 0x82, 0x10, 0x82, 0x10, 0x82, 0x10, 0x82, 0x10, 0x82, 0x10, 0x82,
    0x10, 0x82, 0x10, 0x82, 0x10, 0x82, 0x10, 0x82, 0x10, 0x82, 0x10, 0x82, 0x10, 0x82, 0x10, 0x82,
    0x10, 0x82, 0x10, 0x82, 0x10, 0x82, 0x10, 0x82, 0x10, 0x82, 0x10, 0x82, 0x10, 0x82, 0x10, 0x82,
    0x10, 0x82, 0x10, 0x82, 0x10, 0x82, 0x10, 0x82, 0x10, 0x82, 0x10, 0x82, 0x10, 0x82, 0x10, 0x82,
    0x10, 0x82, 0x10, 0x82, 0x10, 0x82, 0x10, 0x82, 0x10, 0x82, 0x10, 0x82, 0x10, 0x82, 0xef, 0x5c,
    0x08, 0x41, 0x08, 0x41, 0x08, 0x41, 0x08, 0x41, 0x08, 0x41, 0x08, 0x41, 0x08, 0x41, 0x08, 0x41,
    0x08, 0x41, 0x08, 0x41, 0x08, 0x41, 0x08, 0x41, 0x08, 0x41, 0x08, 0x41, 0x08, 0x41, 0x08, 0x41,
    0x08, 0x41, 0x08, 0x41, 0x08, 0x41, 0x08, 0x41, 0x08, 0x41, 0x08, 0x41, 0x08, 0x41, 0x08, 0x41,
    0x08, 0x41, 0x08, 0x41, 0x08, 0x41, 0x08, 0x41, 0x08, 0x41, 0x08, 0x41, 0x08, 0x41, 0x08, 0x41,
    0xef, 0x5c, 0x10, 0x82, 0x10, 0x82, 0x10, 0x82, 0x10, 0x82, 0x10, 0x82, 0x10, 0x82, 0x10, 0x82,
    0x10, 0x82, 0x10, 0x82, 0x10, 0x82, 0x10, 0x82, 0x10, 0x82, 0x10, 0x82, 0x10, 0x82, 0x10, 0x82,
    0x10, 0x82, 0x10, 0x82, 0x10, 0x82, 0x10, 0x82, 0x10, 0x82, 0x10, 0x82, 0x10, 0x82, 0x10, 0x82,
    0x10, 0x82, 0x10, 0x82, 0x10, 0x82, 0x10, 0x82, 0x10, 0x82, 0x10, 0x82, 0x10, 0x82, 0x10, 0x82,
    0x10, 0x82, 0x10, 0x82, 0x10, 0x82, 0x10, 0x82, 0x10, 0x82, 0x10, 0x82, 0x10, 0x82, 0x10, 0x82,
    0x10, 0x82, 0x10, 0x82, 0x10, 0x82, 0x10, 0x82, 0x10, 0x82, 0x10, 0x82, 0x10, 0x82, 0x10, 0x82,
    0x10, 0x82, 0x10, 0x82, 0x10, 0x82, 0x10, 0x82, 0x10, 0x82, 0x10, 0x82, 0x10, 0x82, 0x10, 0x82,
    0x10, 0x82, 0x10, 0x82, 0x10, 0x82, 0x10, 0x82, 0x10, 0x82, 0x10, 0x82, 0x10, 0x82, 0x10, 0x82,
    0x10, 0x82, 0x10, 0x82, 0x10, 0x82, 0x10, 0x82, 0x10, 0x82, 0x10, 0x82, 0x10, 0x82, 0x10, 0x82,
    0x10, 0x82, 0x10, 0x82, 0x10, 0x82, 0x10, 0x82, 0x10, 0x82, 0x10, 0x82, 0x10, 0x82, 0x10, 0x82,
    0x10, 0x82, 0x10, 0x82, 0x10, 0x82, 0x10, 0x82, 0x10, 0x82, 0x10, 0x82, 0x10, 0x82, 0x10, 0x82,
    0x10, 0x82, 0x10, 0x82, 0x10, 0x82, 0x10, 0x82, 0x10, 0x82, 0x10, 0x82, 0x10, 0x82, 0x10, 0x82,
    0x10, 0x82, 0x10, 0x82, 0x10, 0x82, 0xef, 0x5c, 0x08, 0x41, 0x08, 0x41, 0x08, 0x41, 0x08, 0x41,
    0x08, 0x41, 0x08, 0x41, 0x08, 0x41, 0x08, 0x41, 0xef, 0x5c, 0x10, 0x82, 0x10, 0x82, 0x10, 0x82,
    0x10, 0x82, 0x10, 0x82, 0x10, 0x82, 0x10, 0x82, 0x10, 0x82, 0x10, 0x82, 0x10, 0x82, 0x10, 0x82,
    0x10, 0x82, 0x10, 0x82, 0x10, 0x82, 0x10, 0x82, 0x10, 0x82, 0x10, 0x82, 0x10, 0x82, 0x10, 0x82,
    0x10, 0x82, 0x10, 0x82, 0x10, 0x82, 0x10, 0x82, 0x10, 0x82, 0x10, 0x82, 0x10, 0x82, 0x10, 0x82,
    0x10, 0x82, 0x10, 0x82, 0x10, 0x82, 0x10, 0x82, 0x10, 0x82, 0x10, 0x82, 0x10, 0x82, 0x10, 0x82,
    0x10, 0x82, 0x10, 0x82, 0x10, 0x82, 0x10, 0x82, 0x10, 0x82, 0x10, 0x82, 0x10, 0x82, 0x10, 0x82,
    0x10, 0x82, 0x10, 0x82, 0x10, 0x82, 0x10, 0x82, 0x10, 0x82, 0x10, 0x82, 0x10, 0x82, 0x10, 0x82,
    0x10, 0x82, 0x10, 0x82, 0x10, 0x82, 0x10, 0x82, 0x10, 0x82, 0x10, 0x82, 0x10, 0x82, 0x10, 0x82,
    0x10, 0x82, 0x10, 0x82, 0x10, 0x82, 0x10, 0x82, 0x10, 0x82, 0x10, 0x82, 0x10, 0x82, 0x10, 0x82,
    0x10, 0x82, 0x10, 0x82, 0x10, 0x82, 0x10, 0x82, 0x10, 0x82, 0x10, 0x82, 0x10, 0x82, 0x10, 0x82,
    0x10, 0x82, 0x10, 0x82, 0x10, 0x82, 0x10, 0x82, 0x10, 0x82, 0x10, 0x82, 0x10, 0x82, 0x10, 0x82,
    0x10, 0x82, 0x10, 0x82, 0x10, 0x82, 0x10, 0x82, 0x10, 0x82, 0x10, 0x82, 0x10, 0x82, 0x10, 0x82,
    0x10, 0x82, 0x10, 0x82, 0x10, 0x82, 0x10, 0x82, 0x10, 0x82, 0x10, 0x82, 0x10, 0x82, 0xef, 0x5c,
    0x08, 0x41, 0x08, 0x41, 0x08, 0x41, 0x08, 0x41, 0x08, 0x41, 0x08, 0x41, 0x08, 0x41, 0x08, 0x41,
    0x08, 0x41, 0x08, 0x41, 0x08, 0x41, 0x08, 0x41, 0x08, 0x41, 0x08, 0x41, 0x08, 0x41, 0x08, 0x41,
    0x08, 0x41, 0x08, 0x41, 0x08, 0x41, 0x08, 0x41, 0x08, 0x41, 0x08, 0x41, 0x08, 0x41, 0x08, 0x41,
    0x08, 0x41, 0x08, 0x41, 0x08, 0x41, 0x08, 0x41, 0x08, 0x41, 0x08, 0x41, 0x08, 0x41, 0x08, 0x41,
    0xef, 0x5c, 0x10, 0x82, 0x10, 0x82, 0x10, 0x82, 0x10, 0x82, 0x10, 0x82, 0x10, 0x82, 0x10, 0x82,
    0x10, 0x82, 0x10, 0x82, 0x10, 0x82, 0x10, 0x82, 0x10, 0x82, 0x10, 0x82, 0x10, 0x82, 0x10, 0x82,
    0x10, 0x82, 0x10, 0x82, 0x10, 0x82, 0x10, 0x82, 0x10, 0x82, 0x10, 0x82, 0x10, 0x82, 0x10, 0x82,
    0x10, 0x82, 0x10, 0x82, 0x10, 0x82, 0x10, 0x82, 0x10, 0x82, 0x10, 0x82, 0x10, 0x82, 0x10, 0x82,
    0x10, 0x82, 0x10, 0x82, 0x10, 0x82, 0x10, 0x82, 0x10, 0x82, 0x10, 0x82, 0x10, 0x82, 0x10, 0x82,
    0x10, 0x82, 0x10, 0x82, 0x10, 0x82, 0x10, 0x82, 0x10, 0x82, 0x10, 0x82, 0x10, 0x82, 0x10, 0x82,
    0x10, 0x82, 0x10, 0x82, 0x10, 0x82, 0x10, 0x82, 0x10, 0x82, 0x10, 0x82, 0x10, 0x82, 0x10, 0x82,
    0x10, 0x82, 0x10, 0x82, 0x10, 0x82, 0x10, 0x82, 0x10, 0x82, 0x10, 0x82, 0x10, 0x82, 0x10, 0x82,
    0x10, 0x82, 0x10, 0x82, 0x10, 0x82, 0x10, 0x82, 0x10, 0x82, 0x10, 0x82, 0x10, 0x82, 0x10, 0x82,
    0x10, 0x82, 0x10, 0x82, 0x10, 0x82, 0x10, 0x82, 0x10, 0x82, 0x10, 0x82, 0x10, 0x82, 0x10, 0x82,
    0x10, 0x82, 0x10, 0x82, 0x10, 0x82, 0x10, 0x82, 0x10, 0x82, 0x10, 0x82, 0x10, 0x82, 0x10, 0x82,
    0x10, 0x82, 0x10, 0x82, 0x10, 0x82, 0x10, 0x82, 0x10, 0x82, 0x10, 0x82, 0x10, 0x82, 0x10, 0x82,
    0x10, 0x82, 0x10, 0x82, 0x10, 0x82, 0xef, 0x5c, 0x08, 0x41, 0x08, 0x41, 0x08, 0x41, 0x08, 0x41,
    0x08, 0x41, 0x08, 0x41, 0x08, 0x41, 0x08, 0x41, 0xef, 0x5c, 0x10, 0x82, 0x10, 0x82, 0x10, 0x82,
    0x10, 0x82, 0x10, 0x82, 0x10, 0x82, 0x10, 0x82, 0x10, 0x82, 0x10, 0x82, 0x10, 0x82, 0x10, 0x82,
    0x10, 0x82, 0x10, 0x82, 0x10, 0x82, 0x10, 0x82, 0x10, 0x82, 0x10, 0x82, 0x10, 0x82, 0x10, 0x82,
    0x10, 0x82, 0x10, 0x82, 0x10, 0x82, 0x10, 0x82, 0x10, 0x82, 0x10, 0x82, 0x10, 0x82, 0x10, 0x82,
    0x10, 0x82, 0x10, 0x82, 0x10, 0x82, 0x10, 0x82, 0x10, 0x82, 0x10, 0x82, 0x10, 0x82, 0x10, 0x82,
    0x10, 0x82, 0x10, 0x82, 0x10, 0x82, 0x10, 0x82, 0x10, 0x82, 0x10, 0x82, 0x10, 0x82, 0x10, 0x82,
    0x10, 0x82, 0x10, 0x82, 0x10, 0x82, 0x10, 0x82, 0x10, 0x82, 0x10, 0x82, 0x10, 0x82, 0x10, 0x82,
    0x10, 0x82, 0x10, 0x82, 0x10, 0x82, 0x10, 0x82, 0x10, 0x82, 0x10, 0x82, 0x10, 0x82, 0x10, 0x82,
    0x10, 0x82, 0x10, 0x82, 0x10, 0x82, 0x10, 0x82, 0x10, 0x82, 0x10, 0x82, 0x10, 0x82, 0x10, 0x82,
    0x10, 0x82, 0x10, 0x82, 0x10, 0x82, 0x10, 0x82, 0x10, 0x82, 0x10, 0x82, 0x10, 0x82, 0x10, 0x82,
    0x10, 0x82, 0x10, 0x82, 0x10, 0x82, 0x10, 0x82, 0x10, 0x82, 0x10, 0x82, 0x10, 0x82, 0x10, 0x82,
    0x10, 0x82, 0x10, 0x82, 0x10, 0x82, 0x10, 0x82, 0x10, 0x82, 0x10, 0x82, 0x10, 0x82, 0x10, 0x82,
    0x10, 0x82, 0x10, 0x82, 0x10, 0x82, 0x10, 0x82, 0x10, 0x82, 0x10, 0x82, 0x10, 0x82, 0xef, 0x5c,
    0x08, 0x41, 0x08, 0x41, 0x08, 0x41, 0x08, 0x41, 0x08, 0x41, 0x08, 0x41, 0x08, 0x41, 0x08, 0x41,
    0x08, 0x41, 0x08, 0x41, 0x08, 0x41, 0x08, 0x41, 0x08, 0x41, 0x08, 0x41, 0x08, 0x41, 0x08, 0x41,
    0x08, 0x41, 0x08, 0x41, 0x08, 0x41, 0x08, 0x41, 0x08, 0x41, 0x08, 0x41, 0x08, 0x41, 0x08, 0x41,
    0x08, 0x41, 0x08, 0x41, 0x08, 0x41, 0x08, 0x41, 0x08, 0x41, 0x08, 0x41, 0x08, 0x41, 0x08, 0x41,
    0xef, 0x5c, 0x10, 0x82, 0x10, 0x82, 0x10, 0x82, 0x10, 0x82, 0x10, 0x82, 0x10, 0x82, 0x10, 0x82,
    0x10, 0x82, 0x10, 0x82, 0x10, 0x82, 0x10, 0x82, 0x10, 0x82, 0x10, 0x82, 0x10, 0x82, 0x10, 0x82,
    0x10, 0x82, 0x10, 0x82, 0x10, 0x82, 0x10, 0x82, 0x10, 0x82, 0x10, 0x82, 0x10, 0x82, 0x10, 0x82,
    0x10, 0x82, 0x10, 0x82, 0x10, 0x82, 0x10, 0x82, 0x10, 0x82, 0x10, 0x82, 0x10, 0x82, 0x10, 0x82,
    0x10, 0x82, 0x10, 0x82, 0x10, 0x82, 0x10, 0x82, 0x10, 0x82, 0x10, 0x82, 0x10, 0x82, 0x10, 0x82,
    0x10, 0x82, 0x10, 0x82, 0x10, 0x82, 0x10, 0x82, 0x10, 0x82, 0x10, 0x82, 0x10, 0x82, 0x10, 0x82,
    0x10, 0x82, 0x10, 0x82, 0x10, 0x82, 0x10, 0x82, 0x10, 0x82, 0x10, 0x82, 0x10, 0x82, 0x10, 0x82,
    0x10, 0x82, 0x10, 0x82, 0x10, 0x82, 0x10, 0x82, 0x10, 0x82, 0x10, 0x82, 0x10, 0x82, 0x10, 0x82,
    0x10, 0x82, 0x10, 0x82, 0x10, 0x82, 0x10, 0x82, 0x10, 0x82, 0x10, 0x82, 0x10, 0x82, 0x10, 0x82,
    0x10, 0x82, 0x10, 0x82, 0x10, 0x82, 0x10, 0x82, 0x10, 0x82, 0x10, 0x82, 0x10, 0x82, 0x10, 0x82,
    0x10, 0x82, 0x10, 0x82, 0x10, 0x82, 0x10, 0x82, 0x10, 0x82, 0x10, 0x82, 0x10, 0x82, 0x10, 0x82,
    0x10, 0x82, 0x10, 0x82, 0x10, 0x82, 0x10, 0x82, 0x10, 0x82, 0x10, 0x82, 0x10, 0x82, 0x10, 0x82,
    0x10, 0x82, 0x10, 0x82, 0x10, 0x82, 0xef, 0x5c, 0x08, 0x41, 0x08, 0x41, 0x08, 0x41, 0x08, 0x41,
    0x08, 0x41, 0x08, 0x41, 0x08, 0x41, 0x08, 0x41, 0xef, 0x5c, 0x10, 0x82, 0x10, 0x82, 0x10, 0x82,
    0x10, 0x82, 0x10, 0x82, 0x10, 0x82, 0x10, 0x82, 0x10, 0x82, 0x10, 0x82, 0x10, 0x82, 0x10, 0x82,
    0x10, 0x82, 0x10, 0x82, 0x10, 0x82, 0x10, 0x82, 0x10, 0x82, 0x10, 0x82, 0x10, 0x82, 0x10, 0x82,
    0x10, 0x82, 0x10, 0x82, 0x10, 0x82, 0x10, 0x82, 0x10, 0x82, 0x10, 0x82, 0x10, 0x82, 0x10, 0x82,
    0x10, 0x82, 0x10, 0x82, 0x10, 0x82, 0x10, 0x82, 0x10, 0x82, 0x10, 0x82, 0x10, 0x82, 0x10, 0x82,
    0x10, 0x82, 0x10, 0x82, 0x10, 0x82, 0x10, 0x82, 0x10, 0x82, 0x10, 0x82, 0x10, 0x82, 0x10, 0x82,
    0x10, 0x82, 0x10, 0x82, 0x10, 0x82, 0x10, 0x82, 0x10, 0x82, 0x10, 0x82, 0x10, 0x82, 0x10, 0x82,
    0x10, 0x82, 0x10, 0x82, 0x10, 0x82, 0x10, 0x82, 0x10, 0x82, 0x10, 0x82, 0x10, 0x82, 0x10, 0x82,
    0x10, 0x82, 0x10, 0x82, 0x10, 0x82, 0x10, 0x82, 0x10, 0x82, 0x10, 0x82, 0x10, 0x82, 0x10, 0x82,
    0x10, 0x82, 0x10, 0x82, 0x10, 0x82, 0x10, 0x82, 0x10, 0x82, 0x10, 0x82, 0x10, 0x82, 0x10, 0x82,
    0x10, 0x82, 0x10, 0x82, 0x10, 0x82, 0x10, 0x82, 0x10, 0x82, 0x10, 0x82, 0x10, 0x82, 0x10, 0x82,
    0x10, 0x82, 0x10, 0x82, 0x10, 0x82, 0x10, 0x82, 0x10, 0x82, 0x10, 0x82, 0x10, 0x82, 0x10, 0x82,
    0x10, 0x82, 0x10, 0x82, 0x10, 0x82, 0x10, 0x82, 0x10, 0x82, 0x10, 0x82, 0x10, 0x82, 0xef, 0x5c,
    0x08, 0x41, 0x08, 0x41, 0x08, 0x41, 0x08, 0x41, 0x08, 0x41, 0x08, 0x41, 0x08, 0x41, 0x08, 0x41,
    0x08, 0x41, 0x08, 0x41, 0x08, 0x41, 0x08, 0x41, 0x08, 0x41, 0x08, 0x41, 0x08, 0x41, 0x08, 0x41,
    0x08, 0x41, 0x08, 0x41, 0x08, 0x41, 0x08, 0x41, 0x08, 0x41, 0x08, 0x41, 0x08, 0x41, 0x08, 0x41,
    0x08, 0x41, 0x08, 0x41, 0x08, 0x41, 0x08, 0x41, 0x08, 0x41, 0x08, 0x41, 0x08, 0x41, 0x08, 0x41,
    0xef, 0x5c, 0x10, 0x82, 0x10, 0x82, 0x10, 0x82, 0x10, 0x82, 0x10, 0x82, 0x10, 0x82, 0x10, 0x82,
    0x10, 0x82, 0x10, 0x82, 0x10, 0x82, 0x10, 0x82, 0x10, 0x82, 0x10, 0x82, 0x10, 0x82, 0x10, 0x82,
    0x10, 0x82, 0x10, 0x82, 0x10, 0x82, 0x10, 0x82, 0x10, 0x82, 0x10, 0x82, 0x10, 0x82, 0x10, 0x82,
    0x10, 0x82, 0x10, 0x82, 0x10, 0x82, 0x10, 0x82, 0x10, 0x82, 0x10, 0x82, 0x10, 0x82, 0x10, 0x82,
    0x10, 0x82, 0x10, 0x82, 0x10, 0x82, 0x10, 0x82, 0x10, 0x82, 0x10, 0x82, 0x10, 0x82, 0x10, 0x82,
    0x10, 0x82, 0x10, 0x82, 0x10, 0x82, 0x10, 0x82, 0x10, 0x82, 0x10, 0x82, 0x10, 0x82, 0x10, 0x82,
    0x10, 0x82, 0x10, 0x82, 0x10, 0x82, 0x10, 0x82, 0x10, 0x82, 0x10, 0x82, 0x10, 0x82, 0x10, 0x82,
    0x10, 0x82, 0x10, 0x82, 0x10, 0x82, 0x10, 0x82, 0x10, 0x82, 0x10, 0x82, 0x10, 0x82, 0x10, 0x82,
    0x10, 0x82, 0x10, 0x82, 0x10, 0x82, 0x10, 0x82, 0x10, 0x82, 0x10, 0x82, 0x10, 0x82, 0x10, 0x82,
    0x10, 0x82, 0x10, 0x82, 0x10, 0x82, 0x10, 0x82, 0x10, 0x82, 0x10, 0x82, 0x10, 0x82, 0x10, 0x82,
    0x10, 0x82, 0x10, 0x82, 0x10, 0x82, 0x10, 0x82, 0x10, 0x82, 0x10, 0x82, 0x10, 0x82, 0x10, 0x82,
    0x10, 0x82, 0x10, 0x82, 0x10, 0x82, 0x10, 0x82, 0x10, 0x82, 0x10, 0x82, 0x10, 0x82, 0x10, 0x82,
    0x10, 0x82, 0x10, 0x82, 0x10, 0x82, 0xef, 0x5c, 0x08, 0x41, 0x08, 0x41, 0x08, 0x41, 0x08, 0x41,
    0x08, 0x41, 0x08, 0x41, 0x08, 0x41, 0x08, 0x41, 0xef, 0x5c, 0x10, 0x82, 0x10, 0x82, 0x10, 0x82,
    0x10, 0x82, 0x10, 0x82, 0x10, 0x82, 0x10, 0x82, 0x10, 0x82, 0x10, 0x82, 0x10, 0x82, 0x10, 0x82,
    0x10, 0x82, 0x10, 0x82, 0x10, 0x82, 0x10, 0x82, 0x10, 0x82, 0x10, 0x82, 0x10, 0x82, 0x10, 0x82,
    0x10, 0x82, 0x10, 0x82, 0x10, 0x82, 0x10, 0x82, 0x10, 0x82, 0x10, 0x82, 0x10, 0x82, 0x10, 0x82,
    0x10, 0x82, 0x10, 0x82, 0x10, 0x82, 0x10, 0x82, 0x10, 0x82, 0x10, 0x82, 0x10, 0x82, 0x10, 0x82,
    0x10, 0x82, 0x10, 0x82, 0x10, 0x82, 0x10, 0x82, 0x10, 0x82, 0x10, 0x82, 0x10, 0x82, 0x10, 0x82,
    0x10, 0x82, 0x10, 0x82, 0x10, 0x82, 0x10, 0x82, 0x10, 0x82, 0x10, 0x82, 0x10, 0x82, 0x10, 0x82,
    0x10, 0x82, 0x10, 0x82, 0x10, 0x82, 0x10, 0x82, 0x10, 0x82, 0x10, 0x82, 0x10, 0x82, 0x10, 0x82,
    0x10, 0x82, 0x10, 0x82, 0x10, 0x82, 0x10, 0x82, 0x10, 0x82, 0x10, 0x82, 0x10, 0x82, 0x10, 0x82,
    0x10, 0x82, 0x10, 0x82, 0x10, 0x82, 0x10, 0x82, 0x10, 0x82, 0x10, 0x82, 0x10, 0x82, 0x10, 0x82,
    0x10, 0x82, 0x10, 0x82, 0x10, 0x82, 0x10, 0x82, 0x10, 0x82, 0x10, 0x82, 0x10, 0x82, 0x10, 0x82,
    0x10, 0x82, 0x10, 0x82, 0x10, 0x82, 0x10, 0x82, 0x10, 0x82, 0x10, 0x82, 0x10, 0x82, 0x10, 0x82,
    0x10, 0x82, 0x10, 0x82, 0x10, 0x82, 0x10, 0x82, 0x10, 0x82, 0x10, 0x82, 0x10, 0x82, 0xef, 0x5c,
    0x08, 0x41, 0x08, 0x41, 0x08, 0x41, 0x08, 0x41, 0x08, 0x41, 0x08, 0x41, 0x08, 0x41, 0x08, 0x41,
    0x08, 0x41, 0x08, 0x41, 0x08, 0x41, 0x08, 0x41, 0x08, 0x41, 0x08, 0x41, 0x08, 0x41, 0x08, 0x41,
    0x08, 0x41, 0x08, 0x41, 0x08, 0x41, 0x08, 0x41, 0x08, 0x41, 0x08, 0x41, 0x08, 0x41, 0x08, 0x41,
    0x08, 0x41, 0x08, 0x41, 0x08, 0x41, 0x08, 0x41, 0x08, 0x41, 0x08, 0x41, 0x08, 0x41, 0x08, 0x41,
    0xef, 0x5c, 0x10, 0x82, 0x10, 0x82, 0x10, 0x82, 0x10, 0x82, 0x10, 0x82, 0x10, 0x82, 0x10, 0x82,
    0x10, 0x82, 0x10, 0x82, 0x10, 0x82, 0x10, 0x82, 0x10, 0x82, 0x10, 0x82, 0x10, 0x82, 0x10, 0x82,
    0x10, 0x82, 0x10, 0x82, 0x10, 0x82, 0x10, 0x82, 0x10, 0x82, 0x10, 0x82, 0x10, 0x82, 0x10, 0x82,
    0x10, 0x82, 0x10, 0x82, 0x10, 0x82, 0x10, 0x82, 0x10, 0x82, 0x10, 0x82, 0x10, 0x82, 0x10, 0x82,
    0x10, 0x82, 0x10, 0x82, 0x10, 0x82, 0x10, 0x82, 0x10, 0x82, 0x10, 0x82, 0x10, 0x82, 0x10, 0x82,
    0x10, 0x82, 0x10, 0x82, 0x10, 0x82, 0x10, 0x82, 0x10, 0x82, 0x10, 0x82, 0x10, 0x82, 0x10, 0x82,
    0x10, 0x82, 0x10, 0x82, 0x10, 0x82, 0x10, 0x82, 0x10, 0x82, 0x10, 0x82, 0x10, 0x82, 0x10, 0x82,
    0x10, 0x82, 0x10, 0x82, 0x10, 0x82, 0x10, 0x82, 0x10, 0x82, 0x10, 0x82, 0x10, 0x82, 0x10, 0x82,
    0x10, 0x82, 0x10, 0x82, 0x10, 0x82, 0x10, 0x82, 0x10, 0x82, 0x10, 0x82, 0x10, 0x82, 0x10, 0x82,
    0x10, 0x82, 0x10, 0x82, 0x10, 0x82, 0x10, 0x82, 0x10, 0x82, 0x10, 0x82, 0x10, 0x82, 0x10, 0x82,
    0x10, 0x82, 0x10, 0x82, 0x10, 0x82, 0x10, 0x82, 0x10, 0x82, 0x10, 0x82, 0x10, 0x82, 0x10, 0x82,
    0x10, 0x82, 0x10, 0x82, 0x10, 0x82, 0x10, 0x82, 0x10, 0x82, 0x10, 0x82, 0x10, 0x82, 0x10, 0x82,
    0x10, 0x82, 0x10, 0x82, 0x10, 0x82, 0xef, 0x5c, 0x08, 0x41, 0x08, 0x41, 0x08, 0x41, 0x08, 0x41,
    0x08, 0x41, 0x08, 0x41, 0x08, 0x41, 0x08, 0x41, 0xef, 0x5c, 0x10, 0x82, 0x10, 0x82, 0x10, 0x82,
    0x10, 0x82, 0x10, 0x82, 0x10, 0x82, 0x10, 0x82, 0x10, 0x82, 0x10, 0x82, 0x10, 0x82, 0x10, 0x82,
    0x10, 0x82, 0x10, 0x82, 0x10, 0x82, 0x10, 0x82, 0x10, 0x82, 0x10, 0x82, 0x10, 0x82, 0x10, 0x82,
    0x10, 0x82, 0x10, 0x82, 0x10, 0x82, 0x10, 0x82, 0x10, 0x82, 0x10, 0x82, 0x10, 0x82, 0x10, 0x82,
    0x10, 0x82, 0x10, 0x82, 0x10, 0x82, 0x10, 0x82, 0x10, 0x82, 0x10, 0x82, 0x10, 0x82, 0x10, 0x82,
    0x10, 0x82, 0x10, 0x82, 0x10, 0x82, 0x10, 0x82, 0x10, 0x82, 0x10, 0x82, 0x10, 0x82, 0x10, 0x82,
    0x10, 0x82, 0x10, 0x82, 0x10, 0x82, 0x10, 0x82, 0x10, 0x82, 0x10, 0x82, 0x10, 0x82, 0x10, 0x82,
    0x10, 0x82, 0x10, 0x82, 0x10, 0x82, 0x10, 0x82, 0x10, 0x82, 0x10, 0x82, 0x10, 0x82, 0x10, 0x82,
    0x10, 0x82, 0x10, 0x82, 0x10, 0x82, 0x10, 0x82, 0x10, 0x82, 0x10, 0x82, 0x10, 0x82, 0x10, 0x82,
    0x10, 0x82, 0x10, 0x82, 0x10, 0x82, 0x10, 0x82, 0x10, 0x82, 0x10, 0x82, 0x10, 0x82, 0x10, 0x82,
    0x10, 0x82, 0x10, 0x82, 0x10, 0x82, 0x10, 0x82, 0x10, 0x82, 0x10, 0x82, 0x10, 0x82, 0x10, 0x82,
    0x10, 0x82, 0x10, 0x82, 0x10, 0x82, 0x10, 0x82, 0x10, 0x82, 0x10, 0x82, 0x10, 0x82, 0x10, 0x82,
    0x10, 0x82, 0x10, 0x82, 0x10, 0x82, 0x10, 0x82, 0x10, 0x82, 0x10, 0x82, 0x10, 0x82, 0xef, 0x5c,
    0x08, 0x41, 0x08, 0x41, 0x08, 0x41, 0x08, 0x41, 0x08, 0x41, 0x08, 0x41, 0x08, 0x41, 0x08, 0x41,
    0x08, 0x41, 0x08, 0x41, 0x08, 0x41, 0x08, 0x41, 0x08, 0x41, 0x08, 0x41, 0x08, 0x41, 0x08, 0x41,
    0x08, 0x41, 0x08, 0x41, 0x08, 0x41, 0x08, 0x41, 0x08, 0x41, 0x08, 0x41, 0x08, 0x41, 0x08, 0x41,
    0x08, 0x41, 0x08, 0x41, 0x08, 0x41, 0x08, 0x41, 0x08, 0x41, 0x08, 0x41, 0x08, 0x41, 0x08, 0x41,
    0xef, 0x5c, 0x10, 0x82, 0x10, 0x82, 0x10, 0x82, 0x10, 0x82, 0x10, 0x82, 0x10, 0x82, 0x10, 0x82,
    0x10, 0x82, 0x10, 0x82, 0x10, 0x82, 0x10, 0x82, 0x10, 0x82, 0x10, 0x82, 0x10, 0x82, 0x10, 0x82,
    0x10, 0x82, 0x10, 0x82, 0x10, 0x82, 0x10, 0x82, 0x10, 0x82, 0x10, 0x82, 0x10, 0x82, 0x10, 0x82,
    0x10, 0x82, 0x10, 0x82, 0x10, 0x82, 0x10, 0x82, 0x10, 0x82, 0x10, 0x82, 0x10, 0x82, 0x10, 0x82,
    0x10, 0x82, 0x10, 0x82, 0x10, 0x82, 0x10, 0x82, 0x10, 0x82, 0x10, 0x82, 0x10, 0x82, 0x10, 0x82,
    0x10, 0x82, 0x10, 0x82, 0x10, 0x82, 0x10, 0x82, 0x10, 0x82, 0x10, 0x82, 0x10, 0x82, 0x10, 0x82,
    0x10, 0x82, 0x10, 0x82, 0x10, 0x82, 0x10, 0x82, 0x10, 0x82, 0x10, 0x82, 0x10, 0x82, 0x10, 0x82,
    0x10, 0x82, 0x10, 0x82, 0x10, 0x82, 0x10, 0x82, 0x10, 0x82, 0x10, 0x82, 0x10, 0x82, 0x10, 0x82,
    0x10, 0x82, 0x10, 0x82, 0x10, 0x82, 0x10, 0x82, 0x10, 0x82, 0x10, 0x82, 0x10, 0x82, 0x10, 0x82,
    0x10, 0x82, 0x10, 0x82, 0x10, 0x82, 0x10, 0x82, 0x10, 0x82, 0x10, 0x82, 0x10, 0x82, 0x10, 0x82,
    0x10, 0x82, 0x10, 0x82, 0x10, 0x82, 0x10, 0x82, 0x10, 0x82, 0x10, 0x82, 0x10, 0x82, 0x10, 0x82,
    0x10, 0x82, 0x10, 0x82, 0x10, 0x82, 0x10, 0x82, 0x10, 0x82, 0x10, 0x82, 0x10, 0x82, 0x10, 0x82,
    0x10, 0x82, 0x10, 0x82, 0x10, 0x82, 0xef, 0x5c, 0x08, 0x41, 0x08, 0x41, 0x08, 0x41, 0x08, 0x41,
    0x08, 0x41, 0x08, 0x41, 0x08, 0x41, 0x08, 0x41, 0xef, 0x5c, 0x10, 0x82, 0x10, 0x82, 0x10, 0x82,
    0x10, 0x82, 0x10, 0x82, 0x10, 0x82, 0x10, 0x82, 0x10, 0x82, 0x10, 0x82, 0x10, 0x82, 0x10, 0x82,
    0x10, 0x82, 0x10, 0x82, 0x10, 0x82, 0x10, 0x82, 0x10, 0x82, 0x10, 0x82, 0x10, 0x82, 0x10, 0x82,
    0x10, 0x82, 0x10, 0x82, 0x10, 0x82, 0x10, 0x82, 0x10, 0x82, 0x10, 0x82, 0x10, 0x82, 0x10, 0x82,
    0x10, 0x82, 0x10, 0x82, 0x10, 0x82, 0x10, 0x82, 0x10, 0x82, 0x10, 0x82, 0x10, 0x82, 0x10, 0x82,
    0x10, 0x82, 0x10, 0x82, 0x10, 0x82, 0x10, 0x82, 0x10, 0x82, 0x10, 0x82, 0x10, 0x82, 0x10, 0x82,
    0x10, 0x82, 0x10, 0x82, 0x10, 0x82, 0x10, 0x82, 0x10, 0x82, 0x10, 0x82, 0x10, 0x82, 0x10, 0x82,
    0x10, 0x82, 0x10, 0x82, 0x10, 0x82, 0x10, 0x82, 0x10, 0x82, 0x10, 0x82, 0x10, 0x82, 0x10, 0x82,
    0x10, 0x82, 0x10, 0x82, 0x10, 0x82, 0x10, 0x82, 0x10, 0x82, 0x10, 0x82, 0x10, 0x82, 0x10, 0x82,
    0x10, 0x82, 0x10, 0x82, 0x10, 0x82, 0x10, 0x82, 0x10, 0x82, 0x10, 0x82, 0x10, 0x82, 0x10, 0x82,
    0x10, 0x82, 0x10, 0x82, 0x10, 0x82, 0x10, 0x82, 0x10, 0x82, 0x10, 0x82, 0x10, 0x82, 0x10, 0x82,
    0x10, 0x82, 0x10, 0x82, 0x10, 0x82, 0x10, 0x82, 0x10, 0x82, 0x10, 0x82, 0x10, 0x82, 0x10, 0x82,
    0x10, 0x82, 0x10, 0x82, 0x10, 0x82, 0x10, 0x82, 0x10, 0x82, 0x10, 0x82, 0x10, 0x82, 0xef, 0x5c,
    0x08, 0x41, 0x08, 0x41, 0x08, 0x41, 0x08, 0x41, 0x08, 0x41, 0x08, 0x41, 0x08, 0x41, 0x08, 0x41,
    0x08, 0x41, 0x08, 0x41, 0x08, 0x41, 0x08, 0x41, 0x08, 0x41, 0x08, 0x41, 0x08, 0x41, 0x08, 0x41,
    0x08, 0x41, 0x08, 0x41, 0x08, 0x41, 0x08, 0x41, 0x08, 0x41, 0x08, 0x41, 0x08, 0x41, 0x08, 0x41,
    0x08, 0x41, 0x08, 0x41, 0x08, 0x41, 0x08, 0x41, 0x08, 0x41, 0x08, 0x41, 0x08, 0x41, 0x08, 0x41,
    0xef, 0x5c, 0xef, 0x5c, 0xef, 0x5c, 0xef, 0x5c, 0xef, 0x5c, 0xef, 0x5c, 0xef, 0x5c, 0xef, 0x5c,
    0xef, 0x5c, 0xef, 0x5c, 0xef, 0x5c, 0xef, 0x5c, 0xef, 0x5c, 0xef, 0x5c, 0xef, 0x5c, 0xef, 0x5c,
    0xef, 0x5c, 0xef, 0x5c, 0xef, 0x5c, 0xef, 0x5c, 0xef, 0x5c, 0xef, 0x5c, 0xef, 0x5c, 0xef, 0x5c,
    0xef, 0x5c, 0xef, 0x5c, 0xef, 0x5c, 0xef, 0x5c, 0xef, 0x5c, 0xef, 0x5c, 0xef, 0x5c, 0xef, 0x5c,
    0xef, 0x5c, 0xef, 0x5c, 0xef, 0x5c, 0xef, 0x5c, 0xef, 0x5c, 0xef, 0x5c, 0xef, 0x5c, 0xef, 0x5c,
    0xef, 0x5c, 0xef, 0x5c, 0xef, 0x5c, 0xef, 0x5c, 0xef, 0x5c, 0xef, 0x5c, 0xef, 0x5c, 0xef, 0x5c,
    0xef, 0x5c, 0xef, 0x5c, 0xef, 0x5c, 0xef, 0x5c, 0xef, 0x5c, 0xef, 0x5c, 0xef, 0x5c, 0xef, 0x5c,
    0xef, 0x5c, 0xef, 0x5c, 0xef, 0x5c, 0xef, 0x5c, 0xef, 0x5c, 0xef, 0x5c, 0xef, 0x5c, 0xef, 0x5c,
    0xef, 0x5c, 0xef, 0x5c, 0xef, 0x5c, 0xef, 0x5c, 0xef, 0x5c, 0xef, 0x5c, 0xef, 0x5c, 0xef, 0x5c,
    0xef, 0x5c, 0xef, 0x5c, 0xef, 0x5c, 0xef, 0x5c, 0xef, 0x5c, 0xef, 0x5c, 0xef, 0x5c, 0xef, 0x5c,
    0xef, 0x5c, 0xef, 0x5c, 0xef, 0x5c, 0xef, 0x5c, 0xef, 0x5c, 0xef, 0x5c, 0xef, 0x5c, 0xef, 0x5c,
    0xef, 0x5c, 0xef, 0x5c, 0xef, 0x5c, 0xef, 0x5c, 0xef, 0x5c, 0xef, 0x5c, 0xef, 0x5c, 0xef, 0x5c,
    0xef, 0x5c, 0xef, 0x5c, 0xef, 0x5c, 0xef, 0x5c, 0x08, 0x41, 0x08, 0x41, 0x08, 0x41, 0x08, 0x41,
    0x08, 0x41, 0x08, 0x41, 0x08, 0x41, 0x08, 0x41, 0xef, 0x5c, 0xef, 0x5c, 0xef, 0x5c, 0xef, 0x5c,
    0xef, 0x5c, 0xef, 0x5c, 0xef, 0x5c, 0xef, 0x5c, 0xef, 0x5c, 0xef, 0x5c, 0xef, 0x5c, 0xef, 0x5c,
    0xef, 0x5c, 0xef, 0x5c, 0xef, 0x5c, 0xef, 0x5c, 0xef, 0x5c, 0xef, 0x5c, 0xef, 0x5c, 0xef, 0x5c,
    0xef, 0x5c, 0xef, 0x5c, 0xef, 0x5c, 0xef, 0x5c, 0xef, 0x5c, 0xef, 0x5c, 0xef, 0x5c, 0xef, 0x5c,
    0xef, 0x5c, 0xef, 0x5c, 0xef, 0x5c, 0xef, 0x5c, 0xef, 0x5c, 0xef, 0x5c, 0xef, 0x5c, 0xef, 0x5c,
    0xef, 0x5c, 0xef, 0x5c, 0xef, 0x5c, 0xef, 0x5c, 0xef, 0x5c, 0xef, 0x5c, 0xef, 0x5c, 0xef, 0x5c,
    0xef, 0x5c, 0xef, 0x5c, 0xef, 0x5c, 0xef, 0x5c, 0xef, 0x5c, 0xef, 0x5c, 0xef, 0x5c, 0xef, 0x5c,
    0xef, 0x5c, 0xef, 0x5c, 0xef, 0x5c, 0xef, 0x5c, 0xef, 0x5c, 0xef, 0x5c, 0xef, 0x5c, 0xef, 0x5c,
    0xef, 0x5c, 0xef, 0x5c, 0xef, 0x5c, 0xef, 0x5c, 0xef, 0x5c, 0xef, 0x5c, 0xef, 0x5c, 0xef, 0x5c,
    0xef, 0x5c, 0xef, 0x5c, 0xef, 0x5c, 0xef, 0x5c, 0xef, 0x5c, 0xef, 0x5c, 0xef, 0x5c, 0xef, 0x5c,
    0xef, 0x5c, 0xef, 0x5c, 0xef, 0x5c, 0xef, 0x5c, 0xef, 0x5c, 0xef, 0x5c, 0xef, 0x5c, 0xef, 0x5c,
    0xef, 0x5c, 0xef, 0x5c, 0xef, 0x5c, 0xef, 0x5c, 0xef, 0x5c, 0xef, 0x5c, 0xef, 0x5c, 0xef, 0x5c,
    0xef, 0x5c, 0xef, 0x5c, 0xef, 0x5c, 0xef, 0x5c, 0xef, 0x5c, 0xef, 0x5c, 0xef, 0x5c, 0xef, 0x5c,
    0x08, 0x41, 0x08, 0x41, 0x08, 0x41, 0x08, 0x41, 0x08, 0x41, 0x08, 0x41, 0x08, 0x41, 0x08, 0x41,
    0x08, 0x41, 0x08, 0x41, 0x08, 0x41, 0x08, 0x41, 0x08, 0x41, 0x08, 0x41, 0x08, 0x41, 0x08, 0x41,
    0x08, 0x41, 0x08, 0x41, 0x08, 0x41, 0x08, 0x41, 0x08, 0x41, 0x08, 0x41, 0x08, 0x41, 0x08, 0x41,
    0x08, 0x41, 0x08, 0x41, 0x08, 0x41, 0x08, 0x41, 0x08, 0x41, 0x08, 0x41, 0x08, 0x41, 0x08, 0x41,
    0x08, 0x41, 0x08, 0x41, 0x08, 0x41, 0x08, 0x41, 0x08, 0x41, 0x08, 0x41, 0x08, 0x41, 0x08, 0x41,
    0x08, 0x41, 0x08, 0x41, 0x08, 0x41, 0x08, 0x41, 0x08, 0x41, 0x08, 0x41, 0x08, 0x41, 0x08, 0x41,
    0x08, 0x41, 0x08, 0x41, 0x08, 0x41, 0x08, 0x41, 0x08, 0x41, 0x08, 0x41, 0x08, 0x41, 0x08, 0x41,
    0x08, 0x41, 0x08, 0x41, 0x08, 0x41, 0x08, 0x41, 0x08, 0x41, 0x08, 0x41, 0x08, 0x41, 0x08, 0x41,
    0x08, 0x41, 0x08, 0x41, 0x08, 0x41, 0x08, 0x41, 0x08, 0x41, 0x08, 0x41, 0x08, 0x41, 0x08, 0x41,
    0x08, 0x41, 0x08, 0x41, 0x08, 0x41, 0x08, 0x41, 0x08, 0x41, 0x08, 0x41, 0x08, 0x41, 0x08, 0x41,
    0x08, 0x41, 0x08, 0x41, 0x08, 0x41, 0x08, 0x41, 0x08, 0x41, 0x08, 0x41, 0x08, 0x41, 0x08, 0x41,
    0x08, 0x41, 0x08, 0x41, 0x08, 0x41, 0x08, 0x41, 0x08, 0x41, 0x08, 0x41, 0x08, 0x41, 0x08, 0x41,
    0x08, 0x41, 0x08, 0x41, 0x08, 0x41, 0x08, 0x41, 0x08, 0x41, 0x08, 0x41, 0x08, 0x41, 0x08, 0x41,
    0x08, 0x41, 0x08, 0x41, 0x08, 0x41, 0x08, 0x41, 0x08, 0x41, 0x08, 0x41, 0x08, 0x41, 0x08, 0x41,
    0x08, 0x41, 0x08, 0x41, 0x08, 0x41, 0x08, 0x41, 0x08, 0x41, 0x08, 0x41, 0x08, 0x41, 0x08, 0x41,
    0x08, 0x41, 0x08, 0x41, 0x08, 0x41, 0x08, 0x41, 0x08, 0x41, 0x08, 0x41, 0x08, 0x41, 0x08, 0x41,
    0x08, 0x41, 0x08, 0x41, 0x08, 0x41, 0x08, 0x41, 0x08, 0x41, 0x08, 0x41, 0x08, 0x41, 0x08, 0x41,
    0x08, 0x41, 0x08, 0x41, 0x08, 0x41, 0x08, 0x41, 0x08, 0x41, 0x08, 0x41, 0x08, 0x41, 0x08, 0x41,
    0x08, 0x41, 0x08, 0x41, 0x08, 0x41, 0x08, 0x41, 0x08, 0x41, 0x08, 0x41, 0x08, 0x41, 0x08, 0x41,
    0x08, 0x41, 0x08, 0x41, 0x08, 0x41, 0x08, 0x41, 0x08, 0x41, 0x08, 0x41, 0x08, 0x41, 0x08, 0x41,
    0x08, 0x41, 0x08, 0x41, 0x08, 0x41, 0x08, 0x41, 0x08, 0x41, 0x08, 0x41, 0x08, 0x41, 0x08, 0x41,
    0x08, 0x41, 0x08, 0x41, 0x08, 0x41, 0x08, 0x41, 0x08, 0x41, 0x08, 0x41, 0x08, 0x41, 0x08, 0x41,
    0x08, 0x41, 0x08, 0x41, 0x08, 0x41, 0x08, 0x41, 0x08, 0x41, 0x08, 0x41, 0x08, 0x41, 0x08, 0x41,
    0x08, 0x41, 0x08, 0x41, 0x08, 0x41, 0x08, 0x41, 0x08, 0x41, 0x08, 0x41, 0x08, 0x41, 0x08, 0x41,
    0x08, 0x41, 0x08, 0x41, 0x08, 0x41, 0x08, 0x41, 0x08, 0x41, 0x08, 0x41, 0x08, 0x41, 0x08, 0x41,
    0x08, 0x41, 0x08, 0x41, 0x08, 0x41, 0x08, 0x41, 0x08, 0x41, 0x08, 0x41, 0x08, 0x41, 0x08, 0x41,
    0x08, 0x41, 0x08, 0x41, 0x08, 0x41, 0x08, 0x41, 0x08, 0x41, 0x08, 0x41, 0x08, 0x41, 0x08, 0x41,
    0x08, 0x41, 0x08, 0x41, 0x08, 0x41, 0x08, 0x41, 0x08, 0x41, 0x08, 0x41, 0x08, 0x41, 0x08, 0x41,
    0x08, 0x41, 0x08, 0x41, 0x08, 0x41, 0x08, 0x41, 0x08, 0x41, 0x08, 0x41, 0x08, 0x41, 0x08, 0x41,
    0x08, 0x41, 0x08, 0x41, 0x08, 0x41, 0x08, 0x41, 0x08, 0x41, 0x08, 0x41, 0x08, 0x41, 0x08, 0x41,
    0x08, 0x41, 0x08, 0x41, 0x08, 0x41, 0x08, 0x41, 0x08, 0x41, 0x08, 0x41, 0x08, 0x41, 0x08, 0x41,
    0x08, 0x41, 0x08, 0x41, 0x08, 0x41, 0x08, 0x41, 0x08, 0x41, 0x08, 0x41, 0x08, 0x41, 0x08, 0x41,
    0x08, 0x41, 0x08, 0x41, 0x08, 0x41, 0x08, 0x41, 0x08, 0x41, 0x08, 0x41, 0x08, 0x41, 0x08, 0x41,
    0x08, 0x41, 0x08, 0x41, 0x08, 0x41, 0x08, 0x41, 0x08, 0x41, 0x08, 0x41, 0x08, 0x41, 0x08, 0x41,
    0x08, 0x41, 0x08, 0x41, 0x08, 0x41, 0x08, 0x41, 0x08, 0x41, 0x08, 0x41, 0x08, 0x41, 0x08, 0x41,
    0x08, 0x41, 0x08, 0x41, 0x08, 0x41, 0x08, 0x41, 0x08, 0x41, 0x08, 0x41, 0x08, 0x41, 0x08, 0x41,
    0x08, 0x41, 0x08, 0x41, 0x08, 0x41, 0x08, 0x41, 0x08, 0x41, 0x08, 0x41, 0x08, 0x41, 0x08, 0x41,
    0x08, 0x41, 0x08, 0x41, 0x08, 0x41, 0x08, 0x41, 0x08, 0x41, 0x08, 0x41, 0x08, 0x41, 0x08, 0x41,
    0x08, 0x41, 0x08, 0x41, 0x08, 0x41, 0x08, 0x41, 0x08, 0x41, 0x08, 0x41, 0x08, 0x41, 0x08, 0x41,
    0x08, 0x41, 0x08, 0x41, 0x08, 0x41, 0x08, 0x41, 0x08, 0x41, 0x08, 0x41, 0x08, 0x41, 0x08, 0x41,
    0x08, 0x41, 0x08, 0x41, 0x08, 0x41, 0x08, 0x41, 0x08, 0x41, 0x08, 0x41, 0x08, 0x41, 0x08, 0x41,
    0x08, 0x41, 0x08, 0x41, 0x08, 0x41, 0x08, 0x41, 0x08, 0x41, 0x08, 0x41, 0x08, 0x41, 0x08, 0x41,
    0x08, 0x41, 0x08, 0x41, 0x08, 0x41, 0x08, 0x41, 0x08, 0x41, 0x08, 0x41, 0x08, 0x41, 0x08, 0x41,
    0x08, 0x41, 0x08, 0x41, 0x08, 0x41, 0x08, 0x41, 0x08, 0x41, 0x08, 0x41, 0x08, 0x41, 0x08, 0x41,
    0x08, 0x41, 0x08, 0x41, 0x08, 0x41, 0x08, 0x41, 0x08, 0x41, 0x08, 0x41, 0x08, 0x41, 0x08, 0x41,
    0x08, 0x41, 0x08, 0x41, 0x08, 0x41, 0x08, 0x41, 0x08, 0x41, 0x08, 0x41, 0x08, 0x41, 0x08, 0x41,
    0x08, 0x41, 0x08, 0x41, 0x08, 0x41, 0x08, 0x41, 0x08, 0x41, 0x08, 0x41, 0x08, 0x41, 0x08, 0x41,
    0x08, 0x41, 0x08, 0x41, 0x08, 0x41, 0x08, 0x41, 0x08, 0x41, 0x08, 0x41, 0x08, 0x41, 0x08, 0x41,
    0x08, 0x41, 0x08, 0x41, 0x08, 0x41, 0x08, 0x41, 0x08, 0x41, 0x08, 0x41, 0x08, 0x41, 0x08, 0x41,
    0x08, 0x41, 0x08, 0x41, 0x08, 0x41, 0x08, 0x41, 0x08, 0x41, 0x08, 0x41, 0x08, 0x41, 0x08, 0x41,
    0x08, 0x41, 0x08, 0x41, 0x08, 0x41, 0x08, 0x41, 0x08, 0x41, 0x08, 0x41, 0x08, 0x41, 0x08, 0x41,
    0x08, 0x41, 0x08, 0x41, 0x08, 0x41, 0x08, 0x41, 0x08, 0x41, 0x08, 0x41, 0x08, 0x41, 0x08, 0x41,
    0x08, 0x41, 0x08, 0x41, 0x08, 0x41, 0x08, 0x41, 0x08, 0x41, 0x08, 0x41, 0x08, 0x41, 0x08, 0x41,
    0x08, 0x41, 0x08, 0x41, 0x08, 0x41, 0x08, 0x41, 0x08, 0x41, 0x08, 0x41, 0x08, 0x41, 0x08, 0x41,
    0x08, 0x41, 0x08, 0x41, 0x08, 0x41, 0x08, 0x41, 0x08, 0x41, 0x08, 0x41, 0x08, 0x41, 0x08, 0x41,
    0x08, 0x41, 0x08, 0x41, 0x08, 0x41, 0x08, 0x41, 0x08, 0x41, 0x08, 0x41, 0x08, 0x41, 0x08, 0x41,
    0x08, 0x41, 0x08, 0x41, 0x08, 0x41, 0x08, 0x41, 0x08, 0x41, 0x08, 0x41, 0x08, 0x41, 0x08, 0x41,
    0x08, 0x41, 0x08, 0x41, 0x08, 0x41, 0x08, 0x41, 0x08, 0x41, 0x08, 0x41, 0x08, 0x41, 0x08, 0x41,
    0x08, 0x41, 0x08, 0x41, 0x08, 0x41, 0x08, 0x41, 0x08, 0x41, 0x08, 0x41, 0x08, 0x41, 0x08, 0x41,
    0x08, 0x41, 0x08, 0x41, 0x08, 0x41, 0x08, 0x41, 0x08, 0x41, 0x08, 0x41, 0x08, 0x41, 0x08, 0x41,
    0x08, 0x41, 0x08, 0x41, 0x08, 0x41, 0x08, 0x41, 0x08, 0x41, 0x08, 0x41, 0x08, 0x41, 0x08, 0x41,
    0x08, 0x41, 0x08, 0x41, 0x08, 0x41, 0x08, 0x41, 0x08, 0x41, 0x08, 0x41, 0x08, 0x41, 0x08, 0x41,
    0x08, 0x41, 0x08, 0x41, 0x08, 0x41, 0x08, 0x41, 0x08, 0x41, 0x08, 0x41, 0x08, 0x41, 0x08, 0x41,
    0x08, 0x41, 0x08, 0x41, 0x08, 0x41, 0x08, 0x41, 0x08, 0x41, 0x08, 0x41, 0x08, 0x41, 0x08, 0x41,
    0x08, 0x41, 0x08, 0x41, 0x08, 0x41, 0x08, 0x41, 0x08, 0x41, 0x08, 0x41, 0x08, 0x41, 0x08, 0x41,
    0x08, 0x41, 0x08, 0x41, 0x08, 0x41, 0x08, 0x41, 0x08, 0x41, 0x08, 0x41, 0x08, 0x41, 0x08, 0x41,
    0x08, 0x41, 0x08, 0x41, 0x08, 0x41, 0x08, 0x41, 0x08, 0x41, 0x08, 0x41, 0x08, 0x41, 0x08, 0x41,
    0x08, 0x41, 0x08, 0x41, 0x08, 0x41, 0x08, 0x41, 0x08, 0x41, 0x08, 0x41, 0x08, 0x41, 0x08, 0x41,
    0x08, 0x41, 0x08, 0x41, 0x08, 0x41, 0x08, 0x41, 0x08, 0x41, 0x08, 0x41, 0x08, 0x41, 0x08, 0x41,
    0x08, 0x41, 0x08, 0x41, 0x08, 0x41, 0x08, 0x41, 0x08, 0x41, 0x08, 0x41, 0x08, 0x41, 0x08, 0x41,
    0x08, 0x41, 0x08, 0x41, 0x08, 0x41, 0x08, 0x41, 0x08, 0x41, 0x08, 0x41, 0x08, 0x41, 0x08, 0x41,
    0x08, 0x41, 0x08, 0x41, 0x08, 0x41, 0x08, 0x41, 0x08, 0x41, 0x08, 0x41, 0x08, 0x41, 0x08, 0x41,
    0x08, 0x41, 0x08, 0x41, 0x08, 0x41, 0x08, 0x41, 0x08, 0x41, 0x08, 0x41, 0x08, 0x41, 0x08, 0x41,
    0x08, 0x41, 0x08, 0x41, 0x08, 0x41, 0x08, 0x41, 0x08, 0x41, 0x08, 0x41, 0x08, 0x41, 0x08, 0x41,
    0x08, 0x41, 0x08, 0x41, 0x08, 0x41, 0x08, 0x41, 0x08, 0x41, 0x08, 0x41, 0x08, 0x41, 0x08, 0x41,
    0x08, 0x41, 0x08, 0x41, 0x08, 0x41, 0x08, 0x41, 0x08, 0x41, 0x08, 0x41, 0x08, 0x41, 0x08, 0x41,
    0x08, 0x41, 0x08, 0x41, 0x08, 0x41, 0x08, 0x41, 0x08, 0x41, 0x08, 0x41, 0x08, 0x41, 0x08, 0x41,
    0x08, 0x41, 0x08, 0x41, 0x08, 0x41, 0x08, 0x41, 0x08, 0x41, 0x08, 0x41, 0x08, 0x41, 0x08, 0x41,
    0x08, 0x41, 0x08, 0x41, 0x08, 0x41, 0x08, 0x41, 0x08, 0x41, 0x08, 0x41, 0x08, 0x41, 0x08, 0x41,
    0x08, 0x41, 0x08, 0x41, 0x08, 0x41, 0x08, 0x41, 0x08, 0x41, 0x08, 0x41, 0x08, 0x41, 0x08, 0x41,
    0x08, 0x41, 0x08, 0x41, 0x08, 0x41, 0x08, 0x41, 0x08, 0x41, 0x08, 0x41, 0x08, 0x41, 0x08, 0x41,
    0x08, 0x41, 0x08, 0x41, 0x08, 0x41, 0x08, 0x41, 0x08, 0x41, 0x08, 0x41, 0x08, 0x41, 0x08, 0x41,
    0x08, 0x41, 0x08, 0x41, 0x08, 0x41, 0x08, 0x41, 0x08, 0x41, 0x08, 0x41, 0x08, 0x41, 0x08, 0x41,
    0x08, 0x41, 0x08, 0x41, 0x08, 0x41, 0x08, 0x41, 0x08, 0x41, 0x08, 0x41, 0x08, 0x41, 0x08, 0x41,
    0x08, 0x41, 0x08, 0x41, 0x08, 0x41, 0x08, 0x41, 0x08, 0x41, 0x08, 0x41, 0x08, 0x41, 0x08, 0x41,
    0x08, 0x41, 0x08, 0x41, 0x08, 0x41, 0x08, 0x41, 0x08, 0x41, 0x08, 0x41, 0x08, 0x41, 0x08, 0x41,
    0x08, 0x41, 0x08, 0x41, 0x08, 0x41, 0x08, 0x41, 0x08, 0x41, 0x08, 0x41, 0x08, 0x41, 0x08, 0x41,
    0x08, 0x41, 0x08, 0x41, 0x08, 0x41, 0x08, 0x41, 0x08, 0x41, 0x08, 0x41, 0x08, 0x41, 0x08, 0x41,
    0x08, 0x41, 0x08, 0x41, 0x08, 0x41, 0x08, 0x41, 0x08, 0x41, 0x08, 0x41, 0x08, 0x41, 0x08, 0x41,
    0x08, 0x41, 0x08, 0x41, 0x08, 0x41, 0x08, 0x41, 0x08, 0x41, 0x08, 0x41, 0x08, 0x41, 0x08, 0x41,
    0x08, 0x41, 0x08, 0x41, 0x08, 0x41, 0x08, 0x41, 0x08, 0x41, 0x08, 0x41, 0x08, 0x41, 0x08, 0x41,
    0x08, 0x41, 0x08, 0x41, 0x08, 0x41, 0x08, 0x41, 0x08, 0x41, 0x08, 0x41, 0x08, 0x41, 0x08, 0x41,
    0x08, 0x41, 0x08, 0x41, 0x08, 0x41, 0x08, 0x41, 0x08, 0x41, 0x08, 0x41, 0x08, 0x41, 0x08, 0x41,
    0x08, 0x41, 0x08, 0x41, 0x08, 0x41, 0x08, 0x41, 0x08, 0x41, 0x08, 0x41, 0x08, 0x41, 0x08, 0x41,
    0x08, 0x41, 0x08, 0x41, 0x08, 0x41, 0x08, 0x41, 0x08, 0x41, 0x08, 0x41, 0x08, 0x41, 0x08, 0x41,
    0x08, 0x41, 0x08, 0x41, 0x08, 0x41, 0x08, 0x41, 0x08, 0x41, 0x08, 0x41, 0x08, 0x41, 0x08, 0x41,
    0x08, 0x41, 0x08, 0x41, 0x08, 0x41, 0x08, 0x41, 0x08, 0x41, 0x08, 0x41, 0x08, 0x41, 0x08, 0x41,
    0x08, 0x41, 0x08, 0x41, 0x08, 0x41, 0x08, 0x41, 0x08, 0x41, 0x08, 0x41, 0x08, 0x41, 0x08, 0x41,
    0x08, 0x41, 0x08, 0x41, 0x08, 0x41, 0x08, 0x41, 0x08, 0x41, 0x08, 0x41, 0x08, 0x41, 0x08, 0x41,
    0x08, 0x41, 0x08, 0x41, 0x08, 0x41, 0x08, 0x41, 0x08, 0x41, 0x08, 0x41, 0x08, 0x41, 0x08, 0x41,
    0x08, 0x41, 0x08, 0x41, 0x08, 0x41, 0x08, 0x41, 0x08, 0x41, 0x08, 0x41, 0x08, 0x41, 0x08, 0x41,
    0x08, 0x41, 0x08, 0x41, 0x08, 0x41, 0x08, 0x41, 0x08, 0x41, 0x08, 0x41, 0x08, 0x41, 0x08, 0x41,
    0x08, 0x41, 0x08, 0x41, 0x08, 0x41, 0x08, 0x41, 0x08, 0x41, 0x08, 0x41, 0x08, 0x41, 0x08, 0x41,
    0x08, 0x41, 0x08, 0x41, 0x08, 0x41, 0x08, 0x41, 0x08, 0x41, 0x08, 0x41, 0x08, 0x41, 0x08, 0x41,
    0x08, 0x41, 0x08, 0x41, 0x08, 0x41, 0x08, 0x41, 0x08, 0x41, 0x08, 0x41, 0x08, 0x41, 0x08, 0x41,
    0x08, 0x41, 0x08, 0x41, 0x08, 0x41, 0x08, 0x41, 0x08, 0x41, 0x08, 0x41, 0x08, 0x41, 0x08, 0x41,
    0x08, 0x41, 0x08, 0x41, 0x08, 0x41, 0x08, 0x41, 0x08, 0x41, 0x08, 0x41, 0x08, 0x41, 0x08, 0x41,
    0x08, 0x41, 0x08, 0x41, 0x08, 0x41, 0x08, 0x41, 0x08, 0x41, 0x08, 0x41, 0x08, 0x41, 0x08, 0x41,
    0x08, 0x41, 0x08, 0x41, 0x08, 0x41, 0x08, 0x41, 0x08, 0x41, 0x08, 0x41, 0x08, 0x41, 0x08, 0x41,
    0x08, 0x41, 0x08, 0x41, 0x08, 0x41, 0x08, 0x41, 0x08, 0x41, 0x08, 0x41, 0x08, 0x41, 0x08, 0x41,
    0x08, 0x41, 0x08, 0x41, 0x08, 0x41, 0x08, 0x41, 0x08, 0x41, 0x08, 0x41, 0x08, 0x41, 0x08, 0x41,
    0x08, 0x41, 0x08, 0x41, 0x08, 0x41, 0x08, 0x41, 0x08, 0x41, 0x08, 0x41, 0x08, 0x41, 0x08, 0x41,
    0x08, 0x41, 0x08, 0x41, 0x08, 0x41, 0x08, 0x41, 0x08, 0x41, 0x08, 0x41, 0x08, 0x41, 0x08, 0x41,
    0x08, 0x41, 0x08, 0x41, 0x08, 0x41, 0x08, 0x41, 0x08, 0x41, 0x08, 0x41, 0x08, 0x41, 0x08, 0x41,
    0x08, 0x41, 0x08, 0x41, 0x08, 0x41, 0x08, 0x41, 0x08, 0x41, 0x08, 0x41, 0x08, 0x41, 0x08, 0x41,
    0x08, 0x41, 0x08, 0x41, 0x08, 0x41, 0x08, 0x41, 0x08, 0x41, 0x08, 0x41, 0x08, 0x41, 0x08, 0x41,
    0x08, 0x41, 0x08, 0x41, 0x08, 0x41, 0x08, 0x41, 0x08, 0x41, 0x08, 0x41, 0x08, 0x41, 0x08, 0x41,
    0x08, 0x41, 0x08, 0x41, 0x08, 0x41, 0x08, 0x41, 0x08, 0x41, 0x08, 0x41, 0x08, 0x41, 0x08, 0x41,
    0x08, 0x41, 0x08, 0x41, 0x08, 0x41, 0x08, 0x41, 0x08, 0x41, 0x08, 0x41, 0x08, 0x41, 0x08, 0x41,
    0x08, 0x41, 0x08, 0x41, 0x08, 0x41, 0x08, 0x41, 0x08, 0x41, 0x08, 0x41, 0x08, 0x41, 0x08, 0x41,
    0x08, 0x41, 0x08, 0x41, 0x08, 0x41, 0x08, 0x41, 0x08, 0x41, 0x08, 0x41, 0x08, 0x41, 0x08, 0x41,
    0x08, 0x41, 0x08, 0x41, 0x08, 0x41, 0x08, 0x41, 0x08, 0x41, 0x08, 0x41, 0x08, 0x41, 0x08, 0x41,
    0x08, 0x41, 0x08, 0x41, 0x08, 0x41, 0x08, 0x41, 0x08, 0x41, 0x08, 0x41, 0x08, 0x41, 0x08, 0x41,
    0x08, 0x41, 0x08, 0x41, 0x08, 0x41, 0x08, 0x41, 0x08, 0x41, 0x08, 0x41, 0x08, 0x41, 0x08, 0x41,
    0x08, 0x41, 0x08, 0x41, 0x08, 0x41, 0x08, 0x41, 0x08, 0x41, 0x08, 0x41, 0x08, 0x41, 0x08, 0x41,
    0x08, 0x41, 0x08, 0x41, 0x08, 0x41, 0x08, 0x41, 0x08, 0x41, 0x08, 0x41, 0x08, 0x41, 0x08, 0x41,
    0x08, 0x41, 0x08, 0x41, 0x08, 0x41, 0x08, 0x41, 0x08, 0x41, 0x08, 0x41, 0x08, 0x41, 0x08, 0x41,
    0x08, 0x41, 0x08, 0x41, 0x08, 0x41, 0x08, 0x41, 0x08, 0x41, 0x08, 0x41, 0x08, 0x41, 0x08, 0x41,
    0x08, 0x41, 0x08, 0x41, 0x08, 0x41, 0x08, 0x41, 0x08, 0x41, 0x08, 0x41, 0x08, 0x41, 0x08, 0x41,
    0x08, 0x41, 0x08, 0x41, 0x08, 0x41, 0x08, 0x41, 0x08, 0x41, 0x08, 0x41, 0x08, 0x41, 0x08, 0x41,
    0x08, 0x41, 0x08, 0x41, 0x08, 0x41, 0x08, 0x41, 0x08, 0x41, 0x08, 0x41, 0x08, 0x41, 0x08, 0x41,
    0x08, 0x41, 0x08, 0x41, 0x08, 0x41, 0x08, 0x41, 0x08, 0x41, 0x08, 0x41, 0x08, 0x41, 0x08, 0x41,
    0x08, 0x41, 0x08, 0x41, 0x08, 0x41, 0x08, 0x41, 0x08, 0x41, 0x08, 0x41, 0x08, 0x41, 0x08, 0x41,
    0x08, 0x41, 0x08, 0x41, 0x08, 0x41, 0x08, 0x41, 0x08, 0x41, 0x08, 0x41, 0x08, 0x41, 0x08, 0x41,
    0x08, 0x41, 0x08, 0x41, 0x08, 0x41, 0x08, 0x41, 0x08, 0x41, 0x08, 0x41, 0x08, 0x41, 0x08, 0x41,
    0x08, 0x41, 0x08, 0x41, 0x08, 0x41, 0x08, 0x41, 0x08, 0x41, 0x08, 0x41, 0x08, 0x41, 0x08, 0x41,
    0x08, 0x41, 0x08, 0x41, 0x08, 0x41, 0x08, 0x41, 0x08, 0x41, 0x08, 0x41, 0x08, 0x41, 0x08, 0x41,
    0x08, 0x41, 0x08, 0x41, 0x08, 0x41, 0x08, 0x41, 0x08, 0x41, 0x08, 0x41, 0x08, 0x41, 0x08, 0x41,
    0x08, 0x41, 0x08, 0x41, 0x08, 0x41, 0x08, 0x41, 0x08, 0x41, 0x08, 0x41, 0x08, 0x41, 0x08, 0x41,
    0x08, 0x41, 0x08, 0x41, 0x08, 0x41, 0x08, 0x41, 0x08, 0x41, 0x08, 0x41, 0x08, 0x41, 0x08, 0x41,
    0x08, 0x41, 0x08, 0x41, 0x08, 0x41, 0x08, 0x41, 0x08, 0x41, 0x08, 0x41, 0x08, 0x41, 0x08, 0x41,
    0x08, 0x41, 0x08, 0x41, 0x08, 0x41, 0x08, 0x41, 0x08, 0x41, 0x08, 0x41, 0x08, 0x41, 0x08, 0x41,
    0x08, 0x41, 0x08, 0x41, 0x08, 0x41, 0x08, 0x41, 0x08, 0x41, 0x08, 0x41, 0x08, 0x41, 0x08, 0x41,
    0x08, 0x41, 0x08, 0x41, 0x08, 0x41, 0x08, 0x41, 0x08, 0x41, 0x08, 0x41, 0x08, 0x41, 0x08, 0x41,
    0x08, 0x41, 0x08, 0x41, 0x08, 0x41, 0x08, 0x41, 0x08, 0x41, 0x08, 0x41, 0x08, 0x41, 0x08, 0x41,
    0x08, 0x41, 0x08, 0x41, 0x08, 0x41, 0x08, 0x41, 0x08, 0x41, 0x08, 0x41, 0x08, 0x41, 0x08, 0x41,
    0x08, 0x41, 0x08, 0x41, 0x08, 0x41, 0x08, 0x41, 0x08, 0x41, 0x08, 0x41, 0x08, 0x41, 0x08, 0x41,
    0x08, 0x41, 0x08, 0x41, 0x08, 0x41, 0x08, 0x41, 0x08, 0x41, 0x08, 0x41, 0x08, 0x41, 0x08, 0x41,
    0x08, 0x41, 0x08, 0x41, 0x08, 0x41, 0x08, 0x41, 0x08, 0x41, 0x08, 0x41, 0x08, 0x41, 0x08, 0x41,
    0x08, 0x41, 0x08, 0x41, 0x08, 0x41, 0x08, 0x41, 0x08, 0x41, 0x08, 0x41, 0x08, 0x41, 0x08, 0x41,
    0x08, 0x41, 0x08, 0x41, 0x08, 0x41, 0x08, 0x41, 0x08, 0x41, 0x08, 0x41, 0x08, 0x41, 0x08, 0x41,
    0x08, 0x41, 0x08, 0x41, 0x08, 0x41, 0x08, 0x41, 0x08, 0x41, 0x08, 0x41, 0x08, 0x41, 0x08, 0x41,
    0x08, 0x41, 0x08, 0x41, 0x08, 0x41, 0x08, 0x41, 0x08, 0x41, 0x08, 0x41, 0x08, 0x41, 0x08, 0x41,
    0x08, 0x41, 0x08, 0x41, 0x08, 0x41, 0x08, 0x41, 0x08, 0x41, 0x08, 0x41, 0x08, 0x41, 0x08, 0x41,
    0x08, 0x41, 0x08, 0x41, 0x08, 0x41, 0x08, 0x41, 0x08, 0x41, 0x08, 0x41, 0x08, 0x41, 0x08, 0x41,
    0x08, 0x41, 0x08, 0x41, 0x08, 0x41, 0x08, 0x41, 0x08, 0x41, 0x08, 0x41, 0x08, 0x41, 0x08, 0x41,
    0x08, 0x41, 0x08, 0x41, 0x08, 0x41, 0x08, 0x41, 0x08, 0x41, 0x08, 0x41, 0x08, 0x41, 0x08, 0x41,
    0x08, 0x41, 0x08, 0x41, 0x08, 0x41, 0x08, 0x41, 0x08, 0x41, 0x08, 0x41, 0x08, 0x41, 0x08, 0x41,
    0x08, 0x41, 0x08, 0x41, 0x08, 0x41, 0x08, 0x41, 0x08, 0x41, 0x08, 0x41, 0x08, 0x41, 0x08, 0x41,
    0x08, 0x41, 0x08, 0x41, 0x08, 0x41, 0x08, 0x41, 0x08, 0x41, 0x08, 0x41, 0x08, 0x41, 0x08, 0x41,
    0x08, 0x41, 0x08, 0x41, 0x08, 0x41, 0x08, 0x41, 0x08, 0x41, 0x08, 0x41, 0x08, 0x41, 0x08, 0x41,
    0x08, 0x41, 0x08, 0x41, 0x08, 0x41, 0x08, 0x41, 0x08, 0x41, 0x08, 0x41, 0x08, 0x41, 0x08, 0x41,
    0x08, 0x41, 0x08, 0x41, 0x08, 0x41, 0x08, 0x41, 0x08, 0x41, 0x08, 0x41, 0x08, 0x41, 0x08, 0x41,
    0x08, 0x41, 0x08, 0x41, 0x08, 0x41, 0x08, 0x41, 0x08, 0x41, 0x08, 0x41, 0x08, 0x41, 0x08, 0x41,
    0x08, 0x41, 0x08, 0x41, 0x08, 0x41, 0x08, 0x41, 0x08, 0x41, 0x08, 0x41, 0x08, 0x41, 0x08, 0x41,
    0x08, 0x41, 0x08, 0x41, 0x08, 0x41, 0x08, 0x41, 0x08, 0x41, 0x08, 0x41, 0x08, 0x41, 0x08, 0x41,
    0x08, 0x41, 0x08, 0x41, 0x08, 0x41, 0x08, 0x41, 0x08, 0x41, 0x08, 0x41, 0x08, 0x41, 0x08, 0x41,
    0x08, 0x41, 0x08, 0x41, 0x08, 0x41, 0x08, 0x41, 0x08, 0x41, 0x08, 0x41, 0x08, 0x41, 0x08, 0x41,
    0x08, 0x41, 0x08, 0x41, 0x08, 0x41, 0x08, 0x41, 0x08, 0x41, 0x08, 0x41, 0x08, 0x41, 0x08, 0x41,
    0x08, 0x41, 0x08, 0x41, 0x08, 0x41, 0x08, 0x41, 0x08, 0x41, 0x08, 0x41, 0x08, 0x41, 0x08, 0x41,
    0x08, 0x41, 0x08, 0x41, 0x08, 0x41, 0x08, 0x41, 0x08, 0x41, 0x08, 0x41, 0x08, 0x41, 0x08, 0x41,
    0x08, 0x41, 0x08, 0x41, 0x08, 0x41, 0x08, 0x41, 0x08, 0x41, 0x08, 0x41, 0x08, 0x41, 0x08, 0x41,
    0x08, 0x41, 0x08, 0x41, 0x08, 0x41, 0x08, 0x41, 0x08, 0x41, 0x08, 0x41, 0x08, 0x41, 0x08, 0x41,
    0x08, 0x41, 0x08, 0x41, 0x08, 0x41, 0x08, 0x41, 0x08, 0x41, 0x08, 0x41, 0x08, 0x41, 0x08, 0x41,
    0x08, 0x41, 0x08, 0x41, 0x08, 0x41, 0x08, 0x41, 0x08, 0x41, 0x08, 0x41, 0x08, 0x41, 0x08, 0x41,
    0x08, 0x41, 0x08, 0x41, 0x08, 0x41, 0x08, 0x41, 0x08, 0x41, 0x08, 0x41, 0x08, 0x41, 0x08, 0x41,
    0x08, 0x41, 0x08, 0x41, 0x08, 0x41, 0x08, 0x41, 0x08, 0x41, 0x08, 0x41, 0x08, 0x41, 0x08, 0x41,
    0x08, 0x41, 0x08, 0x41, 0x08, 0x41, 0x08, 0x41, 0x08, 0x41, 0x08, 0x41, 0x08, 0x41, 0x08, 0x41,
    0x08, 0x41, 0x08, 0x41, 0x08, 0x41, 0x08, 0x41, 0x08, 0x41, 0x08, 0x41, 0x08, 0x41, 0x08, 0x41,
    0x08, 0x41, 0x08, 0x41, 0x08, 0x41, 0x08, 0x41, 0x08, 0x41, 0x08, 0x41, 0x08, 0x41, 0x08, 0x41,
    0x08, 0x41, 0x08, 0x41, 0x08, 0x41, 0x08, 0x41, 0x08, 0x41, 0x08, 0x41, 0x08, 0x41, 0x08, 0x41,
    0x08, 0x41, 0x08, 0x41, 0x08, 0x41, 0x08, 0x41, 0x08, 0x41, 0x08, 0x41, 0x08, 0x41, 0x08, 0x41,
    0x08, 0x41, 0x08, 0x41, 0x08, 0x41, 0x08, 0x41, 0x08, 0x41, 0x08, 0x41, 0x08, 0x41, 0x08, 0x41,
    0x08, 0x41, 0x08, 0x41, 0x08, 0x41, 0x08, 0x41, 0x08, 0x41, 0x08, 0x41, 0x08, 0x41, 0x08, 0x41,
    0x08, 0x41, 0x08, 0x41, 0x08, 0x41, 0x08, 0x41, 0x08, 0x41, 0x08, 0x41, 0x08, 0x41, 0x08, 0x41,
    0x08, 0x41, 0x08, 0x41, 0x08, 0x41, 0x08, 0x41, 0x08, 0x41, 0x08, 0x41, 0x08, 0x41, 0x08, 0x41,
    0x08, 0x41, 0x08, 0x41, 0x08, 0x41, 0x08, 0x41, 0x08, 0x41, 0x08, 0x41, 0x08, 0x41, 0x08, 0x41,
    0x08, 0x41, 0x08, 0x41, 0x08, 0x41, 0x08, 0x41, 0x08, 0x41, 0x08, 0x41, 0x08, 0x41, 0x08, 0x41,
    0x08, 0x41, 0x08, 0x41, 0x08, 0x41, 0x08, 0x41, 0x08, 0x41, 0x08, 0x41, 0x08, 0x41, 0x08, 0x41,
    0x08, 0x41, 0x08, 0x41, 0x08, 0x41, 0x08, 0x41, 0x08, 0x41, 0x08, 0x41, 0x08, 0x41, 0x08, 0x41,
    0x08, 0x41, 0x08, 0x41, 0x08, 0x41, 0x08, 0x41, 0x08, 0x41, 0x08, 0x41, 0x08, 0x41, 0x08, 0x41,
    0x08, 0x41, 0x08, 0x41, 0x08, 0x41, 0x08, 0x41, 0x08, 0x41, 0x08, 0x41, 0x08, 0x41, 0x08, 0x41,
    0x08, 0x41, 0x08, 0x41, 0x08, 0x41, 0x08, 0x41, 0x08, 0x41, 0x08, 0x41, 0x08, 0x41, 0x08, 0x41,
    0x08, 0x41, 0x08, 0x41, 0x08, 0x41, 0x08, 0x41, 0x08, 0x41, 0x08, 0x41, 0x08, 0x41, 0x08, 0x41,
    0x08, 0x41, 0x08, 0x41, 0x08, 0x41, 0x08, 0x41, 0x08, 0x41, 0x08, 0x41, 0x08, 0x41, 0x08, 0x41,
    0x08, 0x41, 0x08, 0x41, 0x08, 0x41, 0x08, 0x41, 0x08, 0x41, 0x08, 0x41, 0x08, 0x41, 0x08, 0x41,
    0x08, 0x41, 0x08, 0x41, 0x08, 0x41, 0x08, 0x41, 0x08, 0x41, 0x08, 0x41, 0x08, 0x41, 0x08, 0x41,
    0x08, 0x41, 0x08, 0x41, 0x08, 0x41, 0x08, 0x41, 0x08, 0x41, 0x08, 0x41, 0x08, 0x41, 0x08, 0x41,
    0x08, 0x41, 0x08, 0x41, 0x08, 0x41, 0x08, 0x41, 0x08, 0x41, 0x08, 0x41, 0x08, 0x41, 0x08, 0x41,
    0x08, 0x41, 0x08, 0x41, 0x08, 0x41, 0x08, 0x41, 0x08, 0x41, 0x08, 0x41, 0x08, 0x41, 0x08, 0x41,
    0x08, 0x41, 0x08, 0x41, 0x08, 0x41, 0x08, 0x41, 0x08, 0x41, 0x08, 0x41, 0x08, 0x41, 0x08, 0x41,
    0x08, 0x41, 0x08, 0x41, 0x08, 0x41, 0x08, 0x41, 0x08, 0x41, 0x08, 0x41, 0x08, 0x41, 0x08, 0x41,
    0x08, 0x41, 0x08, 0x41, 0x08, 0x41, 0x08, 0x41, 0x08, 0x41, 0x08, 0x41, 0x08, 0x41, 0x08, 0x41,
    0x08, 0x41, 0x08, 0x41, 0x08, 0x41, 0x08, 0x41, 0x08, 0x41, 0x08, 0x41, 0x08, 0x41, 0x08, 0x41,
    0x08, 0x41, 0x08, 0x41, 0x08, 0x41, 0x08, 0x41, 0x08, 0x41, 0x08, 0x41, 0x08, 0x41, 0x08, 0x41,
    0x08, 0x41, 0x08, 0x41, 0x08, 0x41, 0x08, 0x41, 0x08, 0x41, 0x08, 0x41, 0x08, 0x41, 0x08, 0x41,
    0x08, 0x41, 0x08, 0x41, 0x08, 0x41, 0x08, 0x41, 0x08, 0x41, 0x08, 0x41, 0x08, 0x41, 0x08, 0x41,
    0x08, 0x41, 0x08, 0x41, 0x08, 0x41, 0x08, 0x41, 0x08, 0x41, 0x08, 0x41, 0x08, 0x41, 0x08, 0x41,
    0x08, 0x41, 0x08, 0x41, 0x08, 0x41, 0x08, 0x41, 0x08, 0x41, 0x08, 0x41, 0x08, 0x41, 0x08, 0x41,
    0x08, 0x41, 0x08, 0x41, 0x08, 0x41, 0x08, 0x41, 0x08, 0x41, 0x08, 0x41, 0x08, 0x41, 0x08, 0x41,
    0x08, 0x41, 0x08, 0x41, 0x08, 0x41, 0x08, 0x41, 0x08, 0x41, 0x08, 0x41, 0x08, 0x41, 0x08, 0x41,
    0x08, 0x41, 0x08, 0x41, 0x08, 0x41, 0x08, 0x41, 0x08, 0x41, 0x08, 0x41, 0x08, 0x41, 0x08, 0x41,
    0x08, 0x41, 0x08, 0x41, 0x08, 0x41, 0x08, 0x41, 0x08, 0x41, 0x08, 0x41, 0x08, 0x41, 0x08, 0x41,
    0x08, 0x41, 0x08, 0x41, 0x08, 0x41, 0x08, 0x41, 0x08, 0x41, 0x08, 0x41, 0x08, 0x41, 0x08, 0x41,
    0x08, 0x41, 0x08, 0x41, 0x08, 0x41, 0x08, 0x41, 0x08, 0x41, 0x08, 0x41, 0x08, 0x41, 0x08, 0x41,
    0x08, 0x41, 0x08, 0x41, 0x08, 0x41, 0x08, 0x41, 0x08, 0x41, 0x08, 0x41, 0x08, 0x41, 0x08, 0x41,
    0x08, 0x41, 0x08, 0x41, 0x08, 0x41, 0x08, 0x41, 0x08, 0x41, 0x08, 0x41, 0x08, 0x41, 0x08, 0x41,
    0x08, 0x41, 0x08, 0x41, 0x08, 0x41, 0x08, 0x41, 0x08, 0x41, 0x08, 0x41, 0x08, 0x41, 0x08, 0x41,
    0x08, 0x41, 0x08, 0x41, 0x08, 0x41, 0x08, 0x41, 0x08, 0x41, 0x08, 0x41, 0x08, 0x41, 0x08, 0x41,
    0x08, 0x41, 0x08, 0x41, 0x08, 0x41, 0x08, 0x41, 0x08, 0x41, 0x08, 0x41, 0x08, 0x41, 0x08, 0x41,
    0x08, 0x41, 0x08, 0x41, 0x08, 0x41, 0x08, 0x41, 0x08, 0x41, 0x08, 0x41, 0x08, 0x41, 0x08, 0x41,
    0x08, 0x41, 0x08, 0x41, 0x08, 0x41, 0x08, 0x41, 0x08, 0x41, 0x08, 0x41, 0x08, 0x41, 0x08, 0x41,
    0x08, 0x41, 0x08, 0x41, 0x08, 0x41, 0x08, 0x41, 0x08, 0x41, 0x08, 0x41, 0x08, 0x41, 0x08, 0x41,
    0x08, 0x41, 0x08, 0x41, 0x08, 0x41, 0x08, 0x41, 0x08, 0x41, 0x08, 0x41, 0x08, 0x41, 0x08, 0x41,
    0x08, 0x41, 0x08, 0x41, 0x08, 0x41, 0x08, 0x41, 0x08, 0x41, 0x08, 0x41, 0x08, 0x41, 0x08, 0x41,
    0x08, 0x41, 0x08, 0x41, 0x08, 0x41, 0x08, 0x41, 0x08, 0x41, 0x08, 0x41, 0x08, 0x41, 0x08, 0x41,
    0x08, 0x41, 0x08, 0x41, 0x08, 0x41, 0x08, 0x41, 0x08, 0x41, 0x08, 0x41, 0x08, 0x41, 0x08, 0x41,
    0x08, 0x41, 0x08, 0x41, 0x08, 0x41, 0x08, 0x41, 0x08, 0x41, 0x08, 0x41, 0x08, 0x41, 0x08, 0x41,
    0x08, 0x41, 0x08, 0x41, 0x08, 0x41, 0x08, 0x41, 0x08, 0x41, 0x08, 0x41, 0x08, 0x41, 0x08, 0x41,
    0x08, 0x41, 0x08, 0x41, 0x08, 0x41, 0x08, 0x41, 0x08, 0x41, 0x08, 0x41, 0x08, 0x41, 0x08, 0x41,
    0x08, 0x41, 0x08, 0x41, 0x08, 0x41, 0x08, 0x41, 0x08, 0x41, 0x08, 0x41, 0x08, 0x41, 0x08, 0x41,
    0x08, 0x41, 0x08, 0x41, 0x08, 0x41, 0x08, 0x41, 0x08, 0x41, 0x08, 0x41, 0x08, 0x41, 0x08, 0x41,
    0x08, 0x41, 0x08, 0x41, 0x08, 0x41, 0x08, 0x41, 0x08, 0x41, 0x08, 0x41, 0x08, 0x41, 0x08, 0x41,
    0x08, 0x41, 0x08, 0x41, 0x08, 0x41, 0x08, 0x41, 0x08, 0x41, 0x08, 0x41, 0x08, 0x41, 0x08, 0x41,
    0x08, 0x41, 0x08, 0x41, 0x08, 0x41, 0x08, 0x41, 0x08, 0x41, 0x08, 0x41, 0x08, 0x41, 0x08, 0x41,
    0x08, 0x41, 0x08, 0x41, 0x08, 0x41, 0x08, 0x41, 0x08, 0x41, 0x08, 0x41, 0x08, 0x41, 0x08, 0x41,
    0x08, 0x41, 0x08, 0x41, 0x08, 0x41, 0x08, 0x41, 0x08, 0x41, 0x08, 0x41, 0x08, 0x41, 0x08, 0x41,
    0x08, 0x41, 0x08, 0x41, 0x08, 0x41, 0x08, 0x41, 0x08, 0x41, 0x08, 0x41, 0x08, 0x41, 0x08, 0x41,
    0x08, 0x41, 0x08, 0x41, 0x08, 0x41, 0x08, 0x41, 0x08, 0x41, 0x08, 0x41, 0x08, 0x41, 0x08, 0x41,
    0x08, 0x41, 0x08, 0x41, 0x08, 0x41, 0x08, 0x41, 0x08, 0x41, 0x08, 0x41, 0x08, 0x41, 0x08, 0x41,
    0x08, 0x41, 0x08, 0x41, 0x08, 0x41, 0x08, 0x41, 0x08, 0x41, 0x08, 0x41, 0x08, 0x41, 0x08, 0x41,
    0x08, 0x41, 0x08, 0x41, 0x08, 0x41, 0x08, 0x41, 0x08, 0x41, 0x08, 0x41, 0x08, 0x41, 0x08, 0x41,
    0x08, 0x41, 0x08, 0x41, 0x08, 0x41, 0x08, 0x41, 0x08, 0x41, 0x08, 0x41, 0x08, 0x41, 0x08, 0x41,
    0x08, 0x41, 0x08, 0x41, 0x08, 0x41, 0x08, 0x41, 0x08, 0x41, 0x08, 0x41, 0x08, 0x41, 0x08, 0x41,
    0xef, 0x5c, 0xef, 0x5c, 0xef, 0x5c, 0xef, 0x5c, 0xef, 0x5c, 0xef, 0x5c, 0xef, 0x5c, 0xef, 0x5c,
    0xef, 0x5c, 0xef, 0x5c, 0xef, 0x5c, 0xef, 0x5c, 0xef, 0x5c, 0xef, 0x5c, 0xef, 0x5c, 0xef, 0x5c,
    0xef, 0x5c, 0xef, 0x5c, 0xef, 0x5c, 0xef, 0x5c, 0xef, 0x5c, 0xef, 0x5c, 0xef, 0x5c, 0xef, 0x5c,
    0xef, 0x5c, 0xef, 0x5c, 0xef, 0x5c, 0xef, 0x5c, 0xef, 0x5c, 0xef, 0x5c, 0xef, 0x5c, 0xef, 0x5c,
    0xef, 0x5c, 0xef, 0x5c, 0xef, 0x5c, 0xef, 0x5c, 0xef, 0x5c, 0xef, 0x5c, 0xef, 0x5c, 0xef, 0x5c,
    0xef, 0x5c, 0xef, 0x5c, 0xef, 0x5c, 0xef, 0x5c, 0xef, 0x5c, 0xef, 0x5c, 0xef, 0x5c, 0xef, 0x5c,
    0xef, 0x5c, 0xef, 0x5c, 0xef, 0x5c, 0xef, 0x5c, 0xef, 0x5c, 0xef, 0x5c, 0xef, 0x5c, 0xef, 0x5c,
    0xef, 0x5c, 0xef, 0x5c, 0xef, 0x5c, 0xef, 0x5c, 0xef, 0x5c, 0xef, 0x5c, 0xef, 0x5c, 0xef, 0x5c,
    0xef, 0x5c, 0xef, 0x5c, 0xef, 0x5c, 0xef, 0x5c, 0xef, 0x5c, 0xef, 0x5c, 0xef, 0x5c, 0xef, 0x5c,
    0xef, 0x5c, 0xef, 0x5c, 0xef, 0x5c, 0xef, 0x5c, 0xef, 0x5c, 0xef, 0x5c, 0xef, 0x5c, 0xef, 0x5c,
    0xef, 0x5c, 0xef, 0x5c, 0xef, 0x5c, 0xef, 0x5c, 0xef, 0x5c, 0xef, 0x5c, 0xef, 0x5c, 0xef, 0x5c,
    0xef, 0x5c, 0xef, 0x5c, 0xef, 0x5c, 0xef, 0x5c, 0xef, 0x5c, 0xef, 0x5c, 0xef, 0x5c, 0xef, 0x5c,
    0xef, 0x5c, 0xef, 0x5c, 0xef, 0x5c, 0xef, 0x5c, 0x08, 0x41, 0x08, 0x41, 0x08, 0x41, 0x08, 0x41,
    0x08, 0x41, 0x08, 0x41, 0x08, 0x41, 0x08, 0x41, 0xef, 0x5c, 0xef, 0x5c, 0xef, 0x5c, 0xef, 0x5c,
    0xef, 0x5c, 0xef, 0x5c, 0xef, 0x5c, 0xef, 0x5c, 0xef, 0x5c, 0xef, 0x5c, 0xef, 0x5c, 0xef, 0x5c,
    0xef, 0x5c, 0xef, 0x5c, 0xef, 0x5c, 0xef, 0x5c, 0xef, 0x5c, 0xef, 0x5c, 0xef, 0x5c, 0xef, 0x5c,
    0xef, 0x5c, 0xef, 0x5c, 0xef, 0x5c, 0xef, 0x5c, 0xef, 0x5c, 0xef, 0x5c, 0xef, 0x5c, 0xef, 0x5c,
    0xef, 0x5c, 0xef, 0x5c, 0xef, 0x5c, 0xef, 0x5c, 0xef, 0x5c, 0xef, 0x5c, 0xef, 0x5c, 0xef, 0x5c,
    0xef, 0x5c, 0xef, 0x5c, 0xef, 0x5c, 0xef, 0x5c, 0xef, 0x5c, 0xef, 0x5c, 0xef, 0x5c, 0xef, 0x5c,
    0xef, 0x5c, 0xef, 0x5c, 0xef, 0x5c, 0xef, 0x5c, 0xef, 0x5c, 0xef, 0x5c, 0xef, 0x5c, 0xef, 0x5c,
    0xef, 0x5c, 0xef, 0x5c, 0xef, 0x5c, 0xef, 0x5c, 0xef, 0x5c, 0xef, 0x5c, 0xef, 0x5c, 0xef, 0x5c,
    0xef, 0x5c, 0xef, 0x5c, 0xef, 0x5c, 0xef, 0x5c, 0xef, 0x5c, 0xef, 0x5c, 0xef, 0x5c, 0xef, 0x5c,
    0xef, 0x5c, 0xef, 0x5c, 0xef, 0x5c, 0xef, 0x5c, 0xef, 0x5c, 0xef, 0x5c, 0xef, 0x5c, 0xef, 0x5c,
    0xef, 0x5c, 0xef, 0x5c, 0xef, 0x5c, 0xef, 0x5c, 0xef, 0x5c, 0xef, 0x5c, 0xef, 0x5c, 0xef, 0x5c,
    0xef, 0x5c, 0xef, 0x5c, 0xef, 0x5c, 0xef, 0x5c, 0xef, 0x5c, 0xef, 0x5c, 0xef, 0x5c, 0xef, 0x5c,
    0xef, 0x5c, 0xef, 0x5c, 0xef, 0x5c, 0xef, 0x5c, 0xef, 0x5c, 0xef, 0x5c, 0xef, 0x5c, 0xef, 0x5c,
    0x08, 0x41, 0x08, 0x41, 0x08, 0x41, 0x08, 0x41, 0x08, 0x41, 0x08, 0x41, 0x08, 0x41, 0x08, 0x41,
    0x08, 0x41, 0x08, 0x41, 0x08, 0x41, 0x08, 0x41, 0x08, 0x41, 0x08, 0x41, 0x08, 0x41, 0x08, 0x41,
    0x08, 0x41, 0x08, 0x41, 0x08, 0x41, 0x08, 0x41, 0x08, 0x41, 0x08, 0x41, 0x08, 0x41, 0x08, 0x41,
    0x08, 0x41, 0x08, 0x41, 0x08, 0x41, 0x08, 0x41, 0x08, 0x41, 0x08, 0x41, 0x08, 0x41, 0x08, 0x41,
    0xef, 0x5c, 0x10, 0x82, 0x10, 0x82, 0x10, 0x82, 0x10, 0x82, 0x10, 0x82, 0x10, 0x82, 0x10, 0x82,
    0x10, 0x82, 0x10, 0x82, 0x10, 0x82, 0x10, 0x82, 0x10, 0x82, 0x10, 0x82, 0x10, 0x82, 0x10, 0x82,
    0x10, 0x82, 0x10, 0x82, 0x10, 0x82, 0x10, 0x82, 0x10, 0x82, 0x10, 0x82, 0x10, 0x82, 0x10, 0x82,
    0x10, 0x82, 0x10, 0x82, 0x10, 0x82, 0x10, 0x82, 0x10, 0x82, 0x10, 0x82, 0x10, 0x82, 0x10, 0x82,
    0x10, 0x82, 0x10, 0x82, 0x10, 0x82, 0x10, 0x82, 0x10, 0x82, 0x10, 0x82, 0x10, 0x82, 0x10, 0x82,
    0x10, 0x82, 0x10, 0x82, 0x10, 0x82, 0x10, 0x82, 0x10, 0x82, 0x10, 0x82, 0x10, 0x82, 0x10, 0x82,
    0x10, 0x82, 0x10, 0x82, 0x10, 0x82, 0x10, 0x82, 0x10, 0x82, 0x10, 0x82, 0x10, 0x82, 0x10, 0x82,
    0x10, 0x82, 0x10, 0x82, 0x10, 0x82, 0x10, 0x82, 0x10, 0x82, 0x10, 0x82, 0x10, 0x82, 0x10, 0x82,
    0x10, 0x82, 0x10, 0x82, 0x10, 0x82, 0x10, 0x82, 0x10, 0x82, 0x10, 0x82, 0x10, 0x82, 0x10, 0x82,
    0x10, 0x82, 0x10, 0x82, 0x10, 0x82, 0x10, 0x82, 0x10, 0x82, 0x10, 0x82, 0x10, 0x82, 0x10, 0x82,
    0x10, 0x82, 0x10, 0x82, 0x10, 0x82, 0x10, 0x82, 0x10, 0x82, 0x10, 0x82, 0x10, 0x82, 0x10, 0x82,
    0x10, 0x82, 0x10, 0x82, 0x10, 0x82, 0x10, 0x82, 0x10, 0x82, 0x10, 0x82, 0x10, 0x82, 0x10, 0x82,
    0x10, 0x82, 0x10, 0x82, 0x10, 0x82, 0xef, 0x5c, 0x08, 0x41, 0x08, 0x41, 0x08, 0x41, 0x08, 0x41,
    0x08, 0x41, 0x08, 0x41, 0x08, 0x41, 0x08, 0x41, 0xef, 0x5c, 0x10, 0x82, 0x10, 0x82, 0x10, 0x82,
    0x10, 0x82, 0x10, 0x82, 0x10, 0x82, 0x10, 0x82, 0x10, 0x82, 0x10, 0x82, 0x10, 0x82, 0x10, 0x82,
    0x10, 0x82, 0x10, 0x82, 0x10, 0x82, 0x10, 0x82, 0x10, 0x82, 0x10, 0x82, 0x10, 0x82, 0x10, 0x82,
    0x10, 0x82, 0x10, 0x82, 0x10, 0x82, 0x10, 0x82, 0x10, 0x82, 0x10, 0x82, 0x10, 0x82, 0x10, 0x82,
    0x10, 0x82, 0x10, 0x82, 0x10, 0x82, 0x10, 0x82, 0x10, 0x82, 0x10, 0x82, 0x10, 0x82, 0x10, 0x82,
    0x10, 0x82, 0x10, 0x82, 0x10, 0x82, 0x10, 0x82, 0x10, 0x82, 0x10, 0x82, 0x10, 0x82, 0x10, 0x82,
    0x10, 0x82, 0x10, 0x82, 0x10, 0x82, 0x10, 0x82, 0x10, 0x82, 0x10, 0x82, 0x10, 0x82, 0x10, 0x82,
    0x10, 0x82, 0x10, 0x82, 0x10, 0x82, 0x10, 0x82, 0x10, 0x82, 0x10, 0x82, 0x10, 0x82, 0x10, 0x82,
    0x10, 0x82, 0x10, 0x82, 0x10, 0x82, 0x10, 0x82, 0x10, 0x82, 0x10, 0x82, 0x10, 0x82, 0x10, 0x82,
    0x10, 0x82, 0x10, 0x82, 0x10, 0x82, 0x10, 0x82, 0x10, 0x82, 0x10, 0x82, 0x10, 0x82, 0x10, 0x82,
    0x10, 0x82, 0x10, 0x82, 0x10, 0x82, 0x10, 0x82, 0x10, 0x82, 0x10, 0x82, 0x10, 0x82, 0x10, 0x82,
    0x10, 0x82, 0x10, 0x82, 0x10, 0x82, 0x10, 0x82, 0x10, 0x82, 0x10, 0x82, 0x10, 0x82, 0x10, 0x82,
    0x10, 0x82, 0x10, 0x82, 0x10, 0x82, 0x10, 0x82, 0x10, 0x82, 0x10, 0x82, 0x10, 0x82, 0xef, 0x5c,
    0x08, 0x41, 0x08, 0x41, 0x08, 0x41, 0x08, 0x41, 0x08, 0x41, 0x08, 0x41, 0x08, 0x41, 0x08, 0x41,
    0x08, 0x41, 0x08, 0x41, 0x08, 0x41, 0x08, 0x41, 0x08, 0x41, 0x08, 0x41, 0x08, 0x41, 0x08, 0x41,
    0x08, 0x41, 0x08, 0x41, 0x08, 0x41, 0x08, 0x41, 0x08, 0x41, 0x08, 0x41, 0x08, 0x41, 0x08, 0x41,
    0x08, 0x41, 0x08, 0x41, 0x08, 0x41, 0x08, 0x41, 0x08, 0x41, 0x08, 0x41, 0x08, 0x41, 0x08, 0x41,
    0xef, 0x5c, 0x10, 0x82, 0x10, 0x82, 0x10, 0x82, 0x10, 0x82, 0x10, 0x82, 0x10, 0x82, 0x10, 0x82,
    0x10, 0x82, 0x10, 0x82, 0x10, 0x82, 0x10, 0x82, 0x10, 0x82, 0x10, 0x82, 0x10, 0x82, 0x10, 0x82,
    0x10, 0x82, 0x10, 0x82, 0x10, 0x82, 0x10, 0x82, 0x10, 0x82, 0x10, 0x82, 0x10, 0x82, 0x10, 0x82,
    0x10, 0x82, 0x10, 0x82, 0x10, 0x82, 0x10, 0x82, 0x10, 0x82, 0x10, 0x82, 0x10, 0x82, 0x10, 0x82,
    0x10, 0x82, 0x10, 0x82, 0x10, 0x82, 0x10, 0x82, 0x10, 0x82, 0x10, 0x82, 0x10, 0x82, 0x10, 0x82,
    0x10, 0x82, 0x10, 0x82, 0x10, 0x82, 0x10, 0x82, 0x10, 0x82, 0x10, 0x82, 0x10, 0x82, 0x10, 0x82,
    0x10, 0x82, 0x10, 0x82, 0x10, 0x82, 0x10, 0x82, 0x10, 0x82, 0x10, 0x82, 0x10, 0x82, 0x10, 0x82,
    0x10, 0x82, 0x10, 0x82, 0x10, 0x82, 0x10, 0x82, 0x10, 0x82, 0x10, 0x82, 0x10, 0x82, 0x10, 0x82,
    0x10, 0x82, 0x10, 0x82, 0x10, 0x82, 0x10, 0x82, 0x10, 0x82, 0x10, 0x82, 0x10, 0x82, 0x10, 0x82,
    0x10, 0x82, 0x10, 0x82, 0x10, 0x82, 0x10, 0x82, 0x10, 0x82, 0x10, 0x82, 0x10, 0x82, 0x10, 0x82,
    0x10, 0x82, 0x10, 0x82, 0x10, 0x82, 0x10, 0x82, 0x10, 0x82, 0x10, 0x82, 0x10, 0x82, 0x10, 0x82,
    0x10, 0x82, 0x10, 0x82, 0x10, 0x82, 0x10, 0x82, 0x10, 0x82, 0x10, 0x82, 0x10, 0x82, 0x10, 0x82,
    0x10, 0x82, 0x10, 0x82, 0x10, 0x82, 0xef, 0x5c, 0x08, 0x41, 0x08, 0x41, 0x08, 0x41, 0x08, 0x41,
    0x08, 0x41, 0x08, 0x41, 0x08, 0x41, 0x08, 0x41, 0xef, 0x5c, 0x10, 0x82, 0x10, 0x82, 0x10, 0x82,
    0x10, 0x82, 0x10, 0x82, 0x10, 0x82, 0x10, 0x82, 0x10, 0x82, 0x10, 0x82, 0x10, 0x82, 0x10, 0x82,
    0x10, 0x82, 0x10, 0x82, 0x10, 0x82, 0x10, 0x82, 0x10, 0x82, 0x10, 0x82, 0x10, 0x82, 0x10, 0x82,
    0x10, 0x82, 0x10, 0x82, 0x10, 0x82, 0x10, 0x82, 0x10, 0x82, 0x10, 0x82, 0x10, 0x82, 0x10, 0x82,
    0x10, 0x82, 0x10, 0x82, 0x10, 0x82, 0x10, 0x82, 0x10, 0x82, 0x10, 0x82, 0x10, 0x82, 0x10, 0x82,
    0x10, 0x82, 0x10, 0x82, 0x10, 0x82, 0x10, 0x82, 0x10, 0x82, 0x10, 0x82, 0x10, 0x82, 0x10, 0x82,
    0x10, 0x82, 0x10, 0x82, 0x10, 0x82, 0x10, 0x82, 0x10, 0x82, 0x10, 0x82, 0x10, 0x82, 0x10, 0x82,
    0x10, 0x82, 0x10, 0x82, 0x10, 0x82, 0x10, 0x82, 0x10, 0x82, 0x10, 0x82, 0x10, 0x82, 0x10, 0x82,
    0x10, 0x82, 0x10, 0x82, 0x10, 0x82, 0x10, 0x82, 0x10, 0x82, 0x10, 0x82, 0x10, 0x82, 0x10, 0x82,
    0x10, 0x82, 0x10, 0x82, 0x10, 0x82, 0x10, 0x82, 0x10, 0x82, 0x10, 0x82, 0x10, 0x82, 0x10, 0x82,
    0x10, 0x82, 0x10, 0x82, 0x10, 0x82, 0x10, 0x82, 0x10, 0x82, 0x10, 0x82, 0x10, 0x82, 0x10, 0x82,
    0x10, 0x82, 0x10, 0x82, 0x10, 0x82, 0x10, 0x82, 0x10, 0x82, 0x10, 0x82, 0x10, 0x82, 0x10, 0x82,
    0x10, 0x82, 0x10, 0x82, 0x10, 0x82, 0x10, 0x82, 0x10, 0x82, 0x10, 0x82, 0x10, 0x82, 0xef, 0x5c,
    0x08, 0x41, 0x08, 0x41, 0x08, 0x41, 0x08, 0x41, 0x08, 0x41, 0x08, 0x41, 0x08, 0x41, 0x08, 0x41,
    0x08, 0x41, 0x08, 0x41, 0x08, 0x41, 0x08, 0x41, 0x08, 0x41, 0x08, 0x41, 0x08, 0x41, 0x08, 0x41,
    0x08, 0x41, 0x08, 0x41, 0x08, 0x41, 0x08, 0x41, 0x08, 0x41, 0x08, 0x41, 0x08, 0x41, 0x08, 0x41,
    0x08, 0x41, 0x08, 0x41, 0x08, 0x41, 0x08, 0x41, 0x08, 0x41, 0x08, 0x41, 0x08, 0x41, 0x08, 0x41,
    0xef, 0x5c, 0x10, 0x82, 0x10, 0x82, 0x10, 0x82, 0x10, 0x82, 0x10, 0x82, 0x10, 0x82, 0x10, 0x82,
    0x10, 0x82, 0x10, 0x82, 0x10, 0x82, 0x10, 0x82, 0x10, 0x82, 0x10, 0x82, 0x10, 0x82, 0x10, 0x82,
    0x10, 0x82, 0x10, 0x82, 0x10, 0x82, 0x10, 0x82, 0x10, 0x82, 0x10, 0x82, 0x10, 0x82, 0x10, 0x82,
    0x10, 0x82, 0x10, 0x82, 0x10, 0x82, 0x10, 0x82, 0x10, 0x82, 0x10, 0x82, 0x10, 0x82, 0x10, 0x82,
    0x10, 0x82, 0x10, 0x82, 0x10, 0x82, 0x10, 0x82, 0x10, 0x82, 0x10, 0x82, 0x10, 0x82, 0x10, 0x82,
    0x10, 0x82, 0x10, 0x82, 0x10, 0x82, 0x10, 0x82, 0x10, 0x82, 0x10, 0x82, 0x10, 0x82, 0x10, 0x82,
    0x10, 0x82, 0x10, 0x82, 0x10, 0x82, 0x10, 0x82, 0x10, 0x82, 0x10, 0x82, 0x10, 0x82, 0x10, 0x82,
    0x10, 0x82, 0x10, 0x82, 0x10, 0x82, 0x10, 0x82, 0x10, 0x82, 0x10, 0x82, 0x10, 0x82, 0x10, 0x82,
    0x10, 0x82, 0x10, 0x82, 0x10, 0x82, 0x10, 0x82, 0x10, 0x82, 0x10, 0x82, 0x10, 0x82, 0x10, 0x82,
    0x10, 0x82, 0x10, 0x82, 0x10, 0x82, 0x10, 0x82, 0x10, 0x82, 0x10, 0x82, 0x10, 0x82, 0x10, 0x82,
    0x10, 0x82, 0x10, 0x82, 0x10, 0x82, 0x10, 0x82, 0x10, 0x82, 0x10, 0x82, 0x10, 0x82, 0x10, 0x82,
    0x10, 0x82, 0x10, 0x82, 0x10, 0x82, 0x10, 0x82, 0x10, 0x82, 0x10, 0x82, 0x10, 0x82, 0x10, 0x82,
    0x10, 0x82, 0x10, 0x82, 0x10, 0x82, 0xef, 0x5c, 0x08, 0x41, 0x08, 0x41, 0x08, 0x41, 0x08, 0x41,
    0x08, 0x41, 0x08, 0x41, 0x08, 0x41, 0x08, 0x41, 0xef, 0x5c, 0x10, 0x82, 0x10, 0x82, 0x10, 0x82,
    0x10, 0x82, 0x10, 0x82, 0x10, 0x82, 0x10, 0x82, 0x10, 0x82, 0x10, 0x82, 0x10, 0x82, 0x10, 0x82,
    0x10, 0x82, 0x10, 0x82, 0x10, 0x82, 0x10, 0x82, 0x10, 0x82, 0x10, 0x82, 0x10, 0x82, 0x10, 0x82,
    0x10, 0x82, 0x10, 0x82, 0x10, 0x82, 0x10, 0x82, 0x10, 0x82, 0x10, 0x82, 0x10, 0x82, 0x10, 0x82,
    0x10, 0x82, 0x10, 0x82, 0x10, 0x82, 0x10, 0x82, 0x10, 0x82, 0x10, 0x82, 0x10, 0x82, 0x10, 0x82,
    0x10, 0x82, 0x10, 0x82, 0x10, 0x82, 0x10, 0x82, 0x10, 0x82, 0x10, 0x82, 0x10, 0x82, 0x10, 0x82,
    0x10, 0x82, 0x10, 0x82, 0x10, 0x82, 0x10, 0x82, 0x10, 0x82, 0x10, 0x82, 0x10, 0x82, 0x10, 0x82,
    0x10, 0x82, 0x10, 0x82, 0x10, 0x82, 0x10, 0x82, 0x10, 0x82, 0x10, 0x82, 0x10, 0x82, 0x10, 0x82,
    0x10, 0x82, 0x10, 0x82, 0x10, 0x82, 0x10, 0x82, 0x10, 0x82, 0x10, 0x82, 0x10, 0x82, 0x10, 0x82,
    0x10, 0x82, 0x10, 0x82, 0x10, 0x82, 0x10, 0x82, 0x10, 0x82, 0x10, 0x82, 0x10, 0x82, 0x10, 0x82,
    0x10, 0x82, 0x10, 0x82, 0x10, 0x82, 0x10, 0x82, 0x10, 0x82, 0x10, 0x82, 0x10, 0x82, 0x10, 0x82,
    0x10, 0x82, 0x10, 0x82, 0x10, 0x82, 0x10, 0x82, 0x10, 0x82, 0x10, 0x82, 0x10, 0x82, 0x10, 0x82,
    0x10, 0x82, 0x10, 0x82, 0x10, 0x82, 0x10, 0x82, 0x10, 0x82, 0x10, 0x82, 0x10, 0x82, 0xef, 0x5c,
    0x08, 0x41, 0x08, 0x41, 0x08, 0x41, 0x08, 0x41, 0x08, 0x41, 0x08, 0x41, 0x08, 0x41, 0x08, 0x41,
    0x08, 0x41, 0x08, 0x41, 0x08, 0x41, 0x08, 0x41, 0x08, 0x41, 0x08, 0x41, 0x08, 0x41, 0x08, 0x41,
    0x08, 0x41, 0x08, 0x41, 0x08, 0x41, 0x08, 0x41, 0x08, 0x41, 0x08, 0x41, 0x08, 0x41, 0x08, 0x41,
    0x08, 0x41, 0x08, 0x41, 0x08, 0x41, 0x08, 0x41, 0x08, 0x41, 0x08, 0x41, 0x08, 0x41, 0x08, 0x41,
    0xef, 0x5c, 0x10, 0x82, 0x10, 0x82, 0x10, 0x82, 0x10, 0x82, 0x10, 0x82, 0x10, 0x82, 0x10, 0x82,
    0x10, 0x82, 0x10, 0x82, 0x10, 0x82, 0x10, 0x82, 0x10, 0x82, 0x10, 0x82, 0x10, 0x82, 0x10, 0x82,
    0x10, 0x82, 0x10, 0x82, 0x10, 0x82, 0x10, 0x82, 0x10, 0x82, 0x10, 0x82, 0x10, 0x82, 0x10, 0x82,
    0x10, 0x82, 0x10, 0x82, 0x10, 0x82, 0x10, 0x82, 0x10, 0x82, 0x10, 0x82, 0x10, 0x82, 0x10, 0x82,
    0x10, 0x82, 0x10, 0x82, 0x10, 0x82, 0x10, 0x82, 0x10, 0x82, 0x10, 0x82, 0x10, 0x82, 0x10, 0x82,
    0x10, 0x82, 0x10, 0x82, 0x10, 0x82, 0x10, 0x82, 0x10, 0x82, 0x10, 0x82, 0x10, 0x82, 0x10, 0x82,
    0x10, 0x82, 0x10, 0x82, 0x10, 0x82, 0x10, 0x82, 0x10, 0x82, 0x10, 0x82, 0x10, 0x82, 0x10, 0x82,
    0x10, 0x82, 0x10, 0x82, 0x10, 0x82, 0x10, 0x82, 0x10, 0x82, 0x10, 0x82, 0x10, 0x82, 0x10, 0x82,
    0x10, 0x82, 0x10, 0x82, 0x10, 0x82, 0x10, 0x82, 0x10, 0x82, 0x10, 0x82, 0x10, 0x82, 0x10, 0x82,
    0x10, 0x82, 0x10, 0x82, 0x10, 0x82, 0x10, 0x82, 0x10, 0x82, 0x10, 0x82, 0x10, 0x82, 0x10, 0x82,
    0x10, 0x82, 0x10, 0x82, 0x10, 0x82, 0x10, 0x82, 0x10, 0x82, 0x10, 0x82, 0x10, 0x82, 0x10, 0x82,
    0x10, 0x82, 0x10, 0x82, 0x10, 0x82, 0x10, 0x82, 0x10, 0x82, 0x10, 0x82, 0x10, 0x82, 0x10, 0x82,
    0x10, 0x82, 0x10, 0x82, 0x10, 0x82, 0xef, 0x5c, 0x08, 0x41, 0x08, 0x41, 0x08, 0x41, 0x08, 0x41,
    0x08, 0x41, 0x08, 0x41, 0x08, 0x41, 0x08, 0x41, 0xef, 0x5c, 0x10, 0x82, 0x10, 0x82, 0x10, 0x82,
    0x10, 0x82, 0x10, 0x82, 0x10, 0x82, 0x10, 0x82, 0x10, 0x82, 0x10, 0x82, 0x10, 0x82, 0x10, 0x82,
    0x10, 0x82, 0x10, 0x82, 0x10, 0x82, 0x10, 0x82, 0x10, 0x82, 0x10, 0x82, 0x10, 0x82, 0x10, 0x82,
    0x10, 0x82, 0x10, 0x82, 0x10, 0x82, 0x10, 0x82, 0x10, 0x82, 0x10, 0x82, 0x10, 0x82, 0x10, 0x82,
    0x10, 0x82, 0x10, 0x82, 0x10, 0x82, 0x10, 0x82, 0x10, 0x82, 0x10, 0x82, 0x10, 0x82, 0x10, 0x82,
    0x10, 0x82, 0x10, 0x82, 0x10, 0x82, 0x10, 0x82, 0x10, 0x82, 0x10, 0x82, 0x10, 0x82, 0x10, 0x82,
    0x10, 0x82, 0x10, 0x82, 0x10, 0x82, 0x10, 0x82, 0x10, 0x82, 0x10, 0x82, 0x10, 0x82, 0x10, 0x82,
    0x10, 0x82, 0x10, 0x82, 0x10, 0x82, 0x10, 0x82, 0x10, 0x82, 0x10, 0x82, 0x10, 0x82, 0x10, 0x82,
    0x10, 0x82, 0x10, 0x82, 0x10, 0x82, 0x10, 0x82, 0x10, 0x82, 0x10, 0x82, 0x10, 0x82, 0x10, 0x82,
    0x10, 0x82, 0x10, 0x82, 0x10, 0x82, 0x10, 0x82, 0x10, 0x82, 0x10, 0x82, 0x10, 0x82, 0x10, 0x82,
    0x10, 0x82, 0x10, 0x82, 0x10, 0x82, 0x10, 0x82, 0x10, 0x82, 0x10, 0x82, 0x10, 0x82, 0x10, 0x82,
    0x10, 0x82, 0x10, 0x82, 0x10, 0x82, 0x10, 0x82, 0x10, 0x82, 0x10, 0x82, 0x10, 0x82, 0x10, 0x82,
    0x10, 0x82, 0x10, 0x82, 0x10, 0x82, 0x10, 0x82, 0x10, 0x82, 0x10, 0x82, 0x10, 0x82, 0xef, 0x5c,
    0x08, 0x41, 0x08, 0x41, 0x08, 0x41, 0x08, 0x41, 0x08, 0x41, 0x08, 0x41, 0x08, 0x41, 0x08, 0x41,
    0x08, 0x41, 0x08, 0x41, 0x08, 0x41, 0x08, 0x41, 0x08, 0x41, 0x08, 0x41, 0x08, 0x41, 0x08, 0x41,
    0x08, 0x41, 0x08, 0x41, 0x08, 0x41, 0x08, 0x41, 0x08, 0x41, 0x08, 0x41, 0x08, 0x41, 0x08, 0x41,
    0x08, 0x41, 0x08, 0x41, 0x08, 0x41, 0x08, 0x41, 0x08, 0x41, 0x08, 0x41, 0x08, 0x41, 0x08, 0x41,
    0xef, 0x5c, 0x10, 0x82, 0x10, 0x82, 0x10, 0x82, 0x10, 0x82, 0x10, 0x82, 0x10, 0x82, 0x10, 0x82,
    0x10, 0x82, 0x10, 0x82, 0x10, 0x82, 0x10, 0x82, 0x10, 0x82, 0x10, 0x82, 0x10, 0x82, 0x10, 0x82,
    0x10, 0x82, 0x10, 0x82, 0x10, 0x82, 0x10, 0x82, 0x10, 0x82, 0x10, 0x82, 0x10, 0x82, 0x10, 0x82,
    0x10, 0x82, 0x10, 0x82, 0x10, 0x82, 0x10, 0x82, 0x10, 0x82, 0x10, 0x82, 0x10, 0x82, 0x10, 0x82,
    0x10, 0x82, 0x10, 0x82, 0x10, 0x82, 0x10, 0x82, 0x10, 0x82, 0x10, 0x82, 0x10, 0x82, 0x10, 0x82,
    0x10, 0x82, 0x10, 0x82, 0x10, 0x82, 0x10, 0x82, 0x10, 0x82, 0x10, 0x82, 0x10, 0x82, 0x10, 0x82,
    0x10, 0x82, 0x10, 0x82, 0x10, 0x82, 0x10, 0x82, 0x10, 0x82, 0x10, 0x82, 0x10, 0x82, 0x10, 0x82,
    0x10, 0x82, 0x10, 0x82, 0x10, 0x82, 0x10, 0x82, 0x10, 0x82, 0x10, 0x82, 0x10, 0x82, 0x10, 0x82,
    0x10, 0x82, 0x10, 0x82, 0x10, 0x82, 0x10, 0x82, 0x10, 0x82, 0x10, 0x82, 0x10, 0x82, 0x10, 0x82,
    0x10, 0x82, 0x10, 0x82, 0x10, 0x82, 0x10, 0x82, 0x10, 0x82, 0x10, 0x82, 0x10, 0x82, 0x10, 0x82,
    0x10, 0x82, 0x10, 0x82, 0x10, 0x82, 0x10, 0x82, 0x10, 0x82, 0x10, 0x82, 0x10, 0x82, 0x10, 0x82,
    0x10, 0x82, 0x10, 0x82, 0x10, 0x82, 0x10, 0x82, 0x10, 0x82, 0x10, 0x82, 0x10, 0x82, 0x10, 0x82,
    0x10, 0x82, 0x10, 0x82, 0x10, 0x82, 0xef, 0x5c, 0x08, 0x41, 0x08, 0x41, 0x08, 0x41, 0x08, 0x41,
    0x08, 0x41, 0x08, 0x41, 0x08, 0x41, 0x08, 0x41, 0xef, 0x5c, 0x10, 0x82, 0x10, 0x82, 0x10, 0x82,
    0x10, 0x82, 0x10, 0x82, 0x10, 0x82, 0x10, 0x82, 0x10, 0x82, 0x10, 0x82, 0x10, 0x82, 0x10, 0x82,
    0x10, 0x82, 0x10, 0x82, 0x10, 0x82, 0x10, 0x82, 0x10, 0x82, 0x10, 0x82, 0x10, 0x82, 0x10, 0x82,
    0x10, 0x82, 0x10, 0x82, 0x10, 0x82, 0x10, 0x82, 0x10, 0x82, 0x10, 0x82, 0x10, 0x82, 0x10, 0x82,
    0x10, 0x82, 0x10, 0x82, 0x10, 0x82, 0x10, 0x82, 0x10, 0x82, 0x10, 0x82, 0x10, 0x82, 0x10, 0x82,
    0x10, 0x82, 0x10, 0x82, 0x10, 0x82, 0x10, 0x82, 0x10, 0x82, 0x10, 0x82, 0x10, 0x82, 0x10, 0x82,
    0x10, 0x82, 0x10, 0x82, 0x10, 0x82, 0x10, 0x82, 0x10, 0x82, 0x10, 0x82, 0x10, 0x82, 0x10, 0x82,
    0x10, 0x82, 0x10, 0x82, 0x10, 0x82, 0x10, 0x82, 0x10, 0x82, 0x10, 0x82, 0x10, 0x82, 0x10, 0x82,
    0x10, 0x82, 0x10, 0x82, 0x10, 0x82, 0x10, 0x82, 0x10, 0x82, 0x10, 0x82, 0x10, 0x82, 0x10, 0x82,
    0x10, 0x82, 0x10, 0x82, 0x10, 0x82, 0x10, 0x82, 0x10, 0x82, 0x10, 0x82, 0x10, 0x82, 0x10, 0x82,
    0x10, 0x82, 0x10, 0x82, 0x10, 0x82, 0x10, 0x82, 0x10, 0x82, 0x10, 0x82, 0x10, 0x82, 0x10, 0x82,
    0x10, 0x82, 0x10, 0x82, 0x10, 0x82, 0x10, 0x82, 0x10, 0x82, 0x10, 0x82, 0x10, 0x82, 0x10, 0x82,
    0x10, 0x82, 0x10, 0x82, 0x10, 0x82, 0x10, 0x82, 0x10, 0x82, 0x10, 0x82, 0x10, 0x82, 0xef, 0x5c,
    0x08, 0x41, 0x08, 0x41, 0x08, 0x41, 0x08, 0x41, 0x08, 0x41, 0x08, 0x41, 0x08, 0x41, 0x08, 0x41,
    0x08, 0x41, 0x08, 0x41, 0x08, 0x41, 0x08, 0x41, 0x08, 0x41, 0x08, 0x41, 0x08, 0x41, 0x08, 0x41,
    0x08, 0x41, 0x08, 0x41, 0x08, 0x41, 0x08, 0x41, 0x08, 0x41, 0x08, 0x41, 0x08, 0x41, 0x08, 0x41,
    0x08, 0x41, 0x08, 0x41, 0x08, 0x41, 0x08, 0x41, 0x08, 0x41, 0x08, 0x41, 0x08, 0x41, 0x08, 0x41,
    0xef, 0x5c, 0x10, 0x82, 0x10, 0x82, 0x10, 0x82, 0x10, 0x82, 0x10, 0x82, 0x10, 0x82, 0x10, 0x82,
    0x10, 0x82, 0x10, 0x82, 0x10, 0x82, 0x10, 0x82, 0x10, 0x82, 0x10, 0x82, 0x10, 0x82, 0x10, 0x82,
    0x10, 0x82, 0x10, 0x82, 0x10, 0x82, 0x10, 0x82, 0x10, 0x82, 0x10, 0x82, 0x10, 0x82, 0x10, 0x82,
    0x10, 0x82, 0x10, 0x82, 0x10, 0x82, 0x10, 0x82, 0x10, 0x82, 0x10, 0x82, 0x10, 0x82, 0x10, 0x82,
    0x10, 0x82, 0x10, 0x82, 0x10, 0x82, 0x10, 0x82, 0x10, 0x82, 0x10, 0x82, 0x10, 0x82, 0x10, 0x82,
    0x10, 0x82, 0x10, 0x82, 0x10, 0x82, 0x10, 0x82, 0x10, 0x82, 0x10, 0x82, 0x10, 0x82, 0x10, 0x82,
    0x10, 0x82, 0x10, 0x82, 0x10, 0x82, 0x10, 0x82, 0x10, 0x82, 0x10, 0x82, 0x10, 0x82, 0x10, 0x82,
    0x10, 0x82, 0x10, 0x82, 0x10, 0x82, 0x10, 0x82, 0x10, 0x82, 0x10, 0x82, 0x10, 0x82, 0x10, 0x82,
    0x10, 0x82, 0x10, 0x82, 0x10, 0x82, 0x10, 0x82, 0x10, 0x82, 0x10, 0x82, 0x10, 0x82, 0x10, 0x82,
    0x10, 0x82, 0x10, 0x82, 0x10, 0x82, 0x10, 0x82, 0x10, 0x82, 0x10, 0x82, 0x10, 0x82, 0x10, 0x82,
    0x10, 0x82, 0x10, 0x82, 0x10, 0x82, 0x10, 0x82, 0x10, 0x82, 0x10, 0x82, 0x10, 0x82, 0x10, 0x82,
    0x10, 0x82, 0x10, 0x82, 0x10, 0x82, 0x10, 0x82, 0x10, 0x82, 0x10, 0x82, 0x10, 0x82, 0x10, 0x82,
    0x10, 0x82, 0x10, 0x82, 0x10, 0x82, 0xef, 0x5c, 0x08, 0x41, 0x08, 0x41, 0x08, 0x41, 0x08, 0x41,
    0x08, 0x41, 0x08, 0x41, 0x08, 0x41, 0x08, 0x41, 0xef, 0x5c, 0x10, 0x82, 0x10, 0x82, 0x10, 0x82,
    0x10, 0x82, 0x10, 0x82, 0x10, 0x82, 0x10, 0x82, 0x10, 0x82, 0x10, 0x82, 0x10, 0x82, 0x10, 0x82,
    0x10, 0x82, 0x10, 0x82, 0x10, 0x82, 0x10, 0x82, 0x10, 0x82, 0x10, 0x82, 0x10, 0x82, 0x10, 0x82,
    0x10, 0x82, 0x10, 0x82, 0x10, 0x82, 0x10, 0x82, 0x10, 0x82, 0x10, 0x82, 0x10, 0x82, 0x10, 0x82,
    0x10, 0x82, 0x10, 0x82, 0x10, 0x82, 0x10, 0x82, 0x10, 0x82, 0x10, 0x82, 0x10, 0x82, 0x10, 0x82,
    0x10, 0x82, 0x10, 0x82, 0x10, 0x82, 0x10, 0x82, 0x10, 0x82, 0x10, 0x82, 0x10, 0x82, 0x10, 0x82,
    0x10, 0x82, 0x10, 0x82, 0x10, 0x82, 0x10, 0x82, 0x10, 0x82, 0x10, 0x82, 0x10, 0x82, 0x10, 0x82,
    0x10, 0x82, 0x10, 0x82, 0x10, 0x82, 0x10, 0x82, 0x10, 0x82, 0x10, 0x82, 0x10, 0x82, 0x10, 0x82,
    0x10, 0x82, 0x10, 0x82, 0x10, 0x82, 0x10, 0x82, 0x10, 0x82, 0x10, 0x82, 0x10, 0x82, 0x10, 0x82,
    0x10, 0x82, 0x10, 0x82, 0x10, 0x82, 0x10, 0x82, 0x10, 0x82, 0x10, 0x82, 0x10, 0x82, 0x10, 0x82,
    0x10, 0x82, 0x10, 0x82, 0x10, 0x82, 0x10, 0x82, 0x10, 0x82, 0x10, 0x82, 0x10, 0x82, 0x10, 0x82,
    0x10, 0x82, 0x10, 0x82, 0x10, 0x82, 0x10, 0x82, 0x10, 0x82, 0x10, 0x82, 0x10, 0x82, 0x10, 0x82,
    0x10, 0x82, 0x10, 0x82, 0x10, 0x82, 0x10, 0x82, 0x10, 0x82, 0x10, 0x82, 0x10, 0x82, 0xef, 0x5c,
    0x08, 0x41, 0x08, 0x41, 0x08, 0x41, 0x08, 0x41, 0x08, 0x41, 0x08, 0x41, 0x08, 0x41, 0x08, 0x41,
    0x08, 0x41, 0x08, 0x41, 0x08, 0x41, 0x08, 0x41, 0x08, 0x41, 0x08, 0x41, 0x08, 0x41, 0x08, 0x41,
    0x08, 0x41, 0x08, 0x41, 0x08, 0x41, 0x08, 0x41, 0x08, 0x41, 0x08, 0x41, 0x08, 0x41, 0x08, 0x41,
    0x08, 0x41, 0x08, 0x41, 0x08, 0x41, 0x08, 0x41, 0x08, 0x41, 0x08, 0x41, 0x08, 0x41, 0x08, 0x41,
    0xef, 0x5c, 0x10, 0x82, 0x10, 0x82, 0x10, 0x82, 0x10, 0x82, 0x10, 0x82, 0x10, 0x82, 0x10, 0x82,
    0x10, 0x82, 0x10, 0x82, 0x10, 0x82, 0x10, 0x82, 0x10, 0x82, 0x10, 0x82, 0x10, 0x82, 0x10, 0x82,
    0x10, 0x82, 0x10, 0x82, 0x10, 0x82, 0x10, 0x82, 0x10, 0x82, 0x10, 0x82, 0x10, 0x82, 0x10, 0x82,
    0x10, 0x82, 0x10, 0x82, 0x10, 0x82, 0x10, 0x82, 0x10, 0x82, 0x10, 0x82, 0x10, 0x82, 0x10, 0x82,
    0x10, 0x82, 0x10, 0x82, 0x10, 0x82, 0x10, 0x82, 0x10, 0x82, 0x10, 0x82, 0x10, 0x82, 0x10, 0x82,
    0x10, 0x82, 0x10, 0x82, 0x10, 0x82, 0x10, 0x82, 0x10, 0x82, 0x10, 0x82, 0x10, 0x82, 0x10, 0x82,
    0x10, 0x82, 0x10, 0x82, 0x10, 0x82, 0x10, 0x82, 0x10, 0x82, 0x10, 0x82, 0x10, 0x82, 0x10, 0x82,
    0x10, 0x82, 0x10, 0x82, 0x10, 0x82, 0x10, 0x82, 0x10, 0x82, 0x10, 0x82, 0x10, 0x82, 0x10, 0x82,
    0x10, 0x82, 0x10, 0x82, 0x10, 0x82, 0x10, 0x82, 0x10, 0x82, 0x10, 0x82, 0x10, 0x82, 0x10, 0x82,
    0x10, 0x82, 0x10, 0x82, 0x10, 0x82, 0x10, 0x82, 0x10, 0x82, 0x10, 0x82, 0x10, 0x82, 0x10, 0x82,
    0x10, 0x82, 0x10, 0x82, 0x10, 0x82, 0x10, 0x82, 0x10, 0x82, 0x10, 0x82, 0x10, 0x82, 0x10, 0x82,
    0x10, 0x82, 0x10, 0x82, 0x10, 0x82, 0x10, 0x82, 0x10, 0x82, 0x10, 0x82, 0x10, 0x82, 0x10, 0x82,
    0x10, 0x82, 0x10, 0x82, 0x10, 0x82, 0xef, 0x5c, 0x08, 0x41, 0x08, 0x41, 0x08, 0x41, 0x08, 0x41,
    0x08, 0x41, 0x08, 0x41, 0x08, 0x41, 0x08, 0x41, 0xef, 0x5c, 0x10, 0x82, 0x10, 0x82, 0x10, 0x82,
    0x10, 0x82, 0x10, 0x82, 0x10, 0x82, 0x10, 0x82, 0x10, 0x82, 0x10, 0x82, 0x10, 0x82, 0x10, 0x82,
    0x10, 0x82, 0x10, 0x82, 0x10, 0x82, 0x10, 0x82, 0x10, 0x82, 0x10, 0x82, 0x10, 0x82, 0x10, 0x82,
    0x10, 0x82, 0x10, 0x82, 0x10, 0x82, 0x10, 0x82, 0x10, 0x82, 0x10, 0x82, 0x10, 0x82, 0x10, 0x82,
    0x10, 0x82, 0x10, 0x82, 0x10, 0x82, 0x10, 0x82, 0x10, 0x82, 0x10, 0x82, 0x10, 0x82, 0x10, 0x82,
    0x10, 0x82, 0x10, 0x82, 0x10, 0x82, 0x10, 0x82, 0x10, 0x82, 0x10, 0x82, 0x10, 0x82, 0x10, 0x82,
    0x10, 0x82, 0x10, 0x82, 0x10, 0x82, 0x10, 0x82, 0x10, 0x82, 0x10, 0x82, 0x10, 0x82, 0x10, 0x82,
    0x10, 0x82, 0x10, 0x82, 0x10, 0x82, 0x10, 0x82, 0x10, 0x82, 0x10, 0x82, 0x10, 0x82, 0x10, 0x82,
    0x10, 0x82, 0x10, 0x82, 0x10, 0x82, 0x10, 0x82, 0x10, 0x82, 0x10, 0x82, 0x10, 0x82, 0x10, 0x82,
    0x10, 0x82, 0x10, 0x82, 0x10, 0x82, 0x10, 0x82, 0x10, 0x82, 0x10, 0x82, 0x10, 0x82, 0x10, 0x82,
    0x10, 0x82, 0x10, 0x82, 0x10, 0x82, 0x10, 0x82, 0x10, 0x82, 0x10, 0x82, 0x10, 0x82, 0x10, 0x82,
    0x10, 0x82, 0x10, 0x82, 0x10, 0x82, 0x10, 0x82, 0x10, 0x82, 0x10, 0x82, 0x10, 0x82, 0x10, 0x82,
    0x10, 0x82, 0x10, 0x82, 0x10, 0x82, 0x10, 0x82, 0x10, 0x82, 0x10, 0x82, 0x10, 0x82, 0xef, 0x5c,
    0x08, 0x41, 0x08, 0x41, 0x08, 0x41, 0x08, 0x41, 0x08, 0x41, 0x08, 0x41, 0x08, 0x41, 0x08, 0x41,
    0x08, 0x41, 0x08, 0x41, 0x08, 0x41, 0x08, 0x41, 0x08, 0x41, 0x08, 0x41, 0x08, 0x41, 0x08, 0x41,
    0x08, 0x41, 0x08, 0x41, 0x08, 0x41, 0x08, 0x41, 0x08, 0x41, 0x08, 0x41, 0x08, 0x41, 0x08, 0x41,
    0x08, 0x41, 0x08, 0x41, 0x08, 0x41, 0x08, 0x41, 0x08, 0x41, 0x08, 0x41, 0x08, 0x41, 0x08, 0x41,
    0xef, 0x5c, 0x10, 0x82, 0x10, 0x82, 0x10, 0x82, 0x10, 0x82, 0x10, 0x82, 0x10, 0x82, 0x10, 0x82,
    0x10, 0x82, 0x10, 0x82, 0x32, 0x44, 0x5c, 0x47, 0x53, 0xc6, 0x19, 0x23, 0x10, 0x82, 0x10, 0x82,
    0x10, 0x82, 0x10, 0x82, 0x10, 0xc2, 0x32, 0x04, 0x21, 0x83, 0x10, 0x82, 0x10, 0x82, 0x10, 0x82,
    0x10, 0x82, 0x10, 0x82, 0x10, 0x82, 0x10, 0x82, 0x10, 0x82, 0x10, 0x82, 0x10, 0x82, 0x10, 0x82,
    0x10, 0x82, 0x10, 0x82, 0x10, 0x82, 0x10, 0x82, 0x10, 0x82, 0x10, 0x82, 0x10, 0x82, 0x10, 0x82,
    0x10, 0x82, 0x10, 0x82, 0x10, 0x82, 0x10, 0x82, 0x10, 0x82, 0x10, 0x82, 0x10, 0x82, 0x10, 0x82,
    0x10, 0x82, 0x10, 0x82, 0x10, 0x82, 0x10, 0x82, 0x10, 0x82, 0x10, 0x82, 0x10, 0x82, 0x10, 0x82,
    0x10, 0x82, 0x10, 0x82, 0x10, 0x82, 0x10, 0x82, 0x10, 0x82, 0x10, 0x82, 0x10, 0x82, 0x10, 0x82,
    0x10, 0x82, 0x10, 0x82, 0x10, 0x82, 0x10, 0x82, 0x10, 0x82, 0x10, 0x82, 0x10, 0x82, 0x10, 0x82,
    0x10, 0x82, 0x10, 0x82, 0x10, 0x82, 0x10, 0x82, 0x10, 0x82, 0x10, 0x82, 0x10, 0x82, 0x10, 0x82,
    0x10, 0x82, 0x10, 0x82, 0x10, 0x82, 0x10, 0x82, 0x10, 0x82, 0x10, 0x82, 0x10, 0x82, 0x10, 0x82,
    0x10, 0x82, 0x10, 0x82, 0x10, 0x82, 0x10, 0x82, 0x10, 0x82, 0x10, 0x82, 0x10, 0x82, 0x10, 0x82,
    0x10, 0x82, 0x10, 0x82, 0x10, 0x82, 0xef, 0x5c, 0x08, 0x41, 0x08, 0x41, 0x08, 0x41, 0x08, 0x41,
    0x08, 0x41, 0x08, 0x41, 0x08, 0x41, 0x08, 0x41, 0xef, 0x5c, 0x10, 0x82, 0x10, 0x82, 0x10, 0x82,
    0x10, 0x82, 0x10, 0x82, 0x10, 0x82, 0x10, 0x82, 0x10, 0x82, 0x10, 0x82, 0x32, 0x44, 0x5c, 0x47,
    0x53, 0xc6, 0x19, 0x23, 0x10, 0x82, 0x10, 0x82, 0x10, 0x82, 0x10, 0x82, 0x10, 0x82, 0x10, 0x82,
    0x10, 0x82, 0x10, 0x82, 0x10, 0x82, 0x10, 0x82, 0x10, 0x82, 0x10, 0x82, 0x10, 0x82, 0x10, 0x82,
    0x10, 0x82, 0x10, 0x82, 0x10, 0x82, 0x10, 0x82, 0x10, 0x82, 0x10, 0x82, 0x10, 0x82, 0x10, 0x82,
    0x10, 0x82, 0x10, 0x82, 0x10, 0x82, 0x10, 0x82, 0x10, 0x82, 0x10, 0x82, 0x10, 0x82, 0x10, 0x82,
    0x10, 0x82, 0x10, 0x82, 0x10, 0x82, 0x10, 0x82, 0x10, 0x82, 0x10, 0x82, 0x10, 0x82, 0x10, 0x82,
    0x10, 0x82, 0x10, 0x82, 0x10, 0x82, 0x10, 0x82, 0x10, 0x82, 0x10, 0x82, 0x10, 0x82, 0x10, 0x82,
    0x10, 0x82, 0x10, 0x82, 0x10, 0x82, 0x10, 0x82, 0x10, 0x82, 0x10, 0x82, 0x10, 0x82, 0x10, 0x82,
    0x10, 0x82, 0x10, 0x82, 0x10, 0x82, 0x10, 0x82, 0x10, 0x82, 0x10, 0x82, 0x10, 0x82, 0x10, 0x82,
    0x10, 0x82, 0x10, 0x82, 0x10, 0x82, 0x10, 0x82, 0x10, 0x82, 0x10, 0x82, 0x10, 0x82, 0x10, 0x82,
    0x10, 0x82, 0x10, 0x82, 0x10, 0x82, 0x10, 0x82, 0x10, 0x82, 0x10, 0x82, 0x10, 0x82, 0x10, 0x82,
    0x10, 0x82, 0x10, 0x82, 0x10, 0x82, 0x10, 0x82, 0x10, 0x82, 0x10, 0x82, 0x10, 0x82, 0xef, 0x5c,
    0x08, 0x41, 0x08, 0x41, 0x08, 0x41, 0x08, 0x41, 0x08, 0x41, 0x08, 0x41, 0x08, 0x41, 0x08, 0x41,
    0x08, 0x41, 0x08, 0x41, 0x08, 0x41, 0x08, 0x41, 0x08, 0x41, 0x08, 0x41, 0x08, 0x41, 0x08, 0x41,
    0x08, 0x41, 0x08, 0x41, 0x08, 0x41, 0x08, 0x41, 0x08, 0x41, 0x08, 0x41, 0x08, 0x41, 0x08, 0x41,
    0x08, 0x41, 0x08, 0x41, 0x08, 0x41, 0x08, 0x41, 0x08, 0x41, 0x08, 0x41, 0x08, 0x41, 0x08, 0x41,
    0xef, 0x5c, 0x10, 0x82, 0x10, 0x82, 0x10, 0x82, 0x10, 0x82, 0x10, 0x82, 0x10, 0x82, 0x10, 0x82,
    0x10, 0x82, 0x4b, 0x86, 0x8e, 0xaa, 0x4b, 0x45, 0x53, 0xe6, 0x96, 0xea, 0x21, 0xa3, 0x10, 0x82,
    0x10, 0x82, 0x32, 0x04, 0x97, 0x2a, 0x86, 0x29, 0x96, 0xea, 0x7d, 0x88, 0x10, 0xa2, 0x10, 0x82,
    0x10, 0x82, 0x10, 0x82, 0x10, 0x82, 0x10, 0x82, 0x10, 0x82, 0x10, 0x82, 0x10, 0x82, 0x10, 0x82,
    0x10, 0x82, 0x10, 0x82, 0x10, 0x82, 0x10, 0x82, 0x10, 0x82, 0x10, 0x82, 0x10, 0x82, 0x10, 0x82,
    0x10, 0x82, 0x10, 0x82, 0x10, 0x82, 0x10, 0x82, 0x10, 0x82, 0x10, 0x82, 0x10, 0x82, 0x10, 0x82,
    0x10, 0x82, 0x10, 0x82, 0x10, 0x82, 0x10, 0x82, 0x10, 0x82, 0x10, 0x82, 0x10, 0x82, 0x10, 0x82,
    0x10, 0x82, 0x10, 0x82, 0x10, 0x82, 0x10, 0x82, 0x10, 0x82, 0x10, 0x82, 0x10, 0x82, 0x10, 0x82,
    0x10, 0x82, 0x10, 0x82, 0x10, 0x82, 0x10, 0x82, 0x10, 0x82, 0x10, 0x82, 0x10, 0x82, 0x10, 0x82,
    0x10, 0x82, 0x10, 0x82, 0x10, 0x82, 0x10, 0x82, 0x10, 0x82, 0x10, 0x82, 0x10, 0x82, 0x10, 0x82,
    0x10, 0x82, 0x10, 0x82, 0x10, 0x82, 0x10, 0x82, 0x10, 0x82, 0x10, 0x82, 0x10, 0x82, 0x10, 0x82,
    0x10, 0x82, 0x10, 0x82, 0x10, 0x82, 0x10, 0x82, 0x10, 0x82, 0x10, 0x82, 0x10, 0x82, 0x10, 0x82,
    0x10, 0x82, 0x10, 0x82, 0x10, 0x82, 0xef, 0x5c, 0x08, 0x41, 0x08, 0x41, 0x08, 0x41, 0x08, 0x41,
    0x08, 0x41, 0x08, 0x41, 0x08, 0x41, 0x08, 0x41, 0xef, 0x5c, 0x10, 0x82, 0x10, 0x82, 0x10, 0x82,
    0x10, 0x82, 0x10, 0x82, 0x10, 0x82, 0x10, 0x82, 0x10, 0x82, 0x4b, 0x86, 0x8e, 0xaa, 0x4b, 0x45,
    0x53, 0xe6, 0x96, 0xea, 0x21, 0xa3, 0x10, 0x82, 0x10, 0x82, 0x10, 0x82, 0x10, 0x82, 0x10, 0x82,
    0x10, 0x82, 0x4b, 0x86, 0x29, 0xa3, 0x10, 0x82, 0x10, 0x82, 0x10, 0x82, 0x10, 0x82, 0x10, 0x82,
    0x10, 0x82, 0x10, 0x82, 0x10, 0x82, 0x10, 0x82, 0x10, 0x82, 0x10, 0x82, 0x10, 0x82, 0x10, 0x82,
    0x10, 0x82, 0x10, 0x82, 0x10, 0x82, 0x10, 0x82, 0x10, 0x82, 0x10, 0x82, 0x10, 0x82, 0x10, 0x82,
    0x10, 0x82, 0x10, 0x82, 0x10, 0x82, 0x10, 0x82, 0x10, 0x82, 0x10, 0x82, 0x10, 0x82, 0x10, 0x82,
    0x10, 0x82, 0x10, 0x82, 0x10, 0x82, 0x10, 0x82, 0x10, 0x82, 0x10, 0x82, 0x10, 0x82, 0x10, 0x82,
    0x10, 0x82, 0x10, 0x82, 0x10, 0x82, 0x10, 0x82, 0x10, 0x82, 0x10, 0x82, 0x10, 0x82, 0x10, 0x82,
    0x10, 0x82, 0x10, 0x82, 0x10, 0x82, 0x10, 0x82, 0x10, 0x82, 0x10, 0x82, 0x10, 0x82, 0x10, 0x82,
    0x10, 0x82, 0x10, 0x82, 0x10, 0x82, 0x10, 0x82, 0x10, 0x82, 0x10, 0x82, 0x10, 0x82, 0x10, 0x82,
    0x10, 0x82, 0x10, 0x82, 0x10, 0x82, 0x10, 0x82, 0x10, 0x82, 0x10, 0x82, 0x10, 0x82, 0x10, 0x82,
    0x10, 0x82, 0x10, 0x82, 0x10, 0x82, 0x10, 0x82, 0x10, 0x82, 0x10, 0x82, 0x10, 0x82, 0xef, 0x5c,
    0x08, 0x41, 0x08, 0x41, 0x08, 0x41, 0x08, 0x41, 0x08, 0x41, 0x08, 0x41, 0x08, 0x41, 0x08, 0x41,
    0x08, 0x41, 0x08, 0x41, 0x08, 0x41, 0x08, 0x41, 0x08, 0x41, 0x08, 0x41, 0x08, 0x41, 0x08, 0x41,
    0x08, 0x41, 0x08, 0x41, 0x08, 0x41, 0x08, 0x41, 0x08, 0x41, 0x08, 0x41, 0x08, 0x41, 0x08, 0x41,
    0x08, 0x41, 0x08, 0x41, 0x08, 0x41, 0x08, 0x41, 0x08, 0x41, 0x08, 0x41, 0x08, 0x41, 0x08, 0x41,
    0xef, 0x5c, 0x10, 0x82, 0x10, 0x82, 0x10, 0x82, 0x10, 0x82, 0x10, 0x82, 0x10, 0x82, 0x10, 0x82,
    0x18, 0xe2, 0x9f, 0x6b, 0x19, 0x23, 0x10, 0x82, 0x10, 0x82, 0x42, 0xe5, 0x7d, 0xc9, 0x10, 0x82,
    0x10, 0x82, 0x96, 0xea, 0x42, 0xe5, 0x10, 0x82, 0x10, 0xa2, 0x7d, 0xc9, 0x53, 0xe6, 0x10, 0x82,
    0x10, 0x82, 0x10, 0x82, 0x10, 0x82, 0x10, 0x82, 0x10, 0x82, 0x10, 0x82, 0x10, 0x82, 0x10, 0x82,
    0x10, 0x82, 0x10, 0x82, 0x10, 0x82, 0x10, 0x82, 0x10, 0x82, 0x10, 0x82, 0x10, 0x82, 0x10, 0x82,
    0x10, 0x82, 0x10, 0x82, 0x10, 0x82, 0x10, 0x82, 0x10, 0x82, 0x10, 0x82, 0x10, 0x82, 0x10, 0x82,
    0x10, 0x82, 0x10, 0x82, 0x10, 0x82, 0x10, 0x82, 0x10, 0x82, 0x10, 0x82, 0x10, 0x82, 0x10, 0x82,
    0x10, 0x82, 0x10, 0x82, 0x10, 0x82, 0x10, 0x82, 0x10, 0x82, 0x10, 0x82, 0x10, 0x82, 0x10, 0x82,
    0x10, 0x82, 0x10, 0x82, 0x10, 0x82, 0x10, 0x82, 0x10, 0x82, 0x10, 0x82, 0x10, 0x82, 0x10, 0x82,
    0x10, 0x82, 0x10, 0x82, 0x10, 0x82, 0x10, 0x82, 0x10, 0x82, 0x10, 0x82, 0x10, 0x82, 0x10, 0x82,
    0x10, 0x82, 0x10, 0x82, 0x10, 0x82, 0x10, 0x82, 0x10, 0x82, 0x10, 0x82, 0x10, 0x82, 0x10, 0x82,
    0x10, 0x82, 0x10, 0x82, 0x10, 0x82, 0x10, 0x82, 0x10, 0x82, 0x10, 0x82, 0x10, 0x82, 0x10, 0x82,
    0x10, 0x82, 0x10, 0x82, 0x10, 0x82, 0xef, 0x5c, 0x08, 0x41, 0x08, 0x41, 0x08, 0x41, 0x08, 0x41,
    0x08, 0x41, 0x08, 0x41, 0x08, 0x41, 0x08, 0x41, 0xef, 0x5c, 0x10, 0x82, 0x10, 0x82, 0x10, 0x82,
    0x10, 0x82, 0x10, 0x82, 0x10, 0x82, 0x10, 0x82, 0x18, 0xe2, 0x9f, 0x6b, 0x19, 0x23, 0x10, 0x82,
    0x10, 0x82, 0x42, 0xe5, 0x7d, 0xc9, 0x10, 0x82, 0x10, 0x82, 0x10, 0x82, 0x10, 0x82, 0x10, 0x82,
    0x29, 0xa3, 0xa7, 0xab, 0x29, 0xa3, 0x10, 0x82, 0x10, 0x82, 0x10, 0x82, 0x10, 0x82, 0x10, 0x82,
    0x10, 0x82, 0x10, 0x82, 0x10, 0x82, 0x10, 0x82, 0x10, 0x82, 0x10, 0x82, 0x10, 0x82, 0x10, 0x82,
    0x10, 0x82, 0x10, 0x82, 0x10, 0x82, 0x10, 0x82, 0x10, 0x82, 0x10, 0x82, 0x10, 0x82, 0x10, 0x82,
    0x10, 0x82, 0x10, 0x82, 0x10, 0x82, 0x10, 0x82, 0x10, 0x82, 0x10, 0x82, 0x10, 0x82, 0x10, 0x82,
    0x10, 0x82, 0x10, 0x82, 0x10, 0x82, 0x10, 0x82, 0x10, 0x82, 0x10, 0x82, 0x10, 0x82, 0x10, 0x82,
    0x10, 0x82, 0x10, 0x82, 0x10, 0x82, 0x10, 0x82, 0x10, 0x82, 0x10, 0x82, 0x10, 0x82, 0x10, 0x82,
    0x10, 0x82, 0x10, 0x82, 0x10, 0x82, 0x10, 0x82, 0x10, 0x82, 0x10, 0x82, 0x10, 0x82, 0x10, 0x82,
    0x10, 0x82, 0x10, 0x82, 0x10, 0x82, 0x10, 0x82, 0x10, 0x82, 0x10, 0x82, 0x10, 0x82, 0x10, 0x82,
    0x10, 0x82, 0x10, 0x82, 0x10, 0x82, 0x10, 0x82, 0x10, 0x82, 0x10, 0x82, 0x10, 0x82, 0x10, 0x82,
    0x10, 0x82, 0x10, 0x82, 0x10, 0x82, 0x10, 0x82, 0x10, 0x82, 0x10, 0x82, 0x10, 0x82, 0xef, 0x5c,
    0x08, 0x41, 0x08, 0x41, 0x08, 0x41, 0x08, 0x41, 0x08, 0x41, 0x08, 0x41, 0x08, 0x41, 0x08, 0x41,
    0x08, 0x41, 0x08, 0x41, 0x08, 0x41, 0x08, 0x41, 0x08, 0x41, 0x08, 0x41, 0x08, 0x41, 0x08, 0x41,
    0x08, 0x41, 0x08, 0x41, 0x08, 0x41, 0x08, 0x41, 0x08, 0x41, 0x08, 0x41, 0x08, 0x41, 0x08, 0x41,
    0x08, 0x41, 0x08, 0x41, 0x08, 0x41, 0x08, 0x41, 0x08, 0x41, 0x08, 0x41, 0x08, 0x41, 0x08, 0x41,
    0xef, 0x5c, 0x10, 0x82, 0x10, 0x82, 0x10, 0x82, 0x10, 0x82, 0x10, 0x82, 0x10, 0x82, 0x10, 0x82,
    0x42, 0xe5, 0x75, 0x88, 0x10, 0x82, 0x10, 0x82, 0x10, 0x82, 0x10, 0xa2, 0x97, 0x2a, 0x19, 0x02,
    0x10, 0xc2, 0x3a, 0xa5, 0x10, 0x82, 0x10, 0x82, 0x10, 0x82, 0x53, 0xe6, 0x6d, 0x28, 0x10, 0x82,
    0x10, 0x82, 0x10, 0x82, 0x10, 0x82, 0x10, 0x82, 0x10, 0x82, 0x10, 0x82, 0x10, 0x82, 0x10, 0x82,
    0x10, 0x82, 0x10, 0x82, 0x10, 0x82, 0x10, 0x82, 0x10, 0x82, 0x10, 0x82, 0x10, 0x82, 0x10, 0x82,
    0x10, 0x82, 0x10, 0x82, 0x10, 0x82, 0x10, 0x82, 0x10, 0x82, 0x10, 0x82, 0x10, 0x82, 0x10, 0x82,
    0x10, 0x82, 0x10, 0x82, 0x10, 0x82, 0x10, 0x82, 0x10, 0x82, 0x10, 0x82, 0x10, 0x82, 0x10, 0x82,
    0x10, 0x82, 0x10, 0x82, 0x10, 0x82, 0x10, 0x82, 0x10, 0x82, 0x10, 0x82, 0x10, 0x82, 0x10, 0x82,
    0x10, 0x82, 0x10, 0x82, 0x10, 0x82, 0x10, 0x82, 0x10, 0x82, 0x10, 0x82, 0x10, 0x82, 0x10, 0x82,
    0x10, 0x82, 0x10, 0x82, 0x10, 0x82, 0x10, 0x82, 0x10, 0x82, 0x10, 0x82, 0x10, 0x82, 0x10, 0x82,
    0x10, 0x82, 0x10, 0x82, 0x10, 0x82, 0x10, 0x82, 0x10, 0x82, 0x10, 0x82, 0x10, 0x82, 0x10, 0x82,
    0x10, 0x82, 0x10, 0x82, 0x10, 0x82, 0x10, 0x82, 0x10, 0x82, 0x10, 0x82, 0x10, 0x82, 0x10, 0x82,
    0x10, 0x82, 0x10, 0x82, 0x10, 0x82, 0xef, 0x5c, 0x08, 0x41, 0x08, 0x41, 0x08, 0x41, 0x08, 0x41,
    0x08, 0x41, 0x08, 0x41, 0x08, 0x41, 0x08, 0x41, 0xef, 0x5c, 0x10, 0x82, 0x10, 0x82, 0x10, 0x82,
    0x10, 0x82, 0x10, 0x82, 0x10, 0x82, 0x10, 0x82, 0x42, 0xe5, 0x75, 0x88, 0x10, 0x82, 0x10, 0x82,
    0x10, 0x82, 0x10, 0xa2, 0x97, 0x2a, 0x19, 0x02, 0x10, 0x82, 0x10, 0x82, 0x10, 0x82, 0x10, 0xc2,
    0x8e, 0xaa, 0xa7, 0xcb, 0x29, 0xa3, 0x10, 0x82, 0x10, 0x82, 0x10, 0x82, 0x10, 0x82, 0x10, 0x82,
    0x10, 0x82, 0x10, 0x82, 0x10, 0x82, 0x10, 0x82, 0x10, 0x82, 0x10, 0x82, 0x10, 0x82, 0x10, 0x82,
    0x10, 0x82, 0x10, 0x82, 0x10, 0x82, 0x10, 0x82, 0x10, 0x82, 0x10, 0x82, 0x10, 0x82, 0x10, 0x82,
    0x10, 0x82, 0x10, 0x82, 0x10, 0x82, 0x10, 0x82, 0x10, 0x82, 0x10, 0x82, 0x10, 0x82, 0x10, 0x82,
    0x10, 0x82, 0x10, 0x82, 0x10, 0x82, 0x10, 0x82, 0x10, 0x82, 0x10, 0x82, 0x10, 0x82, 0x10, 0x82,
    0x10, 0x82, 0x10, 0x82, 0x10, 0x82, 0x10, 0x82, 0x10, 0x82, 0x10, 0x82, 0x10, 0x82, 0x10, 0x82,
    0x10, 0x82, 0x10, 0x82, 0x10, 0x82, 0x10, 0x82, 0x10, 0x82, 0x10, 0x82, 0x10, 0x82, 0x10, 0x82,
    0x10, 0x82, 0x10, 0x82, 0x10, 0x82, 0x10, 0x82, 0x10, 0x82, 0x10, 0x82, 0x10, 0x82, 0x10, 0x82,
    0x10, 0x82, 0x10, 0x82, 0x10, 0x82, 0x10, 0x82, 0x10, 0x82, 0x10, 0x82, 0x10, 0x82, 0x10, 0x82,
    0x10, 0x82, 0x10, 0x82, 0x10, 0x82, 0x10, 0x82, 0x10, 0x82, 0x10, 0x82, 0x10, 0x82, 0xef, 0x5c,
    0x08, 0x41, 0x08, 0x41, 0x08, 0x41, 0x08, 0x41, 0x08, 0x41, 0x08, 0x41, 0x08, 0x41, 0x08, 0x41,
    0x08, 0x41, 0x08, 0x41, 0x08, 0x41, 0x08, 0x41, 0x08, 0x41, 0x08, 0x41, 0x08, 0x41, 0x08, 0x41,
    0x08, 0x41, 0x08, 0x41, 0x08, 0x41, 0x08, 0x41, 0x08, 0x41, 0x08, 0x41, 0x08, 0x41, 0x08, 0x41,
    0x08, 0x41, 0x08, 0x41, 0x08, 0x41, 0x08, 0x41, 0x08, 0x41, 0x08, 0x41, 0x08, 0x41, 0x08, 0x41,
    0xef, 0x5c, 0x10, 0x82, 0x10, 0x82, 0x10, 0x82, 0x10, 0x82, 0x10, 0x82, 0x10, 0x82, 0x10, 0x82,
    0x5c, 0x06, 0x5c, 0x47, 0x10, 0x82, 0x10, 0x82, 0x10, 0x82, 0x10, 0x82, 0x86, 0x09, 0x32, 0x44,
    0x10, 0x82, 0x10, 0x82, 0x10, 0x82, 0x10, 0xc2, 0x3a, 0x64, 0x9f, 0x2b, 0x3a, 0xa5, 0x10, 0x82,
    0x10, 0x82, 0x10, 0x82, 0x10, 0x82, 0x10, 0x82, 0x10, 0x82, 0x10, 0x82, 0x10, 0x82, 0x10, 0x82,
    0x10, 0x82, 0x10, 0x82, 0x10, 0x82, 0x10, 0x82, 0x10, 0x82, 0x10, 0x82, 0x10, 0x82, 0x10, 0x82,
    0x10, 0x82, 0x10, 0x82, 0x10, 0x82, 0x10, 0x82, 0x10, 0x82, 0x10, 0x82, 0x10, 0x82, 0x10, 0x82,
    0x10, 0x82, 0x10, 0x82, 0x10, 0x82, 0x10, 0x82, 0x10, 0x82, 0x10, 0x82, 0x10, 0x82, 0x10, 0x82,
    0x10, 0x82, 0x10, 0x82, 0x10, 0x82, 0x10, 0x82, 0x10, 0x82, 0x10, 0x82, 0x10, 0x82, 0x10, 0x82,
    0x10, 0x82, 0x10, 0x82, 0x10, 0x82, 0x10, 0x82, 0x10, 0x82, 0x10, 0x82, 0x10, 0x82, 0x10, 0x82,
    0x10, 0x82, 0x10, 0x82, 0x10, 0x82, 0x10, 0x82, 0x10, 0x82, 0x10, 0x82, 0x10, 0x82, 0x10, 0x82,
    0x10, 0x82, 0x10, 0x82, 0x10, 0x82, 0x10, 0x82, 0x10, 0x82, 0x10, 0x82, 0x10, 0x82, 0x10, 0x82,
    0x10, 0x82, 0x10, 0x82, 0x10, 0x82, 0x10, 0x82, 0x10, 0x82, 0x10, 0x82, 0x10, 0x82, 0x10, 0x82,
    0x10, 0x82, 0x10, 0x82, 0x10, 0x82, 0xef, 0x5c, 0x08, 0x41, 0x08, 0x41, 0x08, 0x41, 0x08, 0x41,
    0x08, 0x41, 0x08, 0x41, 0x08, 0x41, 0x08, 0x41, 0xef, 0x5c, 0x10, 0x82, 0x10, 0x82, 0x10, 0x82,
    0x10, 0x82, 0x10, 0x82, 0x10, 0x82, 0x10, 0x82, 0x5c, 0x06, 0x5c, 0x47, 0x10, 0x82, 0x10, 0x82,
    0x10, 0x82, 0x10, 0x82, 0x86, 0x09, 0x32, 0x44, 0x10, 0x82, 0x10, 0x82, 0x10, 0x82, 0x6c, 0xc7,
    0x6d, 0x08, 0x8e, 0xaa, 0x29, 0xa3, 0x10, 0x82, 0x10, 0x82, 0x10, 0x82, 0x10, 0x82, 0x10, 0x82,
    0x10, 0x82, 0x10, 0x82, 0x10, 0x82, 0x10, 0x82, 0x10, 0x82, 0x10, 0x82, 0x10, 0x82, 0x10, 0x82,
    0x10, 0x82, 0x10, 0x82, 0x10, 0x82, 0x10, 0x82, 0x10, 0x82, 0x10, 0x82, 0x10, 0x82, 0x10, 0x82,
    0x10, 0x82, 0x10, 0x82, 0x10, 0x82, 0x10, 0x82, 0x10, 0x82, 0x10, 0x82, 0x10, 0x82, 0x10, 0x82,
    0x10, 0x82, 0x10, 0x82, 0x10, 0x82, 0x10, 0x82, 0x10, 0x82, 0x10, 0x82, 0x10, 0x82, 0x10, 0x82,
    0x10, 0x82, 0x10, 0x82, 0x10, 0x82, 0x10, 0x82, 0x10, 0x82, 0x10, 0x82, 0x10, 0x82, 0x10, 0x82,
    0x10, 0x82, 0x10, 0x82, 0x10, 0x82, 0x10, 0x82, 0x10, 0x82, 0x10, 0x82, 0x10, 0x82, 0x10, 0x82,
    0x10, 0x82, 0x10, 0x82, 0x10, 0x82, 0x10, 0x82, 0x10, 0x82, 0x10, 0x82, 0x10, 0x82, 0x10, 0x82,
    0x10, 0x82, 0x10, 0x82, 0x10, 0x82, 0x10, 0x82, 0x10, 0x82, 0x10, 0x82, 0x10, 0x82, 0x10, 0x82,
    0x10, 0x82, 0x10, 0x82, 0x10, 0x82, 0x10, 0x82, 0x10, 0x82, 0x10, 0x82, 0x10, 0x82, 0xef, 0x5c,
    0x08, 0x41, 0x08, 0x41, 0x08, 0x41, 0x08, 0x41, 0x08, 0x41, 0x08, 0x41, 0x08, 0x41, 0x08, 0x41,
    0x08, 0x41, 0x08, 0x41, 0x08, 0x41, 0x08, 0x41, 0x08, 0x41, 0x08, 0x41, 0x08, 0x41, 0x08, 0x41,
    0x08, 0x41, 0x08, 0x41, 0x08, 0x41, 0x08, 0x41, 0x08, 0x41, 0x08, 0x41, 0x08, 0x41, 0x08, 0x41,
    0x08, 0x41, 0x08, 0x41, 0x08, 0x41, 0x08, 0x41, 0x08, 0x41, 0x08, 0x41, 0x08, 0x41, 0x08, 0x41,
    0xef, 0x5c, 0x10, 0x82, 0x10, 0x82, 0x10, 0x82, 0x10, 0x82, 0x10, 0x82, 0x10, 0x82, 0x10, 0x82,
    0x64, 0x87, 0x53, 0xa6, 0x10, 0x82, 0x10, 0x82, 0x10, 0x82, 0x10, 0x82, 0x75, 0x68, 0x3a, 0xa5,
    0x10, 0x82, 0x10, 0x82, 0x10, 0x82, 0x7d, 0xe9, 0xaf, 0xec, 0x86, 0x09, 0x18, 0xc2, 0x10, 0x82,
    0x10, 0x82, 0x10, 0x82, 0x10, 0x82, 0x10, 0x82, 0x10, 0x82, 0x10, 0x82, 0x10, 0x82, 0x10, 0x82,
    0x10, 0x82, 0x10, 0x82, 0x10, 0x82, 0x10, 0x82, 0x10, 0x82, 0x10, 0x82, 0x10, 0x82, 0x10, 0x82,
    0x10, 0x82, 0x10, 0x82, 0x10, 0x82, 0x10, 0x82, 0x10, 0x82, 0x10, 0x82, 0x10, 0x82, 0x10, 0x82,
    0x10, 0x82, 0x10, 0x82, 0x10, 0x82, 0x10, 0x82, 0x10, 0x82, 0x10, 0x82, 0x10, 0x82, 0x10, 0x82,
    0x10, 0x82, 0x10, 0x82, 0x10, 0x82, 0x10, 0x82, 0x10, 0x82, 0x10, 0x82, 0x10, 0x82, 0x10, 0x82,
    0x10, 0x82, 0x10, 0x82, 0x10, 0x82, 0x10, 0x82, 0x10, 0x82, 0x10, 0x82, 0x10, 0x82, 0x10, 0x82,
    0x10, 0x82, 0x10, 0x82, 0x10, 0x82, 0x10, 0x82, 0x10, 0x82, 0x10, 0x82, 0x10, 0x82, 0x10, 0x82,
    0x10, 0x82, 0x10, 0x82, 0x10, 0x82, 0x10, 0x82, 0x10, 0x82, 0x10, 0x82, 0x10, 0x82, 0x10, 0x82,
    0x10, 0x82, 0x10, 0x82, 0x10, 0x82, 0x10, 0x82, 0x10, 0x82, 0x10, 0x82, 0x10, 0x82, 0x10, 0x82,
    0x10, 0x82, 0x10, 0x82, 0x10, 0x82, 0xef, 0x5c, 0x08, 0x41, 0x08, 0x41, 0x08, 0x41, 0x08, 0x41,
    0x08, 0x41, 0x08, 0x41, 0x08, 0x41, 0x08, 0x41, 0xef, 0x5c, 0x10, 0x82, 0x10, 0x82, 0x10, 0x82,
    0x10, 0x82, 0x10, 0x82, 0x10, 0x82, 0x10, 0x82, 0x64, 0x87, 0x53, 0xa6, 0x10, 0x82, 0x10, 0x82,
    0x10, 0x82, 0x10, 0x82, 0x75, 0x68, 0x3a, 0xa5, 0x10, 0x82, 0x10, 0x82, 0x3a, 0xc5, 0x96, 0xca,
    0x10, 0xc2, 0x8e, 0xaa, 0x29, 0xa3, 0x10, 0x82, 0x10, 0x82, 0x10, 0x82, 0x10, 0x82, 0x10, 0x82,
    0x10, 0x82, 0x10, 0x82, 0x10, 0x82, 0x10, 0x82, 0x10, 0x82, 0x10, 0x82, 0x10, 0x82, 0x10, 0x82,
    0x10, 0x82, 0x10, 0x82, 0x10, 0x82, 0x10, 0x82, 0x10, 0x82, 0x10, 0x82, 0x10, 0x82, 0x10, 0x82,
    0x10, 0x82, 0x10, 0x82, 0x10, 0x82, 0x10, 0x82, 0x10, 0x82, 0x10, 0x82, 0x10, 0x82, 0x10, 0x82,
    0x10, 0x82, 0x10, 0x82, 0x10, 0x82, 0x10, 0x82, 0x10, 0x82, 0x10, 0x82, 0x10, 0x82, 0x10, 0x82,
    0x10, 0x82, 0x10, 0x82, 0x10, 0x82, 0x10, 0x82, 0x10, 0x82, 0x10, 0x82, 0x10, 0x82, 0x10, 0x82,
    0x10, 0x82, 0x10, 0x82, 0x10, 0x82, 0x10, 0x82, 0x10, 0x82, 0x10, 0x82, 0x10, 0x82, 0x10, 0x82,
    0x10, 0x82, 0x10, 0x82, 0x10, 0x82, 0x10, 0x82, 0x10, 0x82, 0x10, 0x82, 0x10, 0x82, 0x10, 0x82,
    0x10, 0x82, 0x10, 0x82, 0x10, 0x82, 0x10, 0x82, 0x10, 0x82, 0x10, 0x82, 0x10, 0x82, 0x10, 0x82,
    0x10, 0x82, 0x10, 0x82, 0x10, 0x82, 0x10, 0x82, 0x10, 0x82, 0x10, 0x82, 0x10, 0x82, 0xef, 0x5c,
    0x08, 0x41, 0x08, 0x41, 0x08, 0x41, 0x08, 0x41, 0x08, 0x41, 0x08, 0x41, 0x08, 0x41, 0x08, 0x41,
    0x08, 0x41, 0x08, 0x41, 0x08, 0x41, 0x08, 0x41, 0x08, 0x41, 0x08, 0x41, 0x08, 0x41, 0x08, 0x41,
    0x08, 0x41, 0x08, 0x41, 0x08, 0x41, 0x08, 0x41, 0x08, 0x41, 0x08, 0x41, 0x08, 0x41, 0x08, 0x41,
    0x08, 0x41, 0x08, 0x41, 0x08, 0x41, 0x08, 0x41, 0x08, 0x41, 0x08, 0x41, 0x08, 0x41, 0x08, 0x41,
    0xef, 0x5c, 0x10, 0x82, 0x10, 0x82, 0x10, 0x82, 0x10, 0x82, 0x10, 0x82, 0x10, 0x82, 0x10, 0x82,
    0x5c, 0x47, 0x53, 0xc6, 0x10, 0x82, 0x10, 0x82, 0x10, 0x82, 0x10, 0x82, 0x7d, 0xc9, 0x3a, 0x84,
    0x10, 0x82, 0x10, 0x82, 0x10, 0x82, 0x10, 0xc2, 0x29, 0xa3, 0x6d, 0x08, 0x7d, 0xe9, 0x10, 0x82,
    0x10, 0x82, 0x10, 0x82, 0x10, 0x82, 0x10, 0x82, 0x10, 0x82, 0x10, 0x82, 0x10, 0x82, 0x10, 0x82,
    0x10, 0x82, 0x10, 0x82, 0x10, 0x82, 0x10, 0x82, 0x10, 0x82, 0x10, 0x82, 0x10, 0x82, 0x10, 0x82,
    0x10, 0x82, 0x10, 0x82, 0x10, 0x82, 0x10, 0x82, 0x10, 0x82, 0x10, 0x82, 0x10, 0x82, 0x10, 0x82,
    0x10, 0x82, 0x10, 0x82, 0x10, 0x82, 0x10, 0x82, 0x10, 0x82, 0x10, 0x82, 0x10, 0x82, 0x10, 0x82,
    0x10, 0x82, 0x10, 0x82, 0x10, 0x82, 0x10, 0x82, 0x10, 0x82, 0x10, 0x82, 0x10, 0x82, 0x10, 0x82,
    0x10, 0x82, 0x10, 0x82, 0x10, 0x82, 0x10, 0x82, 0x10, 0x82, 0x10, 0x82, 0x10, 0x82, 0x10, 0x82,
    0x10, 0x82, 0x10, 0x82, 0x10, 0x82, 0x10, 0x82, 0x10, 0x82, 0x10, 0x82, 0x10, 0x82, 0x10, 0x82,
    0x10, 0x82, 0x10, 0x82, 0x10, 0x82, 0x10, 0x82, 0x10, 0x82, 0x10, 0x82, 0x10, 0x82, 0x10, 0x82,
    0x10, 0x82, 0x10, 0x82, 0x10, 0x82, 0x10, 0x82, 0x10, 0x82, 0x10, 0x82, 0x10, 0x82, 0x10, 0x82,
    0x10, 0x82, 0x10, 0x82, 0x10, 0x82, 0xef, 0x5c, 0x08, 0x41, 0x08, 0x41, 0x08, 0x41, 0x08, 0x41,
    0x08, 0x41, 0x08, 0x41, 0x08, 0x41, 0x08, 0x41, 0xef, 0x5c, 0x10, 0x82, 0x10, 0x82, 0x10, 0x82,
    0x10, 0x82, 0x10, 0x82, 0x10, 0x82, 0x10, 0x82, 0x5c, 0x47, 0x53, 0xc6, 0x10, 0x82, 0x10, 0x82,
    0x10, 0x82, 0x10, 0x82, 0x7d, 0xc9, 0x3a, 0x84, 0x10, 0x82, 0x21, 0x43, 0x9f, 0x2b, 0x29, 0xe3,
    0x10, 0x82, 0x8e, 0xaa, 0x29, 0xa3, 0x10, 0x82, 0x10, 0x82, 0x10, 0x82, 0x10, 0x82, 0x10, 0x82,
    0x10, 0x82, 0x10, 0x82, 0x10, 0x82, 0x10, 0x82, 0x10, 0x82, 0x10, 0x82, 0x10, 0x82, 0x10, 0x82,
    0x10, 0x82, 0x10, 0x82, 0x10, 0x82, 0x10, 0x82, 0x10, 0x82, 0x10, 0x82, 0x10, 0x82, 0x10, 0x82,
    0x10, 0x82, 0x10, 0x82, 0x10, 0x82, 0x10, 0x82, 0x10, 0x82, 0x10, 0x82, 0x10, 0x82, 0x10, 0x82,
    0x10, 0x82, 0x10, 0x82, 0x10, 0x82, 0x10, 0x82, 0x10, 0x82, 0x10, 0x82, 0x10, 0x82, 0x10, 0x82,
    0x10, 0x82, 0x10, 0x82, 0x10, 0x82, 0x10, 0x82, 0x10, 0x82, 0x10, 0x82, 0x10, 0x82, 0x10, 0x82,
    0x10, 0x82, 0x10, 0x82, 0x10, 0x82, 0x10, 0x82, 0x10, 0x82, 0x10, 0x82, 0x10, 0x82, 0x10, 0x82,
    0x10, 0x82, 0x10, 0x82, 0x10, 0x82, 0x10, 0x82, 0x10, 0x82, 0x10, 0x82, 0x10, 0x82, 0x10, 0x82,
    0x10, 0x82, 0x10, 0x82, 0x10, 0x82, 0x10, 0x82, 0x10, 0x82, 0x10, 0x82, 0x10, 0x82, 0x10, 0x82,
    0x10, 0x82, 0x10, 0x82, 0x10, 0x82, 0x10, 0x82, 0x10, 0x82, 0x10, 0x82, 0x10, 0x82, 0xef, 0x5c,
    0x08, 0x41, 0x08, 0x41, 0x08, 0x41, 0x08, 0x41, 0x08, 0x41, 0x08, 0x41, 0x08, 0x41, 0x08, 0x41,
    0x08, 0x41, 0x08, 0x41, 0x08, 0x41, 0x08, 0x41, 0x08, 0x41, 0x08, 0x41, 0x08, 0x41, 0x08, 0x41,
    0x08, 0x41, 0x08, 0x41, 0x08, 0x41, 0x08, 0x41, 0x08, 0x41, 0x08, 0x41, 0x08, 0x41, 0x08, 0x41,
    0x08, 0x41, 0x08, 0x41, 0x08, 0x41, 0x08, 0x41, 0x08, 0x41, 0x08, 0x41, 0x08, 0x41, 0x08, 0x41,
    0xef, 0x5c, 0x10, 0x82, 0x10, 0x82, 0x10, 0x82, 0x10, 0x82, 0x10, 0x82, 0x10, 0x82, 0x10, 0x82,
    0x4b, 0x86, 0x64, 0xa7, 0x10, 0x82, 0x10, 0x82, 0x10, 0x82, 0x10, 0x82, 0x8e, 0xaa, 0x29, 0xa3,
    0x10, 0x82, 0x10, 0x82, 0x10, 0x82, 0x10, 0x82, 0x10, 0x82, 0x10, 0x82, 0x96, 0xea, 0x21, 0xa3,
    0x10, 0x82, 0x10, 0x82, 0x10, 0x82, 0x10, 0x82, 0x10, 0x82, 0x10, 0x82, 0x10, 0x82, 0x10, 0x82,
    0x10, 0x82, 0x10, 0x82, 0x10, 0x82, 0x10, 0x82, 0x10, 0x82, 0x10, 0x82, 0x10, 0x82, 0x10, 0x82,
    0x10, 0x82, 0x10, 0x82, 0x10, 0x82, 0x10, 0x82, 0x10, 0x82, 0x10, 0x82, 0x10, 0x82, 0x10, 0x82,
    0x10, 0x82, 0x10, 0x82, 0x10, 0x82, 0x10, 0x82, 0x10, 0x82, 0x10, 0x82, 0x10, 0x82, 0x10, 0x82,
    0x10, 0x82, 0x10, 0x82, 0x10, 0x82, 0x10, 0x82, 0x10, 0x82, 0x10, 0x82, 0x10, 0x82, 0x10, 0x82,
    0x10, 0x82, 0x10, 0x82, 0x10, 0x82, 0x10, 0x82, 0x10, 0x82, 0x10, 0x82, 0x10, 0x82, 0x10, 0x82,
    0x10, 0x82, 0x10, 0x82, 0x10, 0x82, 0x10, 0x82, 0x10, 0x82, 0x10, 0x82, 0x10, 0x82, 0x10, 0x82,
    0x10, 0x82, 0x10, 0x82, 0x10, 0x82, 0x10, 0x82, 0x10, 0x82, 0x10, 0x82, 0x10, 0x82, 0x10, 0x82,
    0x10, 0x82, 0x10, 0x82, 0x10, 0x82, 0x10, 0x82, 0x10, 0x82, 0x10, 0x82, 0x10, 0x82, 0x10, 0x82,
    0x10, 0x82, 0x10, 0x82, 0x10, 0x82, 0xef, 0x5c, 0x08, 0x41, 0x08, 0x41, 0x08, 0x41, 0x08, 0x41,
    0x08, 0x41, 0x08, 0x41, 0x08, 0x41, 0x08, 0x41, 0xef, 0x5c, 0x10, 0x82, 0x10, 0x82, 0x10, 0x82,
    0x10, 0x82, 0x10, 0x82, 0x10, 0x82, 0x10, 0x82, 0x4b, 0x86, 0x64, 0xa7, 0x10, 0x82, 0x10, 0x82,
    0x10, 0x82, 0x10, 0x82, 0x8e, 0xaa, 0x29, 0xa3, 0x10, 0x82, 0x86, 0x09, 0x6c, 0xc7, 0x21, 0x63,
    0x18, 0xc2, 0x8e, 0xaa, 0x29, 0xa3, 0x10, 0x82, 0x10, 0x82, 0x10, 0x82, 0x10, 0x82, 0x10, 0x82,
    0x10, 0x82, 0x10, 0x82, 0x10, 0x82, 0x10, 0x82, 0x10, 0x82, 0x10, 0x82, 0x10, 0x82, 0x10, 0x82,
    0x10, 0x82, 0x10, 0x82, 0x10, 0x82, 0x10, 0x82, 0x10, 0x82, 0x10, 0x82, 0x10, 0x82, 0x10, 0x82,
    0x10, 0x82, 0x10, 0x82, 0x10, 0x82, 0x10, 0x82, 0x10, 0x82, 0x10, 0x82, 0x10, 0x82, 0x10, 0x82,
    0x10, 0x82, 0x10, 0x82, 0x10, 0x82, 0x10, 0x82, 0x10, 0x82, 0x10, 0x82, 0x10, 0x82, 0x10, 0x82,
    0x10, 0x82, 0x10, 0x82, 0x10, 0x82, 0x10, 0x82, 0x10, 0x82, 0x10, 0x82, 0x10, 0x82, 0x10, 0x82,
    0x10, 0x82, 0x10, 0x82, 0x10, 0x82, 0x10, 0x82, 0x10, 0x82, 0x10, 0x82, 0x10, 0x82, 0x10, 0x82,
    0x10, 0x82, 0x10, 0x82, 0x10, 0x82, 0x10, 0x82, 0x10, 0x82, 0x10, 0x82, 0x10, 0x82, 0x10, 0x82,
    0x10, 0x82, 0x10, 0x82, 0x10, 0x82, 0x10, 0x82, 0x10, 0x82, 0x10, 0x82, 0x10, 0x82, 0x10, 0x82,
    0x10, 0x82, 0x10, 0x82, 0x10, 0x82, 0x10, 0x82, 0x10, 0x82, 0x10, 0x82, 0x10, 0x82, 0xef, 0x5c,
    0x08, 0x41, 0x08, 0x41, 0x08, 0x41, 0x08, 0x41, 0x08, 0x41, 0x08, 0x41, 0x08, 0x41, 0x08, 0x41,
    0x08, 0x41, 0x08, 0x41, 0x08, 0x41, 0x08, 0x41, 0x08, 0x41, 0x08, 0x41, 0x08, 0x41, 0x08, 0x41,
    0x08, 0x41, 0x08, 0x41, 0x08, 0x41, 0x08, 0x41, 0x08, 0x41, 0x08, 0x41, 0x08, 0x41, 0x08, 0x41,
    0x08, 0x41, 0x08, 0x41, 0x08, 0x41, 0x08, 0x41, 0x08, 0x41, 0x08, 0x41, 0x08, 0x41, 0x08, 0x41,
    0xef, 0x5c, 0x10, 0x82, 0x10, 0x82, 0x10, 0x82, 0x10, 0x82, 0x10, 0x82, 0x10, 0x82, 0x10, 0x82,
    0x29, 0xe3, 0x96, 0xca, 0x10, 0x82, 0x10, 0x82, 0x10, 0x82, 0x29, 0xc3, 0x9f, 0x2b, 0x10, 0x82,
    0x43, 0x25, 0x75, 0x68, 0x10, 0x82, 0x10, 0x82, 0x10, 0x82, 0x10, 0xc2, 0x9f, 0x4b, 0x21, 0x43,
    0x10, 0x82, 0x10, 0x82, 0x10, 0x82, 0x10, 0x82, 0x10, 0x82, 0x10, 0x82, 0x10, 0x82, 0x10, 0x82,
    0x10, 0x82, 0x10, 0x82, 0x10, 0x82, 0x10, 0x82, 0x10, 0x82, 0x10, 0x82, 0x10, 0x82, 0x10, 0x82,
    0x10, 0x82, 0x10, 0x82, 0x10, 0x82, 0x10, 0x82, 0x10, 0x82, 0x10, 0x82, 0x10, 0x82, 0x10, 0x82,
    0x10, 0x82, 0x10, 0x82, 0x10, 0x82, 0x10, 0x82, 0x10, 0x82, 0x10, 0x82, 0x10, 0x82, 0x10, 0x82,
    0x10, 0x82, 0x10, 0x82, 0x10, 0x82, 0x10, 0x82, 0x10, 0x82, 0x10, 0x82, 0x10, 0x82, 0x10, 0x82,
    0x10, 0x82, 0x10, 0x82, 0x10, 0x82, 0x10, 0x82, 0x10, 0x82, 0x10, 0x82, 0x10, 0x82, 0x10, 0x82,
    0x10, 0x82, 0x10, 0x82, 0x10, 0x82, 0x10, 0x82, 0x10, 0x82, 0x10, 0x82, 0x10, 0x82, 0x10, 0x82,
    0x10, 0x82, 0x10, 0x82, 0x10, 0x82, 0x10, 0x82, 0x10, 0x82, 0x10, 0x82, 0x10, 0x82, 0x10, 0x82,
    0x10, 0x82, 0x10, 0x82, 0x10, 0x82, 0x10, 0x82, 0x10, 0x82, 0x10, 0x82, 0x10, 0x82, 0x10, 0x82,
    0x10, 0x82, 0x10, 0x82, 0x10, 0x82, 0xef, 0x5c, 0x08, 0x41, 0x08, 0x41, 0x08, 0x41, 0x08, 0x41,
    0x08, 0x41, 0x08, 0x41, 0x08, 0x41, 0x08, 0x41, 0xef, 0x5c, 0x10, 0x82, 0x10, 0x82, 0x10, 0x82,
    0x10, 0x82, 0x10, 0x82, 0x10, 0x82, 0x10, 0x82, 0x29, 0xe3, 0x96, 0xca, 0x10, 0x82, 0x10, 0x82,
    0x10, 0x82, 0x29, 0xc3, 0x9f, 0x2b, 0x10, 0x82, 0x3a, 0xc5, 0x8e, 0x8a, 0x96, 0xea, 0x9f, 0x4b,
    0xa7, 0xcb, 0xaf, 0xec, 0xaf, 0xec, 0x4b, 0x45, 0x10, 0x82, 0x10, 0x82, 0x10, 0x82, 0x10, 0x82,
    0x10, 0x82, 0x10, 0x82, 0x10, 0x82, 0x10, 0x82, 0x10, 0x82, 0x10, 0x82, 0x10, 0x82, 0x10, 0x82,
    0x10, 0x82, 0x10, 0x82, 0x10, 0x82, 0x10, 0x82, 0x10, 0x82, 0x10, 0x82, 0x10, 0x82, 0x10, 0x82,
    0x10, 0x82, 0x10, 0x82, 0x10, 0x82, 0x10, 0x82, 0x10, 0x82, 0x10, 0x82, 0x10, 0x82, 0x10, 0x82,
    0x10, 0x82, 0x10, 0x82, 0x10, 0x82, 0x10, 0x82, 0x10, 0x82, 0x10, 0x82, 0x10, 0x82, 0x10, 0x82,
    0x10, 0x82, 0x10, 0x82, 0x10, 0x82, 0x10, 0x82, 0x10, 0x82, 0x10, 0x82, 0x10, 0x82, 0x10, 0x82,
    0x10, 0x82, 0x10, 0x82, 0x10, 0x82, 0x10, 0x82, 0x10, 0x82, 0x10, 0x82, 0x10, 0x82, 0x10, 0x82,
    0x10, 0x82, 0x10, 0x82, 0x10, 0x82, 0x10, 0x82, 0x10, 0x82, 0x10, 0x82, 0x10, 0x82, 0x10, 0x82,
    0x10, 0x82, 0x10, 0x82, 0x10, 0x82, 0x10, 0x82, 0x10, 0x82, 0x10, 0x82, 0x10, 0x82, 0x10, 0x82,
    0x10, 0x82, 0x10, 0x82, 0x10, 0x82, 0x10, 0x82, 0x10, 0x82, 0x10, 0x82, 0x10, 0x82, 0xef, 0x5c,
    0x08, 0x41, 0x08, 0x41, 0x08, 0x41, 0x08, 0x41, 0x08, 0x41, 0x08, 0x41, 0x08, 0x41, 0x08, 0x41,
    0x08, 0x41, 0x08, 0x41, 0x08, 0x41, 0x08, 0x41, 0x08, 0x41, 0x08, 0x41, 0x08, 0x41, 0x08, 0x41,
    0x08, 0x41, 0x08, 0x41, 0x08, 0x41, 0x08, 0x41, 0x08, 0x41, 0x08, 0x41, 0x08, 0x41, 0x08, 0x41,
    0x08, 0x41, 0x08, 0x41, 0x08, 0x41, 0x08, 0x41, 0x08, 0x41, 0x08, 0x41, 0x08, 0x41, 0x08, 0x41,
    0xef, 0x5c, 0x10, 0x82, 0x10, 0x82, 0x10, 0x82, 0x10, 0x82, 0x10, 0x82, 0x10, 0x82, 0x10, 0x82,
    0x10, 0x82, 0x86, 0x09, 0x64, 0x87, 0x18, 0xe2, 0x21, 0x83, 0x86, 0x69, 0x53, 0xa6, 0x10, 0x82,
    0x18, 0xc2, 0x96, 0xea, 0x53, 0xa6, 0x19, 0x22, 0x29, 0xa3, 0x7d, 0xa8, 0x75, 0x88, 0x10, 0x82,
    0x10, 0x82, 0x10, 0x82, 0x10, 0x82, 0x10, 0x82, 0x10, 0x82, 0x10, 0x82, 0x10, 0x82, 0x10, 0x82,
    0x10, 0x82, 0x10, 0x82, 0x10, 0x82, 0x10, 0x82, 0x10, 0x82, 0x10, 0x82, 0x10, 0x82, 0x10, 0x82,
    0x10, 0x82, 0x10, 0x82, 0x10, 0x82, 0x10, 0x82, 0x10, 0x82, 0x10, 0x82, 0x10, 0x82, 0x10, 0x82,
    0x10, 0x82, 0x10, 0x82, 0x10, 0x82, 0x10, 0x82, 0x10, 0x82, 0x10, 0x82, 0x10, 0x82, 0x10, 0x82,
    0x10, 0x82, 0x10, 0x82, 0x10, 0x82, 0x10, 0x82, 0x10, 0x82, 0x10, 0x82, 0x10, 0x82, 0x10, 0x82,
    0x10, 0x82, 0x10, 0x82, 0x10, 0x82, 0x10, 0x82, 0x10, 0x82, 0x10, 0x82, 0x10, 0x82, 0x10, 0x82,
    0x10, 0x82, 0x10, 0x82, 0x10, 0x82, 0x10, 0x82, 0x10, 0x82, 0x10, 0x82, 0x10, 0x82, 0x10, 0x82,
    0x10, 0x82, 0x10, 0x82, 0x10, 0x82, 0x10, 0x82, 0x10, 0x82, 0x10, 0x82, 0x10, 0x82, 0x10, 0x82,
    0x10, 0x82, 0x10, 0x82, 0x10, 0x82, 0x10, 0x82, 0x10, 0x82, 0x10, 0x82, 0x10, 0x82, 0x10, 0x82,
    0x10, 0x82, 0x10, 0x82, 0x10, 0x82, 0xef, 0x5c, 0x08, 0x41, 0x08, 0x41, 0x08, 0x41, 0x08, 0x41,
    0x08, 0x41, 0x08, 0x41, 0x08, 0x41, 0x08, 0x41, 0xef, 0x5c, 0x10, 0x82, 0x10, 0x82, 0x10, 0x82,
    0x10, 0x82, 0x10, 0x82, 0x10, 0x82, 0x10, 0x82, 0x10, 0x82, 0x86, 0x09, 0x64, 0x87, 0x18, 0xe2,
    0x21, 0x83, 0x86, 0x69, 0x53, 0xa6, 0x10, 0x82, 0x10, 0x82, 0x10, 0x82, 0x10, 0x82, 0x10, 0x82,
    0x10, 0x82, 0x8e, 0xaa, 0x29, 0xa3, 0x10, 0x82, 0x10, 0x82, 0x10, 0x82, 0x10, 0x82, 0x10, 0x82,
    0x10, 0x82, 0x10, 0x82, 0x10, 0x82, 0x10, 0x82, 0x10, 0x82, 0x10, 0x82, 0x10, 0x82, 0x10, 0x82,
    0x10, 0x82, 0x10, 0x82, 0x10, 0x82, 0x10, 0x82, 0x10, 0x82, 0x10, 0x82, 0x10, 0x82, 0x10, 0x82,
    0x10, 0x82, 0x10, 0x82, 0x10, 0x82, 0x10, 0x82, 0x10, 0x82, 0x10, 0x82, 0x10, 0x82, 0x10, 0x82,
    0x10, 0x82, 0x10, 0x82, 0x10, 0x82, 0x10, 0x82, 0x10, 0x82, 0x10, 0x82, 0x10, 0x82, 0x10, 0x82,
    0x10, 0x82, 0x10, 0x82, 0x10, 0x82, 0x10, 0x82, 0x10, 0x82, 0x10, 0x82, 0x10, 0x82, 0x10, 0x82,
    0x10, 0x82, 0x10, 0x82, 0x10, 0x82, 0x10, 0x82, 0x10, 0x82, 0x10, 0x82, 0x10, 0x82, 0x10, 0x82,
    0x10, 0x82, 0x10, 0x82, 0x10, 0x82, 0x10, 0x82, 0x10, 0x82, 0x10, 0x82, 0x10, 0x82, 0x10, 0x82,
    0x10, 0x82, 0x10, 0x82, 0x10, 0x82, 0x10, 0x82, 0x10, 0x82, 0x10, 0x82, 0x10, 0x82, 0x10, 0x82,
    0x10, 0x82, 0x10, 0x82, 0x10, 0x82, 0x10, 0x82, 0x10, 0x82, 0x10, 0x82, 0x10, 0x82, 0xef, 0x5c,
    0x08, 0x41, 0x08, 0x41, 0x08, 0x41, 0x08, 0x41, 0x08, 0x41, 0x08, 0x41, 0x08, 0x41, 0x08, 0x41,
    0x08, 0x41, 0x08, 0x41, 0x08, 0x41, 0x08, 0x41, 0x08, 0x41, 0x08, 0x41, 0x08, 0x41, 0x08, 0x41,
    0x08, 0x41, 0x08, 0x41, 0x08, 0x41, 0x08, 0x41, 0x08, 0x41, 0x08, 0x41, 0x08, 0x41, 0x08, 0x41,
    0x08, 0x41, 0x08, 0x41, 0x08, 0x41, 0x08, 0x41, 0x08, 0x41, 0x08, 0x41, 0x08, 0x41, 0x08, 0x41,
    0xef, 0x5c, 0x10, 0x82, 0x10, 0x82, 0x10, 0x82, 0x10, 0x82, 0x10, 0x82, 0x10, 0x82, 0x10, 0x82,
    0x10, 0x82, 0x19, 0x23, 0x7d, 0xa8, 0xa7, 0xab, 0x9f, 0x4b, 0x54, 0x06, 0x10, 0x82, 0x10, 0x82,
    0x10, 0x82, 0x29, 0xa3, 0x7d, 0xe9, 0xa7, 0x8b, 0x97, 0x2a, 0x64, 0xa7, 0x18, 0xc2, 0x10, 0x82,
    0x10, 0x82, 0x10, 0x82, 0x10, 0x82, 0x10, 0x82, 0x10, 0x82, 0x10, 0x82, 0x10, 0x82, 0x10, 0x82,
    0x10, 0x82, 0x10, 0x82, 0x10, 0x82, 0x10, 0x82, 0x10, 0x82, 0x10, 0x82, 0x10, 0x82, 0x10, 0x82,
    0x10, 0x82, 0x10, 0x82, 0x10, 0x82, 0x10, 0x82, 0x10, 0x82, 0x10, 0x82, 0x10, 0x82, 0x10, 0x82,
    0x10, 0x82, 0x10, 0x82, 0x10, 0x82, 0x10, 0x82, 0x10, 0x82, 0x10, 0x82, 0x10, 0x82, 0x10, 0x82,
    0x10, 0x82, 0x10, 0x82, 0x10, 0x82, 0x10, 0x82, 0x10, 0x82, 0x10, 0x82, 0x10, 0x82, 0x10, 0x82,
    0x10, 0x82, 0x10, 0x82, 0x10, 0x82, 0x10, 0x82, 0x10, 0x82, 0x10, 0x82, 0x10, 0x82, 0x10, 0x82,
    0x10, 0x82, 0x10, 0x82, 0x10, 0x82, 0x10, 0x82, 0x10, 0x82, 0x10, 0x82, 0x10, 0x82, 0x10, 0x82,
    0x10, 0x82, 0x10, 0x82, 0x10, 0x82, 0x10, 0x82, 0x10, 0x82, 0x10, 0x82, 0x10, 0x82, 0x10, 0x82,
    0x10, 0x82, 0x10, 0x82, 0x10, 0x82, 0x10, 0x82, 0x10, 0x82, 0x10, 0x82, 0x10, 0x82, 0x10, 0x82,
    0x10, 0x82, 0x10, 0x82, 0x10, 0x82, 0xef, 0x5c, 0x08, 0x41, 0x08, 0x41, 0x08, 0x41, 0x08, 0x41,
    0x08, 0x41, 0x08, 0x41, 0x08, 0x41, 0x08, 0x41, 0xef, 0x5c, 0x10, 0x82, 0x10, 0x82, 0x10, 0x82,
    0x10, 0x82, 0x10, 0x82, 0x10, 0x82, 0x10, 0x82, 0x10, 0x82, 0x19, 0x23, 0x7d, 0xa8, 0xa7, 0xab,
    0x9f, 0x4b, 0x54, 0x06, 0x10, 0x82, 0x10, 0x82, 0x10, 0x82, 0x10, 0x82, 0x10, 0x82, 0x10, 0x82,
    0x10, 0x82, 0x8e, 0xaa, 0x29, 0xa3, 0x10, 0x82, 0x10, 0x82, 0x10, 0x82, 0x10, 0x82, 0x10, 0x82,
    0x10, 0x82, 0x10, 0x82, 0x10, 0x82, 0x10, 0x82, 0x10, 0x82, 0x10, 0x82, 0x10, 0x82, 0x10, 0x82,
    0x10, 0x82, 0x10, 0x82, 0x10, 0x82, 0x10, 0x82, 0x10, 0x82, 0x10, 0x82, 0x10, 0x82, 0x10, 0x82,
    0x10, 0x82, 0x10, 0x82, 0x10, 0x82, 0x10, 0x82, 0x10, 0x82, 0x10, 0x82, 0x10, 0x82, 0x10, 0x82,
    0x10, 0x82, 0x10, 0x82, 0x10, 0x82, 0x10, 0x82, 0x10, 0x82, 0x10, 0x82, 0x10, 0x82, 0x10, 0x82,
    0x10, 0x82, 0x10, 0x82, 0x10, 0x82, 0x10, 0x82, 0x10, 0x82, 0x10, 0x82, 0x10, 0x82, 0x10, 0x82,
    0x10, 0x82, 0x10, 0x82, 0x10, 0x82, 0x10, 0x82, 0x10, 0x82, 0x10, 0x82, 0x10, 0x82, 0x10, 0x82,
    0x10, 0x82, 0x10, 0x82, 0x10, 0x82, 0x10, 0x82, 0x10, 0x82, 0x10, 0x82, 0x10, 0x82, 0x10, 0x82,
    0x10, 0x82, 0x10, 0x82, 0x10, 0x82, 0x10, 0x82, 0x10, 0x82, 0x10, 0x82, 0x10, 0x82, 0x10, 0x82,
    0x10, 0x82, 0x10, 0x82, 0x10, 0x82, 0x10, 0x82, 0x10, 0x82, 0x10, 0x82, 0x10, 0x82, 0xef, 0x5c,
    0x08, 0x41, 0x08, 0x41, 0x08, 0x41, 0x08, 0x41, 0x08, 0x41, 0x08, 0x41, 0x08, 0x41, 0x08, 0x41,
    0x08, 0x41, 0x08, 0x41, 0x08, 0x41, 0x08, 0x41, 0x08, 0x41, 0x08, 0x41, 0x08, 0x41, 0x08, 0x41,
    0x08, 0x41, 0x08, 0x41, 0x08, 0x41, 0x08, 0x41, 0x08, 0x41, 0x08, 0x41, 0x08, 0x41, 0x08, 0x41,
    0x08, 0x41, 0x08, 0x41, 0x08, 0x41, 0x08, 0x41, 0x08, 0x41, 0x08, 0x41, 0x08, 0x41, 0x08, 0x41,
    0xef, 0x5c, 0x10, 0x82, 0x10, 0x82, 0x10, 0x82, 0x10, 0x82, 0x10, 0x82, 0x10, 0x82, 0x10, 0x82,
    0x10, 0x82, 0x10, 0x82, 0x10, 0x82, 0x10, 0x82, 0x10, 0x82, 0x10, 0x82, 0x10, 0x82, 0x10, 0x82,
    0x10, 0x82, 0x10, 0x82, 0x10, 0x82, 0x10, 0x82, 0x10, 0x82, 0x10, 0x82, 0x10, 0x82, 0x10, 0x82,
    0x10, 0x82, 0x10, 0x82, 0x10, 0x82, 0x10, 0x82, 0x10, 0x82, 0x10, 0x82, 0x10, 0x82, 0x10, 0x82,
    0x10, 0x82, 0x10, 0x82, 0x10, 0x82, 0x10, 0x82, 0x10, 0x82, 0x10, 0x82, 0x10, 0x82, 0x10, 0x82,
    0x10, 0x82, 0x10, 0x82, 0x10, 0x82, 0x10, 0x82, 0x10, 0x82, 0x10, 0x82, 0x10, 0x82, 0x10, 0x82,
    0x10, 0x82, 0x10, 0x82, 0x10, 0x82, 0x10, 0x82, 0x10, 0x82, 0x10, 0x82, 0x10, 0x82, 0x10, 0x82,
    0x10, 0x82, 0x10, 0x82, 0x10, 0x82, 0x10, 0x82, 0x10, 0x82, 0x10, 0x82, 0x10, 0x82, 0x10, 0x82,
    0x10, 0x82, 0x10, 0x82, 0x10, 0x82, 0x10, 0x82, 0x10, 0x82, 0x10, 0x82, 0x10, 0x82, 0x10, 0x82,
    0x10, 0x82, 0x10, 0x82, 0x10, 0x82, 0x10, 0x82, 0x10, 0x82, 0x10, 0x82, 0x10, 0x82, 0x10, 0x82,
    0x10, 0x82, 0x10, 0x82, 0x10, 0x82, 0x10, 0x82, 0x10, 0x82, 0x10, 0x82, 0x10, 0x82, 0x10, 0x82,
    0x10, 0x82, 0x10, 0x82, 0x10, 0x82, 0x10, 0x82, 0x10, 0x82, 0x10, 0x82, 0x10, 0x82, 0x10, 0x82,
    0x10, 0x82, 0x10, 0x82, 0x10, 0x82, 0xef, 0x5c, 0x08, 0x41, 0x08, 0x41, 0x08, 0x41, 0x08, 0x41,
    0x08, 0x41, 0x08, 0x41, 0x08, 0x41, 0x08, 0x41, 0xef, 0x5c, 0x10, 0x82, 0x10, 0x82, 0x10, 0x82,
    0x10, 0x82, 0x10, 0x82, 0x10, 0x82, 0x10, 0x82, 0x10, 0x82, 0x10, 0x82, 0x10, 0x82, 0x10, 0x82,
    0x10, 0x82, 0x10, 0x82, 0x10, 0x82, 0x10, 0x82, 0x10, 0x82, 0x10, 0x82, 0x10, 0x82, 0x10, 0x82,
    0x10, 0x82, 0x10, 0x82, 0x10, 0x82, 0x10, 0x82, 0x10, 0x82, 0x10, 0x82, 0x10, 0x82, 0x10, 0x82,
    0x10, 0x82, 0x10, 0x82, 0x10, 0x82, 0x10, 0x82, 0x10, 0x82, 0x10, 0x82, 0x10, 0x82, 0x10, 0x82,
    0x10, 0x82, 0x10, 0x82, 0x10, 0x82, 0x10, 0x82, 0x10, 0x82, 0x10, 0x82, 0x10, 0x82, 0x10, 0x82,
    0x10, 0x82, 0x10, 0x82, 0x10, 0x82, 0x10, 0x82, 0x10, 0x82, 0x10, 0x82, 0x10, 0x82, 0x10, 0x82,
    0x10, 0x82, 0x10, 0x82, 0x10, 0x82, 0x10, 0x82, 0x10, 0x82, 0x10, 0x82, 0x10, 0x82, 0x10, 0x82,
    0x10, 0x82, 0x10, 0x82, 0x10, 0x82, 0x10, 0x82, 0x10, 0x82, 0x10, 0x82, 0x10, 0x82, 0x10, 0x82,
    0x10, 0x82, 0x10, 0x82, 0x10, 0x82, 0x10, 0x82, 0x10, 0x82, 0x10, 0x82, 0x10, 0x82, 0x10, 0x82,
    0x10, 0x82, 0x10, 0x82, 0x10, 0x82, 0x10, 0x82, 0x10, 0x82, 0x10, 0x82, 0x10, 0x82, 0x10, 0x82,
    0x10, 0x82, 0x10, 0x82, 0x10, 0x82, 0x10, 0x82, 0x10, 0x82, 0x10, 0x82, 0x10, 0x82, 0x10, 0x82,
    0x10, 0x82, 0x10, 0x82, 0x10, 0x82, 0x10, 0x82, 0x10, 0x82, 0x10, 0x82, 0x10, 0x82, 0xef, 0x5c,
    0x08, 0x41, 0x08, 0x41, 0x08, 0x41, 0x08, 0x41, 0x08, 0x41, 0x08, 0x41, 0x08, 0x41, 0x08, 0x41,
    0x08, 0x41, 0x08, 0x41, 0x08, 0x41, 0x08, 0x41, 0x08, 0x41, 0x08, 0x41, 0x08, 0x41, 0x08, 0x41,
    0x08, 0x41, 0x08, 0x41, 0x08, 0x41, 0x08, 0x41, 0x08, 0x41, 0x08, 0x41, 0x08, 0x41, 0x08, 0x41,
    0x08, 0x41, 0x08, 0x41, 0x08, 0x41, 0x08, 0x41, 0x08, 0x41, 0x08, 0x41, 0x08, 0x41, 0x08, 0x41,
    0xef, 0x5c, 0x10, 0x82, 0x10, 0x82, 0x10, 0x82, 0x10, 0x82, 0x10, 0x82, 0x10, 0x82, 0x10, 0x82,
    0x10, 0x82, 0x10, 0x82, 0x10, 0x82, 0x10, 0x82, 0x10, 0x82, 0x10, 0x82, 0x10, 0x82, 0x10, 0x82,
    0x10, 0x82, 0x10, 0x82, 0x10, 0x82, 0x10, 0x82, 0x10, 0x82, 0x10, 0x82, 0x10, 0x82, 0x10, 0x82,
    0x10, 0x82, 0x10, 0x82, 0x10, 0x82, 0x10, 0x82, 0x10, 0x82, 0x10, 0x82, 0x10, 0x82, 0x10, 0x82,
    0x10, 0x82, 0x10, 0x82, 0x10, 0x82, 0x10, 0x82, 0x10, 0x82, 0x10, 0x82, 0x10, 0x82, 0x10, 0x82,
    0x10, 0x82, 0x10, 0x82, 0x10, 0x82, 0x10, 0x82, 0x10, 0x82, 0x10, 0x82, 0x10, 0x82, 0x10, 0x82,
    0x10, 0x82, 0x10, 0x82, 0x10, 0x82, 0x10, 0x82, 0x10, 0x82, 0x10, 0x82, 0x10, 0x82, 0x10, 0x82,
    0x10, 0x82, 0x10, 0x82, 0x10, 0x82, 0x10, 0x82, 0x10, 0x82, 0x10, 0x82, 0x10, 0x82, 0x10, 0x82,
    0x10, 0x82, 0x10, 0x82, 0x10, 0x82, 0x10, 0x82, 0x10, 0x82, 0x10, 0x82, 0x10, 0x82, 0x10, 0x82,
    0x10, 0x82, 0x10, 0x82, 0x10, 0x82, 0x10, 0x82, 0x10, 0x82, 0x10, 0x82, 0x10, 0x82, 0x10, 0x82,
    0x10, 0x82, 0x10, 0x82, 0x10, 0x82, 0x10, 0x82, 0x10, 0x82, 0x10, 0x82, 0x10, 0x82, 0x10, 0x82,
    0x10, 0x82, 0x10, 0x82, 0x10, 0x82, 0x10, 0x82, 0x10, 0x82, 0x10, 0x82, 0x10, 0x82, 0x10, 0x82,
    0x10, 0x82, 0x10, 0x82, 0x10, 0x82, 0xef, 0x5c, 0x08, 0x41, 0x08, 0x41, 0x08, 0x41, 0x08, 0x41,
    0x08, 0x41, 0x08, 0x41, 0x08, 0x41, 0x08, 0x41, 0xef, 0x5c, 0x10, 0x82, 0x10, 0x82, 0x10, 0x82,
    0x10, 0x82, 0x10, 0x82, 0x10, 0x82, 0x10, 0x82, 0x10, 0x82, 0x10, 0x82, 0x10, 0x82, 0x10, 0x82,
    0x10, 0x82, 0x10, 0x82, 0x10, 0x82, 0x10, 0x82, 0x10, 0x82, 0x10, 0x82, 0x10, 0x82, 0x10, 0x82,
    0x10, 0x82, 0x10, 0x82, 0x10, 0x82, 0x10, 0x82, 0x10, 0x82, 0x10, 0x82, 0x10, 0x82, 0x10, 0x82,
    0x10, 0x82, 0x10, 0x82, 0x10, 0x82, 0x10, 0x82, 0x10, 0x82, 0x10, 0x82, 0x10, 0x82, 0x10, 0x82,
    0x10, 0x82, 0x10, 0x82, 0x10, 0x82, 0x10, 0x82, 0x10, 0x82, 0x10, 0x82, 0x10, 0x82, 0x10, 0x82,
    0x10, 0x82, 0x10, 0x82, 0x10, 0x82, 0x10, 0x82, 0x10, 0x82, 0x10, 0x82, 0x10, 0x82, 0x10, 0x82,
    0x10, 0x82, 0x10, 0x82, 0x10, 0x82, 0x10, 0x82, 0x10, 0x82, 0x10, 0x82, 0x10, 0x82, 0x10, 0x82,
    0x10, 0x82, 0x10, 0x82, 0x10, 0x82, 0x10, 0x82, 0x10, 0x82, 0x10, 0x82, 0x10, 0x82, 0x10, 0x82,
    0x10, 0x82, 0x10, 0x82, 0x10, 0x82, 0x10, 0x82, 0x10, 0x82, 0x10, 0x82, 0x10, 0x82, 0x10, 0x82,
    0x10, 0x82, 0x10, 0x82, 0x10, 0x82, 0x10, 0x82, 0x10, 0x82, 0x10, 0x82, 0x10, 0x82, 0x10, 0x82,
    0x10, 0x82, 0x10, 0x82, 0x10, 0x82, 0x10, 0x82, 0x10, 0x82, 0x10, 0x82, 0x10, 0x82, 0x10, 0x82,
    0x10, 0x82, 0x10, 0x82, 0x10, 0x82, 0x10, 0x82, 0x10, 0x82, 0x10, 0x82, 0x10, 0x82, 0xef, 0x5c,
    0x08, 0x41, 0x08, 0x41, 0x08, 0x41, 0x08, 0x41, 0x08, 0x41, 0x08, 0x41, 0x08, 0x41, 0x08, 0x41,
    0x08, 0x41, 0x08, 0x41, 0x08, 0x41, 0x08, 0x41, 0x08, 0x41, 0x08, 0x41, 0x08, 0x41, 0x08, 0x41,
    0x08, 0x41, 0x08, 0x41, 0x08, 0x41, 0x08, 0x41, 0x08, 0x41, 0x08, 0x41, 0x08, 0x41, 0x08, 0x41,
    0x08, 0x41, 0x08, 0x41, 0x08, 0x41, 0x08, 0x41, 0x08, 0x41, 0x08, 0x41, 0x08, 0x41, 0x08, 0x41,
    0xef, 0x5c, 0x10, 0x82, 0x10, 0x82, 0x10, 0x82, 0x10, 0x82, 0x10, 0x82, 0x10, 0x82, 0x10, 0x82,
    0x10, 0x82, 0x10, 0x82, 0x10, 0x82, 0x10, 0x82, 0x10, 0x82, 0x10, 0x82, 0x10, 0x82, 0x10, 0x82,
    0x10, 0x82, 0x10, 0x82, 0x10, 0x82, 0x10, 0x82, 0x10, 0x82, 0x10, 0x82, 0x10, 0x82, 0x10, 0x82,
    0x10, 0x82, 0x10, 0x82, 0x10, 0x82, 0x10, 0x82, 0x10, 0x82, 0x10, 0x82, 0x10, 0x82, 0x10, 0x82,
    0x10, 0x82, 0x10, 0x82, 0x10, 0x82, 0x10, 0x82, 0x10, 0x82, 0x10, 0x82, 0x10, 0x82, 0x10, 0x82,
    0x10, 0x82, 0x10, 0x82, 0x10, 0x82, 0x10, 0x82, 0x10, 0x82, 0x10, 0x82, 0x10, 0x82, 0x10, 0x82,
    0x10, 0x82, 0x10, 0x82, 0x10, 0x82, 0x10, 0x82, 0x10, 0x82, 0x10, 0x82, 0x10, 0x82, 0x10, 0x82,
    0x10, 0x82, 0x10, 0x82, 0x10, 0x82, 0x10, 0x82, 0x10, 0x82, 0x10, 0x82, 0x10, 0x82, 0x10, 0x82,
    0x10, 0x82, 0x10, 0x82, 0x10, 0x82, 0x10, 0x82, 0x10, 0x82, 0x10, 0x82, 0x10, 0x82, 0x10, 0x82,
    0x10, 0x82, 0x10, 0x82, 0x10, 0x82, 0x10, 0x82, 0x10, 0x82, 0x10, 0x82, 0x10, 0x82, 0x10, 0x82,
    0x10, 0x82, 0x10, 0x82, 0x10, 0x82, 0x10, 0x82, 0x10, 0x82, 0x10, 0x82, 0x10, 0x82, 0x10, 0x82,
    0x10, 0x82, 0x10, 0x82, 0x10, 0x82, 0x10, 0x82, 0x10, 0x82, 0x10, 0x82, 0x10, 0x82, 0x10, 0x82,
    0x10, 0x82, 0x10, 0x82, 0x10, 0x82, 0xef, 0x5c, 0x08, 0x41, 0x08, 0x41, 0x08, 0x41, 0x08, 0x41,
    0x08, 0x41, 0x08, 0x41, 0x08, 0x41, 0x08, 0x41, 0xef, 0x5c, 0x10, 0x82, 0x10, 0x82, 0x10, 0x82,
    0x10, 0x82, 0x10, 0x82, 0x10, 0x82, 0x10, 0x82, 0x10, 0x82, 0x10, 0x82, 0x10, 0x82, 0x10, 0x82,
    0x10, 0x82, 0x10, 0x82, 0x10, 0x82, 0x10, 0x82, 0x10, 0x82, 0x10, 0x82, 0x10, 0x82, 0x10, 0x82,
    0x10, 0x82, 0x10, 0x82, 0x10, 0x82, 0x10, 0x82, 0x10, 0x82, 0x10, 0x82, 0x10, 0x82, 0x10, 0x82,
    0x10, 0x82, 0x10, 0x82, 0x10, 0x82, 0x10, 0x82, 0x10, 0x82, 0x10, 0x82, 0x10, 0x82, 0x10, 0x82,
    0x10, 0x82, 0x10, 0x82, 0x10, 0x82, 0x10, 0x82, 0x10, 0x82, 0x10, 0x82, 0x10, 0x82, 0x10, 0x82,
    0x10, 0x82, 0x10, 0x82, 0x10, 0x82, 0x10, 0x82, 0x10, 0x82, 0x10, 0x82, 0x10, 0x82, 0x10, 0x82,
    0x10, 0x82, 0x10, 0x82, 0x10, 0x82, 0x10, 0x82, 0x10, 0x82, 0x10, 0x82, 0x10, 0x82, 0x10, 0x82,
    0x10, 0x82, 0x10, 0x82, 0x10, 0x82, 0x10, 0x82, 0x10, 0x82, 0x10, 0x82, 0x10, 0x82, 0x10, 0x82,
    0x10, 0x82, 0x10, 0x82, 0x10, 0x82, 0x10, 0x82, 0x10, 0x82, 0x10, 0x82, 0x10, 0x82, 0x10, 0x82,
    0x10, 0x82, 0x10, 0x82, 0x10, 0x82, 0x10, 0x82, 0x10, 0x82, 0x10, 0x82, 0x10, 0x82, 0x10, 0x82,
    0x10, 0x82, 0x10, 0x82, 0x10, 0x82, 0x10, 0x82, 0x10, 0x82, 0x10, 0x82, 0x10, 0x82, 0x10, 0x82,
    0x10, 0x82, 0x10, 0x82, 0x10, 0x82, 0x10, 0x82, 0x10, 0x82, 0x10, 0x82, 0x10, 0x82, 0xef, 0x5c,
    0x08, 0x41, 0x08, 0x41, 0x08, 0x41, 0x08, 0x41, 0x08, 0x41, 0x08, 0x41, 0x08, 0x41, 0x08, 0x41,
    0x08, 0x41, 0x08, 0x41, 0x08, 0x41, 0x08, 0x41, 0x08, 0x41, 0x08, 0x41, 0x08, 0x41, 0x08, 0x41,
    0x08, 0x41, 0x08, 0x41, 0x08, 0x41, 0x08, 0x41, 0x08, 0x41, 0x08, 0x41, 0x08, 0x41, 0x08, 0x41,
    0x08, 0x41, 0x08, 0x41, 0x08, 0x41, 0x08, 0x41, 0x08, 0x41, 0x08, 0x41, 0x08, 0x41, 0x08, 0x41,
    0xef, 0x5c, 0x10, 0x82, 0x10, 0x82, 0x10, 0x82, 0x10, 0x82, 0x10, 0x82, 0x10, 0x82, 0x10, 0x82,
    0x10, 0x82, 0x10, 0x82, 0x10, 0x82, 0x10, 0x82, 0x10, 0x82, 0x10, 0x82, 0x10, 0x82, 0x10, 0x82,
    0x10, 0x82, 0x10, 0x82, 0x10, 0x82, 0x10, 0x82, 0x10, 0x82, 0x10, 0x82, 0x10, 0x82, 0x10, 0x82,
    0x10, 0x82, 0x10, 0x82, 0x10, 0x82, 0x10, 0x82, 0x10, 0x82, 0x10, 0x82, 0x10, 0x82, 0x10, 0x82,
    0x10, 0x82, 0x10, 0x82, 0x10, 0x82, 0x10, 0x82, 0x10, 0x82, 0x10, 0x82, 0x10, 0x82, 0x10, 0x82,
    0x10, 0x82, 0x10, 0x82, 0x10, 0x82, 0x10, 0x82, 0x10, 0x82, 0x10, 0x82, 0x10, 0x82, 0x10, 0x82,
    0x10, 0x82, 0x10, 0x82, 0x10, 0x82, 0x10, 0x82, 0x10, 0x82, 0x10, 0x82, 0x10, 0x82, 0x10, 0x82,
    0x10, 0x82, 0x10, 0x82, 0x10, 0x82, 0x10, 0x82, 0x10, 0x82, 0x10, 0x82, 0x10, 0x82, 0x10, 0x82,
    0x10, 0x82, 0x10, 0x82, 0x10, 0x82, 0x10, 0x82, 0x10, 0x82, 0x10, 0x82, 0x10, 0x82, 0x10, 0x82,
    0x10, 0x82, 0x10, 0x82, 0x10, 0x82, 0x10, 0x82, 0x10, 0x82, 0x10, 0x82, 0x10, 0x82, 0x10, 0x82,
    0x10, 0x82, 0x10, 0x82, 0x10, 0x82, 0x10, 0x82, 0x10, 0x82, 0x10, 0x82, 0x10, 0x82, 0x10, 0x82,
    0x10, 0x82, 0x10, 0x82, 0x10, 0x82, 0x10, 0x82, 0x10, 0x82, 0x10, 0x82, 0x10, 0x82, 0x10, 0x82,
    0x10, 0x82, 0x10, 0x82, 0x10, 0x82, 0xef, 0x5c, 0x08, 0x41, 0x08, 0x41, 0x08, 0x41, 0x08, 0x41,
    0x08, 0x41, 0x08, 0x41, 0x08, 0x41, 0x08, 0x41, 0xef, 0x5c, 0x10, 0x82, 0x10, 0x82, 0x10, 0x82,
    0x10, 0x82, 0x10, 0x82, 0x10, 0x82, 0x10, 0x82, 0x10, 0x82, 0x10, 0x82, 0x10, 0x82, 0x10, 0x82,
    0x10, 0x82, 0x10, 0x82, 0x10, 0x82, 0x10, 0x82, 0x10, 0x82, 0x10, 0x82, 0x10, 0x82, 0x10, 0x82,
    0x10, 0x82, 0x10, 0x82, 0x10, 0x82, 0x10, 0x82, 0x10, 0x82, 0x10, 0x82, 0x10, 0x82, 0x10, 0x82,
    0x10, 0x82, 0x10, 0x82, 0x10, 0x82, 0x10, 0x82, 0x10, 0x82, 0x10, 0x82, 0x10, 0x82, 0x10, 0x82,
    0x10, 0x82, 0x10, 0x82, 0x10, 0x82, 0x10, 0x82, 0x10, 0x82, 0x10, 0x82, 0x10, 0x82, 0x10, 0x82,
    0x10, 0x82, 0x10, 0x82, 0x10, 0x82, 0x10, 0x82, 0x10, 0x82, 0x10, 0x82, 0x10, 0x82, 0x10, 0x82,
    0x10, 0x82, 0x10, 0x82, 0x10, 0x82, 0x10, 0x82, 0x10, 0x82, 0x10, 0x82, 0x10, 0x82, 0x10, 0x82,
    0x10, 0x82, 0x10, 0x82, 0x10, 0x82, 0x10, 0x82, 0x10, 0x82, 0x10, 0x82, 0x10, 0x82, 0x10, 0x82,
    0x10, 0x82, 0x10, 0x82, 0x10, 0x82, 0x10, 0x82, 0x10, 0x82, 0x10, 0x82, 0x10, 0x82, 0x10, 0x82,
    0x10, 0x82, 0x10, 0x82, 0x10, 0x82, 0x10, 0x82, 0x10, 0x82, 0x10, 0x82, 0x10, 0x82, 0x10, 0x82,
    0x10, 0x82, 0x10, 0x82, 0x10, 0x82, 0x10, 0x82, 0x10, 0x82, 0x10, 0x82, 0x10, 0x82, 0x10, 0x82,
    0x10, 0x82, 0x10, 0x82, 0x10, 0x82, 0x10, 0x82, 0x10, 0x82, 0x10, 0x82, 0x10, 0x82, 0xef, 0x5c,
    0x08, 0x41, 0x08, 0x41, 0x08, 0x41, 0x08, 0x41, 0x08, 0x41, 0x08, 0x41, 0x08, 0x41, 0x08, 0x41,
    0x08, 0x41, 0x08, 0x41, 0x08, 0x41, 0x08, 0x41, 0x08, 0x41, 0x08, 0x41, 0x08, 0x41, 0x08, 0x41,
    0x08, 0x41, 0x08, 0x41, 0x08, 0x41, 0x08, 0x41, 0x08, 0x41, 0x08, 0x41, 0x08, 0x41, 0x08, 0x41,
    0x08, 0x41, 0x08, 0x41, 0x08, 0x41, 0x08, 0x41, 0x08, 0x41, 0x08, 0x41, 0x08, 0x41, 0x08, 0x41,
    0xef, 0x5c, 0x10, 0x82, 0x10, 0x82, 0x10, 0x82, 0x10, 0x82, 0x10, 0x82, 0x10, 0x82, 0x10, 0x82,
    0x10, 0x82, 0x10, 0x82, 0x10, 0x82, 0x10, 0x82, 0x10, 0x82, 0x10, 0x82, 0x10, 0x82, 0x10, 0x82,
    0x10, 0x82, 0x10, 0x82, 0x10, 0x82, 0x10, 0x82, 0x10, 0x82, 0x10, 0x82, 0x10, 0x82, 0x10, 0x82,
    0x10, 0x82, 0x10, 0x82, 0x10, 0x82, 0x10, 0x82, 0x10, 0x82, 0x10, 0x82, 0x10, 0x82, 0x10, 0x82,
    0x10, 0x82, 0x10, 0x82, 0x10, 0x82, 0x10, 0x82, 0x10, 0x82, 0x10, 0x82, 0x10, 0x82, 0x10, 0x82,
    0x10, 0x82, 0x10, 0x82, 0x10, 0x82, 0x10, 0x82, 0x10, 0x82, 0x10, 0x82, 0x10, 0x82, 0x10, 0x82,
    0x10, 0x82, 0x10, 0x82, 0x10, 0x82, 0x10, 0x82, 0x10, 0x82, 0x10, 0x82, 0x10, 0x82, 0x10, 0x82,
    0x10, 0x82, 0x10, 0x82, 0x10, 0x82, 0x10, 0x82, 0x10, 0x82, 0x10, 0x82, 0x10, 0x82, 0x10, 0x82,
    0x10, 0x82, 0x10, 0x82, 0x10, 0x82, 0x10, 0x82, 0x10, 0x82, 0x10, 0x82, 0x10, 0x82, 0x10, 0x82,
    0x10, 0x82, 0x10, 0x82, 0x10, 0x82, 0x10, 0x82, 0x10, 0x82, 0x10, 0x82, 0x10, 0x82, 0x10, 0x82,
    0x10, 0x82, 0x10, 0x82, 0x10, 0x82, 0x10, 0x82, 0x10, 0x82, 0x10, 0x82, 0x10, 0x82, 0x10, 0x82,
    0x10, 0x82, 0x10, 0x82, 0x10, 0x82, 0x10, 0x82, 0x10, 0x82, 0x10, 0x82, 0x10, 0x82, 0x10, 0x82,
    0x10, 0x82, 0x10, 0x82, 0x10, 0x82, 0xef, 0x5c, 0x08, 0x41, 0x08, 0x41, 0x08, 0x41, 0x08, 0x41,
    0x08, 0x41, 0x08, 0x41, 0x08, 0x41, 0x08, 0x41, 0xef, 0x5c, 0x10, 0x82, 0x10, 0x82, 0x10, 0x82,
    0x10, 0x82, 0x10, 0x82, 0x10, 0x82, 0x10, 0x82, 0x10, 0x82, 0x10, 0x82, 0x10, 0x82, 0x10, 0x82,
    0x10, 0x82, 0x10, 0x82, 0x10, 0x82, 0x10, 0x82, 0x10, 0x82, 0x10, 0x82, 0x10, 0x82, 0x10, 0x82,
    0x10, 0x82, 0x10, 0x82, 0x10, 0x82, 0x10, 0x82, 0x10, 0x82, 0x10, 0x82, 0x10, 0x82, 0x10, 0x82,
    0x10, 0x82, 0x10, 0x82, 0x10, 0x82, 0x10, 0x82, 0x10, 0x82, 0x10, 0x82, 0x10, 0x82, 0x10, 0x82,
    0x10, 0x82, 0x10, 0x82, 0x10, 0x82, 0x10, 0x82, 0x10, 0x82, 0x10, 0x82, 0x10, 0x82, 0x10, 0x82,
    0x10, 0x82, 0x10, 0x82, 0x10, 0x82, 0x10, 0x82, 0x10, 0x82, 0x10, 0x82, 0x10, 0x82, 0x10, 0x82,
    0x10, 0x82, 0x10, 0x82, 0x10, 0x82, 0x10, 0x82, 0x10, 0x82, 0x10, 0x82, 0x10, 0x82, 0x10, 0x82,
    0x10, 0x82, 0x10, 0x82, 0x10, 0x82, 0x10, 0x82, 0x10, 0x82, 0x10, 0x82, 0x10, 0x82, 0x10, 0x82,
    0x10, 0x82, 0x10, 0x82, 0x10, 0x82, 0x10, 0x82, 0x10, 0x82, 0x10, 0x82, 0x10, 0x82, 0x10, 0x82,
    0x10, 0x82, 0x10, 0x82, 0x10, 0x82, 0x10, 0x82, 0x10, 0x82, 0x10, 0x82, 0x10, 0x82, 0x10, 0x82,
    0x10, 0x82, 0x10, 0x82, 0x10, 0x82, 0x10, 0x82, 0x10, 0x82, 0x10, 0x82, 0x10, 0x82, 0x10, 0x82,
    0x10, 0x82, 0x10, 0x82, 0x10, 0x82, 0x10, 0x82, 0x10, 0x82, 0x10, 0x82, 0x10, 0x82, 0xef, 0x5c,
    0x08, 0x41, 0x08, 0x41, 0x08, 0x41, 0x08, 0x41, 0x08, 0x41, 0x08, 0x41, 0x08, 0x41, 0x08, 0x41,
    0x08, 0x41, 0x08, 0x41, 0x08, 0x41, 0x08, 0x41, 0x08, 0x41, 0x08, 0x41, 0x08, 0x41, 0x08, 0x41,
    0x08, 0x41, 0x08, 0x41, 0x08, 0x41, 0x08, 0x41, 0x08, 0x41, 0x08, 0x41, 0x08, 0x41, 0x08, 0x41,
    0x08, 0x41, 0x08, 0x41, 0x08, 0x41, 0x08, 0x41, 0x08, 0x41, 0x08, 0x41, 0x08, 0x41, 0x08, 0x41,
    0xef, 0x5c, 0x10, 0x82, 0x10, 0x82, 0x10, 0x82, 0x10, 0x82, 0x10, 0x82, 0x10, 0x82, 0x10, 0x82,
    0x10, 0x82, 0x10, 0x82, 0x10, 0x82, 0x10, 0x82, 0x10, 0x82, 0x10, 0x82, 0x10, 0x82, 0x10, 0x82,
    0x10, 0x82, 0x10, 0x82, 0x10, 0x82, 0x10, 0x82, 0x10, 0x82, 0x10, 0x82, 0x10, 0x82, 0x10, 0x82,
    0x10, 0x82, 0x10, 0x82, 0x10, 0x82, 0x10, 0x82, 0x10, 0x82, 0x10, 0x82, 0x10, 0x82, 0x10, 0x82,
    0x10, 0x82, 0x10, 0x82, 0x10, 0x82, 0x10, 0x82, 0x10, 0x82, 0x10, 0x82, 0x10, 0x82, 0x10, 0x82,
    0x10, 0x82, 0x10, 0x82, 0x10, 0x82, 0x10, 0x82, 0x10, 0x82, 0x10, 0x82, 0x10, 0x82, 0x10, 0x82,
    0x10, 0x82, 0x10, 0x82, 0x10, 0x82, 0x10, 0x82, 0x10, 0x82, 0x10, 0x82, 0x10, 0x82, 0x10, 0x82,
    0x10, 0x82, 0x10, 0x82, 0x10, 0x82, 0x10, 0x82, 0x10, 0x82, 0x10, 0x82, 0x10, 0x82, 0x10, 0x82,
    0x10, 0x82, 0x10, 0x82, 0x10, 0x82, 0x10, 0x82, 0x10, 0x82, 0x10, 0x82, 0x10, 0x82, 0x10, 0x82,
    0x10, 0x82, 0x10, 0x82, 0x10, 0x82, 0x10, 0x82, 0x10, 0x82, 0x10, 0x82, 0x10, 0x82, 0x10, 0x82,
    0x10, 0x82, 0x10, 0x82, 0x10, 0x82, 0x10, 0x82, 0x10, 0x82, 0x10, 0x82, 0x10, 0x82, 0x10, 0x82,
    0x10, 0x82, 0x10, 0x82, 0x10, 0x82, 0x10, 0x82, 0x10, 0x82, 0x10, 0x82, 0x10, 0x82, 0x10, 0x82,
    0x10, 0x82, 0x10, 0x82, 0x10, 0x82, 0xef, 0x5c, 0x08, 0x41, 0x08, 0x41, 0x08, 0x41, 0x08, 0x41,
    0x08, 0x41, 0x08, 0x41, 0x08, 0x41, 0x08, 0x41, 0xef, 0x5c, 0x10, 0x82, 0x10, 0x82, 0x10, 0x82,
    0x10, 0x82, 0x10, 0x82, 0x10, 0x82, 0x10, 0x82, 0x10, 0x82, 0x10, 0x82, 0x10, 0x82, 0x10, 0x82,
    0x10, 0x82, 0x10, 0x82, 0x10, 0x82, 0x10, 0x82, 0x10, 0x82, 0x10, 0x82, 0x10, 0x82, 0x10, 0x82,
    0x10, 0x82, 0x10, 0x82, 0x10, 0x82, 0x10, 0x82, 0x10, 0x82, 0x10, 0x82, 0x10, 0x82, 0x10, 0x82,
    0x10, 0x82, 0x10, 0x82, 0x10, 0x82, 0x10, 0x82, 0x10, 0x82, 0x10, 0x82, 0x10, 0x82, 0x10, 0x82,
    0x10, 0x82, 0x10, 0x82, 0x10, 0x82, 0x10, 0x82, 0x10, 0x82, 0x10, 0x82, 0x10, 0x82, 0x10, 0x82,
    0x10, 0x82, 0x10, 0x82, 0x10, 0x82, 0x10, 0x82, 0x10, 0x82, 0x10, 0x82, 0x10, 0x82, 0x10, 0x82,
    0x10, 0x82, 0x10, 0x82, 0x10, 0x82, 0x10, 0x82, 0x10, 0x82, 0x10, 0x82, 0x10, 0x82, 0x10, 0x82,
    0x10, 0x82, 0x10, 0x82, 0x10, 0x82, 0x10, 0x82, 0x10, 0x82, 0x10, 0x82, 0x10, 0x82, 0x10, 0x82,
    0x10, 0x82, 0x10, 0x82, 0x10, 0x82, 0x10, 0x82, 0x10, 0x82, 0x10, 0x82, 0x10, 0x82, 0x10, 0x82,
    0x10, 0x82, 0x10, 0x82, 0x10, 0x82, 0x10, 0x82, 0x10, 0x82, 0x10, 0x82, 0x10, 0x82, 0x10, 0x82,
    0x10, 0x82, 0x10, 0x82, 0x10, 0x82, 0x10, 0x82, 0x10, 0x82, 0x10, 0x82, 0x10, 0x82, 0x10, 0x82,
    0x10, 0x82, 0x10, 0x82, 0x10, 0x82, 0x10, 0x82, 0x10, 0x82, 0x10, 0x82, 0x10, 0x82, 0xef, 0x5c,
    0x08, 0x41, 0x08, 0x41, 0x08, 0x41, 0x08, 0x41, 0x08, 0x41, 0x08, 0x41, 0x08, 0x41, 0x08, 0x41,
    0x08, 0x41, 0x08, 0x41, 0x08, 0x41, 0x08, 0x41, 0x08, 0x41, 0x08, 0x41, 0x08, 0x41, 0x08, 0x41,
    0x08, 0x41, 0x08, 0x41, 0x08, 0x41, 0x08, 0x41, 0x08, 0x41, 0x08, 0x41, 0x08, 0x41, 0x08, 0x41,
    0x08, 0x41, 0x08, 0x41, 0x08, 0x41, 0x08, 0x41, 0x08, 0x41, 0x08, 0x41, 0x08, 0x41, 0x08, 0x41,
    0xef, 0x5c, 0x10, 0x82, 0x10, 0x82, 0x10, 0x82, 0x10, 0x82, 0x10, 0x82, 0x10, 0x82, 0x10, 0x82,
    0x10, 0x82, 0x10, 0x82, 0x10, 0x82, 0x10, 0x82, 0x10, 0x82, 0x10, 0x82, 0x10, 0x82, 0x10, 0x82,
    0x10, 0x82, 0x10, 0x82, 0x10, 0x82, 0x10, 0x82, 0x10, 0x82, 0x10, 0x82, 0x10, 0x82, 0x10, 0x82,
    0x10, 0x82, 0x10, 0x82, 0x10, 0x82, 0x10, 0x82, 0x10, 0x82, 0x10, 0x82, 0x10, 0x82, 0x10, 0x82,
    0x10, 0x82, 0x10, 0x82, 0x10, 0x82, 0x10, 0x82, 0x10, 0x82, 0x10, 0x82, 0x10, 0x82, 0x10, 0x82,
    0x10, 0x82, 0x10, 0x82, 0x10, 0x82, 0x10, 0x82, 0x10, 0x82, 0x10, 0x82, 0x10, 0x82, 0x10, 0x82,
    0x10, 0x82, 0x10, 0x82, 0x10, 0x82, 0x10, 0x82, 0x10, 0x82, 0x10, 0x82, 0x10, 0x82, 0x10, 0x82,
    0x10, 0x82, 0x10, 0x82, 0x10, 0x82, 0x10, 0x82, 0x10, 0x82, 0x10, 0x82, 0x10, 0x82, 0x10, 0x82,
    0x10, 0x82, 0x10, 0x82, 0x10, 0x82, 0x10, 0x82, 0x10, 0x82, 0x10, 0x82, 0x10, 0x82, 0x10, 0x82,
    0x10, 0x82, 0x10, 0x82, 0x10, 0x82, 0x10, 0x82, 0x10, 0x82, 0x10, 0x82, 0x10, 0x82, 0x10, 0x82,
    0x10, 0x82, 0x10, 0x82, 0x10, 0x82, 0x10, 0x82, 0x10, 0x82, 0x10, 0x82, 0x10, 0x82, 0x10, 0x82,
    0x10, 0x82, 0x10, 0x82, 0x10, 0x82, 0x10, 0x82, 0x10, 0x82, 0x10, 0x82, 0x10, 0x82, 0x10, 0x82,
    0x10, 0x82, 0x10, 0x82, 0x10, 0x82, 0xef, 0x5c, 0x08, 0x41, 0x08, 0x41, 0x08, 0x41, 0x08, 0x41,
    0x08, 0x41, 0x08, 0x41, 0x08, 0x41, 0x08, 0x41, 0xef, 0x5c, 0x10, 0x82, 0x10, 0x82, 0x10, 0x82,
    0x10, 0x82, 0x10, 0x82, 0x10, 0x82, 0x10, 0x82, 0x10, 0x82, 0x10, 0x82, 0x10, 0x82, 0x10, 0x82,
    0x10, 0x82, 0x10, 0x82, 0x10, 0x82, 0x10, 0x82, 0x10, 0x82, 0x10, 0x82, 0x10, 0x82, 0x10, 0x82,
    0x10, 0x82, 0x10, 0x82, 0x10, 0x82, 0x10, 0x82, 0x10, 0x82, 0x10, 0x82, 0x10, 0x82, 0x10, 0x82,
    0x10, 0x82, 0x10, 0x82, 0x10, 0x82, 0x10, 0x82, 0x10, 0x82, 0x10, 0x82, 0x10, 0x82, 0x10, 0x82,
    0x10, 0x82, 0x10, 0x82, 0x10, 0x82, 0x10, 0x82, 0x10, 0x82, 0x10, 0x82, 0x10, 0x82, 0x10, 0x82,
    0x10, 0x82, 0x10, 0x82, 0x10, 0x82, 0x10, 0x82, 0x10, 0x82, 0x10, 0x82, 0x10, 0x82, 0x10, 0x82,
    0x10, 0x82, 0x10, 0x82, 0x10, 0x82, 0x10, 0x82, 0x10, 0x82, 0x10, 0x82, 0x10, 0x82, 0x10, 0x82,
    0x10, 0x82, 0x10, 0x82, 0x10, 0x82, 0x10, 0x82, 0x10, 0x82, 0x10, 0x82, 0x10, 0x82, 0x10, 0x82,
    0x10, 0x82, 0x10, 0x82, 0x10, 0x82, 0x10, 0x82, 0x10, 0x82, 0x10, 0x82, 0x10, 0x82, 0x10, 0x82,
    0x10, 0x82, 0x10, 0x82, 0x10, 0x82, 0x10, 0x82, 0x10, 0x82, 0x10, 0x82, 0x10, 0x82, 0x10, 0x82,
    0x10, 0x82, 0x10, 0x82, 0x10, 0x82, 0x10, 0x82, 0x10, 0x82, 0x10, 0x82, 0x10, 0x82, 0x10, 0x82,
    0x10, 0x82, 0x10, 0x82, 0x10, 0x82, 0x10, 0x82, 0x10, 0x82, 0x10, 0x82, 0x10, 0x82, 0xef, 0x5c,
    0x08, 0x41, 0x08, 0x41, 0x08, 0x41, 0x08, 0x41, 0x08, 0x41, 0x08, 0x41, 0x08, 0x41, 0x08, 0x41,
    0x08, 0x41, 0x08, 0x41, 0x08, 0x41, 0x08, 0x41, 0x08, 0x41, 0x08, 0x41, 0x08, 0x41, 0x08, 0x41,
    0x08, 0x41, 0x08, 0x41, 0x08, 0x41, 0x08, 0x41, 0x08, 0x41, 0x08, 0x41, 0x08, 0x41, 0x08, 0x41,
    0x08, 0x41, 0x08, 0x41, 0x08, 0x41, 0x08, 0x41, 0x08, 0x41, 0x08, 0x41, 0x08, 0x41, 0x08, 0x41,
    0xef, 0x5c, 0x10, 0x82, 0x10, 0x82, 0x10, 0x82, 0x10, 0x82, 0x10, 0x82, 0x10, 0x82, 0x10, 0x82,
    0x10, 0x82, 0x10, 0x82, 0x10, 0x82, 0x10, 0x82, 0x10, 0x82, 0x10, 0x82, 0x10, 0x82, 0x10, 0x82,
    0x10, 0x82, 0x10, 0x82, 0x10, 0x82, 0x10, 0x82, 0x10, 0x82, 0x10, 0x82, 0x10, 0x82, 0x10, 0x82,
    0x10, 0x82, 0x10, 0x82, 0x10, 0x82, 0x10, 0x82, 0x10, 0x82, 0x10, 0x82, 0x10, 0x82, 0x10, 0x82,
    0x10, 0x82, 0x10, 0x82, 0x10, 0x82, 0x10, 0x82, 0x10, 0x82, 0x10, 0x82, 0x10, 0x82, 0x10, 0x82,
    0x10, 0x82, 0x10, 0x82, 0x10, 0x82, 0x10, 0x82, 0x10, 0x82, 0x10, 0x82, 0x10, 0x82, 0x10, 0x82,
    0x10, 0x82, 0x10, 0x82, 0x10, 0x82, 0x10, 0x82, 0x10, 0x82, 0x10, 0x82, 0x10, 0x82, 0x10, 0x82,
    0x10, 0x82, 0x10, 0x82, 0x10, 0x82, 0x10, 0x82, 0x10, 0x82, 0x10, 0x82, 0x10, 0x82, 0x10, 0x82,
    0x10, 0x82, 0x10, 0x82, 0x10, 0x82, 0x10, 0x82, 0x10, 0x82, 0x10, 0x82, 0x10, 0x82, 0x10, 0x82,
    0x10, 0x82, 0x10, 0x82, 0x10, 0x82, 0x10, 0x82, 0x10, 0x82, 0x10, 0x82, 0x10, 0x82, 0x10, 0x82,
    0x10, 0x82, 0x10, 0x82, 0x10, 0x82, 0x10, 0x82, 0x10, 0x82, 0x10, 0x82, 0x10, 0x82, 0x10, 0x82,
    0x10, 0x82, 0x10, 0x82, 0x10, 0x82, 0x10, 0x82, 0x10, 0x82, 0x10, 0x82, 0x10, 0x82, 0x10, 0x82,
    0x10, 0x82, 0x10, 0x82, 0x10, 0x82, 0xef, 0x5c, 0x08, 0x41, 0x08, 0x41, 0x08, 0x41, 0x08, 0x41,
    0x08, 0x41, 0x08, 0x41, 0x08, 0x41, 0x08, 0x41, 0xef, 0x5c, 0x10, 0x82, 0x10, 0x82, 0x10, 0x82,
    0x10, 0x82, 0x10, 0x82, 0x10, 0x82, 0x10, 0x82, 0x10, 0x82, 0x10, 0x82, 0x10, 0x82, 0x10, 0x82,
    0x10, 0x82, 0x10, 0x82, 0x10, 0x82, 0x10, 0x82, 0x10, 0x82, 0x10, 0x82, 0x10, 0x82, 0x10, 0x82,
    0x10, 0x82, 0x10, 0x82, 0x10, 0x82, 0x10, 0x82, 0x10, 0x82, 0x10, 0x82, 0x10, 0x82, 0x10, 0x82,
    0x10, 0x82, 0x10, 0x82, 0x10, 0x82, 0x10, 0x82, 0x10, 0x82, 0x10, 0x82, 0x10, 0x82, 0x10, 0x82,
    0x10, 0x82, 0x10, 0x82, 0x10, 0x82, 0x10, 0x82, 0x10, 0x82, 0x10, 0x82, 0x10, 0x82, 0x10, 0x82,
    0x10, 0x82, 0x10, 0x82, 0x10, 0x82, 0x10, 0x82, 0x10, 0x82, 0x10, 0x82, 0x10, 0x82, 0x10, 0x82,
    0x10, 0x82, 0x10, 0x82, 0x10, 0x82, 0x10, 0x82, 0x10, 0x82, 0x10, 0x82, 0x10, 0x82, 0x10, 0x82,
    0x10, 0x82, 0x10, 0x82, 0x10, 0x82, 0x10, 0x82, 0x10, 0x82, 0x10, 0x82, 0x10, 0x82, 0x10, 0x82,
    0x10, 0x82, 0x10, 0x82, 0x10, 0x82, 0x10, 0x82, 0x10, 0x82, 0x10, 0x82, 0x10, 0x82, 0x10, 0x82,
    0x10, 0x82, 0x10, 0x82, 0x10, 0x82, 0x10, 0x82, 0x10, 0x82, 0x10, 0x82, 0x10, 0x82, 0x10, 0x82,
    0x10, 0x82, 0x10, 0x82, 0x10, 0x82, 0x10, 0x82, 0x10, 0x82, 0x10, 0x82, 0x10, 0x82, 0x10, 0x82,
    0x10, 0x82, 0x10, 0x82, 0x10, 0x82, 0x10, 0x82, 0x10, 0x82, 0x10, 0x82, 0x10, 0x82, 0xef, 0x5c,
    0x08, 0x41, 0x08, 0x41, 0x08, 0x41, 0x08, 0x41, 0x08, 0x41, 0x08, 0x41, 0x08, 0x41, 0x08, 0x41,
    0x08, 0x41, 0x08, 0x41, 0x08, 0x41, 0x08, 0x41, 0x08, 0x41, 0x08, 0x41, 0x08, 0x41, 0x08, 0x41,
    0x08, 0x41, 0x08, 0x41, 0x08, 0x41, 0x08, 0x41, 0x08, 0x41, 0x08, 0x41, 0x08, 0x41, 0x08, 0x41,
    0x08, 0x41, 0x08, 0x41, 0x08, 0x41, 0x08, 0x41, 0x08, 0x41, 0x08, 0x41, 0x08, 0x41, 0x08, 0x41,
    0xef, 0x5c, 0x10, 0x82, 0x10, 0x82, 0x10, 0x82, 0x10, 0x82, 0x10, 0x82, 0x10, 0x82, 0x10, 0x82,
    0x10, 0x82, 0x10, 0x82, 0x10, 0x82, 0xa5, 0x13, 0x21, 0x24, 0x10, 0x82, 0x10, 0x82, 0x10, 0x82,
    0x10, 0x82, 0x10, 0x82, 0x10, 0x82, 0x10, 0x82, 0x10, 0x82, 0x10, 0x82, 0x10, 0x82, 0x10, 0x82,
    0x10, 0x82, 0x10, 0x82, 0x10, 0x82, 0x10, 0x82, 0x31, 0x86, 0x4a, 0x69, 0x52, 0xaa, 0x39, 0xe7,
    0x10, 0xa2, 0x10, 0x82, 0x10, 0x82, 0x10, 0x82, 0x10, 0x82, 0x10, 0x82, 0x10, 0x82, 0x10, 0x82,
    0x10, 0x82, 0x10, 0x82, 0x10, 0x82, 0x10, 0x82, 0x31, 0xa6, 0x52, 0x89, 0x4a, 0x69, 0x31, 0xa6,
    0x10, 0x82, 0x10, 0x82, 0x10, 0x82, 0x10, 0x82, 0x10, 0x82, 0x10, 0x82, 0x10, 0x82, 0x10, 0x82,
    0x10, 0x82, 0x10, 0x82, 0x10, 0x82, 0x10, 0x82, 0x29, 0x65, 0xb5, 0xb6, 0x31, 0x85, 0x10, 0x82,
    0x10, 0x82, 0x10, 0x82, 0x10, 0x82, 0x10, 0x82, 0x10, 0x82, 0x10, 0x82, 0x10, 0x82, 0x10, 0x82,
    0x10, 0x82, 0x10, 0x82, 0x10, 0x82, 0x10, 0x82, 0x10, 0x82, 0x10, 0x82, 0x10, 0x82, 0x10, 0x82,
    0x10, 0x82, 0x10, 0x82, 0x10, 0x82, 0x10, 0x82, 0x10, 0x82, 0x10, 0x82, 0x10, 0x82, 0x10, 0x82,
    0x10, 0x82, 0x10, 0x82, 0x10, 0x82, 0x10, 0x82, 0x10, 0x82, 0x10, 0x82, 0x10, 0x82, 0x10, 0x82,
    0x10, 0x82, 0x10, 0x82, 0x10, 0x82, 0xef, 0x5c, 0x08, 0x41, 0x08, 0x41, 0x08, 0x41, 0x08, 0x41,
    0x08, 0x41, 0x08, 0x41, 0x08, 0x41, 0x08, 0x41, 0xef, 0x5c, 0x10, 0x82, 0x10, 0x82, 0x10, 0x82,
    0x10, 0x82, 0x10, 0x82, 0x10, 0x82, 0x10, 0x82, 0x10, 0x82, 0x10, 0x82, 0x10, 0x82, 0x10, 0x82,
    0x10, 0x82, 0x10, 0x82, 0x10, 0x82, 0x10, 0x82, 0x10, 0x82, 0x10, 0x82, 0x10, 0x82, 0x10, 0x82,
    0x10, 0x82, 0x10, 0x82, 0x10, 0x82, 0x10, 0x82, 0x10, 0x82, 0x10, 0x82, 0x10, 0x82, 0x10, 0x82,
    0x10, 0x82, 0x10, 0x82, 0x10, 0xa2, 0x6b, 0x4c, 0x29, 0x65, 0x18, 0xe3, 0x52, 0x89, 0x21, 0x24,
    0x10, 0x82, 0x10, 0x82, 0x10, 0x82, 0x63, 0x0c, 0xb5, 0x95, 0x18, 0xe3, 0x10, 0x82, 0x10, 0x82,
    0x10, 0x82, 0x10, 0x82, 0x10, 0x82, 0x10, 0x82, 0x10, 0x82, 0x10, 0x82, 0x10, 0x82, 0x10, 0x82,
    0x10, 0x82, 0x10, 0x82, 0x10, 0x82, 0x10, 0x82, 0x10, 0x82, 0x10, 0x82, 0x10, 0x82, 0x10, 0x82,
    0x10, 0x82, 0x10, 0x82, 0x10, 0x82, 0x10, 0x82, 0x10, 0x82, 0x10, 0x82, 0x10, 0x82, 0x10, 0x82,
    0x10, 0x82, 0x10, 0x82, 0x10, 0x82, 0x10, 0x82, 0x10, 0x82, 0x10, 0x82, 0x10, 0x82, 0x10, 0x82,
    0x10, 0x82, 0x10, 0x82, 0x10, 0x82, 0x31, 0xa6, 0x52, 0x89, 0x4a, 0x69, 0x31, 0xa6, 0x10, 0x82,
    0x10, 0x82, 0x10, 0x82, 0x10, 0x82, 0x10, 0x82, 0x10, 0x82, 0x10, 0x82, 0x10, 0x82, 0x10, 0x82,
    0x10, 0x82, 0x10, 0x82, 0x10, 0x82, 0x10, 0x82, 0x10, 0x82, 0x10, 0x82, 0x10, 0x82, 0xef, 0x5c,
    0x08, 0x41, 0x08, 0x41, 0x08, 0x41, 0x08, 0x41, 0x08, 0x41, 0x08, 0x41, 0x08, 0x41, 0x08, 0x41,
    0x08, 0x41, 0x08, 0x41, 0x08, 0x41, 0x08, 0x41, 0x08, 0x41, 0x08, 0x41, 0x08, 0x41, 0x08, 0x41,
    0x08, 0x41, 0x08, 0x41, 0x08, 0x41, 0x08, 0x41, 0x08, 0x41, 0x08, 0x41, 0x08, 0x41, 0x08, 0x41,
    0x08, 0x41, 0x08, 0x41, 0x08, 0x41, 0x08, 0x41, 0x08, 0x41, 0x08, 0x41, 0x08, 0x41, 0x08, 0x41,
    0xef, 0x5c, 0x10, 0x82, 0x10, 0x82, 0x10, 0x82, 0x10, 0x82, 0x10, 0x82, 0x10, 0x82, 0x10, 0x82,
    0x10, 0x82, 0x10, 0x82, 0x29, 0x65, 0xe7, 0x3c, 0x7b, 0xef, 0x10, 0x82, 0x10, 0x82, 0x10, 0x82,
    0x10, 0x82, 0x10, 0x82, 0x10, 0x82, 0x94, 0xb2, 0xa5, 0x34, 0x10, 0x82, 0x10, 0x82, 0x10, 0x82,
    0x10, 0x82, 0x10, 0xa2, 0x6b, 0x4d, 0xce, 0x79, 0xef, 0x5c, 0xe7, 0x3c, 0xe7, 0x3b, 0xef, 0x5c,
    0xde, 0xfa, 0x94, 0x91, 0x21, 0x24, 0x10, 0x82, 0x10, 0x82, 0x10, 0x82, 0x10, 0x82, 0x10, 0x82,
    0x10, 0x82, 0x10, 0xa2, 0x73, 0xae, 0xce, 0x79, 0xef, 0x5c, 0xe7, 0x1b, 0xe7, 0x1b, 0xef, 0x5c,
    0xce, 0x79, 0x6b, 0x6d, 0x10, 0xa2, 0x10, 0x82, 0x10, 0x82, 0x10, 0x82, 0x10, 0x82, 0x10, 0x82,
    0x10, 0x82, 0x10, 0x82, 0x10, 0x82, 0x10, 0x82, 0x10, 0x82, 0x6b, 0x6d, 0xde, 0xda, 0x4a, 0x48,
    0x10, 0x82, 0x10, 0x82, 0xbd, 0xd6, 0xef, 0x5c, 0xef, 0x5c, 0xef, 0x5c, 0xef, 0x5c, 0xef, 0x5c,
    0xef, 0x5c, 0xde, 0xfa, 0x10, 0x82, 0x10, 0x82, 0x10, 0x82, 0x10, 0x82, 0x10, 0x82, 0x10, 0x82,
    0x10, 0x82, 0xd6, 0xba, 0x63, 0x2c, 0x10, 0x82, 0x10, 0x82, 0x21, 0x24, 0x18, 0xe3, 0x10, 0xa2,
    0x10, 0x82, 0x10, 0x82, 0x10, 0x82, 0x18, 0xc3, 0x21, 0x24, 0x10, 0x82, 0x10, 0x82, 0x10, 0x82,
    0x10, 0x82, 0x10, 0x82, 0x10, 0x82, 0xef, 0x5c, 0x08, 0x41, 0x08, 0x41, 0x08, 0x41, 0x08, 0x41,
    0x08, 0x41, 0x08, 0x41, 0x08, 0x41, 0x08, 0x41, 0xef, 0x5c, 0x10, 0x82, 0x10, 0x82, 0x10, 0x82,
    0x10, 0x82, 0x10, 0x82, 0x10, 0x82, 0x10, 0x82, 0x10, 0x82, 0x10, 0x82, 0x10, 0x82, 0x10, 0x82,
    0x10, 0x82, 0x10, 0x82, 0x10, 0x82, 0x52, 0xaa, 0x6b, 0x6d, 0x31, 0x86, 0x18, 0xc3, 0x10, 0x82,
    0x18, 0xc3, 0x21, 0x24, 0x4a, 0x49, 0x94, 0x92, 0x29, 0x65, 0x10, 0x82, 0x10, 0x82, 0x10, 0x82,
    0x10, 0x82, 0x10, 0x82, 0x10, 0x82, 0xe7, 0x3c, 0x4a, 0x48, 0x18, 0xc3, 0xef, 0x5c, 0x29, 0x65,
    0x10, 0x82, 0x10, 0x82, 0x10, 0x82, 0xb5, 0xb6, 0x52, 0xaa, 0x10, 0x82, 0x10, 0x82, 0x10, 0x82,
    0x10, 0x82, 0x10, 0x82, 0x10, 0x82, 0x10, 0x82, 0x10, 0x82, 0x10, 0x82, 0x10, 0x82, 0x10, 0x82,
    0xad, 0x75, 0xef, 0x5c, 0xef, 0x5c, 0xef, 0x5c, 0xef, 0x5c, 0xef, 0x5c, 0xef, 0x5c, 0x63, 0x0c,
    0x39, 0xc7, 0xef, 0x5c, 0x39, 0xe7, 0x10, 0x82, 0x10, 0x82, 0x10, 0x82, 0x10, 0x82, 0x10, 0x82,
    0x10, 0x82, 0x10, 0x82, 0x8c, 0x71, 0xc6, 0x17, 0x10, 0x82, 0x10, 0x82, 0x10, 0x82, 0x10, 0x82,
    0x10, 0xa2, 0x73, 0xae, 0xce, 0x79, 0xef, 0x5c, 0xe7, 0x1b, 0xe7, 0x1b, 0xef, 0x5c, 0xce, 0x79,
    0x6b, 0x6d, 0x10, 0xa2, 0x10, 0x82, 0x10, 0x82, 0x10, 0x82, 0x10, 0x82, 0x10, 0x82, 0x10, 0x82,
    0x10, 0x82, 0x10, 0x82, 0x10, 0x82, 0x10, 0x82, 0x10, 0x82, 0x10, 0x82, 0x10, 0x82, 0xef, 0x5c,
    0x08, 0x41, 0x08, 0x41, 0x08, 0x41, 0x08, 0x41, 0x08, 0x41, 0x08, 0x41, 0x08, 0x41, 0x08, 0x41,
    0x08, 0x41, 0x08, 0x41, 0x08, 0x41, 0x08, 0x41, 0x08, 0x41, 0x08, 0x41, 0x08, 0x41, 0x08, 0x41,
    0x08, 0x41, 0x08, 0x41, 0x08, 0x41, 0x08, 0x41, 0x08, 0x41, 0x08, 0x41, 0x08, 0x41, 0x08, 0x41,
    0x08, 0x41, 0x08, 0x41, 0x08, 0x41, 0x08, 0x41, 0x08, 0x41, 0x08, 0x41, 0x08, 0x41, 0x08, 0x41,
    0xef, 0x5c, 0x10, 0x82, 0x10, 0x82, 0x10, 0x82, 0x10, 0x82, 0x10, 0x82, 0x10, 0x82, 0x10, 0x82,
    0x10, 0x82, 0x10, 0x82, 0x8c, 0x50, 0xef, 0x5c, 0xd6, 0xba, 0x10, 0xa2, 0x10, 0x82, 0x10, 0x82,
    0x10, 0x82, 0x10, 0x82, 0x10, 0x82, 0x94, 0xb2, 0xa5, 0x34, 0x10, 0x82, 0x10, 0x82, 0x10, 0x82,
    0x18, 0xc3, 0xad, 0x55, 0xe7, 0x3c, 0x94, 0x92, 0x39, 0xe7, 0x10, 0xa2, 0x10, 0x82, 0x29, 0x65,
    0x73, 0x8e, 0xd6, 0x99, 0xde, 0xfb, 0x52, 0xaa, 0x10, 0x82, 0x10, 0x82, 0x10, 0x82, 0x10, 0x82,
    0x21, 0x04, 0xbd, 0xd6, 0xe7, 0x1b, 0x7b, 0xef, 0x29, 0x65, 0x10, 0x82, 0x10, 0x82, 0x29, 0x65,
    0x7b, 0xef, 0xe7, 0x1b, 0xb5, 0x95, 0x18, 0xc3, 0x10, 0x82, 0x10, 0x82, 0x10, 0x82, 0x10, 0x82,
    0x10, 0x82, 0x10, 0x82, 0x10, 0x82, 0x10, 0x82, 0x10, 0x82, 0x10, 0x82, 0x5a, 0xcb, 0xc6, 0x38,
    0x10, 0xa2, 0x10, 0x82, 0xb5, 0x95, 0x5a, 0xcb, 0x10, 0x82, 0x10, 0x82, 0x10, 0x82, 0x10, 0x82,
    0x42, 0x07, 0xd6, 0x99, 0x10, 0x82, 0x10, 0x82, 0x10, 0x82, 0x10, 0x82, 0x42, 0x28, 0x5a, 0xeb,
    0x10, 0x82, 0xc6, 0x38, 0x4a, 0x49, 0x10, 0x82, 0x18, 0xc3, 0xc6, 0x38, 0xef, 0x5c, 0xef, 0x5c,
    0xef, 0x5c, 0xef, 0x5c, 0xef, 0x5c, 0xef, 0x5c, 0xde, 0xda, 0x10, 0x82, 0x10, 0x82, 0x10, 0x82,
    0x10, 0x82, 0x10, 0x82, 0x10, 0x82, 0xef, 0x5c, 0x08, 0x41, 0x08, 0x41, 0x08, 0x41, 0x08, 0x41,
    0x08, 0x41, 0x08, 0x41, 0x08, 0x41, 0x08, 0x41, 0xef, 0x5c, 0x10, 0x82, 0x10, 0x82, 0x10, 0x82,
    0x10, 0x82, 0x10, 0x82, 0x10, 0x82, 0x10, 0x82, 0x10, 0x82, 0x10, 0x82, 0x10, 0x82, 0x10, 0x82,
    0x10, 0x82, 0x10, 0x82, 0x10, 0x82, 0x5a, 0xcb, 0xef, 0x5c, 0xef, 0x5c, 0xef, 0x5c, 0xef, 0x5c,
    0xef, 0x5c, 0xef, 0x5c, 0xef, 0x5c, 0xef, 0x5c, 0x29, 0x45, 0x10, 0x82, 0x10, 0x82, 0x10, 0x82,
    0x10, 0x82, 0x10, 0x82, 0x10, 0x82, 0xde, 0xfb, 0x31, 0x86, 0x10, 0x82, 0xe7, 0x3c, 0x18, 0xc3,
    0x42, 0x07, 0xe7, 0x1b, 0xe7, 0x3c, 0xef, 0x5c, 0xe7, 0x3c, 0xe7, 0x3c, 0xe7, 0x3c, 0xe7, 0x1b,
    0xde, 0xfb, 0x21, 0x04, 0x10, 0x82, 0x10, 0x82, 0x10, 0x82, 0x10, 0x82, 0x10, 0x82, 0x10, 0x82,
    0x10, 0x82, 0x10, 0x82, 0x10, 0x82, 0xc6, 0x17, 0x7b, 0xef, 0x10, 0x82, 0x10, 0x82, 0x10, 0x82,
    0x10, 0x82, 0xb5, 0xb6, 0x9c, 0xd2, 0x10, 0x82, 0x10, 0x82, 0x10, 0x82, 0x10, 0x82, 0x10, 0x82,
    0x10, 0x82, 0x18, 0xe3, 0xde, 0xfb, 0x63, 0x2c, 0x10, 0x82, 0x10, 0x82, 0x10, 0x82, 0x21, 0x04,
    0xbd, 0xd6, 0xe7, 0x1b, 0x7b, 0xef, 0x29, 0x65, 0x10, 0x82, 0x10, 0x82, 0x29, 0x65, 0x7b, 0xef,
    0xe7, 0x1b, 0xb5, 0x95, 0x18, 0xc3, 0x10, 0x82, 0x10, 0x82, 0x10, 0x82, 0x10, 0x82, 0x10, 0x82,
    0x10, 0x82, 0x10, 0x82, 0x10, 0x82, 0x10, 0x82, 0x10, 0x82, 0x10, 0x82, 0x10, 0x82, 0xef, 0x5c,
    0x08, 0x41, 0x08, 0x41, 0x08, 0x41, 0x08, 0x41, 0x08, 0x41, 0x08, 0x41, 0x08, 0x41, 0x08, 0x41,
    0x08, 0x41, 0x08, 0x41, 0x08, 0x41, 0x08, 0x41, 0x08, 0x41, 0x08, 0x41, 0x08, 0x41, 0x08, 0x41,
    0x08, 0x41, 0x08, 0x41, 0x08, 0x41, 0x08, 0x41, 0x08, 0x41, 0x08, 0x41, 0x08, 0x41, 0x08, 0x41,
    0x08, 0x41, 0x08, 0x41, 0x08, 0x41, 0x08, 0x41, 0x08, 0x41, 0x08, 0x41, 0x08, 0x41, 0x08, 0x41,
    0xef, 0x5c, 0x10, 0x82, 0x10, 0x82, 0x10, 0x82, 0x10, 0x82, 0x10, 0x82, 0x10, 0x82, 0x10, 0x82,
    0x10, 0x82, 0x18, 0xc3, 0xde, 0xfa, 0xa5, 0x13, 0xe7, 0x3c, 0x5a, 0xeb, 0x10, 0x82, 0x10, 0x82,
    0x10, 0x82, 0x10, 0x82, 0x10, 0x82, 0x94, 0xb2, 0xa5, 0x34, 0x10, 0x82, 0x10, 0x82, 0x10, 0x82,
    0x9c, 0xf3, 0xde, 0xfb, 0x42, 0x28, 0x10, 0x82, 0x10, 0x82, 0x10, 0x82, 0x10, 0x82, 0x10, 0x82,
    0x10, 0x82, 0x18, 0xc3, 0x9c, 0xd2, 0x9c, 0xf3, 0x10, 0x82, 0x10, 0x82, 0x10, 0x82, 0x10, 0xa2,
    0xad, 0x75, 0xd6, 0xba, 0x39, 0xc7, 0x10, 0x82, 0x10, 0x82, 0x10, 0x82, 0x10, 0x82, 0x10, 0x82,
    0x10, 0x82, 0x31, 0xa6, 0xd6, 0x99, 0x52, 0x8a, 0x10, 0x82, 0x10, 0x82, 0x10, 0x82, 0x10, 0x82,
    0x10, 0x82, 0x10, 0x82, 0x10, 0x82, 0x21, 0x24, 0x10, 0xa2, 0x10, 0x82, 0x10, 0x82, 0x18, 0xe3,
    0x21, 0x24, 0x18, 0xe3, 0xb5, 0x95, 0x5a, 0xcb, 0x10, 0x82, 0x10, 0x82, 0x10, 0x82, 0x10, 0x82,
    0x42, 0x07, 0xd6, 0x99, 0x10, 0x82, 0x10, 0x82, 0x10, 0x82, 0x10, 0x82, 0x73, 0x8d, 0x94, 0xb2,
    0x10, 0x82, 0xc6, 0x38, 0xef, 0x5c, 0xef, 0x5c, 0xde, 0xda, 0x21, 0x24, 0x18, 0xc3, 0x10, 0xa2,
    0xb5, 0xb6, 0x4a, 0x48, 0x10, 0xa2, 0x18, 0xc3, 0x21, 0x24, 0x10, 0x82, 0x10, 0x82, 0x10, 0x82,
    0x10, 0x82, 0x10, 0x82, 0x10, 0x82, 0xef, 0x5c, 0x08, 0x41, 0x08, 0x41, 0x08, 0x41, 0x08, 0x41,
    0x08, 0x41, 0x08, 0x41, 0x08, 0x41, 0x08, 0x41, 0xef, 0x5c, 0x10, 0x82, 0x10, 0x82, 0x10, 0x82,
    0x10, 0x82, 0x10, 0x82, 0x10, 0x82, 0x10, 0x82, 0x10, 0x82, 0x10, 0x82, 0x10, 0x82, 0x10, 0x82,
    0x10, 0x82, 0x10, 0x82, 0x10, 0x82, 0x5a, 0xcb, 0xc6, 0x17, 0x10, 0x82, 0x10, 0x82, 0x10, 0x82,
    0x10, 0x82, 0x10, 0x82, 0x18, 0xc3, 0xef, 0x5c, 0x29, 0x45, 0x10, 0x82, 0x10, 0x82, 0x10, 0x82,
    0x10, 0x82, 0x10, 0x82, 0x10, 0x82, 0xde, 0xda, 0x21, 0x24, 0x10, 0x82, 0xe7, 0x3c, 0x18, 0xc3,
    0x31, 0xa6, 0xc6, 0x17, 0x10, 0x82, 0x10, 0x82, 0x94, 0x91, 0x6b, 0x4c, 0x10, 0x82, 0x10, 0x82,
    0xe7, 0x3c, 0x18, 0xc3, 0x10, 0x82, 0x10, 0x82, 0x10, 0x82, 0x10, 0x82, 0x10, 0x82, 0x10, 0x82,
    0x10, 0x82, 0x10, 0x82, 0x10, 0x82, 0xc6, 0x17, 0x7b, 0xef, 0x10, 0x82, 0x10, 0x82, 0x10, 0x82,
    0x10, 0x82, 0x5a, 0xcb, 0xe7, 0x1b, 0x21, 0x04, 0x10, 0x82, 0x10, 0x82, 0x10, 0x82, 0x10, 0x82,
    0x10, 0x82, 0x6b, 0x6d, 0xde, 0xda, 0x18, 0xc3, 0x10, 0x82, 0x10, 0x82, 0x10, 0xa2, 0xad, 0x75,
    0xd6, 0xba, 0x39, 0xc7, 0x10, 0x82, 0x10, 0x82, 0x10, 0x82, 0x10, 0x82, 0x10, 0x82, 0x10, 0x82,
    0x31, 0xa6, 0xd6, 0x99, 0x52, 0x8a, 0x10, 0x82, 0x10, 0x82, 0x10, 0x82, 0x10, 0x82, 0x10, 0x82,
    0x10, 0x82, 0x10, 0x82, 0x10, 0x82, 0x10, 0x82, 0x10, 0x82, 0x10, 0x82, 0x10, 0x82, 0xef, 0x5c,
    0x08, 0x41, 0x08, 0x41, 0x08, 0x41, 0x08, 0x41, 0x08, 0x41, 0x08, 0x41, 0x08, 0x41, 0x08, 0x41,
    0x08, 0x41, 0x08, 0x41, 0x08, 0x41, 0x08, 0x41, 0x08, 0x41, 0x08, 0x41, 0x08, 0x41, 0x08, 0x41,
    0x08, 0x41, 0x08, 0x41, 0x08, 0x41, 0x08, 0x41, 0x08, 0x41, 0x08, 0x41, 0x08, 0x41, 0x08, 0x41,
    0x08, 0x41, 0x08, 0x41, 0x08, 0x41, 0x08, 0x41, 0x08, 0x41, 0x08, 0x41, 0x08, 0x41, 0x08, 0x41,
    0xef, 0x5c, 0x10, 0x82, 0x10, 0x82, 0x10, 0x82, 0x10, 0x82, 0x10, 0x82, 0x10, 0x82, 0x10, 0x82,
    0x10, 0x82, 0x6b, 0x6d, 0xe7, 0x1b, 0x29, 0x44, 0xa5, 0x34, 0xbd, 0xf7, 0x10, 0x82, 0x10, 0x82,
    0x10, 0x82, 0x10, 0x82, 0x10, 0x82, 0x94, 0xb2, 0xa5, 0x34, 0x10, 0x82, 0x10, 0x82, 0x4a, 0x49,
    0xef, 0x5c, 0x52, 0xaa, 0x10, 0x82, 0x10, 0x82, 0x10, 0x82, 0x10, 0x82, 0x10, 0x82, 0x10, 0x82,
    0x10, 0x82, 0x10, 0x82, 0x10, 0x82, 0x10, 0x82, 0x10, 0x82, 0x10, 0x82, 0x10, 0x82, 0x5a, 0xcb,
    0xef, 0x5c, 0x42, 0x28, 0x10, 0x82, 0x10, 0x82, 0x10, 0x82, 0x10, 0x82, 0x10, 0x82, 0x10, 0x82,
    0x10, 0x82, 0x10, 0x82, 0x10, 0xa2, 0x10, 0x82, 0x10, 0x82, 0x10, 0x82, 0x10, 0x82, 0x10, 0x82,
    0x10, 0x82, 0x10, 0x82, 0x10, 0x82, 0xd6, 0xba, 0xef, 0x5c, 0xef, 0x5c, 0xef, 0x5c, 0xef, 0x5c,
    0xe7, 0x1b, 0x21, 0x24, 0xb5, 0x95, 0x5a, 0xcb, 0x10, 0x82, 0x73, 0xae, 0x7b, 0xce, 0x10, 0x82,
    0x42, 0x07, 0xd6, 0x99, 0x10, 0x82, 0x10, 0x82, 0x10, 0x82, 0x10, 0x82, 0x6b, 0x4d, 0x94, 0x91,
    0x10, 0x82, 0xc6, 0x38, 0x4a, 0x49, 0x10, 0x82, 0x18, 0xc3, 0x10, 0x82, 0x10, 0x82, 0x29, 0x65,
    0xce, 0x58, 0x10, 0x82, 0x10, 0x82, 0x10, 0x82, 0x10, 0x82, 0x10, 0x82, 0x10, 0x82, 0x10, 0x82,
    0x10, 0x82, 0x10, 0x82, 0x10, 0x82, 0xef, 0x5c, 0x08, 0x41, 0x08, 0x41, 0x08, 0x41, 0x08, 0x41,
    0x08, 0x41, 0x08, 0x41, 0x08, 0x41, 0x08, 0x41, 0xef, 0x5c, 0x10, 0x82, 0x10, 0x82, 0x10, 0x82,
    0x10, 0x82, 0x10, 0x82, 0x10, 0x82, 0x10, 0x82, 0x10, 0x82, 0x10, 0x82, 0x10, 0x82, 0x10, 0x82,
    0x10, 0x82, 0x10, 0x82, 0x10, 0x82, 0x5a, 0xcb, 0xc6, 0x17, 0x10, 0x82, 0x10, 0x82, 0x10, 0x82,
    0x10, 0x82, 0x10, 0x82, 0x18, 0xc3, 0xef, 0x5c, 0x29, 0x45, 0x10, 0x82, 0x10, 0x82, 0x10, 0x82,
    0x10, 0x82, 0x10, 0x82, 0x10, 0x82, 0xd6, 0xba, 0x21, 0x04, 0x10, 0x82, 0xe7, 0x3c, 0x18, 0xc3,
    0x31, 0x86, 0xc6, 0x17, 0x10, 0x82, 0x10, 0x82, 0x8c, 0x71, 0x63, 0x2c, 0x10, 0x82, 0x10, 0x82,
    0xe7, 0x3c, 0x18, 0xc3, 0x10, 0x82, 0x10, 0x82, 0x10, 0x82, 0x10, 0x82, 0x10, 0x82, 0x10, 0x82,
    0x10, 0x82, 0x10, 0x82, 0x10, 0x82, 0xc6, 0x17, 0x7b, 0xef, 0x10, 0x82, 0x10, 0x82, 0x10, 0x82,
    0x10, 0x82, 0x10, 0xa2, 0xd6, 0x99, 0x7b, 0xce, 0x10, 0x82, 0x10, 0x82, 0x10, 0x82, 0x10, 0x82,
    0x10, 0x82, 0xce, 0x58, 0x84, 0x0f, 0x10, 0x82, 0x10, 0x82, 0x10, 0x82, 0x5a, 0xcb, 0xef, 0x5c,
    0x42, 0x28, 0x10, 0x82, 0x10, 0x82, 0x10, 0x82, 0x10, 0x82, 0x10, 0x82, 0x10, 0x82, 0x10, 0x82,
    0x10, 0x82, 0x10, 0xa2, 0x10, 0x82, 0x10, 0x82, 0x10, 0x82, 0x10, 0x82, 0x10, 0x82, 0x10, 0x82,
    0x10, 0x82, 0x10, 0x82, 0x10, 0x82, 0x10, 0x82, 0x10, 0x82, 0x10, 0x82, 0x10, 0x82, 0xef, 0x5c,
    0x08, 0x41, 0x08, 0x41, 0x08, 0x41, 0x08, 0x41, 0x08, 0x41, 0x08, 0x41, 0x08, 0x41, 0x08, 0x41,
    0x08, 0x41, 0x08, 0x41, 0x08, 0x41, 0x08, 0x41, 0x08, 0x41, 0x08, 0x41, 0x08, 0x41, 0x08, 0x41,
    0x08, 0x41, 0x08, 0x41, 0x08, 0x41, 0x08, 0x41, 0x08, 0x41, 0x08, 0x41, 0x08, 0x41, 0x08, 0x41,
    0x08, 0x41, 0x08, 0x41, 0x08, 0x41, 0x08, 0x41, 0x08, 0x41, 0x08, 0x41, 0x08, 0x41, 0x08, 0x41,
    0xef, 0x5c, 0x10, 0x82, 0x10, 0x82, 0x10, 0x82, 0x10, 0x82, 0x10, 0x82, 0x10, 0x82, 0x10, 0x82,
    0x10, 0x82, 0xce, 0x58, 0x94, 0xb2, 0x10, 0x82, 0x42, 0x28, 0xef, 0x5c, 0x42, 0x08, 0x10, 0x82,
    0x10, 0x82, 0x10, 0x82, 0x10, 0x82, 0x94, 0xb2, 0xa5, 0x34, 0x10, 0x82, 0x10, 0x82, 0x9c, 0xf3,
    0xbd, 0xf7, 0x10, 0x82, 0x10, 0x82, 0x10, 0x82, 0x10, 0x82, 0x10, 0x82, 0x10, 0x82, 0x10, 0x82,
    0x10, 0x82, 0x10, 0x82, 0x10, 0x82, 0x10, 0x82, 0x10, 0x82, 0x10, 0x82, 0x10, 0x82, 0xb5, 0x95,
    0xad, 0x75, 0x10, 0x82, 0x10, 0x82, 0x10, 0x82, 0x10, 0x82, 0x10, 0x82, 0x10, 0x82, 0x10, 0x82,
    0x10, 0x82, 0x10, 0x82, 0x10, 0x82, 0x10, 0x82, 0x10, 0x82, 0x10, 0x82, 0x10, 0x82, 0x10, 0x82,
    0x10, 0x82, 0x10, 0x82, 0x10, 0x82, 0x21, 0x24, 0x18, 0xe3, 0x10, 0xa2, 0x10, 0x82, 0x94, 0x91,
    0x84, 0x30, 0x10, 0x82, 0xb5, 0x95, 0x5a, 0xcb, 0x10, 0x82, 0x8c, 0x71, 0x8c, 0x71, 0x10, 0x82,
    0x42, 0x07, 0xd6, 0x99, 0x10, 0x82, 0x10, 0x82, 0x10, 0x82, 0x10, 0x82, 0x6b, 0x4c, 0x94, 0x91,
    0x10, 0x82, 0xc6, 0x38, 0x4a, 0x49, 0x10, 0x82, 0x10, 0x82, 0x63, 0x0b, 0xef, 0x5c, 0xef, 0x5c,
    0xef, 0x5c, 0xef, 0x5c, 0xef, 0x5c, 0xef, 0x5c, 0x21, 0x24, 0x10, 0x82, 0x10, 0x82, 0x10, 0x82,
    0x10, 0x82, 0x10, 0x82, 0x10, 0x82, 0xef, 0x5c, 0x08, 0x41, 0x08, 0x41, 0x08, 0x41, 0x08, 0x41,
    0x08, 0x41, 0x08, 0x41, 0x08, 0x41, 0x08, 0x41, 0xef, 0x5c, 0x10, 0x82, 0x10, 0x82, 0x10, 0x82,
    0x10, 0x82, 0x10, 0x82, 0x10, 0x82, 0x10, 0x82, 0x10, 0x82, 0x10, 0x82, 0x10, 0x82, 0x10, 0x82,
    0x10, 0x82, 0x10, 0x82, 0x10, 0x82, 0x5a, 0xeb, 0xc6, 0x17, 0x10, 0x82, 0x10, 0x82, 0x10, 0x82,
    0x10, 0x82, 0x10, 0x82, 0x18, 0xc3, 0xef, 0x5c, 0x29, 0x65, 0x10, 0x82, 0x10, 0x82, 0x10, 0x82,
    0x10, 0x82, 0x10, 0x82, 0x10, 0x82, 0xd6, 0x99, 0x21, 0x04, 0x10, 0x82, 0xe7, 0x3c, 0x18, 0xc3,
    0x31, 0x86, 0xc6, 0x17, 0x10, 0x82, 0x10, 0x82, 0x9c, 0xd2, 0x5a, 0xcb, 0x10, 0x82, 0x10, 0x82,
    0xe7, 0x3c, 0x18, 0xc3, 0x10, 0x82, 0x10, 0x82, 0x10, 0x82, 0x10, 0x82, 0x10, 0x82, 0x10, 0x82,
    0x10, 0x82, 0x10, 0x82, 0x10, 0x82, 0xc6, 0x17, 0x7b, 0xef, 0x10, 0x82, 0x10, 0x82, 0x10, 0x82,
    0x10, 0x82, 0x10, 0x82, 0x7b, 0xcf, 0xd6, 0x99, 0x10, 0xa2, 0x10, 0x82, 0x10, 0x82, 0x10, 0x82,
    0x52, 0x8a, 0xe7, 0x3c, 0x29, 0x45, 0x10, 0x82, 0x10, 0x82, 0x10, 0x82, 0xb5, 0x95, 0xad, 0x75,
    0x10, 0x82, 0x10, 0x82, 0x10, 0x82, 0x10, 0x82, 0x10, 0x82, 0x10, 0x82, 0x10, 0x82, 0x10, 0x82,
    0x10, 0x82, 0x10, 0x82, 0x10, 0x82, 0x10, 0x82, 0x10, 0x82, 0x10, 0x82, 0x10, 0x82, 0x10, 0x82,
    0x10, 0x82, 0x10, 0x82, 0x10, 0x82, 0x10, 0x82, 0x10, 0x82, 0x10, 0x82, 0x10, 0x82, 0xef, 0x5c,
    0x08, 0x41, 0x08, 0x41, 0x08, 0x41, 0x08, 0x41, 0x08, 0x41, 0x08, 0x41, 0x08, 0x41, 0x08, 0x41,
    0x08, 0x41, 0x08, 0x41, 0x08, 0x41, 0x08, 0x41, 0x08, 0x41, 0x08, 0x41, 0x08, 0x41, 0x08, 0x41,
    0x08, 0x41, 0x08, 0x41, 0x08, 0x41, 0x08, 0x41, 0x08, 0x41, 0x08, 0x41, 0x08, 0x41, 0x08, 0x41,
    0x08, 0x41, 0x08, 0x41, 0x08, 0x41, 0x08, 0x41, 0x08, 0x41, 0x08, 0x41, 0x08, 0x41, 0x08, 0x41,
    0xef, 0x5c, 0x10, 0x82, 0x10, 0x82, 0x10, 0x82, 0x10, 0x82, 0x10, 0x82, 0x10, 0x82, 0x10, 0x82,
    0x52, 0x8a, 0xe7, 0x3c, 0x31, 0xa6, 0x10, 0x82, 0x10, 0x82, 0xbd, 0xd6, 0x9c, 0xf3, 0x10, 0x82,
    0x10, 0x82, 0x10, 0x82, 0x10, 0x82, 0x94, 0xb2, 0xa5, 0x34, 0x10, 0x82, 0x10, 0x82, 0xce, 0x79,
    0x84, 0x0f, 0x10, 0x82, 0x10, 0x82, 0x10, 0x82, 0x10, 0x82, 0x10, 0x82, 0x10, 0x82, 0x10, 0x82,
    0x10, 0x82, 0x10, 0x82, 0x10, 0x82, 0x10, 0x82, 0x10, 0x82, 0x10, 0x82, 0x10, 0x82, 0xd6, 0xba,
    0x73, 0x8d, 0x10, 0x82, 0x10, 0x82, 0x10, 0x82, 0x10, 0x82, 0x10, 0x82, 0x10, 0x82, 0x10, 0x82,
    0x10, 0x82, 0x10, 0x82, 0x10, 0x82, 0x10, 0x82, 0x10, 0x82, 0x10, 0x82, 0x10, 0x82, 0x10, 0x82,
    0x10, 0x82, 0x10, 0x82, 0x10, 0x82, 0x10, 0x82, 0x10, 0x82, 0x10, 0x82, 0x39, 0xc7, 0xce, 0x58,
    0x18, 0xc3, 0x10, 0x82, 0xb5, 0x95, 0x5a, 0xcb, 0x10, 0x82, 0x84, 0x30, 0x7b, 0xce, 0x10, 0x82,
    0x42, 0x07, 0xd6, 0x99, 0x10, 0x82, 0x10, 0x82, 0x29, 0x65, 0xef, 0x5c, 0xef, 0x5c, 0xef, 0x5c,
    0xef, 0x5c, 0xef, 0x5c, 0xef, 0x5c, 0xef, 0x5c, 0xef, 0x5c, 0x6b, 0x4c, 0xb5, 0x95, 0x10, 0x82,
    0x10, 0xa2, 0x10, 0x82, 0x10, 0x82, 0xef, 0x5c, 0x21, 0x04, 0x10, 0x82, 0x10, 0x82, 0x10, 0x82,
    0x10, 0x82, 0x10, 0x82, 0x10, 0x82, 0xef, 0x5c, 0x08, 0x41, 0x08, 0x41, 0x08, 0x41, 0x08, 0x41,
    0x08, 0x41, 0x08, 0x41, 0x08, 0x41, 0x08, 0x41, 0xef, 0x5c, 0x10, 0x82, 0x10, 0x82, 0x10, 0x82,
    0x10, 0x82, 0x10, 0x82, 0x10, 0x82, 0x10, 0x82, 0x10, 0x82, 0x10, 0x82, 0x10, 0x82, 0x10, 0x82,
    0x10, 0x82, 0x10, 0x82, 0x10, 0x82, 0x52, 0xaa, 0xce, 0x58, 0xde, 0xda, 0xe7, 0x3b, 0xe7, 0x3c,
    0xef, 0x5c, 0xe7, 0x3c, 0xde, 0xda, 0xc6, 0x17, 0x29, 0x65, 0x10, 0x82, 0x10, 0x82, 0x10, 0x82,
    0x10, 0x82, 0x10, 0x82, 0x10, 0x82, 0xd6, 0x99, 0xef, 0x5c, 0xef, 0x5c, 0xef, 0x5c, 0xef, 0x5c,
    0x84, 0x0f, 0xef, 0x5c, 0xef, 0x5c, 0xef, 0x5c, 0xef, 0x5c, 0xef, 0x5c, 0xef, 0x5c, 0xef, 0x5c,
    0xef, 0x5c, 0x18, 0xc3, 0x10, 0x82, 0x10, 0x82, 0x10, 0x82, 0x10, 0x82, 0x10, 0x82, 0x10, 0x82,
    0x10, 0x82, 0x10, 0x82, 0x10, 0x82, 0xc6, 0x17, 0x7b, 0xef, 0x10, 0x82, 0x10, 0x82, 0x10, 0x82,
    0x10, 0x82, 0x10, 0x82, 0x21, 0x24, 0xe7, 0x1b, 0x52, 0xaa, 0x10, 0x82, 0x10, 0x82, 0x10, 0x82,
    0xad, 0x75, 0x9c, 0xf3, 0x10, 0x82, 0x10, 0x82, 0x10, 0x82, 0x10, 0x82, 0xd6, 0xba, 0x73, 0x8d,
    0x10, 0x82, 0x10, 0x82, 0x10, 0x82, 0x10, 0x82, 0x10, 0x82, 0x10, 0x82, 0x10, 0x82, 0x10, 0x82,
    0x10, 0x82, 0x10, 0x82, 0x10, 0x82, 0x10, 0x82, 0x10, 0x82, 0x10, 0x82, 0x10, 0x82, 0x10, 0x82,
    0x10, 0x82, 0x10, 0x82, 0x10, 0x82, 0x10, 0x82, 0x10, 0x82, 0x10, 0x82, 0x10, 0x82, 0xef, 0x5c,
    0x08, 0x41, 0x08, 0x41, 0x08, 0x41, 0x08, 0x41, 0x08, 0x41, 0x08, 0x41, 0x08, 0x41, 0x08, 0x41,
    0x08, 0x41, 0x08, 0x41, 0x08, 0x41, 0x08, 0x41, 0x08, 0x41, 0x08, 0x41, 0x08, 0x41, 0x08, 0x41,
    0x08, 0x41, 0x08, 0x41, 0x08, 0x41, 0x08, 0x41, 0x08, 0x41, 0x08, 0x41, 0x08, 0x41, 0x08, 0x41,
    0x08, 0x41, 0x08, 0x41, 0x08, 0x41, 0x08, 0x41, 0x08, 0x41, 0x08, 0x41, 0x08, 0x41, 0x08, 0x41,
    0xef, 0x5c, 0x10, 0x82, 0x10, 0x82, 0x10, 0x82, 0x10, 0x82, 0x10, 0x82, 0x10, 0x82, 0x10, 0x82,
    0xb5, 0x95, 0xad, 0x54, 0x10, 0x82, 0x10, 0x82, 0x10, 0x82, 0x5a, 0xcb, 0xe7, 0x3c, 0x29, 0x44,
    0x10, 0x82, 0x10, 0x82, 0x10, 0x82, 0x94, 0xb2, 0xa5, 0x34, 0x10, 0x82, 0x10, 0x82, 0xde, 0xda,
    0x6b, 0x6d, 0x10, 0x82, 0x10, 0x82, 0x10, 0x82, 0x10, 0x82, 0x10, 0x82, 0x10, 0x82, 0x10, 0x82,
    0x10, 0x82, 0x10, 0x82, 0x10, 0x82, 0x10, 0x82, 0x10, 0x82, 0x10, 0x82, 0x10, 0x82, 0xef, 0x5c,
    0x5a, 0xeb, 0x10, 0x82, 0x10, 0x82, 0x10, 0x82, 0x10, 0x82, 0x10, 0x82, 0x10, 0x82, 0x10, 0x82,
    0x10, 0x82, 0x10, 0x82, 0x10, 0x82, 0x10, 0x82, 0x10, 0x82, 0x10, 0x82, 0x10, 0x82, 0x10, 0x82,
    0x10, 0x82, 0x10, 0x82, 0x10, 0x82, 0x10, 0x82, 0x10, 0x82, 0x18, 0xe3, 0xce, 0x58, 0x4a, 0x69,
    0x10, 0x82, 0x10, 0x82, 0xb5, 0xb6, 0x5a, 0xcb, 0x10, 0x82, 0x8c, 0x50, 0x6b, 0x6d, 0x10, 0x82,
    0x42, 0x07, 0xd6, 0x99, 0x10, 0x82, 0x10, 0x82, 0x10, 0xa2, 0x21, 0x04, 0x10, 0xa2, 0x10, 0xa2,
    0x10, 0x82, 0x10, 0x82, 0x10, 0xa2, 0x18, 0xc3, 0x21, 0x04, 0x5a, 0xcb, 0xb5, 0x95, 0x10, 0x82,
    0xa5, 0x34, 0xa5, 0x13, 0x10, 0x82, 0xef, 0x5c, 0x21, 0x04, 0x10, 0x82, 0x10, 0x82, 0x10, 0x82,
    0x10, 0x82, 0x10, 0x82, 0x10, 0x82, 0xef, 0x5c, 0x08, 0x41, 0x08, 0x41, 0x08, 0x41, 0x08, 0x41,
    0x08, 0x41, 0x08, 0x41, 0x08, 0x41, 0x08, 0x41, 0xef, 0x5c, 0x10, 0x82, 0x10, 0x82, 0x10, 0x82,
    0x10, 0x82, 0x10, 0x82, 0x10, 0x82, 0x10, 0x82, 0x10, 0x82, 0x10, 0x82, 0x10, 0x82, 0x10, 0x82,
    0x10, 0x82, 0x10, 0x82, 0x10, 0x82, 0x10, 0x82, 0x10, 0x82, 0x10, 0x82, 0x10, 0x82, 0x10, 0x82,
    0x10, 0x82, 0x10, 0x82, 0x10, 0x82, 0x10, 0x82, 0x10, 0x82, 0x10, 0x82, 0x10, 0x82, 0x10, 0x82,
    0x10, 0x82, 0x10, 0x82, 0x10, 0x82, 0xd6, 0xba, 0x18, 0xe3, 0x10, 0x82, 0x10, 0x82, 0x10, 0xa2,
    0x39, 0xc7, 0xc6, 0x17, 0x10, 0x82, 0x10, 0x82, 0xce, 0x79, 0x18, 0xe3, 0x10, 0x82, 0x10, 0x82,
    0xe7, 0x3c, 0x18, 0xc3, 0x10, 0x82, 0x10, 0x82, 0x10, 0x82, 0x10, 0x82, 0x10, 0x82, 0x10, 0x82,
    0x10, 0x82, 0x10, 0x82, 0x10, 0x82, 0xc6, 0x17, 0x7b, 0xef, 0x10, 0x82, 0x10, 0x82, 0x10, 0x82,
    0x10, 0x82, 0x10, 0x82, 0x10, 0x82, 0x9c, 0xd2, 0xb5, 0x95, 0x10, 0x82, 0x10, 0x82, 0x31, 0xa6,
    0xef, 0x5c, 0x42, 0x08, 0x10, 0x82, 0x10, 0x82, 0x10, 0x82, 0x10, 0x82, 0xef, 0x5c, 0x5a, 0xeb,
    0x10, 0x82, 0x10, 0x82, 0x10, 0x82, 0x10, 0x82, 0x10, 0x82, 0x10, 0x82, 0x10, 0x82, 0x10, 0x82,
    0x10, 0x82, 0x10, 0x82, 0x10, 0x82, 0x10, 0x82, 0x10, 0x82, 0x10, 0x82, 0x10, 0x82, 0x10, 0x82,
    0x10, 0x82, 0x10, 0x82, 0x10, 0x82, 0x10, 0x82, 0x10, 0x82, 0x10, 0x82, 0x10, 0x82, 0xef, 0x5c,
    0x08, 0x41, 0x08, 0x41, 0x08, 0x41, 0x08, 0x41, 0x08, 0x41, 0x08, 0x41, 0x08, 0x41, 0x08, 0x41,
    0x08, 0x41, 0x08, 0x41, 0x08, 0x41, 0x08, 0x41, 0x08, 0x41, 0x08, 0x41, 0x08, 0x41, 0x08, 0x41,
    0x08, 0x41, 0x08, 0x41, 0x08, 0x41, 0x08, 0x41, 0x08, 0x41, 0x08, 0x41, 0x08, 0x41, 0x08, 0x41,
    0x08, 0x41, 0x08, 0x41, 0x08, 0x41, 0x08, 0x41, 0x08, 0x41, 0x08, 0x41, 0x08, 0x41, 0x08, 0x41,
    0xef, 0x5c, 0x10, 0x82, 0x10, 0x82, 0x10, 0x82, 0x10, 0x82, 0x10, 0x82, 0x10, 0x82, 0x31, 0xa6,
    0xef, 0x5c, 0xef, 0x5c, 0xef, 0x5c, 0xef, 0x5c, 0xef, 0x5c, 0xef, 0x5c, 0xef, 0x5c, 0x84, 0x0f,
    0x10, 0x82, 0x10, 0x82, 0x10, 0x82, 0x94, 0xb2, 0xa5, 0x34, 0x10, 0x82, 0x10, 0x82, 0xce, 0x58,
    0x84, 0x30, 0x10, 0x82, 0x10, 0x82, 0x10, 0x82, 0x10, 0x82, 0x10, 0x82, 0x10, 0x82, 0xb5, 0x95,
    0xef, 0x5c, 0xef, 0x5c, 0xef, 0x5c, 0xef, 0x5c, 0xbd, 0xd6, 0x10, 0x82, 0x10, 0x82, 0xde, 0xda,
    0x73, 0x8d, 0x10, 0x82, 0x10, 0x82, 0x10, 0x82, 0x10, 0x82, 0x10, 0x82, 0x10, 0x82, 0x10, 0x82,
    0x10, 0x82, 0x10, 0x82, 0x10, 0x82, 0x10, 0x82, 0x10, 0x82, 0x10, 0x82, 0x10, 0x82, 0x10, 0x82,
    0x10, 0x82, 0x10, 0x82, 0x10, 0x82, 0x10, 0x82, 0x18, 0xc3, 0xb5, 0xb6, 0xe7, 0x1b, 0xc6, 0x38,
    0x31, 0xa6, 0x10, 0x82, 0xbd, 0xd6, 0x5a, 0xcb, 0x10, 0x82, 0x94, 0xb2, 0x63, 0x2c, 0x10, 0x82,
    0x42, 0x07, 0xd6, 0xba, 0x10, 0x82, 0x10, 0x82, 0x10, 0x82, 0x10, 0x82, 0x10, 0x82, 0x10, 0x82,
    0x29, 0x45, 0x9c, 0xf3, 0x29, 0x45, 0x10, 0x82, 0x10, 0x82, 0x5a, 0xca, 0xb5, 0x95, 0x10, 0x82,
    0x9c, 0xf3, 0x6b, 0x4c, 0x10, 0x82, 0xef, 0x5c, 0x21, 0x04, 0x10, 0x82, 0x10, 0x82, 0x10, 0x82,
    0x10, 0x82, 0x10, 0x82, 0x10, 0x82, 0xef, 0x5c, 0x08, 0x41, 0x08, 0x41, 0x08, 0x41, 0x08, 0x41,
    0x08, 0x41, 0x08, 0x41, 0x08, 0x41, 0x08, 0x41, 0xef, 0x5c, 0x10, 0x82, 0x10, 0x82, 0x10, 0x82,
    0x10, 0x82, 0x10, 0x82, 0x10, 0x82, 0x10, 0x82, 0x10, 0x82, 0x10, 0x82, 0x10, 0x82, 0x10, 0x82,
    0x18, 0xe3, 0x6b, 0x4c, 0x29, 0x65, 0x18, 0xc3, 0x10, 0xa2, 0x29, 0x45, 0x5a, 0xeb, 0x21, 0x04,
    0x10, 0x82, 0x10, 0x82, 0x10, 0x82, 0x10, 0x82, 0x10, 0xa2, 0x29, 0x65, 0x63, 0x0c, 0x18, 0xc3,
    0x10, 0x82, 0x10, 0x82, 0x10, 0x82, 0xde, 0xda, 0x18, 0xe3, 0x10, 0x82, 0x10, 0x82, 0x10, 0x82,
    0x31, 0xa6, 0xc6, 0x17, 0x10, 0x82, 0x39, 0xe7, 0xad, 0x75, 0x10, 0x82, 0x10, 0x82, 0x10, 0x82,
    0xe7, 0x3c, 0x18, 0xc3, 0x10, 0x82, 0x10, 0x82, 0x10, 0x82, 0x10, 0x82, 0x10, 0x82, 0x10, 0x82,
    0x10, 0x82, 0x10, 0x82, 0x10, 0x82, 0xc6, 0x17, 0x7b, 0xef, 0x10, 0x82, 0x10, 0x82, 0x10, 0x82,
    0x10, 0x82, 0x10, 0x82, 0x10, 0x82, 0x39, 0xe7, 0xef, 0x5c, 0x31, 0xa6, 0x10, 0x82, 0x94, 0x91,
    0xbd, 0xd6, 0x10, 0x82, 0x10, 0x82, 0x10, 0x82, 0x10, 0x82, 0x10, 0x82, 0xde, 0xda, 0x73, 0x8d,
    0x10, 0x82, 0x10, 0x82, 0x10, 0x82, 0x10, 0x82, 0x10, 0x82, 0x10, 0x82, 0x10, 0x82, 0x10, 0x82,
    0x10, 0x82, 0x10, 0x82, 0x10, 0x82, 0x10, 0x82, 0x10, 0x82, 0x10, 0x82, 0x10, 0x82, 0x10, 0x82,
    0x10, 0x82, 0x10, 0x82, 0x10, 0x82, 0x10, 0x82, 0x10, 0x82, 0x10, 0x82, 0x10, 0x82, 0xef, 0x5c,
    0x08, 0x41, 0x08, 0x41, 0x08, 0x41, 0x08, 0x41, 0x08, 0x41, 0x08, 0x41, 0x08, 0x41, 0x08, 0x41,
    0x08, 0x41, 0x08, 0x41, 0x08, 0x41, 0x08, 0x41, 0x08, 0x41, 0x08, 0x41, 0x08, 0x41, 0x08, 0x41,
    0x08, 0x41, 0x08, 0x41, 0x08, 0x41, 0x08, 0x41, 0x08, 0x41, 0x08, 0x41, 0x08, 0x41, 0x08, 0x41,
    0x08, 0x41, 0x08, 0x41, 0x08, 0x41, 0x08, 0x41, 0x08, 0x41, 0x08, 0x41, 0x08, 0x41, 0x08, 0x41,
    0xef, 0x5c, 0x10, 0x82, 0x10, 0x82, 0x10, 0x82, 0x10, 0x82, 0x10, 0x82, 0x10, 0x82, 0x94, 0xb2,
    0xa5, 0x34, 0x10, 0x82, 0x10, 0x82, 0x10, 0x82, 0x10, 0x82, 0x10, 0x82, 0x5a, 0xca, 0xd6, 0xba,
    0x18, 0xc3, 0x10, 0x82, 0x10, 0x82, 0x94, 0xb2, 0xa5, 0x34, 0x10, 0x82, 0x10, 0x82, 0x94, 0x91,
    0xce, 0x58, 0x10, 0x82, 0x10, 0x82, 0x10, 0x82, 0x10, 0x82, 0x10, 0x82, 0x10, 0x82, 0x10, 0x82,
    0x10, 0x82, 0x10, 0x82, 0x10, 0x82, 0xb5, 0x95, 0x9c, 0xd2, 0x10, 0x82, 0x10, 0x82, 0xad, 0x54,
    0xad, 0x54, 0x10, 0x82, 0x10, 0x82, 0x10, 0x82, 0x10, 0x82, 0x10, 0x82, 0x10, 0x82, 0x10, 0x82,
    0x10, 0x82, 0x10, 0x82, 0x10, 0x82, 0x10, 0x82, 0x10, 0x82, 0x10, 0x82, 0x10, 0x82, 0x10, 0x82,
    0x10, 0x82, 0x10, 0x82, 0x10, 0x82, 0x29, 0x65, 0xbd, 0xd6, 0xc6, 0x17, 0xc6, 0x17, 0x6b, 0x4d,
    0xde, 0xfb, 0x42, 0x28, 0xc6, 0x38, 0x5a, 0xcb, 0x10, 0x82, 0xad, 0x75, 0x73, 0x8e, 0x21, 0x04,
    0x42, 0x07, 0xe7, 0x3c, 0x10, 0x82, 0x10, 0x82, 0x10, 0x82, 0x10, 0x82, 0x42, 0x08, 0x84, 0x30,
    0x29, 0x45, 0xe7, 0x3b, 0x10, 0x82, 0x39, 0xc7, 0x21, 0x24, 0x5a, 0xca, 0xb5, 0x95, 0x10, 0x82,
    0x9c, 0xf3, 0x63, 0x0b, 0x10, 0x82, 0xef, 0x5c, 0x21, 0x04, 0x10, 0x82, 0x10, 0x82, 0x10, 0x82,
    0x10, 0x82, 0x10, 0x82, 0x10, 0x82, 0xef, 0x5c, 0x08, 0x41, 0x08, 0x41, 0x08, 0x41, 0x08, 0x41,
    0x08, 0x41, 0x08, 0x41, 0x08, 0x41, 0x08, 0x41, 0xef, 0x5c, 0x10, 0x82, 0x10, 0x82, 0x10, 0x82,
    0x10, 0x82, 0x10, 0x82, 0x10, 0x82, 0x10, 0x82, 0x10, 0x82, 0x10, 0x82, 0x10, 0x82, 0x10, 0x82,
    0x10, 0x82, 0xef, 0x5c, 0xef, 0x5c, 0xef, 0x5c, 0xef, 0x5c, 0xef, 0x5c, 0xef, 0x5c, 0x18, 0xe3,
    0x31, 0xa6, 0xe7, 0x3c, 0xe7, 0x3c, 0xe7, 0x3c, 0xef, 0x5c, 0xef, 0x5c, 0xef, 0x5c, 0x10, 0xa2,
    0x10, 0x82, 0x10, 0x82, 0x10, 0x82, 0xe7, 0x1b, 0xef, 0x5c, 0xef, 0x5c, 0xef, 0x5c, 0x29, 0x65,
    0x42, 0x28, 0xef, 0x5c, 0xef, 0x5c, 0xef, 0x5c, 0xef, 0x5c, 0xef, 0x5c, 0xef, 0x5c, 0xef, 0x5c,
    0xef, 0x5c, 0x21, 0x24, 0x10, 0x82, 0x10, 0x82, 0x10, 0x82, 0x10, 0x82, 0x10, 0x82, 0x10, 0x82,
    0x10, 0x82, 0x10, 0x82, 0x10, 0x82, 0xc6, 0x17, 0x7b, 0xef, 0x10, 0x82, 0x10, 0x82, 0x10, 0x82,
    0x10, 0x82, 0x10, 0x82, 0x10, 0x82, 0x10, 0x82, 0xbd, 0xd6, 0x94, 0x91, 0x18, 0xe3, 0xde, 0xfb,
    0x5a, 0xeb, 0x10, 0x82, 0x10, 0x82, 0x10, 0x82, 0x10, 0x82, 0x10, 0x82, 0xad, 0x54, 0xad, 0x54,
    0x10, 0x82, 0x10, 0x82, 0x10, 0x82, 0x10, 0x82, 0x10, 0x82, 0x10, 0x82, 0x10, 0x82, 0x10, 0x82,
    0x10, 0x82, 0x10, 0x82, 0x10, 0x82, 0x10, 0x82, 0x10, 0x82, 0x10, 0x82, 0x10, 0x82, 0x10, 0x82,
    0x10, 0x82, 0x10, 0x82, 0x10, 0x82, 0x10, 0x82, 0x10, 0x82, 0x10, 0x82, 0x10, 0x82, 0xef, 0x5c,
    0x08, 0x41, 0x08, 0x41, 0x08, 0x41, 0x08, 0x41, 0x08, 0x41, 0x08, 0x41, 0x08, 0x41, 0x08, 0x41,
    0x08, 0x41, 0x08, 0x41, 0x08, 0x41, 0x08, 0x41, 0x08, 0x41, 0x08, 0x41, 0x08, 0x41, 0x08, 0x41,
    0x08, 0x41, 0x08, 0x41, 0x08, 0x41, 0x08, 0x41, 0x08, 0x41, 0x08, 0x41, 0x08, 0x41, 0x08, 0x41,
    0x08, 0x41, 0x08, 0x41, 0x08, 0x41, 0x08, 0x41, 0x08, 0x41, 0x08, 0x41, 0x08, 0x41, 0x08, 0x41,
    0xef, 0x5c, 0x10, 0x82, 0x10, 0x82, 0x10, 0x82, 0x10, 0x82, 0x10, 0x82, 0x21, 0x04, 0xe7, 0x1b,
    0x4a, 0x69, 0x10, 0x82, 0x10, 0x82, 0x10, 0x82, 0x10, 0x82, 0x10, 0x82, 0x10, 0xa2, 0xd6, 0xb9,
    0x63, 0x0c, 0x10, 0x82, 0x10, 0x82, 0x94, 0xb2, 0xa5, 0x34, 0x10, 0x82, 0x10, 0x82, 0x31, 0xa6,
    0xe7, 0x3c, 0x6b, 0x6d, 0x10, 0x82, 0x10, 0x82, 0x10, 0x82, 0x10, 0x82, 0x10, 0x82, 0x10, 0x82,
    0x10, 0x82, 0x10, 0x82, 0x29, 0x65, 0xe7, 0x3c, 0x52, 0xaa, 0x10, 0x82, 0x10, 0x82, 0x52, 0x8a,
    0xe7, 0x3c, 0x42, 0x08, 0x10, 0x82, 0x10, 0x82, 0x10, 0x82, 0x10, 0x82, 0x10, 0x82, 0x10, 0x82,
    0x10, 0x82, 0x10, 0x82, 0x10, 0xa2, 0x10, 0x82, 0x10, 0x82, 0x10, 0x82, 0x10, 0x82, 0x10, 0x82,
    0x10, 0x82, 0x10, 0x82, 0x21, 0x24, 0xd6, 0xba, 0x8c, 0x71, 0x4a, 0x69, 0xc6, 0x17, 0x10, 0x82,
    0x5a, 0xeb, 0x18, 0xc3, 0x4a, 0x49, 0x21, 0x24, 0x10, 0x82, 0xd6, 0xba, 0xde, 0xda, 0x63, 0x2c,
    0x10, 0xa2, 0x21, 0x24, 0x10, 0x82, 0x10, 0x82, 0x10, 0x82, 0x10, 0x82, 0x9c, 0xd2, 0x8c, 0x71,
    0x18, 0xe3, 0xe7, 0x1b, 0x10, 0x82, 0xad, 0x75, 0x94, 0xb2, 0x5a, 0xca, 0xb5, 0x95, 0x10, 0x82,
    0xad, 0x75, 0x52, 0xaa, 0x10, 0x82, 0xef, 0x5c, 0x21, 0x04, 0x10, 0x82, 0x10, 0x82, 0x10, 0x82,
    0x10, 0x82, 0x10, 0x82, 0x10, 0x82, 0xef, 0x5c, 0x08, 0x41, 0x08, 0x41, 0x08, 0x41, 0x08, 0x41,
    0x08, 0x41, 0x08, 0x41, 0x08, 0x41, 0x08, 0x41, 0xef, 0x5c, 0x10, 0x82, 0x10, 0x82, 0x10, 0x82,
    0x10, 0x82, 0x10, 0x82, 0x10, 0x82, 0x10, 0x82, 0x10, 0x82, 0x10, 0x82, 0x10, 0x82, 0x10, 0x82,
    0x10, 0x82, 0xe7, 0x3c, 0x21, 0x04, 0x10, 0x82, 0x10, 0x82, 0x18, 0xe3, 0xef, 0x5c, 0x18, 0xc3,
    0x29, 0x44, 0xde, 0xda, 0x10, 0x82, 0x10, 0x82, 0x10, 0x82, 0x21, 0x24, 0xe7, 0x3c, 0x10, 0x82,
    0x10, 0x82, 0x10, 0x82, 0x10, 0xa2, 0xe7, 0x1b, 0x10, 0x82, 0x10, 0x82, 0xd6, 0x99, 0x29, 0x45,
    0x10, 0x82, 0x10, 0x82, 0x42, 0x08, 0xbd, 0xf7, 0x18, 0xc3, 0x6b, 0x6d, 0x94, 0x91, 0x10, 0x82,
    0x10, 0x82, 0x10, 0x82, 0x10, 0x82, 0x10, 0x82, 0x10, 0x82, 0x10, 0x82, 0x10, 0x82, 0x10, 0x82,
    0x10, 0x82, 0x10, 0x82, 0x10, 0x82, 0xc6, 0x17, 0x7b, 0xef, 0x10, 0x82, 0x10, 0x82, 0x10, 0x82,
    0x10, 0x82, 0x10, 0x82, 0x10, 0x82, 0x10, 0x82, 0x5a, 0xeb, 0xde, 0xfb, 0x7b, 0xef, 0xd6, 0x99,
    0x10, 0xa2, 0x10, 0x82, 0x10, 0x82, 0x10, 0x82, 0x10, 0x82, 0x10, 0x82, 0x52, 0x8a, 0xe7, 0x3c,
    0x42, 0x08, 0x10, 0x82, 0x10, 0x82, 0x10, 0x82, 0x10, 0x82, 0x10, 0x82, 0x10, 0x82, 0x10, 0x82,
    0x10, 0x82, 0x10, 0xa2, 0x10, 0x82, 0x10, 0x82, 0x10, 0x82, 0x10, 0x82, 0x10, 0x82, 0x10, 0x82,
    0x10, 0x82, 0x10, 0x82, 0x10, 0x82, 0x10, 0x82, 0x10, 0x82, 0x10, 0x82, 0x10, 0x82, 0xef, 0x5c,
    0x08, 0x41, 0x08, 0x41, 0x08, 0x41, 0x08, 0x41, 0x08, 0x41, 0x08, 0x41, 0x08, 0x41, 0x08, 0x41,
    0x08, 0x41, 0x08, 0x41, 0x08, 0x41, 0x08, 0x41, 0x08, 0x41, 0x08, 0x41, 0x08, 0x41, 0x08, 0x41,
    0x08, 0x41, 0x08, 0x41, 0x08, 0x41, 0x08, 0x41, 0x08, 0x41, 0x08, 0x41, 0x08, 0x41, 0x08, 0x41,
    0x08, 0x41, 0x08, 0x41, 0x08, 0x41, 0x08, 0x41, 0x08, 0x41, 0x08, 0x41, 0x08, 0x41, 0x08, 0x41,
    0xef, 0x5c, 0x10, 0x82, 0x10, 0x82, 0x10, 0x82, 0x10, 0x82, 0x10, 0x82, 0x7b, 0xce, 0xce, 0x79,
    0x10, 0x82, 0x10, 0x82, 0x10, 0x82, 0x10, 0x82, 0x10, 0x82, 0x10, 0x82, 0x10, 0x82, 0x84, 0x0f,
    0xc6, 0x17, 0x10, 0x82, 0x10, 0x82, 0x94, 0xb2, 0xa5, 0x34, 0x10, 0x82, 0x10, 0x82, 0x10, 0x82,
    0x73, 0xae, 0xe7, 0x3c, 0x5a, 0xeb, 0x10, 0x82, 0x10, 0x82, 0x10, 0x82, 0x10, 0x82, 0x10, 0x82,
    0x10, 0x82, 0x18, 0xe3, 0xbd, 0xf7, 0xb5, 0xb6, 0x10, 0x82, 0x10, 0x82, 0x10, 0x82, 0x10, 0x82,
    0x9c, 0xf3, 0xd6, 0xb9, 0x39, 0xc6, 0x10, 0x82, 0x10, 0x82, 0x10, 0x82, 0x10, 0x82, 0x10, 0x82,
    0x10, 0x82, 0x31, 0xa6, 0xce, 0x79, 0x4a, 0x69, 0x10, 0x82, 0x10, 0x82, 0x10, 0x82, 0x10, 0x82,
    0x10, 0x82, 0x10, 0x82, 0x10, 0x82, 0x29, 0x45, 0x10, 0x82, 0x4a, 0x69, 0xc6, 0x17, 0x10, 0x82,
    0x10, 0x82, 0x10, 0x82, 0x10, 0x82, 0x10, 0x82, 0x42, 0x28, 0xe7, 0x1b, 0xad, 0x75, 0x5a, 0xcb,
    0x10, 0x82, 0x10, 0x82, 0x10, 0x82, 0x10, 0x82, 0x10, 0x82, 0x42, 0x28, 0xd6, 0xba, 0x18, 0xe3,
    0x18, 0xe3, 0xe7, 0x1b, 0x31, 0xa6, 0xce, 0x79, 0x18, 0xc3, 0x5a, 0xcb, 0xb5, 0x95, 0x10, 0x82,
    0xc6, 0x38, 0x39, 0xc7, 0x10, 0x82, 0xef, 0x5c, 0x21, 0x04, 0x10, 0x82, 0x10, 0x82, 0x10, 0x82,
    0x10, 0x82, 0x10, 0x82, 0x10, 0x82, 0xef, 0x5c, 0x08, 0x41, 0x08, 0x41, 0x08, 0x41, 0x08, 0x41,
    0x08, 0x41, 0x08, 0x41, 0x08, 0x41, 0x08, 0x41, 0xef, 0x5c, 0x10, 0x82, 0x10, 0x82, 0x10, 0x82,
    0x10, 0x82, 0x10, 0x82, 0x10, 0x82, 0x10, 0x82, 0x10, 0x82, 0x10, 0x82, 0x10, 0x82, 0x10, 0x82,
    0x10, 0x82, 0xe7, 0x3c, 0x21, 0x04, 0x10, 0x82, 0x10, 0x82, 0x18, 0xe3, 0xef, 0x5c, 0x18, 0xc3,
    0x21, 0x24, 0xde, 0xda, 0x10, 0x82, 0x10, 0x82, 0x10, 0x82, 0x21, 0x24, 0xe7, 0x3c, 0x10, 0x82,
    0x10, 0x82, 0x10, 0x82, 0x21, 0x24, 0xd6, 0xba, 0x10, 0x82, 0x10, 0x82, 0xd6, 0x99, 0x29, 0x45,
    0x10, 0x82, 0x39, 0xc6, 0xc6, 0x38, 0x29, 0x65, 0x10, 0x82, 0x6b, 0x6d, 0x94, 0x91, 0x10, 0x82,
    0x10, 0x82, 0x10, 0x82, 0x10, 0x82, 0x10, 0x82, 0x10, 0x82, 0x10, 0x82, 0x10, 0x82, 0x10, 0x82,
    0x10, 0x82, 0x10, 0x82, 0x10, 0x82, 0xc6, 0x17, 0x7b, 0xef, 0x10, 0x82, 0x10, 0x82, 0x10, 0x82,
    0x10, 0x82, 0x10, 0x82, 0x10, 0x82, 0x10, 0x82, 0x10, 0xa2, 0xd6, 0xb9, 0xe7, 0x3c, 0x7b, 0xcf,
    0x10, 0x82, 0x10, 0x82, 0x10, 0x82, 0x10, 0x82, 0x10, 0x82, 0x10, 0x82, 0x10, 0x82, 0x9c, 0xf3,
    0xd6, 0xb9, 0x39, 0xc6, 0x10, 0x82, 0x10, 0x82, 0x10, 0x82, 0x10, 0x82, 0x10, 0x82, 0x10, 0x82,
    0x31, 0xa6, 0xce, 0x79, 0x4a, 0x69, 0x10, 0x82, 0x10, 0x82, 0x10, 0x82, 0x10, 0x82, 0x10, 0x82,
    0x10, 0x82, 0x10, 0x82, 0x10, 0x82, 0x10, 0x82, 0x10, 0x82, 0x10, 0x82, 0x10, 0x82, 0xef, 0x5c,
    0x08, 0x41, 0x08, 0x41, 0x08, 0x41, 0x08, 0x41, 0x08, 0x41, 0x08, 0x41, 0x08, 0x41, 0x08, 0x41,
    0x08, 0x41, 0x08, 0x41, 0x08, 0x41, 0x08, 0x41, 0x08, 0x41, 0x08, 0x41, 0x08, 0x41, 0x08, 0x41,
    0x08, 0x41, 0x08, 0x41, 0x08, 0x41, 0x08, 0x41, 0x08, 0x41, 0x08, 0x41, 0x08, 0x41, 0x08, 0x41,
    0x08, 0x41, 0x08, 0x41, 0x08, 0x41, 0x08, 0x41, 0x08, 0x41, 0x08, 0x41, 0x08, 0x41, 0x08, 0x41,
    0xef, 0x5c, 0x10, 0x82, 0x10, 0x82, 0x10, 0x82, 0x10, 0x82, 0x10, 0xa2, 0xd6, 0x99, 0x7b, 0xce,
    0x10, 0x82, 0x10, 0x82, 0x10, 0x82, 0x10, 0x82, 0x10, 0x82, 0x10, 0x82, 0x10, 0x82, 0x29, 0x45,
    0xe7, 0x3c, 0x42, 0x28, 0x10, 0x82, 0x94, 0xb2, 0xa5, 0x34, 0x10, 0x82, 0x10, 0x82, 0x10, 0x82,
    0x10, 0x82, 0x73, 0x8d, 0xe7, 0x3b, 0xa5, 0x34, 0x4a, 0x69, 0x21, 0x04, 0x10, 0xa2, 0x29, 0x45,
    0x6b, 0x4c, 0xd6, 0x99, 0xb5, 0xb6, 0x21, 0x04, 0x10, 0x82, 0x10, 0x82, 0x10, 0x82, 0x10, 0x82,
    0x10, 0xa2, 0x94, 0xb2, 0xe7, 0x1b, 0x84, 0x30, 0x39, 0xe7, 0x18, 0xc3, 0x18, 0xc3, 0x39, 0xc7,
    0x84, 0x30, 0xe7, 0x1b, 0xad, 0x54, 0x18, 0xc3, 0x10, 0x82, 0x10, 0x82, 0x10, 0x82, 0x10, 0x82,
    0x10, 0x82, 0x10, 0x82, 0x10, 0x82, 0x10, 0x82, 0x10, 0x82, 0x4a, 0x69, 0xc6, 0x17, 0x10, 0x82,
    0x10, 0x82, 0x10, 0x82, 0x10, 0x82, 0x10, 0xa2, 0xb5, 0xb6, 0xa5, 0x34, 0xa5, 0x34, 0x5a, 0xcb,
    0x10, 0x82, 0x10, 0x82, 0x10, 0x82, 0x10, 0x82, 0x10, 0x82, 0x8c, 0x71, 0x6b, 0x4c, 0x10, 0x82,
    0x18, 0xe3, 0xe7, 0x1b, 0xbd, 0xd6, 0x5a, 0xca, 0x10, 0x82, 0x5a, 0xeb, 0xad, 0x75, 0x29, 0x65,
    0xd6, 0xba, 0x10, 0x82, 0x10, 0x82, 0xce, 0x58, 0x21, 0x04, 0x10, 0x82, 0x10, 0x82, 0x10, 0x82,
    0x10, 0x82, 0x10, 0x82, 0x10, 0x82, 0xef, 0x5c, 0x08, 0x41, 0x08, 0x41, 0x08, 0x41, 0x08, 0x41,
    0x08, 0x41, 0x08, 0x41, 0x08, 0x41, 0x08, 0x41, 0xef, 0x5c, 0x10, 0x82, 0x10, 0x82, 0x10, 0x82,
    0x10, 0x82, 0x10, 0x82, 0x10, 0x82, 0x10, 0x82, 0x10, 0x82, 0x10, 0x82, 0x10, 0x82, 0x10, 0x82,
    0x10, 0x82, 0xe7, 0x3c, 0x21, 0x04, 0x10, 0x82, 0x10, 0x82, 0x18, 0xe3, 0xef, 0x5c, 0x18, 0xc3,
    0x21, 0x24, 0xde, 0xda, 0x10, 0x82, 0x10, 0x82, 0x10, 0x82, 0x21, 0x24, 0xe7, 0x3c, 0x10, 0x82,
    0x10, 0x82, 0x10, 0x82, 0x39, 0xe7, 0xbd, 0xf7, 0x10, 0x82, 0x10, 0x82, 0xd6, 0x99, 0x84, 0x0f,
    0xef, 0x5c, 0xef, 0x5c, 0xef, 0x5c, 0xef, 0x5c, 0xef, 0x5c, 0xef, 0x5c, 0xef, 0x5c, 0xef, 0x5c,
    0xef, 0x5c, 0xef, 0x5c, 0x63, 0x2c, 0x10, 0x82, 0x10, 0x82, 0x10, 0x82, 0x10, 0x82, 0x10, 0x82,
    0x10, 0x82, 0x10, 0x82, 0x10, 0x82, 0xc6, 0x17, 0x7b, 0xef, 0x10, 0x82, 0x10, 0x82, 0x10, 0x82,
    0x10, 0x82, 0x10, 0x82, 0x10, 0x82, 0x10, 0x82, 0x10, 0x82, 0x7b, 0xef, 0xe7, 0x1b, 0x21, 0x24,
    0x10, 0x82, 0x10, 0x82, 0x10, 0x82, 0x10, 0x82, 0x10, 0x82, 0x10, 0x82, 0x10, 0x82, 0x10, 0xa2,
    0x94, 0xb2, 0xe7, 0x1b, 0x84, 0x30, 0x39, 0xe7, 0x18, 0xc3, 0x18, 0xc3, 0x39, 0xc7, 0x84, 0x30,
    0xe7, 0x1b, 0xad, 0x54, 0x18, 0xc3, 0x10, 0x82, 0x10, 0x82, 0x10, 0x82, 0x10, 0x82, 0x10, 0x82,
    0x10, 0x82, 0x10, 0x82, 0x10, 0x82, 0x10, 0x82, 0x10, 0x82, 0x10, 0x82, 0x10, 0x82, 0xef, 0x5c,
    0x08, 0x41, 0x08, 0x41, 0x08, 0x41, 0x08, 0x41, 0x08, 0x41, 0x08, 0x41, 0x08, 0x41, 0x08, 0x41,
    0x08, 0x41, 0x08, 0x41, 0x08, 0x41, 0x08, 0x41, 0x08, 0x41, 0x08, 0x41, 0x08, 0x41, 0x08, 0x41,
    0x08, 0x41, 0x08, 0x41, 0x08, 0x41, 0x08, 0x41, 0x08, 0x41, 0x08, 0x41, 0x08, 0x41, 0x08, 0x41,
    0x08, 0x41, 0x08, 0x41, 0x08, 0x41, 0x08, 0x41, 0x08, 0x41, 0x08, 0x41, 0x08, 0x41, 0x08, 0x41,
    0xef, 0x5c, 0x10, 0x82, 0x10, 0x82, 0x10, 0x82, 0x10, 0x82, 0x5a, 0xcb, 0xe7, 0x3c, 0x21, 0x24,
    0x10, 0x82, 0x10, 0x82, 0x10, 0x82, 0x10, 0x82, 0x10, 0x82, 0x10, 0x82, 0x10, 0x82, 0x10, 0x82,
    0xad, 0x54, 0xa5, 0x13, 0x10, 0x82, 0x94, 0xb2, 0xa5, 0x34, 0x10, 0x82, 0x10, 0x82, 0x10, 0x82,
    0x10, 0x82, 0x10, 0x82, 0x29, 0x65, 0x84, 0x30, 0xc6, 0x17, 0xde, 0xda, 0xe7, 0x3b, 0xd6, 0xba,
    0xad, 0x54, 0x5a, 0xeb, 0x10, 0xa2, 0x10, 0x82, 0x10, 0x82, 0x10, 0x82, 0x10, 0x82, 0x10, 0x82,
    0x10, 0x82, 0x10, 0x82, 0x42, 0x08, 0x9c, 0xd2, 0xce, 0x58, 0xe7, 0x1b, 0xe7, 0x1b, 0xce, 0x79,
    0x9c, 0xf3, 0x52, 0x89, 0x10, 0x82, 0x10, 0x82, 0x10, 0x82, 0x10, 0x82, 0x10, 0x82, 0x10, 0x82,
    0x10, 0x82, 0x10, 0x82, 0x10, 0x82, 0x10, 0x82, 0x10, 0x82, 0x4a, 0x69, 0xc6, 0x17, 0x10, 0x82,
    0x10, 0x82, 0x10, 0x82, 0x18, 0xc3, 0x9c, 0xf3, 0xe7, 0x3b, 0x39, 0xc7, 0xa5, 0x34, 0x5a, 0xcb,
    0x10, 0x82, 0x10, 0x82, 0x39, 0xc7, 0x10, 0xa2, 0x10, 0x82, 0x10, 0x82, 0x10, 0x82, 0x10, 0x82,
    0x18, 0xe3, 0xef, 0x5c, 0x9c, 0xd2, 0x10, 0x82, 0x10, 0x82, 0x10, 0x82, 0x10, 0x82, 0xa5, 0x34,
    0x73, 0xae, 0x4a, 0x48, 0x8c, 0x51, 0x10, 0xa2, 0x10, 0x82, 0x10, 0x82, 0x10, 0x82, 0x10, 0x82,
    0x10, 0x82, 0x10, 0x82, 0x10, 0x82, 0xef, 0x5c, 0x08, 0x41, 0x08, 0x41, 0x08, 0x41, 0x08, 0x41,
    0x08, 0x41, 0x08, 0x41, 0x08, 0x41, 0x08, 0x41, 0xef, 0x5c, 0x10, 0x82, 0x10, 0x82, 0x10, 0x82,
    0x10, 0x82, 0x10, 0x82, 0x10, 0x82, 0x10, 0x82, 0x10, 0x82, 0x10, 0x82, 0x10, 0x82, 0x10, 0x82,
    0x10, 0x82, 0xe7, 0x3c, 0x21, 0x04, 0x10, 0x82, 0x10, 0x82, 0x18, 0xe3, 0xef, 0x5c, 0x18, 0xc3,
    0x21, 0x24, 0xde, 0xda, 0x10, 0x82, 0x10, 0x82, 0x10, 0x82, 0x21, 0x24, 0xe7, 0x3c, 0x10, 0x82,
    0x10, 0x82, 0x10, 0x82, 0x63, 0x2c, 0xa5, 0x13, 0x10, 0x82, 0x10, 0x82, 0xd6, 0x99, 0x29, 0x45,
    0x10, 0x82, 0x10, 0x82, 0x10, 0x82, 0x10, 0x82, 0x10, 0x82, 0x6b, 0x6d, 0x94, 0x91, 0x10, 0x82,
    0x10, 0x82, 0x10, 0x82, 0x10, 0x82, 0x10, 0x82, 0x10, 0x82, 0x10, 0x82, 0x10, 0x82, 0x10, 0x82,
    0x10, 0x82, 0x10, 0x82, 0x10, 0x82, 0xc6, 0x17, 0x7b, 0xef, 0x10, 0x82, 0x10, 0x82, 0x10, 0x82,
    0x10, 0x82, 0x10, 0x82, 0x10, 0x82, 0x10, 0x82, 0x10, 0x82, 0x21, 0x24, 0x94, 0x91, 0x10, 0x82,
    0x10, 0x82, 0x10, 0x82, 0x10, 0x82, 0x10, 0x82, 0x10, 0x82, 0x10, 0x82, 0x10, 0x82, 0x10, 0x82,
    0x10, 0x82, 0x42, 0x08, 0x9c, 0xd2, 0xce, 0x58, 0xe7, 0x1b, 0xe7, 0x1b, 0xce, 0x79, 0x9c, 0xf3,
    0x52, 0x89, 0x10, 0x82, 0x10, 0x82, 0x10, 0x82, 0x10, 0x82, 0x10, 0x82, 0x10, 0x82, 0x10, 0x82,
    0x10, 0x82, 0x10, 0x82, 0x10, 0x82, 0x10, 0x82, 0x10, 0x82, 0x10, 0x82, 0x10, 0x82, 0xef, 0x5c,
    0x08, 0x41, 0x08, 0x41, 0x08, 0x41, 0x08, 0x41, 0x08, 0x41, 0x08, 0x41, 0x08, 0x41, 0x08, 0x41,
    0x08, 0x41, 0x08, 0x41, 0x08, 0x41, 0x08, 0x41, 0x08, 0x41, 0x08, 0x41, 0x08, 0x41, 0x08, 0x41,
    0x08, 0x41, 0x08, 0x41, 0x08, 0x41, 0x08, 0x41, 0x08, 0x41, 0x08, 0x41, 0x08, 0x41, 0x08, 0x41,
    0x08, 0x41, 0x08, 0x41, 0x08, 0x41, 0x08, 0x41, 0x08, 0x41, 0x08, 0x41, 0x08, 0x41, 0x08, 0x41,
    0xef, 0x5c, 0x10, 0x82, 0x10, 0x82, 0x10, 0x82, 0x10, 0x82, 0x10, 0x82, 0x10, 0x82, 0x10, 0x82,
    0x10, 0x82, 0x10, 0x82, 0x10, 0x82, 0x10, 0x82, 0x10, 0x82, 0x10, 0x82, 0x10, 0x82, 0x10, 0x82,
    0x10, 0x82, 0x10, 0x82, 0x10, 0x82, 0x10, 0x82, 0x10, 0x82, 0x10, 0x82, 0x10, 0x82, 0x10, 0x82,
    0x10, 0x82, 0x10, 0x82, 0x10, 0x82, 0x10, 0x82, 0x10, 0x82, 0x10, 0x82, 0x10, 0x82, 0x10, 0x82,
    0x10, 0x82, 0x10, 0x82, 0x10, 0x82, 0x10, 0x82, 0x10, 0x82, 0x10, 0x82, 0x10, 0x82, 0x10, 0x82,
    0x10, 0x82, 0x10, 0x82, 0x10, 0x82, 0x10, 0x82, 0x10, 0x82, 0x10, 0x82, 0x10, 0x82, 0x10, 0x82,
    0x10, 0x82, 0x10, 0x82, 0x10, 0x82, 0x10, 0x82, 0x10, 0x82, 0x10, 0x82, 0x10, 0x82, 0x10, 0x82,
    0x10, 0x82, 0x10, 0x82, 0x10, 0x82, 0x10, 0x82, 0x10, 0x82, 0x4a, 0x69, 0xc6, 0x17, 0x10, 0x82,
    0x10, 0x82, 0x52, 0xaa, 0xce, 0x58, 0xe7, 0x3c, 0x63, 0x0b, 0x10, 0x82, 0xa5, 0x13, 0x73, 0x8e,
    0x10, 0x82, 0x29, 0x65, 0xe7, 0x1b, 0x39, 0xe7, 0x10, 0x82, 0x10, 0x82, 0x10, 0x82, 0x31, 0x86,
    0xad, 0x54, 0xa5, 0x13, 0x10, 0xa2, 0x10, 0x82, 0x10, 0x82, 0x10, 0x82, 0x8c, 0x71, 0xb5, 0xb6,
    0x10, 0xa2, 0x10, 0xa2, 0x94, 0xb2, 0xb5, 0xb6, 0x18, 0xe3, 0x10, 0x82, 0x10, 0x82, 0x10, 0x82,
    0x10, 0x82, 0x10, 0x82, 0x10, 0x82, 0xef, 0x5c, 0x08, 0x41, 0x08, 0x41, 0x08, 0x41, 0x08, 0x41,
    0x08, 0x41, 0x08, 0x41, 0x08, 0x41, 0x08, 0x41, 0xef, 0x5c, 0x10, 0x82, 0x10, 0x82, 0x10, 0x82,
    0x10, 0x82, 0x10, 0x82, 0x10, 0x82, 0x10, 0x82, 0x10, 0x82, 0x10, 0x82, 0x10, 0x82, 0x10, 0x82,
    0x10, 0xa2, 0xef, 0x5c, 0xef, 0x5c, 0xef, 0x5c, 0xef, 0x5c, 0xef, 0x5c, 0xef, 0x5c, 0x18, 0xc3,
    0x29, 0x45, 0xef, 0x5c, 0xef, 0x5c, 0xef, 0x5c, 0xef, 0x5c, 0xef, 0x5c, 0xe7, 0x3c, 0x10, 0x82,
    0x10, 0x82, 0x10, 0x82, 0xa5, 0x34, 0x73, 0xae, 0x10, 0x82, 0x10, 0x82, 0xd6, 0x99, 0x29, 0x45,
    0x10, 0x82, 0x10, 0x82, 0x10, 0x82, 0x10, 0x82, 0x10, 0x82, 0x6b, 0x6d, 0x94, 0x91, 0x10, 0x82,
    0x10, 0x82, 0x10, 0x82, 0x10, 0x82, 0x10, 0x82, 0x10, 0x82, 0x10, 0x82, 0x10, 0x82, 0x10, 0x82,
    0x10, 0x82, 0x10, 0x82, 0x10, 0x82, 0x10, 0x82, 0x10, 0x82, 0x10, 0x82, 0x10, 0x82, 0x10, 0x82,
    0x10, 0x82, 0x10, 0x82, 0x10, 0x82, 0x10, 0x82, 0x10, 0x82, 0x10, 0x82, 0x10, 0x82, 0x10, 0x82,
    0x10, 0x82, 0x10, 0x82, 0x10, 0x82, 0x10, 0x82, 0x10, 0x82, 0x10, 0x82, 0x10, 0x82, 0x10, 0x82,
    0x10, 0x82, 0x10, 0x82, 0x10, 0x82, 0x10, 0x82, 0x10, 0x82, 0x10, 0x82, 0x10, 0x82, 0x10, 0x82,
    0x10, 0x82, 0x10, 0x82, 0x10, 0x82, 0x10, 0x82, 0x10, 0x82, 0x10, 0x82, 0x10, 0x82, 0x10, 0x82,
    0x10, 0x82, 0x10, 0x82, 0x10, 0x82, 0x10, 0x82, 0x10, 0x82, 0x10, 0x82, 0x10, 0x82, 0xef, 0x5c,
    0x08, 0x41, 0x08, 0x41, 0x08, 0x41, 0x08, 0x41, 0x08, 0x41, 0x08, 0x41, 0x08, 0x41, 0x08, 0x41,
    0x08, 0x41, 0x08, 0x41, 0x08, 0x41, 0x08, 0x41, 0x08, 0x41, 0x08, 0x41, 0x08, 0x41, 0x08, 0x41,
    0x08, 0x41, 0x08, 0x41, 0x08, 0x41, 0x08, 0x41, 0x08, 0x41, 0x08, 0x41, 0x08, 0x41, 0x08, 0x41,
    0x08, 0x41, 0x08, 0x41, 0x08, 0x41, 0x08, 0x41, 0x08, 0x41, 0x08, 0x41, 0x08, 0x41, 0x08, 0x41,
    0xef, 0x5c, 0x10, 0x82, 0x10, 0x82, 0x10, 0x82, 0x10, 0x82, 0x10, 0x82, 0x10, 0x82, 0x10, 0x82,
    0x10, 0x82, 0x10, 0x82, 0x10, 0x82, 0x10, 0x82, 0x10, 0x82, 0x10, 0x82, 0x10, 0x82, 0x10, 0x82,
    0x10, 0x82, 0x10, 0x82, 0x10, 0x82, 0x10, 0x82, 0x10, 0x82, 0x10, 0x82, 0x10, 0x82, 0x10, 0x82,
    0x10, 0x82, 0x10, 0x82, 0x10, 0x82, 0x10, 0x82, 0x10, 0x82, 0x10, 0x82, 0x10, 0x82, 0x10, 0x82,
    0x10, 0x82, 0x10, 0x82, 0x10, 0x82, 0x10, 0x82, 0x10, 0x82, 0x10, 0x82, 0x10, 0x82, 0x10, 0x82,
    0x10, 0x82, 0x10, 0x82, 0x10, 0x82, 0x10, 0x82, 0x10, 0x82, 0x10, 0x82, 0x10, 0x82, 0x10, 0x82,
    0x10, 0x82, 0x10, 0x82, 0x10, 0x82, 0x10, 0x82, 0x10, 0x82, 0x10, 0x82, 0x10, 0x82, 0x10, 0x82,
    0x10, 0x82, 0x10, 0x82, 0x10, 0x82, 0x10, 0x82, 0x10, 0x82, 0x52, 0xaa, 0xc6, 0x38, 0x21, 0x04,
    0xc6, 0x17, 0xef, 0x5c, 0xd6, 0xba, 0x4a, 0x69, 0x10, 0x82, 0x10, 0x82, 0x63, 0x0b, 0xde, 0xda,
    0xe7, 0x3c, 0xe7, 0x1b, 0x8c, 0x71, 0x10, 0x82, 0x10, 0xa2, 0x63, 0x2c, 0xad, 0x75, 0xde, 0xda,
    0x6b, 0x6d, 0x10, 0x82, 0x10, 0x82, 0x10, 0x82, 0x39, 0xc7, 0xb5, 0x95, 0xad, 0x75, 0x18, 0xe3,
    0x10, 0x82, 0x10, 0x82, 0x10, 0x82, 0x8c, 0x50, 0xb5, 0xb6, 0x10, 0xa2, 0x10, 0x82, 0x10, 0x82,
    0x10, 0x82, 0x10, 0x82, 0x10, 0x82, 0xef, 0x5c, 0x08, 0x41, 0x08, 0x41, 0x08, 0x41, 0x08, 0x41,
    0x08, 0x41, 0x08, 0x41, 0x08, 0x41, 0x08, 0x41, 0xef, 0x5c, 0x10, 0x82, 0x10, 0x82, 0x10, 0x82,
    0x10, 0x82, 0x10, 0x82, 0x10, 0x82, 0x10, 0x82, 0x10, 0x82, 0x10, 0x82, 0x10, 0x82, 0x10, 0x82,
    0x21, 0x04, 0xef, 0x5c, 0x21, 0x04, 0x10, 0x82, 0x10, 0x82, 0x18, 0xe3, 0xef, 0x5c, 0x18, 0xe3,
    0x31, 0xa6, 0xde, 0xda, 0x10, 0x82, 0x10, 0x82, 0x10, 0x82, 0x21, 0x24, 0xef, 0x5c, 0x18, 0xc3,
    0x10, 0x82, 0x29, 0x65, 0xe7, 0x3c, 0x42, 0x08, 0x10, 0x82, 0x10, 0x82, 0xde, 0xda, 0x29, 0x65,
    0x10, 0x82, 0x10, 0x82, 0x10, 0x82, 0x10, 0x82, 0x10, 0x82, 0x73, 0xae, 0x94, 0xb2, 0x10, 0x82,
    0x10, 0x82, 0x10, 0x82, 0x10, 0x82, 0x10, 0x82, 0x10, 0x82, 0x10, 0x82, 0x10, 0x82, 0x10, 0x82,
    0x10, 0x82, 0x10, 0x82, 0x10, 0x82, 0x10, 0x82, 0x10, 0x82, 0x10, 0x82, 0x10, 0x82, 0x10, 0x82,
    0x10, 0x82, 0x10, 0x82, 0x10, 0x82, 0x10, 0x82, 0x10, 0x82, 0x10, 0x82, 0x10, 0x82, 0x10, 0x82,
    0x10, 0x82, 0x10, 0x82, 0x10, 0x82, 0x10, 0x82, 0x10, 0x82, 0x10, 0x82, 0x10, 0x82, 0x10, 0x82,
    0x10, 0x82, 0x10, 0x82, 0x10, 0x82, 0x10, 0x82, 0x10, 0x82, 0x10, 0x82, 0x10, 0x82, 0x10, 0x82,
    0x10, 0x82, 0x10, 0x82, 0x10, 0x82, 0x10, 0x82, 0x10, 0x82, 0x10, 0x82, 0x10, 0x82, 0x10, 0x82,
    0x10, 0x82, 0x10, 0x82, 0x10, 0x82, 0x10, 0x82, 0x10, 0x82, 0x10, 0x82, 0x10, 0x82, 0xef, 0x5c,
    0x08, 0x41, 0x08, 0x41, 0x08, 0x41, 0x08, 0x41, 0x08, 0x41, 0x08, 0x41, 0x08, 0x41, 0x08, 0x41,
    0x08, 0x41, 0x08, 0x41, 0x08, 0x41, 0x08, 0x41, 0x08, 0x41, 0x08, 0x41, 0x08, 0x41, 0x08, 0x41,
    0x08, 0x41, 0x08, 0x41, 0x08, 0x41, 0x08, 0x41, 0x08, 0x41, 0x08, 0x41, 0x08, 0x41, 0x08, 0x41,
    0x08, 0x41, 0x08, 0x41, 0x08, 0x41, 0x08, 0x41, 0x08, 0x41, 0x08, 0x41, 0x08, 0x41, 0x08, 0x41,
    0xef, 0x5c, 0x10, 0x82, 0x10, 0x82, 0x10, 0x82, 0x10, 0x82, 0x10, 0x82, 0x10, 0x82, 0x10, 0x82,
    0x10, 0x82, 0x10, 0x82, 0x10, 0x82, 0x10, 0x82, 0x10, 0x82, 0x10, 0x82, 0x10, 0x82, 0x10, 0x82,
    0x10, 0x82, 0x10, 0x82, 0x10, 0x82, 0x10, 0x82, 0x10, 0x82, 0x10, 0x82, 0x10, 0x82, 0x10, 0x82,
    0x10, 0x82, 0x10, 0x82, 0x10, 0x82, 0x10, 0x82, 0x10, 0x82, 0x10, 0x82, 0x10, 0x82, 0x10, 0x82,
    0x10, 0x82, 0x10, 0x82, 0x10, 0x82, 0x10, 0x82, 0x10, 0x82, 0x10, 0x82, 0x10, 0x82, 0x10, 0x82,
    0x10, 0x82, 0x10, 0x82, 0x10, 0x82, 0x10, 0x82, 0x10, 0x82, 0x10, 0x82, 0x10, 0x82, 0x10, 0x82,
    0x10, 0x82, 0x10, 0x82, 0x10, 0x82, 0x10, 0x82, 0x10, 0x82, 0x10, 0x82, 0x10, 0x82, 0x10, 0x82,
    0x10, 0x82, 0x10, 0x82, 0x10, 0x82, 0x10, 0x82, 0x10, 0x82, 0x5a, 0xeb, 0xd6, 0x99, 0x10, 0x82,
    0x73, 0xae, 0x94, 0xb2, 0x21, 0x04, 0x10, 0x82, 0x10, 0x82, 0x10, 0x82, 0x10, 0x82, 0x10, 0x82,
    0x10, 0x82, 0x10, 0x82, 0x10, 0x82, 0x10, 0x82, 0x10, 0x82, 0x7b, 0xcf, 0x6b, 0x6d, 0x18, 0xe3,
    0x10, 0x82, 0x10, 0x82, 0x10, 0x82, 0x10, 0x82, 0x8c, 0x71, 0x7b, 0xcf, 0x10, 0xa2, 0x10, 0x82,
    0x10, 0x82, 0x10, 0x82, 0x10, 0x82, 0x10, 0x82, 0x5a, 0xca, 0x10, 0x82, 0x10, 0x82, 0x10, 0x82,
    0x10, 0x82, 0x10, 0x82, 0x10, 0x82, 0xef, 0x5c, 0x08, 0x41, 0x08, 0x41, 0x08, 0x41, 0x08, 0x41,
    0x08, 0x41, 0x08, 0x41, 0x08, 0x41, 0x08, 0x41, 0xef, 0x5c, 0x10, 0x82, 0x10, 0x82, 0x10, 0x82,
    0x10, 0x82, 0x10, 0x82, 0x10, 0x82, 0x10, 0x82, 0x10, 0x82, 0x10, 0x82, 0x10, 0x82, 0x10, 0x82,
    0x10, 0x82, 0x10, 0x82, 0x10, 0x82, 0x10, 0x82, 0x10, 0x82, 0x10, 0xa2, 0x5a, 0xeb, 0x18, 0xc3,
    0x10, 0x82, 0x10, 0x82, 0x10, 0x82, 0x10, 0x82, 0x10, 0x82, 0x10, 0xa2, 0x39, 0xc7, 0x10, 0xa2,
    0x10, 0x82, 0x18, 0xe3, 0x63, 0x2c, 0x10, 0x82, 0x10, 0x82, 0x10, 0x82, 0x5a, 0xeb, 0x18, 0xe3,
    0x10, 0x82, 0x10, 0x82, 0x10, 0x82, 0x10, 0x82, 0x10, 0x82, 0x84, 0x0f, 0xa5, 0x34, 0x10, 0x82,
    0x10, 0x82, 0x10, 0x82, 0x10, 0x82, 0x10, 0x82, 0x10, 0x82, 0x10, 0x82, 0x10, 0x82, 0x10, 0x82,
    0x10, 0x82, 0x10, 0x82, 0x10, 0x82, 0x10, 0x82, 0x10, 0x82, 0x10, 0x82, 0x10, 0x82, 0x10, 0x82,
    0x10, 0x82, 0x10, 0x82, 0x10, 0x82, 0x10, 0x82, 0x10, 0x82, 0x10, 0x82, 0x10, 0x82, 0x10, 0x82,
    0x10, 0x82, 0x10, 0x82, 0x10, 0x82, 0x10, 0x82, 0x10, 0x82, 0x10, 0x82, 0x10, 0x82, 0x10, 0x82,
    0x10, 0x82, 0x10, 0x82, 0x10, 0x82, 0x10, 0x82, 0x10, 0x82, 0x10, 0x82, 0x10, 0x82, 0x10, 0x82,
    0x10, 0x82, 0x10, 0x82, 0x10, 0x82, 0x10, 0x82, 0x10, 0x82, 0x10, 0x82, 0x10, 0x82, 0x10, 0x82,
    0x10, 0x82, 0x10, 0x82, 0x10, 0x82, 0x10, 0x82, 0x10, 0x82, 0x10, 0x82, 0x10, 0x82, 0xef, 0x5c,
    0x08, 0x41, 0x08, 0x41, 0x08, 0x41, 0x08, 0x41, 0x08, 0x41, 0x08, 0x41, 0x08, 0x41, 0x08, 0x41,
    0x08, 0x41, 0x08, 0x41, 0x08, 0x41, 0x08, 0x41, 0x08, 0x41, 0x08, 0x41, 0x08, 0x41, 0x08, 0x41,
    0x08, 0x41, 0x08, 0x41, 0x08, 0x41, 0x08, 0x41, 0x08, 0x41, 0x08, 0x41, 0x08, 0x41, 0x08, 0x41,
    0x08, 0x41, 0x08, 0x41, 0x08, 0x41, 0x08, 0x41, 0x08, 0x41, 0x08, 0x41, 0x08, 0x41, 0x08, 0x41,
    0xef, 0x5c, 0x10, 0x82, 0x10, 0x82, 0x10, 0x82, 0x10, 0x82, 0x10, 0x82, 0x10, 0x82, 0x10, 0x82,
    0x10, 0x82, 0x10, 0x82, 0x10, 0x82, 0x10, 0x82, 0x10, 0x82, 0x10, 0x82, 0x10, 0x82, 0x10, 0x82,
    0x10, 0x82, 0x10, 0x82, 0x10, 0x82, 0x10, 0x82, 0x10, 0x82, 0x10, 0x82, 0x10, 0x82, 0x10, 0x82,
    0x10, 0x82, 0x10, 0x82, 0x10, 0x82, 0x10, 0x82, 0x10, 0x82, 0x10, 0x82, 0x10, 0x82, 0x10, 0x82,
    0x10, 0x82, 0x10, 0x82, 0x10, 0x82, 0x10, 0x82, 0x10, 0x82, 0x10, 0x82, 0x10, 0x82, 0x10, 0x82,
    0x10, 0x82, 0x10, 0x82, 0x10, 0x82, 0x10, 0x82, 0x10, 0x82, 0x10, 0x82, 0x10, 0x82, 0x10, 0x82,
    0x10, 0x82, 0x10, 0x82, 0x10, 0x82, 0x10, 0x82, 0x10, 0x82, 0x10, 0x82, 0x10, 0x82, 0x10, 0x82,
    0x10, 0x82, 0x10, 0x82, 0x10, 0x82, 0x10, 0x82, 0x10, 0x82, 0x10, 0x82, 0x10, 0x82, 0x10, 0x82,
    0x10, 0x82, 0x10, 0x82, 0x10, 0x82, 0x10, 0x82, 0x10, 0x82, 0x10, 0x82, 0x10, 0x82, 0x10, 0x82,
    0x10, 0x82, 0x10, 0x82, 0x10, 0x82, 0x10, 0x82, 0x10, 0x82, 0x10, 0x82, 0x10, 0x82, 0x10, 0x82,
    0x10, 0x82, 0x10, 0x82, 0x10, 0x82, 0x10, 0x82, 0x10, 0x82, 0x10, 0x82, 0x10, 0x82, 0x10, 0x82,
    0x10, 0x82, 0x10, 0x82, 0x10, 0x82, 0x10, 0x82, 0x10, 0x82, 0x10, 0x82, 0x10, 0x82, 0x10, 0x82,
    0x10, 0x82, 0x10, 0x82, 0x10, 0x82, 0xef, 0x5c, 0x08, 0x41, 0x08, 0x41, 0x08, 0x41, 0x08, 0x41,
    0x08, 0x41, 0x08, 0x41, 0x08, 0x41, 0x08, 0x41, 0xef, 0x5c, 0x10, 0x82, 0x10, 0x82, 0x10, 0x82,
    0x10, 0x82, 0x10, 0x82, 0x10, 0x82, 0x10, 0x82, 0x10, 0x82, 0x10, 0x82, 0x10, 0x82, 0x10, 0x82,
    0x10, 0x82, 0x10, 0x82, 0x10, 0x82, 0x10, 0x82, 0x10, 0x82, 0x10, 0x82, 0x10, 0x82, 0x10, 0x82,
    0x10, 0x82, 0x10, 0x82, 0x10, 0x82, 0x10, 0x82, 0x10, 0x82, 0x10, 0x82, 0x10, 0x82, 0x10, 0x82,
    0x10, 0x82, 0x10, 0x82, 0x10, 0x82, 0x10, 0x82, 0x10, 0x82, 0x10, 0x82, 0x10, 0x82, 0x10, 0x82,
    0x10, 0x82, 0x10, 0x82, 0x10, 0x82, 0x10, 0x82, 0x10, 0x82, 0x10, 0x82, 0x10, 0x82, 0x10, 0x82,
    0x10, 0x82, 0x10, 0x82, 0x10, 0x82, 0x10, 0x82, 0x10, 0x82, 0x10, 0x82, 0x10, 0x82, 0x10, 0x82,
    0x10, 0x82, 0x10, 0x82, 0x10, 0x82, 0x10, 0x82, 0x10, 0x82, 0x10, 0x82, 0x10, 0x82, 0x10, 0x82,
    0x10, 0x82, 0x10, 0x82, 0x10, 0x82, 0x10, 0x82, 0x10, 0x82, 0x10, 0x82, 0x10, 0x82, 0x10, 0x82,
    0x10, 0x82, 0x10, 0x82, 0x10, 0x82, 0x10, 0x82, 0x10, 0x82, 0x10, 0x82, 0x10, 0x82, 0x10, 0x82,
    0x10, 0x82, 0x10, 0x82, 0x10, 0x82, 0x10, 0x82, 0x10, 0x82, 0x10, 0x82, 0x10, 0x82, 0x10, 0x82,
    0x10, 0x82, 0x10, 0x82, 0x10, 0x82, 0x10, 0x82, 0x10, 0x82, 0x10, 0x82, 0x10, 0x82, 0x10, 0x82,
    0x10, 0x82, 0x10, 0x82, 0x10, 0x82, 0x10, 0x82, 0x10, 0x82, 0x10, 0x82, 0x10, 0x82, 0xef, 0x5c,
    0x08, 0x41, 0x08, 0x41, 0x08, 0x41, 0x08, 0x41, 0x08, 0x41, 0x08, 0x41, 0x08, 0x41, 0x08, 0x41,
    0x08, 0x41, 0x08, 0x41, 0x08, 0x41, 0x08, 0x41, 0x08, 0x41, 0x08, 0x41, 0x08, 0x41, 0x08, 0x41,
    0x08, 0x41, 0x08, 0x41, 0x08, 0x41, 0x08, 0x41, 0x08, 0x41, 0x08, 0x41, 0x08, 0x41, 0x08, 0x41,
    0x08, 0x41, 0x08, 0x41, 0x08, 0x41, 0x08, 0x41, 0x08, 0x41, 0x08, 0x41, 0x08, 0x41, 0x08, 0x41,
    0xef, 0x5c, 0x10, 0x82, 0x10, 0x82, 0x10, 0x82, 0x10, 0x82, 0x10, 0x82, 0x10, 0x82, 0x10, 0x82,
    0x10, 0x82, 0x10, 0x82, 0x10, 0x82, 0x10, 0x82, 0x10, 0x82, 0x10, 0x82, 0x10, 0x82, 0x10, 0x82,
    0x10, 0x82, 0x10, 0x82, 0x10, 0x82, 0x10, 0x82, 0x10, 0x82, 0x10, 0x82, 0x10, 0x82, 0x10, 0x82,
    0x10, 0x82, 0x10, 0x82, 0x10, 0x82, 0x10, 0x82, 0x10, 0x82, 0x10, 0x82, 0x10, 0x82, 0x10, 0x82,
    0x10, 0x82, 0x10, 0x82, 0x10, 0x82, 0x10, 0x82, 0x10, 0x82, 0x10, 0x82, 0x10, 0x82, 0x10, 0x82,
    0x10, 0x82, 0x10, 0x82, 0x10, 0x82, 0x10, 0x82, 0x10, 0x82, 0x10, 0x82, 0x10, 0x82, 0x10, 0x82,
    0x10, 0x82, 0x10, 0x82, 0x10, 0x82, 0x10, 0x82, 0x10, 0x82, 0x10, 0x82, 0x10, 0x82, 0x10, 0x82,
    0x10, 0x82, 0x10, 0x82, 0x10, 0x82, 0x10, 0x82, 0x10, 0x82, 0x10, 0x82, 0x10, 0x82, 0x10, 0x82,
    0x10, 0x82, 0x10, 0x82, 0x10, 0x82, 0x10, 0x82, 0x10, 0x82, 0x10, 0x82, 0x10, 0x82, 0x10, 0x82,
    0x10, 0x82, 0x10, 0x82, 0x10, 0x82, 0x10, 0x82, 0x10, 0x82, 0x10, 0x82, 0x10, 0x82, 0x10, 0x82,
    0x10, 0x82, 0x10, 0x82, 0x10, 0x82, 0x10, 0x82, 0x10, 0x82, 0x10, 0x82, 0x10, 0x82, 0x10, 0x82,
    0x10, 0x82, 0x10, 0x82, 0x10, 0x82, 0x10, 0x82, 0x10, 0x82, 0x10, 0x82, 0x10, 0x82, 0x10, 0x82,
    0x10, 0x82, 0x10, 0x82, 0x10, 0x82, 0xef, 0x5c, 0x08, 0x41, 0x08, 0x41, 0x08, 0x41, 0x08, 0x41,
    0x08, 0x41, 0x08, 0x41, 0x08, 0x41, 0x08, 0x41, 0xef, 0x5c, 0x10, 0x82, 0x10, 0x82, 0x10, 0x82,
    0x10, 0x82, 0x10, 0x82, 0x10, 0x82, 0x10, 0x82, 0x10, 0x82, 0x10, 0x82, 0x10, 0x82, 0x10, 0x82,
    0x10, 0x82, 0x10, 0x82, 0x10, 0x82, 0x10, 0x82, 0x10, 0x82, 0x10, 0x82, 0x10, 0x82, 0x10, 0x82,
    0x10, 0x82, 0x10, 0x82, 0x10, 0x82, 0x10, 0x82, 0x10, 0x82, 0x10, 0x82, 0x10, 0x82, 0x10, 0x82,
    0x10, 0x82, 0x10, 0x82, 0x10, 0x82, 0x10, 0x82, 0x10, 0x82, 0x10, 0x82, 0x10, 0x82, 0x10, 0x82,
    0x10, 0x82, 0x10, 0x82, 0x10, 0x82, 0x10, 0x82, 0x10, 0x82, 0x10, 0x82, 0x10, 0x82, 0x10, 0x82,
    0x10, 0x82, 0x10, 0x82, 0x10, 0x82, 0x10, 0x82, 0x10, 0x82, 0x10, 0x82, 0x10, 0x82, 0x10, 0x82,
    0x10, 0x82, 0x10, 0x82, 0x10, 0x82, 0x10, 0x82, 0x10, 0x82, 0x10, 0x82, 0x10, 0x82, 0x10, 0x82,
    0x10, 0x82, 0x10, 0x82, 0x10, 0x82, 0x10, 0x82, 0x10, 0x82, 0x10, 0x82, 0x10, 0x82, 0x10, 0x82,
    0x10, 0x82, 0x10, 0x82, 0x10, 0x82, 0x10, 0x82, 0x10, 0x82, 0x10, 0x82, 0x10, 0x82, 0x10, 0x82,
    0x10, 0x82, 0x10, 0x82, 0x10, 0x82, 0x10, 0x82, 0x10, 0x82, 0x10, 0x82, 0x10, 0x82, 0x10, 0x82,
    0x10, 0x82, 0x10, 0x82, 0x10, 0x82, 0x10, 0x82, 0x10, 0x82, 0x10, 0x82, 0x10, 0x82, 0x10, 0x82,
    0x10, 0x82, 0x10, 0x82, 0x10, 0x82, 0x10, 0x82, 0x10, 0x82, 0x10, 0x82, 0x10, 0x82, 0xef, 0x5c,
    0x08, 0x41, 0x08, 0x41, 0x08, 0x41, 0x08, 0x41, 0x08, 0x41, 0x08, 0x41, 0x08, 0x41, 0x08, 0x41,
    0x08, 0x41, 0x08, 0x41, 0x08, 0x41, 0x08, 0x41, 0x08, 0x41, 0x08, 0x41, 0x08, 0x41, 0x08, 0x41,
    0x08, 0x41, 0x08, 0x41, 0x08, 0x41, 0x08, 0x41, 0x08, 0x41, 0x08, 0x41, 0x08, 0x41, 0x08, 0x41,
    0x08, 0x41, 0x08, 0x41, 0x08, 0x41, 0x08, 0x41, 0x08, 0x41, 0x08, 0x41, 0x08, 0x41, 0x08, 0x41,
    0xef, 0x5c, 0x10, 0x82, 0x10, 0x82, 0x10, 0x82, 0x10, 0x82, 0x10, 0x82, 0x10, 0x82, 0x10, 0x82,
    0x10, 0x82, 0x10, 0x82, 0x10, 0x82, 0x10, 0x82, 0x10, 0x82, 0x10, 0x82, 0x10, 0x82, 0x10, 0x82,
    0x10, 0x82, 0x10, 0x82, 0x10, 0x82, 0x10, 0x82, 0x10, 0x82, 0x10, 0x82, 0x10, 0x82, 0x10, 0x82,
    0x10, 0x82, 0x10, 0x82, 0x10, 0x82, 0x10, 0x82, 0x10, 0x82, 0x10, 0x82, 0x10, 0x82, 0x10, 0x82,
    0x10, 0x82, 0x10, 0x82, 0x10, 0x82, 0x10, 0x82, 0x10, 0x82, 0x10, 0x82, 0x10, 0x82, 0x10, 0x82,
    0x10, 0x82, 0x10, 0x82, 0x10, 0x82, 0x10, 0x82, 0x10, 0x82, 0x10, 0x82, 0x10, 0x82, 0x10, 0x82,
    0x10, 0x82, 0x10, 0x82, 0x10, 0x82, 0x10, 0x82, 0x10, 0x82, 0x10, 0x82, 0x10, 0x82, 0x10, 0x82,
    0x10, 0x82, 0x10, 0x82, 0x10, 0x82, 0x10, 0x82, 0x10, 0x82, 0x10, 0x82, 0x10, 0x82, 0x10, 0x82,
    0x10, 0x82, 0x10, 0x82, 0x10, 0x82, 0x10, 0x82, 0x10, 0x82, 0x10, 0x82, 0x10, 0x82, 0x10, 0x82,
    0x10, 0x82, 0x10, 0x82, 0x10, 0x82, 0x10, 0x82, 0x10, 0x82, 0x10, 0x82, 0x10, 0x82, 0x10, 0x82,
    0x10, 0x82, 0x10, 0x82, 0x10, 0x82, 0x10, 0x82, 0x10, 0x82, 0x10, 0x82, 0x10, 0x82, 0x10, 0x82,
    0x10, 0x82, 0x10, 0x82, 0x10, 0x82, 0x10, 0x82, 0x10, 0x82, 0x10, 0x82, 0x10, 0x82, 0x10, 0x82,
    0x10, 0x82, 0x10, 0x82, 0x10, 0x82, 0xef, 0x5c, 0x08, 0x41, 0x08, 0x41, 0x08, 0x41, 0x08, 0x41,
    0x08, 0x41, 0x08, 0x41, 0x08, 0x41, 0x08, 0x41, 0xef, 0x5c, 0x10, 0x82, 0x10, 0x82, 0x10, 0x82,
    0x10, 0x82, 0x10, 0x82, 0x10, 0x82, 0x10, 0x82, 0x10, 0x82, 0x10, 0x82, 0x10, 0x82, 0x10, 0x82,
    0x10, 0x82, 0x10, 0x82, 0x10, 0x82, 0x10, 0x82, 0x10, 0x82, 0x10, 0x82, 0x10, 0x82, 0x10, 0x82,
    0x10, 0x82, 0x10, 0x82, 0x10, 0x82, 0x10, 0x82, 0x10, 0x82, 0x10, 0x82, 0x10, 0x82, 0x10, 0x82,
    0x10, 0x82, 0x10, 0x82, 0x10, 0x82, 0x10, 0x82, 0x10, 0x82, 0x10, 0x82, 0x10, 0x82, 0x10, 0x82,
    0x10, 0x82, 0x10, 0x82, 0x10, 0x82, 0x10, 0x82, 0x10, 0x82, 0x10, 0x82, 0x10, 0x82, 0x10, 0x82,
    0x10, 0x82, 0x10, 0x82, 0x10, 0x82, 0x10, 0x82, 0x10, 0x82, 0x10, 0x82, 0x10, 0x82, 0x10, 0x82,
    0x10, 0x82, 0x10, 0x82, 0x10, 0x82, 0x10, 0x82, 0x10, 0x82, 0x10, 0x82, 0x10, 0x82, 0x10, 0x82,
    0x10, 0x82, 0x10, 0x82, 0x10, 0x82, 0x10, 0x82, 0x10, 0x82, 0x10, 0x82, 0x10, 0x82, 0x10, 0x82,
    0x10, 0x82, 0x10, 0x82, 0x10, 0x82, 0x10, 0x82, 0x10, 0x82, 0x10, 0x82, 0x10, 0x82, 0x10, 0x82,
    0x10, 0x82, 0x10, 0x82, 0x10, 0x82, 0x10, 0x82, 0x10, 0x82, 0x10, 0x82, 0x10, 0x82, 0x10, 0x82,
    0x10, 0x82, 0x10, 0x82, 0x10, 0x82, 0x10, 0x82, 0x10, 0x82, 0x10, 0x82, 0x10, 0x82, 0x10, 0x82,
    0x10, 0x82, 0x10, 0x82, 0x10, 0x82, 0x10, 0x82, 0x10, 0x82, 0x10, 0x82, 0x10, 0x82, 0xef, 0x5c,
    0x08, 0x41, 0x08, 0x41, 0x08, 0x41, 0x08, 0x41, 0x08, 0x41, 0x08, 0x41, 0x08, 0x41, 0x08, 0x41,
    0x08, 0x41, 0x08, 0x41, 0x08, 0x41, 0x08, 0x41, 0x08, 0x41, 0x08, 0x41, 0x08, 0x41, 0x08, 0x41,
    0x08, 0x41, 0x08, 0x41, 0x08, 0x41, 0x08, 0x41, 0x08, 0x41, 0x08, 0x41, 0x08, 0x41, 0x08, 0x41,
    0x08, 0x41, 0x08, 0x41, 0x08, 0x41, 0x08, 0x41, 0x08, 0x41, 0x08, 0x41, 0x08, 0x41, 0x08, 0x41,
    0xef, 0x5c, 0x10, 0x82, 0x10, 0x82, 0x10, 0x82, 0x10, 0x82, 0x10, 0x82, 0x10, 0x82, 0x10, 0x82,
    0x10, 0x82, 0x10, 0x82, 0x10, 0x82, 0x10, 0x82, 0x10, 0x82, 0x10, 0x82, 0x10, 0x82, 0x10, 0x82,
    0x10, 0x82, 0x10, 0x82, 0x10, 0x82, 0x10, 0x82, 0x10, 0x82, 0x10, 0x82, 0x10, 0x82, 0x10, 0x82,
    0x10, 0x82, 0x10, 0x82, 0x10, 0x82, 0x10, 0x82, 0x10, 0x82, 0x10, 0x82, 0x10, 0x82, 0x10, 0x82,
    0x10, 0x82, 0x10, 0x82, 0x10, 0x82, 0x10, 0x82, 0x10, 0x82, 0x10, 0x82, 0x10, 0x82, 0x10, 0x82,
    0x10, 0x82, 0x10, 0x82, 0x10, 0x82, 0x10, 0x82, 0x10, 0x82, 0x10, 0x82, 0x10, 0x82, 0x10, 0x82,
    0x10, 0x82, 0x10, 0x82, 0x10, 0x82, 0x10, 0x82, 0x10, 0x82, 0x10, 0x82, 0x10, 0x82, 0x10, 0x82,
    0x10, 0x82, 0x10, 0x82, 0x10, 0x82, 0x10, 0x82, 0x10, 0x82, 0x10, 0x82, 0x10, 0x82, 0x10, 0x82,
    0x10, 0x82, 0x10, 0x82, 0x10, 0x82, 0x10, 0x82, 0x10, 0x82, 0x10, 0x82, 0x10, 0x82, 0x10, 0x82,
    0x10, 0x82, 0x10, 0x82, 0x10, 0x82, 0x10, 0x82, 0x10, 0x82, 0x10, 0x82, 0x10, 0x82, 0x10, 0x82,
    0x10, 0x82, 0x10, 0x82, 0x10, 0x82, 0x10, 0x82, 0x10, 0x82, 0x10, 0x82, 0x10, 0x82, 0x10, 0x82,
    0x10, 0x82, 0x10, 0x82, 0x10, 0x82, 0x10, 0x82, 0x10, 0x82, 0x10, 0x82, 0x10, 0x82, 0x10, 0x82,
    0x10, 0x82, 0x10, 0x82, 0x10, 0x82, 0xef, 0x5c, 0x08, 0x41, 0x08, 0x41, 0x08, 0x41, 0x08, 0x41,
    0x08, 0x41, 0x08, 0x41, 0x08, 0x41, 0x08, 0x41, 0xef, 0x5c, 0x10, 0x82, 0x10, 0x82, 0x10, 0x82,
    0x10, 0x82, 0x10, 0x82, 0x10, 0x82, 0x10, 0x82, 0x10, 0x82, 0x10, 0x82, 0x10, 0x82, 0x10, 0x82,
    0x10, 0x82, 0x10, 0x82, 0x10, 0x82, 0x10, 0x82, 0x10, 0x82, 0x10, 0x82, 0x10, 0x82, 0x10, 0x82,
    0x10, 0x82, 0x10, 0x82, 0x10, 0x82, 0x10, 0x82, 0x10, 0x82, 0x10, 0x82, 0x10, 0x82, 0x10, 0x82,
    0x10, 0x82, 0x10, 0x82, 0x10, 0x82, 0x10, 0x82, 0x10, 0x82, 0x10, 0x82, 0x10, 0x82, 0x10, 0x82,
    0x10, 0x82, 0x10, 0x82, 0x10, 0x82, 0x10, 0x82, 0x10, 0x82, 0x10, 0x82, 0x10, 0x82, 0x10, 0x82,
    0x10, 0x82, 0x10, 0x82, 0x10, 0x82, 0x10, 0x82, 0x10, 0x82, 0x10, 0x82, 0x10, 0x82, 0x10, 0x82,
    0x10, 0x82, 0x10, 0x82, 0x10, 0x82, 0x10, 0x82, 0x10, 0x82, 0x10, 0x82, 0x10, 0x82, 0x10, 0x82,
    0x10, 0x82, 0x10, 0x82, 0x10, 0x82, 0x10, 0x82, 0x10, 0x82, 0x10, 0x82, 0x10, 0x82, 0x10, 0x82,
    0x10, 0x82, 0x10, 0x82, 0x10, 0x82, 0x10, 0x82, 0x10, 0x82, 0x10, 0x82, 0x10, 0x82, 0x10, 0x82,
    0x10, 0x82, 0x10, 0x82, 0x10, 0x82, 0x10, 0x82, 0x10, 0x82, 0x10, 0x82, 0x10, 0x82, 0x10, 0x82,
    0x10, 0x82, 0x10, 0x82, 0x10, 0x82, 0x10, 0x82, 0x10, 0x82, 0x10, 0x82, 0x10, 0x82, 0x10, 0x82,
    0x10, 0x82, 0x10, 0x82, 0x10, 0x82, 0x10, 0x82, 0x10, 0x82, 0x10, 0x82, 0x10, 0x82, 0xef, 0x5c,
    0x08, 0x41, 0x08, 0x41, 0x08, 0x41, 0x08, 0x41, 0x08, 0x41, 0x08, 0x41, 0x08, 0x41, 0x08, 0x41,
    0x08, 0x41, 0x08, 0x41, 0x08, 0x41, 0x08, 0x41, 0x08, 0x41, 0x08, 0x41, 0x08, 0x41, 0x08, 0x41,
    0x08, 0x41, 0x08, 0x41, 0x08, 0x41, 0x08, 0x41, 0x08, 0x41, 0x08, 0x41, 0x08, 0x41, 0x08, 0x41,
    0x08, 0x41, 0x08, 0x41, 0x08, 0x41, 0x08, 0x41, 0x08, 0x41, 0x08, 0x41, 0x08, 0x41, 0x08, 0x41,
    0xef, 0x5c, 0x10, 0x82, 0x10, 0x82, 0x10, 0x82, 0x10, 0x82, 0x10, 0x82, 0x10, 0x82, 0x10, 0x82,
    0x10, 0x82, 0x10, 0x82, 0x10, 0x82, 0x10, 0x82, 0x10, 0x82, 0x10, 0x82, 0x10, 0x82, 0x10, 0x82,
    0x10, 0x82, 0x10, 0x82, 0x10, 0x82, 0x10, 0x82, 0x10, 0x82, 0x10, 0x82, 0x10, 0x82, 0x10, 0x82,
    0x10, 0x82, 0x10, 0x82, 0x10, 0x82, 0x10, 0x82, 0x10, 0x82, 0x10, 0x82, 0x10, 0x82, 0x10, 0x82,
    0x10, 0x82, 0x10, 0x82, 0x10, 0x82, 0x10, 0x82, 0x10, 0x82, 0x10, 0x82, 0x10, 0x82, 0x10, 0x82,
    0x10, 0x82, 0x10, 0x82, 0x10, 0x82, 0x10, 0x82, 0x10, 0x82, 0x10, 0x82, 0x10, 0x82, 0x10, 0x82,
    0x10, 0x82, 0x10, 0x82, 0x10, 0x82, 0x10, 0x82, 0x10, 0x82, 0x10, 0x82, 0x10, 0x82, 0x10, 0x82,
    0x10, 0x82, 0x10, 0x82, 0x10, 0x82, 0x10, 0x82, 0x10, 0x82, 0x10, 0x82, 0x10, 0x82, 0x10, 0x82,
    0x10, 0x82, 0x10, 0x82, 0x10, 0x82, 0x10, 0x82, 0x10, 0x82, 0x10, 0x82, 0x10, 0x82, 0x10, 0x82,
    0x10, 0x82, 0x10, 0x82, 0x10, 0x82, 0x10, 0x82, 0x10, 0x82, 0x10, 0x82, 0x10, 0x82, 0x10, 0x82,
    0x10, 0x82, 0x10, 0x82, 0x10, 0x82, 0x10, 0x82, 0x10, 0x82, 0x10, 0x82, 0x10, 0x82, 0x10, 0x82,
    0x10, 0x82, 0x10, 0x82, 0x10, 0x82, 0x10, 0x82, 0x10, 0x82, 0x10, 0x82, 0x10, 0x82, 0x10, 0x82,
    0x10, 0x82, 0x10, 0x82, 0x10, 0x82, 0xef, 0x5c, 0x08, 0x41, 0x08, 0x41, 0x08, 0x41, 0x08, 0x41,
    0x08, 0x41, 0x08, 0x41, 0x08, 0x41, 0x08, 0x41, 0xef, 0x5c, 0x10, 0x82, 0x10, 0x82, 0x10, 0x82,
    0x10, 0x82, 0x10, 0x82, 0x10, 0x82, 0x10, 0x82, 0x10, 0x82, 0x10, 0x82, 0x10, 0x82, 0x10, 0x82,
    0x10, 0x82, 0x10, 0x82, 0x10, 0x82, 0x10, 0x82, 0x10, 0x82, 0x10, 0x82, 0x10, 0x82, 0x10, 0x82,
    0x10, 0x82, 0x10, 0x82, 0x10, 0x82, 0x10, 0x82, 0x10, 0x82, 0x10, 0x82, 0x10, 0x82, 0x10, 0x82,
    0x10, 0x82, 0x10, 0x82, 0x10, 0x82, 0x10, 0x82, 0x10, 0x82, 0x10, 0x82, 0x10, 0x82, 0x10, 0x82,
    0x10, 0x82, 0x10, 0x82, 0x10, 0x82, 0x10, 0x82, 0x10, 0x82, 0x10, 0x82, 0x10, 0x82, 0x10, 0x82,
    0x10, 0x82, 0x10, 0x82, 0x10, 0x82, 0x10, 0x82, 0x10, 0x82, 0x10, 0x82, 0x10, 0x82, 0x10, 0x82,
    0x10, 0x82, 0x10, 0x82, 0x10, 0x82, 0x10, 0x82, 0x10, 0x82, 0x10, 0x82, 0x10, 0x82, 0x10, 0x82,
    0x10, 0x82, 0x10, 0x82, 0x10, 0x82, 0x10, 0x82, 0x10, 0x82, 0x10, 0x82, 0x10, 0x82, 0x10, 0x82,
    0x10, 0x82, 0x10, 0x82, 0x10, 0x82, 0x10, 0x82, 0x10, 0x82, 0x10, 0x82, 0x10, 0x82, 0x10, 0x82,
    0x10, 0x82, 0x10, 0x82, 0x10, 0x82, 0x10, 0x82, 0x10, 0x82, 0x10, 0x82, 0x10, 0x82, 0x10, 0x82,
    0x10, 0x82, 0x10, 0x82, 0x10, 0x82, 0x10, 0x82, 0x10, 0x82, 0x10, 0x82, 0x10, 0x82, 0x10, 0x82,
    0x10, 0x82, 0x10, 0x82, 0x10, 0x82, 0x10, 0x82, 0x10, 0x82, 0x10, 0x82, 0x10, 0x82, 0xef, 0x5c,
    0x08, 0x41, 0x08, 0x41, 0x08, 0x41, 0x08, 0x41, 0x08, 0x41, 0x08, 0x41, 0x08, 0x41, 0x08, 0x41,
    0x08, 0x41, 0x08, 0x41, 0x08, 0x41, 0x08, 0x41, 0x08, 0x41, 0x08, 0x41, 0x08, 0x41, 0x08, 0x41,
    0x08, 0x41, 0x08, 0x41, 0x08, 0x41, 0x08, 0x41, 0x08, 0x41, 0x08, 0x41, 0x08, 0x41, 0x08, 0x41,
    0x08, 0x41, 0x08, 0x41, 0x08, 0x41, 0x08, 0x41, 0x08, 0x41, 0x08, 0x41, 0x08, 0x41, 0x08, 0x41,
    0xef, 0x5c, 0x10, 0x82, 0x10, 0x82, 0x10, 0x82, 0x10, 0x82, 0x10, 0x82, 0x10, 0x82, 0x10, 0x82,
    0x10, 0x82, 0x10, 0x82, 0x10, 0x82, 0x10, 0x82, 0x10, 0x82, 0x10, 0x82, 0x10, 0x82, 0x10, 0x82,
    0x10, 0x82, 0x10, 0x82, 0x10, 0x82, 0x10, 0x82, 0x10, 0x82, 0x10, 0x82, 0x10, 0x82, 0x10, 0x82,
    0x10, 0x82, 0x10, 0x82, 0x10, 0x82, 0x10, 0x82, 0x10, 0x82, 0x10, 0x82, 0x10, 0x82, 0x10, 0x82,
    0x10, 0x82, 0x10, 0x82, 0x10, 0x82, 0x10, 0x82, 0x10, 0x82, 0x10, 0x82, 0x10, 0x82, 0x10, 0x82,
    0x10, 0x82, 0x10, 0x82, 0x10, 0x82, 0x10, 0x82, 0x10, 0x82, 0x10, 0x82, 0x10, 0x82, 0x10, 0x82,
    0x10, 0x82, 0x10, 0x82, 0x10, 0x82, 0x10, 0x82, 0x10, 0x82, 0x10, 0x82, 0x10, 0x82, 0x10, 0x82,
    0x10, 0x82, 0x10, 0x82, 0x10, 0x82, 0x10, 0x82, 0x10, 0x82, 0x10, 0x82, 0x10, 0x82, 0x10, 0x82,
    0x10, 0x82, 0x10, 0x82, 0x10, 0x82, 0x10, 0x82, 0x10, 0x82, 0x10, 0x82, 0x10, 0x82, 0x10, 0x82,
    0x10, 0x82, 0x10, 0x82, 0x10, 0x82, 0x10, 0x82, 0x10, 0x82, 0x10, 0x82, 0x10, 0x82, 0x10, 0x82,
    0x10, 0x82, 0x10, 0x82, 0x10, 0x82, 0x10, 0x82, 0x10, 0x82, 0x10, 0x82, 0x10, 0x82, 0x10, 0x82,
    0x10, 0x82, 0x10, 0x82, 0x10, 0x82, 0x10, 0x82, 0x10, 0x82, 0x10, 0x82, 0x10, 0x82, 0x10, 0x82,
    0x10, 0x82, 0x10, 0x82, 0x10, 0x82, 0xef, 0x5c, 0x08, 0x41, 0x08, 0x41, 0x08, 0x41, 0x08, 0x41,
    0x08, 0x41, 0x08, 0x41, 0x08, 0x41, 0x08, 0x41, 0xef, 0x5c, 0x10, 0x82, 0x10, 0x82, 0x10, 0x82,
    0x10, 0x82, 0x10, 0x82, 0x10, 0x82, 0x10, 0x82, 0x10, 0x82, 0x10, 0x82, 0x10, 0x82, 0x10, 0x82,
    0x10, 0x82, 0x10, 0x82, 0x10, 0x82, 0x10, 0x82, 0x10, 0x82, 0x10, 0x82, 0x10, 0x82, 0x10, 0x82,
    0x10, 0x82, 0x10, 0x82, 0x10, 0x82, 0x10, 0x82, 0x10, 0x82, 0x10, 0x82, 0x10, 0x82, 0x10, 0x82,
    0x10, 0x82, 0x10, 0x82, 0x10, 0x82, 0x10, 0x82, 0x10, 0x82, 0x10, 0x82, 0x10, 0x82, 0x10, 0x82,
    0x10, 0x82, 0x10, 0x82, 0x10, 0x82, 0x10, 0x82, 0x10, 0x82, 0x10, 0x82, 0x10, 0x82, 0x10, 0x82,
    0x10, 0x82, 0x10, 0x82, 0x10, 0x82, 0x10, 0x82, 0x10, 0x82, 0x10, 0x82, 0x10, 0x82, 0x10, 0x82,
    0x10, 0x82, 0x10, 0x82, 0x10, 0x82, 0x10, 0x82, 0x10, 0x82, 0x10, 0x82, 0x10, 0x82, 0x10, 0x82,
    0x10, 0x82, 0x10, 0x82, 0x10, 0x82, 0x10, 0x82, 0x10, 0x82, 0x10, 0x82, 0x10, 0x82, 0x10, 0x82,
    0x10, 0x82, 0x10, 0x82, 0x10, 0x82, 0x10, 0x82, 0x10, 0x82, 0x10, 0x82, 0x10, 0x82, 0x10, 0x82,
    0x10, 0x82, 0x10, 0x82, 0x10, 0x82, 0x10, 0x82, 0x10, 0x82, 0x10, 0x82, 0x10, 0x82, 0x10, 0x82,
    0x10, 0x82, 0x10, 0x82, 0x10, 0x82, 0x10, 0x82, 0x10, 0x82, 0x10, 0x82, 0x10, 0x82, 0x10, 0x82,
    0x10, 0x82, 0x10, 0x82, 0x10, 0x82, 0x10, 0x82, 0x10, 0x82, 0x10, 0x82, 0x10, 0x82, 0xef, 0x5c,
    0x08, 0x41, 0x08, 0x41, 0x08, 0x41, 0x08, 0x41, 0x08, 0x41, 0x08, 0x41, 0x08, 0x41, 0x08, 0x41,
    0x08, 0x41, 0x08, 0x41, 0x08, 0x41, 0x08, 0x41, 0x08, 0x41, 0x08, 0x41, 0x08, 0x41, 0x08, 0x41,
    0x08, 0x41, 0x08, 0x41, 0x08, 0x41, 0x08, 0x41, 0x08, 0x41, 0x08, 0x41, 0x08, 0x41, 0x08, 0x41,
    0x08, 0x41, 0x08, 0x41, 0x08, 0x41, 0x08, 0x41, 0x08, 0x41, 0x08, 0x41, 0x08, 0x41, 0x08, 0x41,
    0xef, 0x5c, 0x10, 0x82, 0x10, 0x82, 0x10, 0x82, 0x10, 0x82, 0x10, 0x82, 0x10, 0x82, 0x10, 0x82,
    0x10, 0x82, 0x10, 0x82, 0x10, 0x82, 0x10, 0x82, 0x10, 0x82, 0x10, 0x82, 0x10, 0x82, 0x10, 0x82,
    0x10, 0x82, 0x10, 0x82, 0x10, 0x82, 0x10, 0x82, 0x10, 0x82, 0x10, 0x82, 0x10, 0x82, 0x10, 0x82,
    0x10, 0x82, 0x10, 0x82, 0x10, 0x82, 0x10, 0x82, 0x10, 0x82, 0x10, 0x82, 0x10, 0x82, 0x10, 0x82,
    0x10, 0x82, 0x10, 0x82, 0x10, 0x82, 0x10, 0x82, 0x10, 0x82, 0x10, 0x82, 0x10, 0x82, 0x10, 0x82,
    0x10, 0x82, 0x10, 0x82, 0x10, 0x82, 0x10, 0x82, 0x10, 0x82, 0x10, 0x82, 0x10, 0x82, 0x10, 0x82,
    0x10, 0x82, 0x10, 0x82, 0x10, 0x82, 0x10, 0x82, 0x10, 0x82, 0x10, 0x82, 0x10, 0x82, 0x10, 0x82,
    0x10, 0x82, 0x10, 0x82, 0x10, 0x82, 0x10, 0x82, 0x10, 0x82, 0x10, 0x82, 0x10, 0x82, 0x10, 0x82,
    0x10, 0x82, 0x10, 0x82, 0x10, 0x82, 0x10, 0x82, 0x10, 0x82, 0x10, 0x82, 0x10, 0x82, 0x10, 0x82,
    0x10, 0x82, 0x10, 0x82, 0x10, 0x82, 0x10, 0x82, 0x10, 0x82, 0x10, 0x82, 0x10, 0x82, 0x10, 0x82,
    0x10, 0x82, 0x10, 0x82, 0x10, 0x82, 0x10, 0x82, 0x10, 0x82, 0x10, 0x82, 0x10, 0x82, 0x10, 0x82,
    0x10, 0x82, 0x10, 0x82, 0x10, 0x82, 0x10, 0x82, 0x10, 0x82, 0x10, 0x82, 0x10, 0x82, 0x10, 0x82,
    0x10, 0x82, 0x10, 0x82, 0x10, 0x82, 0xef, 0x5c, 0x08, 0x41, 0x08, 0x41, 0x08, 0x41, 0x08, 0x41,
    0x08, 0x41, 0x08, 0x41, 0x08, 0x41, 0x08, 0x41, 0xef, 0x5c, 0x10, 0x82, 0x10, 0x82, 0x10, 0x82,
    0x10, 0x82, 0x10, 0x82, 0x10, 0x82, 0x10, 0x82, 0x10, 0x82, 0x10, 0x82, 0x10, 0x82, 0x10, 0x82,
    0x10, 0x82, 0x10, 0x82, 0x10, 0x82, 0x10, 0x82, 0x10, 0x82, 0x10, 0x82, 0x10, 0x82, 0x10, 0x82,
    0x10, 0x82, 0x10, 0x82, 0x10, 0x82, 0x10, 0x82, 0x10, 0x82, 0x10, 0x82, 0x10, 0x82, 0x10, 0x82,
    0x10, 0x82, 0x10, 0x82, 0x10, 0x82, 0x10, 0x82, 0x10, 0x82, 0x10, 0x82, 0x10, 0x82, 0x10, 0x82,
    0x10, 0x82, 0x10, 0x82, 0x10, 0x82, 0x10, 0x82, 0x10, 0x82, 0x10, 0x82, 0x10, 0x82, 0x10, 0x82,
    0x10, 0x82, 0x10, 0x82, 0x10, 0x82, 0x10, 0x82, 0x10, 0x82, 0x10, 0x82, 0x10, 0x82, 0x10, 0x82,
    0x10, 0x82, 0x10, 0x82, 0x10, 0x82, 0x10, 0x82, 0x10, 0x82, 0x10, 0x82, 0x10, 0x82, 0x10, 0x82,
    0x10, 0x82, 0x10, 0x82, 0x10, 0x82, 0x10, 0x82, 0x10, 0x82, 0x10, 0x82, 0x10, 0x82, 0x10, 0x82,
    0x10, 0x82, 0x10, 0x82, 0x10, 0x82, 0x10, 0x82, 0x10, 0x82, 0x10, 0x82, 0x10, 0x82, 0x10, 0x82,
    0x10, 0x82, 0x10, 0x82, 0x10, 0x82, 0x10, 0x82, 0x10, 0x82, 0x10, 0x82, 0x10, 0x82, 0x10, 0x82,
    0x10, 0x82, 0x10, 0x82, 0x10, 0x82, 0x10, 0x82, 0x10, 0x82, 0x10, 0x82, 0x10, 0x82, 0x10, 0x82,
    0x10, 0x82, 0x10, 0x82, 0x10, 0x82, 0x10, 0x82, 0x10, 0x82, 0x10, 0x82, 0x10, 0x82, 0xef, 0x5c,
    0x08, 0x41, 0x08, 0x41, 0x08, 0x41, 0x08, 0x41, 0x08, 0x41, 0x08, 0x41, 0x08, 0x41, 0x08, 0x41,
    0x08, 0x41, 0x08, 0x41, 0x08, 0x41, 0x08, 0x41, 0x08, 0x41, 0x08, 0x41, 0x08, 0x41, 0x08, 0x41,
    0x08, 0x41, 0x08, 0x41, 0x08, 0x41, 0x08, 0x41, 0x08, 0x41, 0x08, 0x41, 0x08, 0x41, 0x08, 0x41,
    0x08, 0x41, 0x08, 0x41, 0x08, 0x41, 0x08, 0x41, 0x08, 0x41, 0x08, 0x41, 0x08, 0x41, 0x08, 0x41,
    0xef, 0x5c, 0x10, 0x82, 0x10, 0x82, 0x10, 0x82, 0x10, 0x82, 0x10, 0x82, 0x10, 0x82, 0x10, 0x82,
    0x10, 0x82, 0x10, 0x82, 0x10, 0x82, 0x10, 0x82, 0x10, 0x82, 0x10, 0x82, 0x10, 0x82, 0x10, 0x82,
    0x10, 0x82, 0x10, 0x82, 0x10, 0x82, 0x10, 0x82, 0x10, 0x82, 0x10, 0x82, 0x10, 0x82, 0x10, 0x82,
    0x10, 0x82, 0x10, 0x82, 0x10, 0x82, 0x10, 0x82, 0x10, 0x82, 0x10, 0x82, 0x10, 0x82, 0x10, 0x82,
    0x10, 0x82, 0x10, 0x82, 0x10, 0x82, 0x10, 0x82, 0x10, 0x82, 0x10, 0x82, 0x10, 0x82, 0x10, 0x82,
    0x10, 0x82, 0x10, 0x82, 0x10, 0x82, 0x10, 0x82, 0x10, 0x82, 0x10, 0x82, 0x10, 0x82, 0x10, 0x82,
    0x10, 0x82, 0x10, 0x82, 0x10, 0x82, 0x10, 0x82, 0x10, 0x82, 0x10, 0x82, 0x10, 0x82, 0x10, 0x82,
    0x10, 0x82, 0x10, 0x82, 0x10, 0x82, 0x10, 0x82, 0x10, 0x82, 0x10, 0x82, 0x10, 0x82, 0x10, 0x82,
    0x10, 0x82, 0x10, 0x82, 0x10, 0x82, 0x10, 0x82, 0x10, 0x82, 0x10, 0x82, 0x10, 0x82, 0x10, 0x82,
    0x10, 0x82, 0x10, 0x82, 0x10, 0x82, 0x10, 0x82, 0x10, 0x82, 0x10, 0x82, 0x10, 0x82, 0x10, 0x82,
    0x10, 0x82, 0x10, 0x82, 0x10, 0x82, 0x10, 0x82, 0x10, 0x82, 0x10, 0x82, 0x10, 0x82, 0x10, 0x82,
    0x10, 0x82, 0x10, 0x82, 0x10, 0x82, 0x10, 0x82, 0x10, 0x82, 0x10, 0x82, 0x10, 0x82, 0x10, 0x82,
    0x10, 0x82, 0x10, 0x82, 0x10, 0x82, 0xef, 0x5c, 0x08, 0x41, 0x08, 0x41, 0x08, 0x41, 0x08, 0x41,
    0x08, 0x41, 0x08, 0x41, 0x08, 0x41, 0x08, 0x41, 0xef, 0x5c, 0x10, 0x82, 0x10, 0x82, 0x10, 0x82,
    0x10, 0x82, 0x10, 0x82, 0x10, 0x82, 0x10, 0x82, 0x10, 0x82, 0x10, 0x82, 0x10, 0x82, 0x10, 0x82,
    0x10, 0x82, 0x10, 0x82, 0x10, 0x82, 0x10, 0x82, 0x10, 0x82, 0x10, 0x82, 0x10, 0x82, 0x10, 0x82,
    0x10, 0x82, 0x10, 0x82, 0x10, 0x82, 0x10, 0x82, 0x10, 0x82, 0x10, 0x82, 0x10, 0x82, 0x10, 0x82,
    0x10, 0x82, 0x10, 0x82, 0x10, 0x82, 0x10, 0x82, 0x10, 0x82, 0x10, 0x82, 0x10, 0x82, 0x10, 0x82,
    0x10, 0x82, 0x10, 0x82, 0x10, 0x82, 0x10, 0x82, 0x10, 0x82, 0x10, 0x82, 0x10, 0x82, 0x10, 0x82,
    0x10, 0x82, 0x10, 0x82, 0x10, 0x82, 0x10, 0x82, 0x10, 0x82, 0x10, 0x82, 0x10, 0x82, 0x10, 0x82,
    0x10, 0x82, 0x10, 0x82, 0x10, 0x82, 0x10, 0x82, 0x10, 0x82, 0x10, 0x82, 0x10, 0x82, 0x10, 0x82,
    0x10, 0x82, 0x10, 0x82, 0x10, 0x82, 0x10, 0x82, 0x10, 0x82, 0x10, 0x82, 0x10, 0x82, 0x10, 0x82,
    0x10, 0x82, 0x10, 0x82, 0x10, 0x82, 0x10, 0x82, 0x10, 0x82, 0x10, 0x82, 0x10, 0x82, 0x10, 0x82,
    0x10, 0x82, 0x10, 0x82, 0x10, 0x82, 0x10, 0x82, 0x10, 0x82, 0x10, 0x82, 0x10, 0x82, 0x10, 0x82,
    0x10, 0x82, 0x10, 0x82, 0x10, 0x82, 0x10, 0x82, 0x10, 0x82, 0x10, 0x82, 0x10, 0x82, 0x10, 0x82,
    0x10, 0x82, 0x10, 0x82, 0x10, 0x82, 0x10, 0x82, 0x10, 0x82, 0x10, 0x82, 0x10, 0x82, 0xef, 0x5c,
    0x08, 0x41, 0x08, 0x41, 0x08, 0x41, 0x08, 0x41, 0x08, 0x41, 0x08, 0x41, 0x08, 0x41, 0x08, 0x41,
    0x08, 0x41, 0x08, 0x41, 0x08, 0x41, 0x08, 0x41, 0x08, 0x41, 0x08, 0x41, 0x08, 0x41, 0x08, 0x41,
    0x08, 0x41, 0x08, 0x41, 0x08, 0x41, 0x08, 0x41, 0x08, 0x41, 0x08, 0x41, 0x08, 0x41, 0x08, 0x41,
    0x08, 0x41, 0x08, 0x41, 0x08, 0x41, 0x08, 0x41, 0x08, 0x41, 0x08, 0x41, 0x08, 0x41, 0x08, 0x41,
    0xef, 0x5c, 0x10, 0x82, 0x10, 0x82, 0x10, 0x82, 0x10, 0x82, 0x10, 0x82, 0x10, 0x82, 0x10, 0x82,
    0x10, 0x82, 0x10, 0x82, 0x10, 0x82, 0x10, 0x82, 0x10, 0x82, 0x10, 0x82, 0x10, 0x82, 0x10, 0x82,
    0x10, 0x82, 0x10, 0x82, 0x10, 0x82, 0x10, 0x82, 0x10, 0x82, 0x10, 0x82, 0x10, 0x82, 0x10, 0x82,
    0x10, 0x82, 0x10, 0x82, 0x10, 0x82, 0x10, 0x82, 0x10, 0x82, 0x10, 0x82, 0x10, 0x82, 0x10, 0x82,
    0x10, 0x82, 0x10, 0x82, 0x10, 0x82, 0x10, 0x82, 0x10, 0x82, 0x10, 0x82, 0x10, 0x82, 0x10, 0x82,
    0x10, 0x82, 0x10, 0x82, 0x10, 0x82, 0x10, 0x82, 0x10, 0x82, 0x10, 0x82, 0x10, 0x82, 0x10, 0x82,
    0x10, 0x82, 0x10, 0x82, 0x10, 0x82, 0x10, 0x82, 0x10, 0x82, 0x10, 0x82, 0x10, 0x82, 0x10, 0x82,
    0x10, 0x82, 0x10, 0x82, 0x10, 0x82, 0x10, 0x82, 0x10, 0x82, 0x10, 0x82, 0x10, 0x82, 0x10, 0x82,
    0x10, 0x82, 0x10, 0x82, 0x10, 0x82, 0x10, 0x82, 0x10, 0x82, 0x10, 0x82, 0x10, 0x82, 0x10, 0x82,
    0x10, 0x82, 0x10, 0x82, 0x10, 0x82, 0x10, 0x82, 0x10, 0x82, 0x10, 0x82, 0x10, 0x82, 0x10, 0x82,
    0x10, 0x82, 0x10, 0x82, 0x10, 0x82, 0x10, 0x82, 0x10, 0x82, 0x10, 0x82, 0x10, 0x82, 0x10, 0x82,
    0x10, 0x82, 0x10, 0x82, 0x10, 0x82, 0x10, 0x82, 0x10, 0x82, 0x10, 0x82, 0x10, 0x82, 0x10, 0x82,
    0x10, 0x82, 0x10, 0x82, 0x10, 0x82, 0xef, 0x5c, 0x08, 0x41, 0x08, 0x41, 0x08, 0x41, 0x08, 0x41,
    0x08, 0x41, 0x08, 0x41, 0x08, 0x41, 0x08, 0x41, 0xef, 0x5c, 0x10, 0x82, 0x10, 0x82, 0x10, 0x82,
    0x10, 0x82, 0x10, 0x82, 0x10, 0x82, 0x10, 0x82, 0x10, 0x82, 0x10, 0x82, 0x10, 0x82, 0x10, 0x82,
    0x10, 0x82, 0x10, 0x82, 0x10, 0x82, 0x10, 0x82, 0x10, 0x82, 0x10, 0x82, 0x10, 0x82, 0x10, 0x82,
    0x10, 0x82, 0x10, 0x82, 0x10, 0x82, 0x10, 0x82, 0x10, 0x82, 0x10, 0x82, 0x10, 0x82, 0x10, 0x82,
    0x10, 0x82, 0x10, 0x82, 0x10, 0x82, 0x10, 0x82, 0x10, 0x82, 0x10, 0x82, 0x10, 0x82, 0x10, 0x82,
    0x10, 0x82, 0x10, 0x82, 0x10, 0x82, 0x10, 0x82, 0x10, 0x82, 0x10, 0x82, 0x10, 0x82, 0x10, 0x82,
    0x10, 0x82, 0x10, 0x82, 0x10, 0x82, 0x10, 0x82, 0x10, 0x82, 0x10, 0x82, 0x10, 0x82, 0x10, 0x82,
    0x10, 0x82, 0x10, 0x82, 0x10, 0x82, 0x10, 0x82, 0x10, 0x82, 0x10, 0x82, 0x10, 0x82, 0x10, 0x82,
    0x10, 0x82, 0x10, 0x82, 0x10, 0x82, 0x10, 0x82, 0x10, 0x82, 0x10, 0x82, 0x10, 0x82, 0x10, 0x82,
    0x10, 0x82, 0x10, 0x82, 0x10, 0x82, 0x10, 0x82, 0x10, 0x82, 0x10, 0x82, 0x10, 0x82, 0x10, 0x82,
    0x10, 0x82, 0x10, 0x82, 0x10, 0x82, 0x10, 0x82, 0x10, 0x82, 0x10, 0x82, 0x10, 0x82, 0x10, 0x82,
    0x10, 0x82, 0x10, 0x82, 0x10, 0x82, 0x10, 0x82, 0x10, 0x82, 0x10, 0x82, 0x10, 0x82, 0x10, 0x82,
    0x10, 0x82, 0x10, 0x82, 0x10, 0x82, 0x10, 0x82, 0x10, 0x82, 0x10, 0x82, 0x10, 0x82, 0xef, 0x5c,
    0x08, 0x41, 0x08, 0x41, 0x08, 0x41, 0x08, 0x41, 0x08, 0x41, 0x08, 0x41, 0x08, 0x41, 0x08, 0x41,
    0x08, 0x41, 0x08, 0x41, 0x08, 0x41, 0x08, 0x41, 0x08, 0x41, 0x08, 0x41, 0x08, 0x41, 0x08, 0x41,
    0x08, 0x41, 0x08, 0x41, 0x08, 0x41, 0x08, 0x41, 0x08, 0x41, 0x08, 0x41, 0x08, 0x41, 0x08, 0x41,
    0x08, 0x41, 0x08, 0x41, 0x08, 0x41, 0x08, 0x41, 0x08, 0x41, 0x08, 0x41, 0x08, 0x41, 0x08, 0x41,
    0xef, 0x5c, 0x10, 0x82, 0x10, 0x82, 0x10, 0x82, 0x10, 0x82, 0x10, 0x82, 0x10, 0x82, 0x10, 0x82,
    0x10, 0x82, 0x10, 0x82, 0x10, 0x82, 0x10, 0x82, 0x10, 0x82, 0x10, 0x82, 0x10, 0x82, 0x10, 0x82,
    0x10, 0x82, 0x10, 0x82, 0x10, 0x82, 0x10, 0x82, 0x10, 0x82, 0x10, 0x82, 0x10, 0x82, 0x10, 0x82,
    0x10, 0x82, 0x10, 0x82, 0x10, 0x82, 0x10, 0x82, 0x10, 0x82, 0x10, 0x82, 0x10, 0x82, 0x10, 0x82,
    0x10, 0x82, 0x10, 0x82, 0x10, 0x82, 0x10, 0x82, 0x10, 0x82, 0x10, 0x82, 0x10, 0x82, 0x10, 0x82,
    0x10, 0x82, 0x10, 0x82, 0x10, 0x82, 0x10, 0x82, 0x10, 0x82, 0x10, 0x82, 0x10, 0x82, 0x10, 0x82,
    0x10, 0x82, 0x10, 0x82, 0x10, 0x82, 0x10, 0x82, 0x10, 0x82, 0x10, 0x82, 0x10, 0x82, 0x10, 0x82,
    0x10, 0x82, 0x10, 0x82, 0x10, 0x82, 0x10, 0x82, 0x10, 0x82, 0x10, 0x82, 0x10, 0x82, 0x10, 0x82,
    0x10, 0x82, 0x10, 0x82, 0x10, 0x82, 0x10, 0x82, 0x10, 0x82, 0x10, 0x82, 0x10, 0x82, 0x10, 0x82,
    0x10, 0x82, 0x10, 0x82, 0x10, 0x82, 0x10, 0x82, 0x10, 0x82, 0x10, 0x82, 0x10, 0x82, 0x10, 0x82,
    0x10, 0x82, 0x10, 0x82, 0x10, 0x82, 0x10, 0x82, 0x10, 0x82, 0x10, 0x82, 0x10, 0x82, 0x10, 0x82,
    0x10, 0x82, 0x10, 0x82, 0x10, 0x82, 0x10, 0x82, 0x10, 0x82, 0x10, 0x82, 0x10, 0x82, 0x10, 0x82,
    0x10, 0x82, 0x10, 0x82, 0x10, 0x82, 0xef, 0x5c, 0x08, 0x41, 0x08, 0x41, 0x08, 0x41, 0x08, 0x41,
    0x08, 0x41, 0x08, 0x41, 0x08, 0x41, 0x08, 0x41, 0xef, 0x5c, 0x10, 0x82, 0x10, 0x82, 0x10, 0x82,
    0x10, 0x82, 0x10, 0x82, 0x10, 0x82, 0x10, 0x82, 0x10, 0x82, 0x10, 0x82, 0x10, 0x82, 0x10, 0x82,
    0x10, 0x82, 0x10, 0x82, 0x10, 0x82, 0x10, 0x82, 0x10, 0x82, 0x10, 0x82, 0x10, 0x82, 0x10, 0x82,
    0x10, 0x82, 0x10, 0x82, 0x10, 0x82, 0x10, 0x82, 0x10, 0x82, 0x10, 0x82, 0x10, 0x82, 0x10, 0x82,
    0x10, 0x82, 0x10, 0x82, 0x10, 0x82, 0x10, 0x82, 0x10, 0x82, 0x10, 0x82, 0x10, 0x82, 0x10, 0x82,
    0x10, 0x82, 0x10, 0x82, 0x10, 0x82, 0x10, 0x82, 0x10, 0x82, 0x10, 0x82, 0x10, 0x82, 0x10, 0x82,
    0x10, 0x82, 0x10, 0x82, 0x10, 0x82, 0x10, 0x82, 0x10, 0x82, 0x10, 0x82, 0x10, 0x82, 0x10, 0x82,
    0x10, 0x82, 0x10, 0x82, 0x10, 0x82, 0x10, 0x82, 0x10, 0x82, 0x10, 0x82, 0x10, 0x82, 0x10, 0x82,
    0x10, 0x82, 0x10, 0x82, 0x10, 0x82, 0x10, 0x82, 0x10, 0x82, 0x10, 0x82, 0x10, 0x82, 0x10, 0x82,
    0x10, 0x82, 0x10, 0x82, 0x10, 0x82, 0x10, 0x82, 0x10, 0x82, 0x10, 0x82, 0x10, 0x82, 0x10, 0x82,
    0x10, 0x82, 0x10, 0x82, 0x10, 0x82, 0x10, 0x82, 0x10, 0x82, 0x10, 0x82, 0x10, 0x82, 0x10, 0x82,
    0x10, 0x82, 0x10, 0x82, 0x10, 0x82, 0x10, 0x82, 0x10, 0x82, 0x10, 0x82, 0x10, 0x82, 0x10, 0x82,
    0x10, 0x82, 0x10, 0x82, 0x10, 0x82, 0x10, 0x82, 0x10, 0x82, 0x10, 0x82, 0x10, 0x82, 0xef, 0x5c,
    0x08, 0x41, 0x08, 0x41, 0x08, 0x41, 0x08, 0x41, 0x08, 0x41, 0x08, 0x41, 0x08, 0x41, 0x08, 0x41,
    0x08, 0x41, 0x08, 0x41, 0x08, 0x41, 0x08, 0x41, 0x08, 0x41, 0x08, 0x41, 0x08, 0x41, 0x08, 0x41,
    0x08, 0x41, 0x08, 0x41, 0x08, 0x41, 0x08, 0x41, 0x08, 0x41, 0x08, 0x41, 0x08, 0x41, 0x08, 0x41,
    0x08, 0x41, 0x08, 0x41, 0x08, 0x41, 0x08, 0x41, 0x08, 0x41, 0x08, 0x41, 0x08, 0x41, 0x08, 0x41,
    0xef, 0x5c, 0x10, 0x82, 0x10, 0x82, 0x10, 0x82, 0x10, 0x82, 0x10, 0x82, 0x10, 0x82, 0x10, 0x82,
    0x10, 0x82, 0x10, 0x82, 0x10, 0x82, 0x10, 0x82, 0x10, 0x82, 0x10, 0x82, 0x10, 0x82, 0x10, 0x82,
    0x10, 0x82, 0x10, 0x82, 0x10, 0x82, 0x10, 0x82, 0x10, 0x82, 0x10, 0x82, 0x10, 0x82, 0x10, 0x82,
    0x10, 0x82, 0x10, 0x82, 0x10, 0x82, 0x10, 0x82, 0x10, 0x82, 0x10, 0x82, 0x10, 0x82, 0x10, 0x82,
    0x10, 0x82, 0x10, 0x82, 0x10, 0x82, 0x10, 0x82, 0x10, 0x82, 0x10, 0x82, 0x10, 0x82, 0x10, 0x82,
    0x10, 0x82, 0x10, 0x82, 0x10, 0x82, 0x10, 0x82, 0x10, 0x82, 0x10, 0x82, 0x10, 0x82, 0x10, 0x82,
    0x10, 0x82, 0x10, 0x82, 0x10, 0x82, 0x10, 0x82, 0x10, 0x82, 0x10, 0x82, 0x10, 0x82, 0x10, 0x82,
    0x10, 0x82, 0x10, 0x82, 0x10, 0x82, 0x10, 0x82, 0x10, 0x82, 0x10, 0x82, 0x10, 0x82, 0x10, 0x82,
    0x10, 0x82, 0x10, 0x82, 0x10, 0x82, 0x10, 0x82, 0x10, 0x82, 0x10, 0x82, 0x10, 0x82, 0x10, 0x82,
    0x10, 0x82, 0x10, 0x82, 0x10, 0x82, 0x10, 0x82, 0x10, 0x82, 0x10, 0x82, 0x10, 0x82, 0x10, 0x82,
    0x10, 0x82, 0x10, 0x82, 0x10, 0x82, 0x10, 0x82, 0x10, 0x82, 0x10, 0x82, 0x10, 0x82, 0x10, 0x82,
    0x10, 0x82, 0x10, 0x82, 0x10, 0x82, 0x10, 0x82, 0x10, 0x82, 0x10, 0x82, 0x10, 0x82, 0x10, 0x82,
    0x10, 0x82, 0x10, 0x82, 0x10, 0x82, 0xef, 0x5c, 0x08, 0x41, 0x08, 0x41, 0x08, 0x41, 0x08, 0x41,
    0x08, 0x41, 0x08, 0x41, 0x08, 0x41, 0x08, 0x41, 0xef, 0x5c, 0x10, 0x82, 0x10, 0x82, 0x10, 0x82,
    0x10, 0x82, 0x10, 0x82, 0x10, 0x82, 0x10, 0x82, 0x10, 0x82, 0x10, 0x82, 0x10, 0x82, 0x10, 0x82,
    0x10, 0x82, 0x10, 0x82, 0x10, 0x82, 0x10, 0x82, 0x10, 0x82, 0x10, 0x82, 0x10, 0x82, 0x10, 0x82,
    0x10, 0x82, 0x10, 0x82, 0x10, 0x82, 0x10, 0x82, 0x10, 0x82, 0x10, 0x82, 0x10, 0x82, 0x10, 0x82,
    0x10, 0x82, 0x10, 0x82, 0x10, 0x82, 0x10, 0x82, 0x10, 0x82, 0x10, 0x82, 0x10, 0x82, 0x10, 0x82,
    0x10, 0x82, 0x10, 0x82, 0x10, 0x82, 0x10, 0x82, 0x10, 0x82, 0x10, 0x82, 0x10, 0x82, 0x10, 0x82,
    0x10, 0x82, 0x10, 0x82, 0x10, 0x82, 0x10, 0x82, 0x10, 0x82, 0x10, 0x82, 0x10, 0x82, 0x10, 0x82,
    0x10, 0x82, 0x10, 0x82, 0x10, 0x82, 0x10, 0x82, 0x10, 0x82, 0x10, 0x82, 0x10, 0x82, 0x10, 0x82,
    0x10, 0x82, 0x10, 0x82, 0x10, 0x82, 0x10, 0x82, 0x10, 0x82, 0x10, 0x82, 0x10, 0x82, 0x10, 0x82,
    0x10, 0x82, 0x10, 0x82, 0x10, 0x82, 0x10, 0x82, 0x10, 0x82, 0x10, 0x82, 0x10, 0x82, 0x10, 0x82,
    0x10, 0x82, 0x10, 0x82, 0x10, 0x82, 0x10, 0x82, 0x10, 0x82, 0x10, 0x82, 0x10, 0x82, 0x10, 0x82,
    0x10, 0x82, 0x10, 0x82, 0x10, 0x82, 0x10, 0x82, 0x10, 0x82, 0x10, 0x82, 0x10, 0x82, 0x10, 0x82,
    0x10, 0x82, 0x10, 0x82, 0x10, 0x82, 0x10, 0x82, 0x10, 0x82, 0x10, 0x82, 0x10, 0x82, 0xef, 0x5c,
    0x08, 0x41, 0x08, 0x41, 0x08, 0x41, 0x08, 0x41, 0x08, 0x41, 0x08, 0x41, 0x08, 0x41, 0x08, 0x41,
    0x08, 0x41, 0x08, 0x41, 0x08, 0x41, 0x08, 0x41, 0x08, 0x41, 0x08, 0x41, 0x08, 0x41, 0x08, 0x41,
    0x08, 0x41, 0x08, 0x41, 0x08, 0x41, 0x08, 0x41, 0x08, 0x41, 0x08, 0x41, 0x08, 0x41, 0x08, 0x41,
    0x08, 0x41, 0x08, 0x41, 0x08, 0x41, 0x08, 0x41, 0x08, 0x41, 0x08, 0x41, 0x08, 0x41, 0x08, 0x41,
    0xef, 0x5c, 0x10, 0x82, 0x10, 0x82, 0x10, 0x82, 0x10, 0x82, 0x10, 0x82, 0x10, 0x82, 0x10, 0x82,
    0x10, 0x82, 0x10, 0x82, 0x10, 0x82, 0x10, 0x82, 0x10, 0x82, 0x10, 0x82, 0x10, 0x82, 0x10, 0x82,
    0x10, 0x82, 0x10, 0x82, 0x10, 0x82, 0x10, 0x82, 0x10, 0x82, 0x10, 0x82, 0x10, 0x82, 0x10, 0x82,
    0x10, 0x82, 0x10, 0x82, 0x10, 0x82, 0x10, 0x82, 0x10, 0x82, 0x10, 0x82, 0x10, 0x82, 0x10, 0x82,
    0x10, 0x82, 0x10, 0x82, 0x10, 0x82, 0x10, 0x82, 0x10, 0x82, 0x10, 0x82, 0x10, 0x82, 0x10, 0x82,
    0x10, 0x82, 0x10, 0x82, 0x10, 0x82, 0x10, 0x82, 0x10, 0x82, 0x10, 0x82, 0x10, 0x82, 0x10, 0x82,
    0x10, 0x82, 0x10, 0x82, 0x10, 0x82, 0x10, 0x82, 0x10, 0x82, 0x10, 0x82, 0x10, 0x82, 0x10, 0x82,
    0x10, 0x82, 0x10, 0x82, 0x10, 0x82, 0x10, 0x82, 0x10, 0x82, 0x10, 0x82, 0x10, 0x82, 0x10, 0x82,
    0x10, 0x82, 0x10, 0x82, 0x10, 0x82, 0x10, 0x82, 0x10, 0x82, 0x10, 0x82, 0x10, 0x82, 0x10, 0x82,
    0x10, 0x82, 0x10, 0x82, 0x10, 0x82, 0x10, 0x82, 0x10, 0x82, 0x10, 0x82, 0x10, 0x82, 0x10, 0x82,
    0x10, 0x82, 0x10, 0x82, 0x10, 0x82, 0x10, 0x82, 0x10, 0x82, 0x10, 0x82, 0x10, 0x82, 0x10, 0x82,
    0x10, 0x82, 0x10, 0x82, 0x10, 0x82, 0x10, 0x82, 0x10, 0x82, 0x10, 0x82, 0x10, 0x82, 0x10, 0x82,
    0x10, 0x82, 0x10, 0x82, 0x10, 0x82, 0xef, 0x5c, 0x08, 0x41, 0x08, 0x41, 0x08, 0x41, 0x08, 0x41,
    0x08, 0x41, 0x08, 0x41, 0x08, 0x41, 0x08, 0x41, 0xef, 0x5c, 0x10, 0x82, 0x10, 0x82, 0x10, 0x82,
    0x10, 0x82, 0x10, 0x82, 0x10, 0x82, 0x10, 0x82, 0x10, 0x82, 0x10, 0x82, 0x10, 0x82, 0x10, 0x82,
    0x10, 0x82, 0x10, 0x82, 0x10, 0x82, 0x10, 0x82, 0x10, 0x82, 0x10, 0x82, 0x10, 0x82, 0x10, 0x82,
    0x10, 0x82, 0x10, 0x82, 0x10, 0x82, 0x10, 0x82, 0x10, 0x82, 0x10, 0x82, 0x10, 0x82, 0x10, 0x82,
    0x10, 0x82, 0x10, 0x82, 0x10, 0x82, 0x10, 0x82, 0x10, 0x82, 0x10, 0x82, 0x10, 0x82, 0x10, 0x82,
    0x10, 0x82, 0x10, 0x82, 0x10, 0x82, 0x10, 0x82, 0x10, 0x82, 0x10, 0x82, 0x10, 0x82, 0x10, 0x82,
    0x10, 0x82, 0x10, 0x82, 0x10, 0x82, 0x10, 0x82, 0x10, 0x82, 0x10, 0x82, 0x10, 0x82, 0x10, 0x82,
    0x10, 0x82, 0x10, 0x82, 0x10, 0x82, 0x10, 0x82, 0x10, 0x82, 0x10, 0x82, 0x10, 0x82, 0x10, 0x82,
    0x10, 0x82, 0x10, 0x82, 0x10, 0x82, 0x10, 0x82, 0x10, 0x82, 0x10, 0x82, 0x10, 0x82, 0x10, 0x82,
    0x10, 0x82, 0x10, 0x82, 0x10, 0x82, 0x10, 0x82, 0x10, 0x82, 0x10, 0x82, 0x10, 0x82, 0x10, 0x82,
    0x10, 0x82, 0x10, 0x82, 0x10, 0x82, 0x10, 0x82, 0x10, 0x82, 0x10, 0x82, 0x10, 0x82, 0x10, 0x82,
    0x10, 0x82, 0x10, 0x82, 0x10, 0x82, 0x10, 0x82, 0x10, 0x82, 0x10, 0x82, 0x10, 0x82, 0x10, 0x82,
    0x10, 0x82, 0x10, 0x82, 0x10, 0x82, 0x10, 0x82, 0x10, 0x82, 0x10, 0x82, 0x10, 0x82, 0xef, 0x5c,
    0x08, 0x41, 0x08, 0x41, 0x08, 0x41, 0x08, 0x41, 0x08, 0x41, 0x08, 0x41, 0x08, 0x41, 0x08, 0x41,
    0x08, 0x41, 0x08, 0x41, 0x08, 0x41, 0x08, 0x41, 0x08, 0x41, 0x08, 0x41, 0x08, 0x41, 0x08, 0x41,
    0x08, 0x41, 0x08, 0x41, 0x08, 0x41, 0x08, 0x41, 0x08, 0x41, 0x08, 0x41, 0x08, 0x41, 0x08, 0x41,
    0x08, 0x41, 0x08, 0x41, 0x08, 0x41, 0x08, 0x41, 0x08, 0x41, 0x08, 0x41, 0x08, 0x41, 0x08, 0x41,
    0xef, 0x5c, 0x10, 0x82, 0x10, 0x82, 0x10, 0x82, 0x10, 0x82, 0x10, 0x82, 0x10, 0x82, 0x10, 0x82,
    0x10, 0x82, 0x10, 0x82, 0x10, 0x82, 0x10, 0x82, 0x10, 0x82, 0x10, 0x82, 0x10, 0x82, 0x10, 0x82,
    0x10, 0x82, 0x10, 0x82, 0x10, 0x82, 0x10, 0x82, 0x10, 0x82, 0x10, 0x82, 0x10, 0x82, 0x10, 0x82,
    0x10, 0x82, 0x10, 0x82, 0x10, 0x82, 0x10, 0x82, 0x10, 0x82, 0x10, 0x82, 0x10, 0x82, 0x10, 0x82,
    0x10, 0x82, 0x10, 0x82, 0x10, 0x82, 0x10, 0x82, 0x10, 0x82, 0x10, 0x82, 0x10, 0x82, 0x10, 0x82,
    0x10, 0x82, 0x10, 0x82, 0x10, 0x82, 0x10, 0x82, 0x10, 0x82, 0x10, 0x82, 0x10, 0x82, 0x10, 0x82,
    0x10, 0x82, 0x10, 0x82, 0x10, 0x82, 0x10, 0x82, 0x10, 0x82, 0x10, 0x82, 0x10, 0x82, 0x10, 0x82,
    0x10, 0x82, 0x10, 0x82, 0x10, 0x82, 0x10, 0x82, 0x10, 0x82, 0x10, 0x82, 0x10, 0x82, 0x10, 0x82,
    0x10, 0x82, 0x10, 0x82, 0x10, 0x82, 0x10, 0x82, 0x10, 0x82, 0x10, 0x82, 0x10, 0x82, 0x10, 0x82,
    0x10, 0x82, 0x10, 0x82, 0x10, 0x82, 0x10, 0x82, 0x10, 0x82, 0x10, 0x82, 0x10, 0x82, 0x10, 0x82,
    0x10, 0x82, 0x10, 0x82, 0x10, 0x82, 0x10, 0x82, 0x10, 0x82, 0x10, 0x82, 0x10, 0x82, 0x10, 0x82,
    0x10, 0x82, 0x10, 0x82, 0x10, 0x82, 0x10, 0x82, 0x10, 0x82, 0x10, 0x82, 0x10, 0x82, 0x10, 0x82,
    0x10, 0x82, 0x10, 0x82, 0x10, 0x82, 0xef, 0x5c, 0x08, 0x41, 0x08, 0x41, 0x08, 0x41, 0x08, 0x41,
    0x08, 0x41, 0x08, 0x41, 0x08, 0x41, 0x08, 0x41, 0xef, 0x5c, 0x10, 0x82, 0x10, 0x82, 0x10, 0x82,
    0x10, 0x82, 0x10, 0x82, 0x10, 0x82, 0x10, 0x82, 0x10, 0x82, 0x10, 0x82, 0x10, 0x82, 0x10, 0x82,
    0x10, 0x82, 0x10, 0x82, 0x10, 0x82, 0x10, 0x82, 0x10, 0x82, 0x10, 0x82, 0x10, 0x82, 0x10, 0x82,
    0x10, 0x82, 0x10, 0x82, 0x10, 0x82, 0x10, 0x82, 0x10, 0x82, 0x10, 0x82, 0x10, 0x82, 0x10, 0x82,
    0x10, 0x82, 0x10, 0x82, 0x10, 0x82, 0x10, 0x82, 0x10, 0x82, 0x10, 0x82, 0x10, 0x82, 0x10, 0x82,
    0x10, 0x82, 0x10, 0x82, 0x10, 0x82, 0x10, 0x82, 0x10, 0x82, 0x10, 0x82, 0x10, 0x82, 0x10, 0x82,
    0x10, 0x82, 0x10, 0x82, 0x10, 0x82, 0x10, 0x82, 0x10, 0x82, 0x10, 0x82, 0x10, 0x82, 0x10, 0x82,
    0x10, 0x82, 0x10, 0x82, 0x10, 0x82, 0x10, 0x82, 0x10, 0x82, 0x10, 0x82, 0x10, 0x82, 0x10, 0x82,
    0x10, 0x82, 0x10, 0x82, 0x10, 0x82, 0x10, 0x82, 0x10, 0x82, 0x10, 0x82, 0x10, 0x82, 0x10, 0x82,
    0x10, 0x82, 0x10, 0x82, 0x10, 0x82, 0x10, 0x82, 0x10, 0x82, 0x10, 0x82, 0x10, 0x82, 0x10, 0x82,
    0x10, 0x82, 0x10, 0x82, 0x10, 0x82, 0x10, 0x82, 0x10, 0x82, 0x10, 0x82, 0x10, 0x82, 0x10, 0x82,
    0x10, 0x82, 0x10, 0x82, 0x10, 0x82, 0x10, 0x82, 0x10, 0x82, 0x10, 0x82, 0x10, 0x82, 0x10, 0x82,
    0x10, 0x82, 0x10, 0x82, 0x10, 0x82, 0x10, 0x82, 0x10, 0x82, 0x10, 0x82, 0x10, 0x82, 0xef, 0x5c,
    0x08, 0x41, 0x08, 0x41, 0x08, 0x41, 0x08, 0x41, 0x08, 0x41, 0x08, 0x41, 0x08, 0x41, 0x08, 0x41,
    0x08, 0x41, 0x08, 0x41, 0x08, 0x41, 0x08, 0x41, 0x08, 0x41, 0x08, 0x41, 0x08, 0x41, 0x08, 0x41,
    0x08, 0x41, 0x08, 0x41, 0x08, 0x41, 0x08, 0x41, 0x08, 0x41, 0x08, 0x41, 0x08, 0x41, 0x08, 0x41,
    0x08, 0x41, 0x08, 0x41, 0x08, 0x41, 0x08, 0x41, 0x08, 0x41, 0x08, 0x41, 0x08, 0x41, 0x08, 0x41,
    0xef, 0x5c, 0x10, 0x82, 0x10, 0x82, 0x10, 0x82, 0x10, 0x82, 0x10, 0x82, 0x10, 0x82, 0x10, 0x82,
    0x10, 0x82, 0x10, 0x82, 0x10, 0x82, 0x10, 0x82, 0x10, 0x82, 0x10, 0x82, 0x10, 0x82, 0x10, 0x82,
    0x10, 0x82, 0x10, 0x82, 0x10, 0x82, 0x10, 0x82, 0x10, 0x82, 0x10, 0x82, 0x10, 0x82, 0x10, 0x82,
    0x10, 0x82, 0x10, 0x82, 0x10, 0x82, 0x10, 0x82, 0x10, 0x82, 0x10, 0x82, 0x10, 0x82, 0x10, 0x82,
    0x10, 0x82, 0x10, 0x82, 0x10, 0x82, 0x10, 0x82, 0x10, 0x82, 0x10, 0x82, 0x10, 0x82, 0x10, 0x82,
    0x10, 0x82, 0x10, 0x82, 0x10, 0x82, 0x10, 0x82, 0x10, 0x82, 0x10, 0x82, 0x10, 0x82, 0x10, 0x82,
    0x10, 0x82, 0x10, 0x82, 0x10, 0x82, 0x10, 0x82, 0x10, 0x82, 0x10, 0x82, 0x10, 0x82, 0x10, 0x82,
    0x10, 0x82, 0x10, 0x82, 0x10, 0x82, 0x10, 0x82, 0x10, 0x82, 0x10, 0x82, 0x10, 0x82, 0x10, 0x82,
    0x10, 0x82, 0x10, 0x82, 0x10, 0x82, 0x10, 0x82, 0x10, 0x82, 0x10, 0x82, 0x10, 0x82, 0x10, 0x82,
    0x10, 0x82, 0x10, 0x82, 0x10, 0x82, 0x10, 0x82, 0x10, 0x82, 0x10, 0x82, 0x10, 0x82, 0x10, 0x82,
    0x10, 0x82, 0x10, 0x82, 0x10, 0x82, 0x10, 0x82, 0x10, 0x82, 0x10, 0x82, 0x10, 0x82, 0x10, 0x82,
    0x10, 0x82, 0x10, 0x82, 0x10, 0x82, 0x10, 0x82, 0x10, 0x82, 0x10, 0x82, 0x10, 0x82, 0x10, 0x82,
    0x10, 0x82, 0x10, 0x82, 0x10, 0x82, 0xef, 0x5c, 0x08, 0x41, 0x08, 0x41, 0x08, 0x41, 0x08, 0x41,
    0x08, 0x41, 0x08, 0x41, 0x08, 0x41, 0x08, 0x41, 0xef, 0x5c, 0x10, 0x82, 0x10, 0x82, 0x10, 0x82,
    0x10, 0x82, 0x10, 0x82, 0x10, 0x82, 0x10, 0x82, 0x10, 0x82, 0x10, 0x82, 0x10, 0x82, 0x10, 0x82,
    0x10, 0x82, 0x10, 0x82, 0x10, 0x82, 0x10, 0x82, 0x10, 0x82, 0x10, 0x82, 0x10, 0x82, 0x10, 0x82,
    0x10, 0x82, 0x10, 0x82, 0x10, 0x82, 0x10, 0x82, 0x10, 0x82, 0x10, 0x82, 0x10, 0x82, 0x10, 0x82,
    0x10, 0x82, 0x10, 0x82, 0x10, 0x82, 0x10, 0x82, 0x10, 0x82, 0x10, 0x82, 0x10, 0x82, 0x10, 0x82,
    0x10, 0x82, 0x10, 0x82, 0x10, 0x82, 0x10, 0x82, 0x10, 0x82, 0x10, 0x82, 0x10, 0x82, 0x10, 0x82,
    0x10, 0x82, 0x10, 0x82, 0x10, 0x82, 0x10, 0x82, 0x10, 0x82, 0x10, 0x82, 0x10, 0x82, 0x10, 0x82,
    0x10, 0x82, 0x10, 0x82, 0x10, 0x82, 0x10, 0x82, 0x10, 0x82, 0x10, 0x82, 0x10, 0x82, 0x10, 0x82,
    0x10, 0x82, 0x10, 0x82, 0x10, 0x82, 0x10, 0x82, 0x10, 0x82, 0x10, 0x82, 0x10, 0x82, 0x10, 0x82,
    0x10, 0x82, 0x10, 0x82, 0x10, 0x82, 0x10, 0x82, 0x10, 0x82, 0x10, 0x82, 0x10, 0x82, 0x10, 0x82,
    0x10, 0x82, 0x10, 0x82, 0x10, 0x82, 0x10, 0x82, 0x10, 0x82, 0x10, 0x82, 0x10, 0x82, 0x10, 0x82,
    0x10, 0x82, 0x10, 0x82, 0x10, 0x82, 0x10, 0x82, 0x10, 0x82, 0x10, 0x82, 0x10, 0x82, 0x10, 0x82,
    0x10, 0x82, 0x10, 0x82, 0x10, 0x82, 0x10, 0x82, 0x10, 0x82, 0x10, 0x82, 0x10, 0x82, 0xef, 0x5c,
    0x08, 0x41, 0x08, 0x41, 0x08, 0x41, 0x08, 0x41, 0x08, 0x41, 0x08, 0x41, 0x08, 0x41, 0x08, 0x41,
    0x08, 0x41, 0x08, 0x41, 0x08, 0x41, 0x08, 0x41, 0x08, 0x41, 0x08, 0x41, 0x08, 0x41, 0x08, 0x41,
    0x08, 0x41, 0x08, 0x41, 0x08, 0x41, 0x08, 0x41, 0x08, 0x41, 0x08, 0x41, 0x08, 0x41, 0x08, 0x41,
    0x08, 0x41, 0x08, 0x41, 0x08, 0x41, 0x08, 0x41, 0x08, 0x41, 0x08, 0x41, 0x08, 0x41, 0x08, 0x41,
    0xef, 0x5c, 0x10, 0x82, 0x10, 0x82, 0x10, 0x82, 0x10, 0x82, 0x10, 0x82, 0x10, 0x82, 0x10, 0x82,
    0x10, 0x82, 0x10, 0x82, 0x10, 0x82, 0x10, 0x82, 0x10, 0x82, 0x10, 0x82, 0x10, 0x82, 0x10, 0x82,
    0x10, 0x82, 0x10, 0x82, 0x10, 0x82, 0x10, 0x82, 0x10, 0x82, 0x10, 0x82, 0x10, 0x82, 0x10, 0x82,
    0x10, 0x82, 0x10, 0x82, 0x10, 0x82, 0x10, 0x82, 0x10, 0x82, 0x10, 0x82, 0x10, 0x82, 0x10, 0x82,
    0x10, 0x82, 0x10, 0x82, 0x10, 0x82, 0x10, 0x82, 0x10, 0x82, 0x10, 0x82, 0x10, 0x82, 0x10, 0x82,
    0x10, 0x82, 0x10, 0x82, 0x10, 0x82, 0x10, 0x82, 0x10, 0x82, 0x10, 0x82, 0x10, 0x82, 0x10, 0x82,
    0x10, 0x82, 0x10, 0x82, 0x10, 0x82, 0x10, 0x82, 0x10, 0x82, 0x10, 0x82, 0x10, 0x82, 0x10, 0x82,
    0x10, 0x82, 0x10, 0x82, 0x10, 0x82, 0x10, 0x82, 0x10, 0x82, 0x10, 0x82, 0x10, 0x82, 0x10, 0x82,
    0x10, 0x82, 0x10, 0x82, 0x10, 0x82, 0x10, 0x82, 0x10, 0x82, 0x10, 0x82, 0x10, 0x82, 0x10, 0x82,
    0x10, 0x82, 0x10, 0x82, 0x10, 0x82, 0x10, 0x82, 0x10, 0x82, 0x10, 0x82, 0x10, 0x82, 0x10, 0x82,
    0x10, 0x82, 0x10, 0x82, 0x10, 0x82, 0x10, 0x82, 0x10, 0x82, 0x10, 0x82, 0x10, 0x82, 0x10, 0x82,
    0x10, 0x82, 0x10, 0x82, 0x10, 0x82, 0x10, 0x82, 0x10, 0x82, 0x10, 0x82, 0x10, 0x82, 0x10, 0x82,
    0x10, 0x82, 0x10, 0x82, 0x10, 0x82, 0xef, 0x5c, 0x08, 0x41, 0x08, 0x41, 0x08, 0x41, 0x08, 0x41,
    0x08, 0x41, 0x08, 0x41, 0x08, 0x41, 0x08, 0x41, 0xef, 0x5c, 0x10, 0x82, 0x10, 0x82, 0x10, 0x82,
    0x10, 0x82, 0x10, 0x82, 0x10, 0x82, 0x10, 0x82, 0x10, 0x82, 0x10, 0x82, 0x10, 0x82, 0x10, 0x82,
    0x10, 0x82, 0x10, 0x82, 0x10, 0x82, 0x10, 0x82, 0x10, 0x82, 0x10, 0x82, 0x10, 0x82, 0x10, 0x82,
    0x10, 0x82, 0x10, 0x82, 0x10, 0x82, 0x10, 0x82, 0x10, 0x82, 0x10, 0x82, 0x10, 0x82, 0x10, 0x82,
    0x10, 0x82, 0x10, 0x82, 0x10, 0x82, 0x10, 0x82, 0x10, 0x82, 0x10, 0x82, 0x10, 0x82, 0x10, 0x82,
    0x10, 0x82, 0x10, 0x82, 0x10, 0x82, 0x10, 0x82, 0x10, 0x82, 0x10, 0x82, 0x10, 0x82, 0x10, 0x82,
    0x10, 0x82, 0x10, 0x82, 0x10, 0x82, 0x10, 0x82, 0x10, 0x82, 0x10, 0x82, 0x10, 0x82, 0x10, 0x82,
    0x10, 0x82, 0x10, 0x82, 0x10, 0x82, 0x10, 0x82, 0x10, 0x82, 0x10, 0x82, 0x10, 0x82, 0x10, 0x82,
    0x10, 0x82, 0x10, 0x82, 0x10, 0x82, 0x10, 0x82, 0x10, 0x82, 0x10, 0x82, 0x10, 0x82, 0x10, 0x82,
    0x10, 0x82, 0x10, 0x82, 0x10, 0x82, 0x10, 0x82, 0x10, 0x82, 0x10, 0x82, 0x10, 0x82, 0x10, 0x82,
    0x10, 0x82, 0x10, 0x82, 0x10, 0x82, 0x10, 0x82, 0x10, 0x82, 0x10, 0x82, 0x10, 0x82, 0x10, 0x82,
    0x10, 0x82, 0x10, 0x82, 0x10, 0x82, 0x10, 0x82, 0x10, 0x82, 0x10, 0x82, 0x10, 0x82, 0x10, 0x82,
    0x10, 0x82, 0x10, 0x82, 0x10, 0x82, 0x10, 0x82, 0x10, 0x82, 0x10, 0x82, 0x10, 0x82, 0xef, 0x5c,
    0x08, 0x41, 0x08, 0x41, 0x08, 0x41, 0x08, 0x41, 0x08, 0x41, 0x08, 0x41, 0x08, 0x41, 0x08, 0x41,
    0x08, 0x41, 0x08, 0x41, 0x08, 0x41, 0x08, 0x41, 0x08, 0x41, 0x08, 0x41, 0x08, 0x41, 0x08, 0x41,
    0x08, 0x41, 0x08, 0x41, 0x08, 0x41, 0x08, 0x41, 0x08, 0x41, 0x08, 0x41, 0x08, 0x41, 0x08, 0x41,
    0x08, 0x41, 0x08, 0x41, 0x08, 0x41, 0x08, 0x41, 0x08, 0x41, 0x08, 0x41, 0x08, 0x41, 0x08, 0x41,
    0xef, 0x5c, 0x10, 0x82, 0x10, 0x82, 0x10, 0x82, 0x10, 0x82, 0x10, 0x82, 0x10, 0x82, 0x10, 0x82,
    0x10, 0x82, 0x10, 0x82, 0x10, 0x82, 0x10, 0x82, 0x10, 0x82, 0x10, 0x82, 0x10, 0x82, 0x10, 0x82,
    0x10, 0x82, 0x10, 0x82, 0x10, 0x82, 0x10, 0x82, 0x10, 0x82, 0x10, 0x82, 0x10, 0x82, 0x10, 0x82,
    0x10, 0x82, 0x10, 0x82, 0x10, 0x82, 0x10, 0x82, 0x10, 0x82, 0x10, 0x82, 0x10, 0x82, 0x10, 0x82,
    0x10, 0x82, 0x10, 0x82, 0x10, 0x82, 0x10, 0x82, 0x10, 0x82, 0x10, 0x82, 0x10, 0x82, 0x10, 0x82,
    0x10, 0x82, 0x10, 0x82, 0x10, 0x82, 0x10, 0x82, 0x10, 0x82, 0x10, 0x82, 0x10, 0x82, 0x10, 0x82,
    0x10, 0x82, 0x10, 0x82, 0x10, 0x82, 0x10, 0x82, 0x10, 0x82, 0x10, 0x82, 0x10, 0x82, 0x10, 0x82,
    0x10, 0x82, 0x10, 0x82, 0x10, 0x82, 0x10, 0x82, 0x10, 0x82, 0x10, 0x82, 0x10, 0x82, 0x10, 0x82,
    0x10, 0x82, 0x10, 0x82, 0x10, 0x82, 0x10, 0x82, 0x10, 0x82, 0x10, 0x82, 0x10, 0x82, 0x10, 0x82,
    0x10, 0x82, 0x10, 0x82, 0x10, 0x82, 0x10, 0x82, 0x10, 0x82, 0x10, 0x82, 0x10, 0x82, 0x10, 0x82,
    0x10, 0x82, 0x10, 0x82, 0x10, 0x82, 0x10, 0x82, 0x10, 0x82, 0x10, 0x82, 0x10, 0x82, 0x10, 0x82,
    0x10, 0x82, 0x10, 0x82, 0x10, 0x82, 0x10, 0x82, 0x10, 0x82, 0x10, 0x82, 0x10, 0x82, 0x10, 0x82,
    0x10, 0x82, 0x10, 0x82, 0x10, 0x82, 0xef, 0x5c, 0x08, 0x41, 0x08, 0x41, 0x08, 0x41, 0x08, 0x41,
    0x08, 0x41, 0x08, 0x41, 0x08, 0x41, 0x08, 0x41, 0xef, 0x5c, 0x10, 0x82, 0x10, 0x82, 0x10, 0x82,
    0x10, 0x82, 0x10, 0x82, 0x10, 0x82, 0x10, 0x82, 0x10, 0x82, 0x10, 0x82, 0x10, 0x82, 0x10, 0x82,
    0x10, 0x82, 0x10, 0x82, 0x10, 0x82, 0x10, 0x82, 0x10, 0x82, 0x10, 0x82, 0x10, 0x82, 0x10, 0x82,
    0x10, 0x82, 0x10, 0x82, 0x10, 0x82, 0x10, 0x82, 0x10, 0x82, 0x10, 0x82, 0x10, 0x82, 0x10, 0x82,
    0x10, 0x82, 0x10, 0x82, 0x10, 0x82, 0x10, 0x82, 0x10, 0x82, 0x10, 0x82, 0x10, 0x82, 0x10, 0x82,
    0x10, 0x82, 0x10, 0x82, 0x10, 0x82, 0x10, 0x82, 0x10, 0x82, 0x10, 0x82, 0x10, 0x82, 0x10, 0x82,
    0x10, 0x82, 0x10, 0x82, 0x10, 0x82, 0x10, 0x82, 0x10, 0x82, 0x10, 0x82, 0x10, 0x82, 0x10, 0x82,
    0x10, 0x82, 0x10, 0x82, 0x10, 0x82, 0x10, 0x82, 0x10, 0x82, 0x10, 0x82, 0x10, 0x82, 0x10, 0x82,
    0x10, 0x82, 0x10, 0x82, 0x10, 0x82, 0x10, 0x82, 0x10, 0x82, 0x10, 0x82, 0x10, 0x82, 0x10, 0x82,
    0x10, 0x82, 0x10, 0x82, 0x10, 0x82, 0x10, 0x82, 0x10, 0x82, 0x10, 0x82, 0x10, 0x82, 0x10, 0x82,
    0x10, 0x82, 0x10, 0x82, 0x10, 0x82, 0x10, 0x82, 0x10, 0x82, 0x10, 0x82, 0x10, 0x82, 0x10, 0x82,
    0x10, 0x82, 0x10, 0x82, 0x10, 0x82, 0x10, 0x82, 0x10, 0x82, 0x10, 0x82, 0x10, 0x82, 0x10, 0x82,
    0x10, 0x82, 0x10, 0x82, 0x10, 0x82, 0x10, 0x82, 0x10, 0x82, 0x10, 0x82, 0x10, 0x82, 0xef, 0x5c,
    0x08, 0x41, 0x08, 0x41, 0x08, 0x41, 0x08, 0x41, 0x08, 0x41, 0x08, 0x41, 0x08, 0x41, 0x08, 0x41,
    0x08, 0x41, 0x08, 0x41, 0x08, 0x41, 0x08, 0x41, 0x08, 0x41, 0x08, 0x41, 0x08, 0x41, 0x08, 0x41,
    0x08, 0x41, 0x08, 0x41, 0x08, 0x41, 0x08, 0x41, 0x08, 0x41, 0x08, 0x41, 0x08, 0x41, 0x08, 0x41,
    0x08, 0x41, 0x08, 0x41, 0x08, 0x41, 0x08, 0x41, 0x08, 0x41, 0x08, 0x41, 0x08, 0x41, 0x08, 0x41,
    0xef, 0x5c, 0x10, 0x82, 0x10, 0x82, 0x10, 0x82, 0x10, 0x82, 0x10, 0x82, 0x10, 0x82, 0x10, 0x82,
    0x10, 0x82, 0x10, 0x82, 0x10, 0x82, 0x10, 0x82, 0x10, 0x82, 0x10, 0x82, 0x10, 0x82, 0x10, 0x82,
    0x10, 0x82, 0x10, 0x82, 0x10, 0x82, 0x10, 0x82, 0x10, 0x82, 0x10, 0x82, 0x10, 0x82, 0x10, 0x82,
    0x10, 0x82, 0x10, 0x82, 0x10, 0x82, 0x10, 0x82, 0x10, 0x82, 0x10, 0x82, 0x10, 0x82, 0x10, 0x82,
    0x10, 0x82, 0x10, 0x82, 0x10, 0x82, 0x10, 0x82, 0x10, 0x82, 0x10, 0x82, 0x10, 0x82, 0x10, 0x82,
    0x10, 0x82, 0x10, 0x82, 0x10, 0x82, 0x10, 0x82, 0x10, 0x82, 0x10, 0x82, 0x10, 0x82, 0x10, 0x82,
    0x10, 0x82, 0x10, 0x82, 0x10, 0x82, 0x10, 0x82, 0x10, 0x82, 0x10, 0x82, 0x10, 0x82, 0x10, 0x82,
    0x10, 0x82, 0x10, 0x82, 0x10, 0x82, 0x10, 0x82, 0x10, 0x82, 0x10, 0x82, 0x10, 0x82, 0x10, 0x82,
    0x10, 0x82, 0x10, 0x82, 0x10, 0x82, 0x10, 0x82, 0x10, 0x82, 0x10, 0x82, 0x10, 0x82, 0x10, 0x82,
    0x10, 0x82, 0x10, 0x82, 0x10, 0x82, 0x10, 0x82, 0x10, 0x82, 0x10, 0x82, 0x10, 0x82, 0x10, 0x82,
    0x10, 0x82, 0x10, 0x82, 0x10, 0x82, 0x10, 0x82, 0x10, 0x82, 0x10, 0x82, 0x10, 0x82, 0x10, 0x82,
    0x10, 0x82, 0x10, 0x82, 0x10, 0x82, 0x10, 0x82, 0x10, 0x82, 0x10, 0x82, 0x10, 0x82, 0x10, 0x82,
    0x10, 0x82, 0x10, 0x82, 0x10, 0x82, 0xef, 0x5c, 0x08, 0x41, 0x08, 0x41, 0x08, 0x41, 0x08, 0x41,
    0x08, 0x41, 0x08, 0x41, 0x08, 0x41, 0x08, 0x41, 0xef, 0x5c, 0x10, 0x82, 0x10, 0x82, 0x10, 0x82,
    0x10, 0x82, 0x10, 0x82, 0x10, 0x82, 0x10, 0x82, 0x10, 0x82, 0x10, 0x82, 0x10, 0x82, 0x10, 0x82,
    0x10, 0x82, 0x10, 0x82, 0x10, 0x82, 0x10, 0x82, 0x10, 0x82, 0x10, 0x82, 0x10, 0x82, 0x10, 0x82,
    0x10, 0x82, 0x10, 0x82, 0x10, 0x82, 0x10, 0x82, 0x10, 0x82, 0x10, 0x82, 0x10, 0x82, 0x10, 0x82,
    0x10, 0x82, 0x10, 0x82, 0x10, 0x82, 0x10, 0x82, 0x10, 0x82, 0x10, 0x82, 0x10, 0x82, 0x10, 0x82,
    0x10, 0x82, 0x10, 0x82, 0x10, 0x82, 0x10, 0x82, 0x10, 0x82, 0x10, 0x82, 0x10, 0x82, 0x10, 0x82,
    0x10, 0x82, 0x10, 0x82, 0x10, 0x82, 0x10, 0x82, 0x10, 0x82, 0x10, 0x82, 0x10, 0x82, 0x10, 0x82,
    0x10, 0x82, 0x10, 0x82, 0x10, 0x82, 0x10, 0x82, 0x10, 0x82, 0x10, 0x82, 0x10, 0x82, 0x10, 0x82,
    0x10, 0x82, 0x10, 0x82, 0x10, 0x82, 0x10, 0x82, 0x10, 0x82, 0x10, 0x82, 0x10, 0x82, 0x10, 0x82,
    0x10, 0x82, 0x10, 0x82, 0x10, 0x82, 0x10, 0x82, 0x10, 0x82, 0x10, 0x82, 0x10, 0x82, 0x10, 0x82,
    0x10, 0x82, 0x10, 0x82, 0x10, 0x82, 0x10, 0x82, 0x10, 0x82, 0x10, 0x82, 0x10, 0x82, 0x10, 0x82,
    0x10, 0x82, 0x10, 0x82, 0x10, 0x82, 0x10, 0x82, 0x10, 0x82, 0x10, 0x82, 0x10, 0x82, 0x10, 0x82,
    0x10, 0x82, 0x10, 0x82, 0x10, 0x82, 0x10, 0x82, 0x10, 0x82, 0x10, 0x82, 0x10, 0x82, 0xef, 0x5c,
    0x08, 0x41, 0x08, 0x41, 0x08, 0x41, 0x08, 0x41, 0x08, 0x41, 0x08, 0x41, 0x08, 0x41, 0x08, 0x41,
    0x08, 0x41, 0x08, 0x41, 0x08, 0x41, 0x08, 0x41, 0x08, 0x41, 0x08, 0x41, 0x08, 0x41, 0x08, 0x41,
    0x08, 0x41, 0x08, 0x41, 0x08, 0x41, 0x08, 0x41, 0x08, 0x41, 0x08, 0x41, 0x08, 0x41, 0x08, 0x41,
    0x08, 0x41, 0x08, 0x41, 0x08, 0x41, 0x08, 0x41, 0x08, 0x41, 0x08, 0x41, 0x08, 0x41, 0x08, 0x41,
    0xef, 0x5c, 0x10, 0x82, 0x10, 0x82, 0x10, 0x82, 0x10, 0x82, 0x10, 0x82, 0x10, 0x82, 0x10, 0x82,
    0x10, 0x82, 0x10, 0x82, 0x10, 0x82, 0x10, 0x82, 0x10, 0x82, 0x10, 0x82, 0x10, 0x82, 0x10, 0x82,
    0x10, 0x82, 0x10, 0x82, 0x10, 0x82, 0x10, 0x82, 0x10, 0x82, 0x10, 0x82, 0x10, 0x82, 0x10, 0x82,
    0x10, 0x82, 0x10, 0x82, 0x10, 0x82, 0x10, 0x82, 0x10, 0x82, 0x10, 0x82, 0x10, 0x82, 0x10, 0x82,
    0x10, 0x82, 0x10, 0x82, 0x10, 0x82, 0x10, 0x82, 0x10, 0x82, 0x10, 0x82, 0x10, 0x82, 0x10, 0x82,
    0x10, 0x82, 0x10, 0x82, 0x10, 0x82, 0x10, 0x82, 0x10, 0x82, 0x10, 0x82, 0x10, 0x82, 0x10, 0x82,
    0x10, 0x82, 0x10, 0x82, 0x10, 0x82, 0x10, 0x82, 0x10, 0x82, 0x10, 0x82, 0x10, 0x82, 0x10, 0x82,
    0x10, 0x82, 0x10, 0x82, 0x10, 0x82, 0x10, 0x82, 0x10, 0x82, 0x10, 0x82, 0x10, 0x82, 0x10, 0x82,
    0x10, 0x82, 0x10, 0x82, 0x10, 0x82, 0x10, 0x82, 0x10, 0x82, 0x10, 0x82, 0x10, 0x82, 0x10, 0x82,
    0x10, 0x82, 0x10, 0x82, 0x10, 0x82, 0x10, 0x82, 0x10, 0x82, 0x10, 0x82, 0x10, 0x82, 0x10, 0x82,
    0x10, 0x82, 0x10, 0x82, 0x10, 0x82, 0x10, 0x82, 0x10, 0x82, 0x10, 0x82, 0x10, 0x82, 0x10, 0x82,
    0x10, 0x82, 0x10, 0x82, 0x10, 0x82, 0x10, 0x82, 0x10, 0x82, 0x10, 0x82, 0x10, 0x82, 0x10, 0x82,
    0x10, 0x82, 0x10, 0x82, 0x10, 0x82, 0xef, 0x5c, 0x08, 0x41, 0x08, 0x41, 0x08, 0x41, 0x08, 0x41,
    0x08, 0x41, 0x08, 0x41, 0x08, 0x41, 0x08, 0x41, 0xef, 0x5c, 0x10, 0x82, 0x10, 0x82, 0x10, 0x82,
    0x10, 0x82, 0x10, 0x82, 0x10, 0x82, 0x10, 0x82, 0x10, 0x82, 0x10, 0x82, 0x10, 0x82, 0x10, 0x82,
    0x10, 0x82, 0x10, 0x82, 0x10, 0x82, 0x10, 0x82, 0x10, 0x82, 0x10, 0x82, 0x10, 0x82, 0x10, 0x82,
    0x10, 0x82, 0x10, 0x82, 0x10, 0x82, 0x10, 0x82, 0x10, 0x82, 0x10, 0x82, 0x10, 0x82, 0x10, 0x82,
    0x10, 0x82, 0x10, 0x82, 0x10, 0x82, 0x10, 0x82, 0x10, 0x82, 0x10, 0x82, 0x10, 0x82, 0x10, 0x82,
    0x10, 0x82, 0x10, 0x82, 0x10, 0x82, 0x10, 0x82, 0x10, 0x82, 0x10, 0x82, 0x10, 0x82, 0x10, 0x82,
    0x10, 0x82, 0x10, 0x82, 0x10, 0x82, 0x10, 0x82, 0x10, 0x82, 0x10, 0x82, 0x10, 0x82, 0x10, 0x82,
    0x10, 0x82, 0x10, 0x82, 0x10, 0x82, 0x10, 0x82, 0x10, 0x82, 0x10, 0x82, 0x10, 0x82, 0x10, 0x82,
    0x10, 0x82, 0x10, 0x82, 0x10, 0x82, 0x10, 0x82, 0x10, 0x82, 0x10, 0x82, 0x10, 0x82, 0x10, 0x82,
    0x10, 0x82, 0x10, 0x82, 0x10, 0x82, 0x10, 0x82, 0x10, 0x82, 0x10, 0x82, 0x10, 0x82, 0x10, 0x82,
    0x10, 0x82, 0x10, 0x82, 0x10, 0x82, 0x10, 0x82, 0x10, 0x82, 0x10, 0x82, 0x10, 0x82, 0x10, 0x82,
    0x10, 0x82, 0x10, 0x82, 0x10, 0x82, 0x10, 0x82, 0x10, 0x82, 0x10, 0x82, 0x10, 0x82, 0x10, 0x82,
    0x10, 0x82, 0x10, 0x82, 0x10, 0x82, 0x10, 0x82, 0x10, 0x82, 0x10, 0x82, 0x10, 0x82, 0xef, 0x5c,
    0x08, 0x41, 0x08, 0x41, 0x08, 0x41, 0x08, 0x41, 0x08, 0x41, 0x08, 0x41, 0x08, 0x41, 0x08, 0x41,
    0x08, 0x41, 0x08, 0x41, 0x08, 0x41, 0x08, 0x41, 0x08, 0x41, 0x08, 0x41, 0x08, 0x41, 0x08, 0x41,
    0x08, 0x41, 0x08, 0x41, 0x08, 0x41, 0x08, 0x41, 0x08, 0x41, 0x08, 0x41, 0x08, 0x41, 0x08, 0x41,
    0x08, 0x41, 0x08, 0x41, 0x08, 0x41, 0x08, 0x41, 0x08, 0x41, 0x08, 0x41, 0x08, 0x41, 0x08, 0x41,
    0xef, 0x5c, 0x10, 0x82, 0x10, 0x82, 0x10, 0x82, 0x10, 0x82, 0x10, 0x82, 0x10, 0x82, 0x10, 0x82,
    0x10, 0x82, 0x10, 0x82, 0x10, 0x82, 0x10, 0x82, 0x10, 0x82, 0x10, 0x82, 0x10, 0x82, 0x10, 0x82,
    0x10, 0x82, 0x10, 0x82, 0x10, 0x82, 0x10, 0x82, 0x10, 0x82, 0x10, 0x82, 0x10, 0x82, 0x10, 0x82,
    0x10, 0x82, 0x10, 0x82, 0x10, 0x82, 0x10, 0x82, 0x10, 0x82, 0x10, 0x82, 0x10, 0x82, 0x10, 0x82,
    0x10, 0x82, 0x10, 0x82, 0x10, 0x82, 0x10, 0x82, 0x10, 0x82, 0x10, 0x82, 0x10, 0x82, 0x10, 0x82,
    0x10, 0x82, 0x10, 0x82, 0x10, 0x82, 0x10, 0x82, 0x10, 0x82, 0x10, 0x82, 0x10, 0x82, 0x10, 0x82,
    0x10, 0x82, 0x10, 0x82, 0x10, 0x82, 0x10, 0x82, 0x10, 0x82, 0x10, 0x82, 0x10, 0x82, 0x10, 0x82,
    0x10, 0x82, 0x10, 0x82, 0x10, 0x82, 0x10, 0x82, 0x10, 0x82, 0x10, 0x82, 0x10, 0x82, 0x10, 0x82,
    0x10, 0x82, 0x10, 0x82, 0x10, 0x82, 0x10, 0x82, 0x10, 0x82, 0x10, 0x82, 0x10, 0x82, 0x10, 0x82,
    0x10, 0x82, 0x10, 0x82, 0x10, 0x82, 0x10, 0x82, 0x10, 0x82, 0x10, 0x82, 0x10, 0x82, 0x10, 0x82,
    0x10, 0x82, 0x10, 0x82, 0x10, 0x82, 0x10, 0x82, 0x10, 0x82, 0x10, 0x82, 0x10, 0x82, 0x10, 0x82,
    0x10, 0x82, 0x10, 0x82, 0x10, 0x82, 0x10, 0x82, 0x10, 0x82, 0x10, 0x82, 0x10, 0x82, 0x10, 0x82,
    0x10, 0x82, 0x10, 0x82, 0x10, 0x82, 0xef, 0x5c, 0x08, 0x41, 0x08, 0x41, 0x08, 0x41, 0x08, 0x41,
    0x08, 0x41, 0x08, 0x41, 0x08, 0x41, 0x08, 0x41, 0xef, 0x5c, 0x10, 0x82, 0x10, 0x82, 0x10, 0x82,
    0x10, 0x82, 0x10, 0x82, 0x10, 0x82, 0x10, 0x82, 0x10, 0x82, 0x10, 0x82, 0x10, 0x82, 0x10, 0x82,
    0x10, 0x82, 0x10, 0x82, 0x10, 0x82, 0x10, 0x82, 0x10, 0x82, 0x10, 0x82, 0x10, 0x82, 0x10, 0x82,
    0x10, 0x82, 0x10, 0x82, 0x10, 0x82, 0x10, 0x82, 0x10, 0x82, 0x10, 0x82, 0x10, 0x82, 0x10, 0x82,
    0x10, 0x82, 0x10, 0x82, 0x10, 0x82, 0x10, 0x82, 0x10, 0x82, 0x10, 0x82, 0x10, 0x82, 0x10, 0x82,
    0x10, 0x82, 0x10, 0x82, 0x10, 0x82, 0x10, 0x82, 0x10, 0x82, 0x10, 0x82, 0x10, 0x82, 0x10, 0x82,
    0x10, 0x82, 0x10, 0x82, 0x10, 0x82, 0x10, 0x82, 0x10, 0x82, 0x10, 0x82, 0x10, 0x82, 0x10, 0x82,
    0x10, 0x82, 0x10, 0x82, 0x10, 0x82, 0x10, 0x82, 0x10, 0x82, 0x10, 0x82, 0x10, 0x82, 0x10, 0x82,
    0x10, 0x82, 0x10, 0x82, 0x10, 0x82, 0x10, 0x82, 0x10, 0x82, 0x10, 0x82, 0x10, 0x82, 0x10, 0x82,
    0x10, 0x82, 0x10, 0x82, 0x10, 0x82, 0x10, 0x82, 0x10, 0x82, 0x10, 0x82, 0x10, 0x82, 0x10, 0x82,
    0x10, 0x82, 0x10, 0x82, 0x10, 0x82, 0x10, 0x82, 0x10, 0x82, 0x10, 0x82, 0x10, 0x82, 0x10, 0x82,
    0x10, 0x82, 0x10, 0x82, 0x10, 0x82, 0x10, 0x82, 0x10, 0x82, 0x10, 0x82, 0x10, 0x82, 0x10, 0x82,
    0x10, 0x82, 0x10, 0x82, 0x10, 0x82, 0x10, 0x82, 0x10, 0x82, 0x10, 0x82, 0x10, 0x82, 0xef, 0x5c,
    0x08, 0x41, 0x08, 0x41, 0x08, 0x41, 0x08, 0x41, 0x08, 0x41, 0x08, 0x41, 0x08, 0x41, 0x08, 0x41,
    0x08, 0x41, 0x08, 0x41, 0x08, 0x41, 0x08, 0x41, 0x08, 0x41, 0x08, 0x41, 0x08, 0x41, 0x08, 0x41,
    0x08, 0x41, 0x08, 0x41, 0x08, 0x41, 0x08, 0x41, 0x08, 0x41, 0x08, 0x41, 0x08, 0x41, 0x08, 0x41,
    0x08, 0x41, 0x08, 0x41, 0x08, 0x41, 0x08, 0x41, 0x08, 0x41, 0x08, 0x41, 0x08, 0x41, 0x08, 0x41,
    0xef, 0x5c, 0xef, 0x5c, 0xef, 0x5c, 0xef, 0x5c, 0xef, 0x5c, 0xef, 0x5c, 0xef, 0x5c, 0xef, 0x5c,
    0xef, 0x5c, 0xef, 0x5c, 0xef, 0x5c, 0xef, 0x5c, 0xef, 0x5c, 0xef, 0x5c, 0xef, 0x5c, 0xef, 0x5c,
    0xef, 0x5c, 0xef, 0x5c, 0xef, 0x5c, 0xef, 0x5c, 0xef, 0x5c, 0xef, 0x5c, 0xef, 0x5c, 0xef, 0x5c,
    0xef, 0x5c, 0xef, 0x5c, 0xef, 0x5c, 0xef, 0x5c, 0xef, 0x5c, 0xef, 0x5c, 0xef, 0x5c, 0xef, 0x5c,
    0xef, 0x5c, 0xef, 0x5c, 0xef, 0x5c, 0xef, 0x5c, 0xef, 0x5c, 0xef, 0x5c, 0xef, 0x5c, 0xef, 0x5c,
    0xef, 0x5c, 0xef, 0x5c, 0xef, 0x5c, 0xef, 0x5c, 0xef, 0x5c, 0xef, 0x5c, 0xef, 0x5c, 0xef, 0x5c,
    0xef, 0x5c, 0xef, 0x5c, 0xef, 0x5c, 0xef, 0x5c, 0xef, 0x5c, 0xef, 0x5c, 0xef, 0x5c, 0xef, 0x5c,
    0xef, 0x5c, 0xef, 0x5c, 0xef, 0x5c, 0xef, 0x5c, 0xef, 0x5c, 0xef, 0x5c, 0xef, 0x5c, 0xef, 0x5c,
    0xef, 0x5c, 0xef, 0x5c, 0xef, 0x5c, 0xef, 0x5c, 0xef, 0x5c, 0xef, 0x5c, 0xef, 0x5c, 0xef, 0x5c,
    0xef, 0x5c, 0xef, 0x5c, 0xef, 0x5c, 0xef, 0x5c, 0xef, 0x5c, 0xef, 0x5c, 0xef, 0x5c, 0xef, 0x5c,
    0xef, 0x5c, 0xef, 0x5c, 0xef, 0x5c, 0xef, 0x5c, 0xef, 0x5c, 0xef, 0x5c, 0xef, 0x5c, 0xef, 0x5c,
    0xef, 0x5c, 0xef, 0x5c, 0xef, 0x5c, 0xef, 0x5c, 0xef, 0x5c, 0xef, 0x5c, 0xef, 0x5c, 0xef, 0x5c,
    0xef, 0x5c, 0xef, 0x5c, 0xef, 0x5c, 0xef, 0x5c, 0x08, 0x41, 0x08, 0x41, 0x08, 0x41, 0x08, 0x41,
    0x08, 0x41, 0x08, 0x41, 0x08, 0x41, 0x08, 0x41, 0xef, 0x5c, 0xef, 0x5c, 0xef, 0x5c, 0xef, 0x5c,
    0xef, 0x5c, 0xef, 0x5c, 0xef, 0x5c, 0xef, 0x5c, 0xef, 0x5c, 0xef, 0x5c, 0xef, 0x5c, 0xef, 0x5c,
    0xef, 0x5c, 0xef, 0x5c, 0xef, 0x5c, 0xef, 0x5c, 0xef, 0x5c, 0xef, 0x5c, 0xef, 0x5c, 0xef, 0x5c,
    0xef, 0x5c, 0xef, 0x5c, 0xef, 0x5c, 0xef, 0x5c, 0xef, 0x5c, 0xef, 0x5c, 0xef, 0x5c, 0xef, 0x5c,
    0xef, 0x5c, 0xef, 0x5c, 0xef, 0x5c, 0xef, 0x5c, 0xef, 0x5c, 0xef, 0x5c, 0xef, 0x5c, 0xef, 0x5c,
    0xef, 0x5c, 0xef, 0x5c, 0xef, 0x5c, 0xef, 0x5c, 0xef, 0x5c, 0xef, 0x5c, 0xef, 0x5c, 0xef, 0x5c,
    0xef, 0x5c, 0xef, 0x5c, 0xef, 0x5c, 0xef, 0x5c, 0xef, 0x5c, 0xef, 0x5c, 0xef, 0x5c, 0xef, 0x5c,
    0xef, 0x5c, 0xef, 0x5c, 0xef, 0x5c, 0xef, 0x5c, 0xef, 0x5c, 0xef, 0x5c, 0xef, 0x5c, 0xef, 0x5c,
    0xef, 0x5c, 0xef, 0x5c, 0xef, 0x5c, 0xef, 0x5c, 0xef, 0x5c, 0xef, 0x5c, 0xef, 0x5c, 0xef, 0x5c,
    0xef, 0x5c, 0xef, 0x5c, 0xef, 0x5c, 0xef, 0x5c, 0xef, 0x5c, 0xef, 0x5c, 0xef, 0x5c, 0xef, 0x5c,
    0xef, 0x5c, 0xef, 0x5c, 0xef, 0x5c, 0xef, 0x5c, 0xef, 0x5c, 0xef, 0x5c, 0xef, 0x5c, 0xef, 0x5c,
    0xef, 0x5c, 0xef, 0x5c, 0xef, 0x5c, 0xef, 0x5c, 0xef, 0x5c, 0xef, 0x5c, 0xef, 0x5c, 0xef, 0x5c,
    0xef, 0x5c, 0xef, 0x5c, 0xef, 0x5c, 0xef, 0x5c, 0xef, 0x5c, 0xef, 0x5c, 0xef, 0x5c, 0xef, 0x5c,
    0x08, 0x41, 0x08, 0x41, 0x08, 0x41, 0x08, 0x41, 0x08, 0x41, 0x08, 0x41, 0x08, 0x41, 0x08, 0x41,
    0x08, 0x41, 0x08, 0x41, 0x08, 0x41, 0x08, 0x41, 0x08, 0x41, 0x08, 0x41, 0x08, 0x41, 0x08, 0x41,
    0x08, 0x41, 0x08, 0x41, 0x08, 0x41, 0x08, 0x41, 0x08, 0x41, 0x08, 0x41, 0x08, 0x41, 0x08, 0x41,
    0x08, 0x41, 0x08, 0x41, 0x08, 0x41, 0x08, 0x41, 0x08, 0x41, 0x08, 0x41, 0x08, 0x41, 0x08, 0x41,
    0x08, 0x41, 0x08, 0x41, 0x08, 0x41, 0x08, 0x41, 0x08, 0x41, 0x08, 0x41, 0x08, 0x41, 0x08, 0x41,
    0x08, 0x41, 0x08, 0x41, 0x08, 0x41, 0x08, 0x41, 0x08, 0x41, 0x08, 0x41, 0x08, 0x41, 0x08, 0x41,
    0x08, 0x41, 0x08, 0x41, 0x08, 0x41, 0x08, 0x41, 0x08, 0x41, 0x08, 0x41, 0x08, 0x41, 0x08, 0x41,
    0x08, 0x41, 0x08, 0x41, 0x08, 0x41, 0x08, 0x41, 0x08, 0x41, 0x08, 0x41, 0x08, 0x41, 0x08, 0x41,
    0x08, 0x41, 0x08, 0x41, 0x08, 0x41, 0x08, 0x41, 0x08, 0x41, 0x08, 0x41, 0x08, 0x41, 0x08, 0x41,
    0x08, 0x41, 0x08, 0x41, 0x08, 0x41, 0x08, 0x41, 0x08, 0x41, 0x08, 0x41, 0x08, 0x41, 0x08, 0x41,
    0x08, 0x41, 0x08, 0x41, 0x08, 0x41, 0x08, 0x41, 0x08, 0x41, 0x08, 0x41, 0x08, 0x41, 0x08, 0x41,
    0x08, 0x41, 0x08, 0x41, 0x08, 0x41, 0x08, 0x41, 0x08, 0x41, 0x08, 0x41, 0x08, 0x41, 0x08, 0x41,
    0x08, 0x41, 0x08, 0x41, 0x08, 0x41, 0x08, 0x41, 0x08, 0x41, 0x08, 0x41, 0x08, 0x41, 0x08, 0x41,
    0x08, 0x41, 0x08, 0x41, 0x08, 0x41, 0x08, 0x41, 0x08, 0x41, 0x08, 0x41, 0x08, 0x41, 0x08, 0x41,
    0x08, 0x41, 0x08, 0x41, 0x08, 0x41, 0x08, 0x41, 0x08, 0x41, 0x08, 0x41, 0x08, 0x41, 0x08, 0x41,
    0x08, 0x41, 0x08, 0x41, 0x08, 0x41, 0x08, 0x41, 0x08, 0x41, 0x08, 0x41, 0x08, 0x41, 0x08, 0x41,
    0x08, 0x41, 0x08, 0x41, 0x08, 0x41, 0x08, 0x41, 0x08, 0x41, 0x08, 0x41, 0x08, 0x41, 0x08, 0x41,
    0x08, 0x41, 0x08, 0x41, 0x08, 0x41, 0x08, 0x41, 0x08, 0x41, 0x08, 0x41, 0x08, 0x41, 0x08, 0x41,
    0x08, 0x41, 0x08, 0x41, 0x08, 0x41, 0x08, 0x41, 0x08, 0x41, 0x08, 0x41, 0x08, 0x41, 0x08, 0x41,
    0x08, 0x41, 0x08, 0x41, 0x08, 0x41, 0x08, 0x41, 0x08, 0x41, 0x08, 0x41, 0x08, 0x41, 0x08, 0x41,
    0x08, 0x41, 0x08, 0x41, 0x08, 0x41, 0x08, 0x41, 0x08, 0x41, 0x08, 0x41, 0x08, 0x41, 0x08, 0x41,
    0x08, 0x41, 0x08, 0x41, 0x08, 0x41, 0x08, 0x41, 0x08, 0x41, 0x08, 0x41, 0x08, 0x41, 0x08, 0x41,
    0x08, 0x41, 0x08, 0x41, 0x08, 0x41, 0x08, 0x41, 0x08, 0x41, 0x08, 0x41, 0x08, 0x41, 0x08, 0x41,
    0x08, 0x41, 0x08, 0x41, 0x08, 0x41, 0x08, 0x41, 0x08, 0x41, 0x08, 0x41, 0x08, 0x41, 0x08, 0x41,
    0x08, 0x41, 0x08, 0x41, 0x08, 0x41, 0x08, 0x41, 0x08, 0x41, 0x08, 0x41, 0x08, 0x41, 0x08, 0x41,
    0x08, 0x41, 0x08, 0x41, 0x08, 0x41, 0x08, 0x41, 0x08, 0x41, 0x08, 0x41, 0x08, 0x41, 0x08, 0x41,
    0x08, 0x41, 0x08, 0x41, 0x08, 0x41, 0x08, 0x41, 0x08, 0x41, 0x08, 0x41, 0x08, 0x41, 0x08, 0x41,
    0x08, 0x41, 0x08, 0x41, 0x08, 0x41, 0x08, 0x41, 0x08, 0x41, 0x08, 0x41, 0x08, 0x41, 0x08, 0x41,
    0x08, 0x41, 0x08, 0x41, 0x08, 0x41, 0x08, 0x41, 0x08, 0x41, 0x08, 0x41, 0x08, 0x41, 0x08, 0x41,
    0x08, 0x41, 0x08, 0x41, 0x08, 0x41, 0x08, 0x41, 0x08, 0x41, 0x08, 0x41, 0x08, 0x41, 0x08, 0x41,
    0x08, 0x41, 0x08, 0x41, 0x08, 0x41, 0x08, 0x41, 0x08, 0x41, 0x08, 0x41, 0x08, 0x41, 0x08, 0x41,
    0x08, 0x41, 0x08, 0x41, 0x08, 0x41, 0x08, 0x41, 0x08, 0x41, 0x08, 0x41, 0x08, 0x41, 0x08, 0x41,
    0x08, 0x41, 0x08, 0x41, 0x08, 0x41, 0x08, 0x41, 0x08, 0x41, 0x08, 0x41, 0x08, 0x41, 0x08, 0x41,
    0x08, 0x41, 0x08, 0x41, 0x08, 0x41, 0x08, 0x41, 0x08, 0x41, 0x08, 0x41, 0x08, 0x41, 0x08, 0x41,
    0x08, 0x41, 0x08, 0x41, 0x08, 0x41, 0x08, 0x41, 0x08, 0x41, 0x08, 0x41, 0x08, 0x41, 0x08, 0x41,
    0x08, 0x41, 0x08, 0x41, 0x08, 0x41, 0x08, 0x41, 0x08, 0x41, 0x08, 0x41, 0x08, 0x41, 0x08, 0x41,
    0x08, 0x41, 0x08, 0x41, 0x08, 0x41, 0x08, 0x41, 0x08, 0x41, 0x08, 0x41, 0x08, 0x41, 0x08, 0x41,
    0x08, 0x41, 0x08, 0x41, 0x08, 0x41, 0x08, 0x41, 0x08, 0x41, 0x08, 0x41, 0x08, 0x41, 0x08, 0x41,
    0x08, 0x41, 0x08, 0x41, 0x08, 0x41, 0x08, 0x41, 0x08, 0x41, 0x08, 0x41, 0x08, 0x41, 0x08, 0x41,
    0x08, 0x41, 0x08, 0x41, 0x08, 0x41, 0x08, 0x41, 0x08, 0x41, 0x08, 0x41, 0x08, 0x41, 0x08, 0x41,
    0x08, 0x41, 0x08, 0x41, 0x08, 0x41, 0x08, 0x41, 0x08, 0x41, 0x08, 0x41, 0x08, 0x41, 0x08, 0x41,
    0x08, 0x41, 0x08, 0x41, 0x08, 0x41, 0x08, 0x41, 0x08, 0x41, 0x08, 0x41, 0x08, 0x41, 0x08, 0x41,
    0x08, 0x41, 0x08, 0x41, 0x08, 0x41, 0x08, 0x41, 0x08, 0x41, 0x08, 0x41, 0x08, 0x41, 0x08, 0x41,
    0x08, 0x41, 0x08, 0x41, 0x08, 0x41, 0x08, 0x41, 0x08, 0x41, 0x08, 0x41, 0x08, 0x41, 0x08, 0x41,
    0x08, 0x41, 0x08, 0x41, 0x08, 0x41, 0x08, 0x41, 0x08, 0x41, 0x08, 0x41, 0x08, 0x41, 0x08, 0x41,
    0x08, 0x41, 0x08, 0x41, 0x08, 0x41, 0x08, 0x41, 0x08, 0x41, 0x08, 0x41, 0x08, 0x41, 0x08, 0x41,
    0x08, 0x41, 0x08, 0x41, 0x08, 0x41, 0x08, 0x41, 0x08, 0x41, 0x08, 0x41, 0x08, 0x41, 0x08, 0x41,
    0x08, 0x41, 0x08, 0x41, 0x08, 0x41, 0x08, 0x41, 0x08, 0x41, 0x08, 0x41, 0x08, 0x41, 0x08, 0x41,
    0x08, 0x41, 0x08, 0x41, 0x08, 0x41, 0x08, 0x41, 0x08, 0x41, 0x08, 0x41, 0x08, 0x41, 0x08, 0x41,
    0x08, 0x41, 0x08, 0x41, 0x08, 0x41, 0x08, 0x41, 0x08, 0x41, 0x08, 0x41, 0x08, 0x41, 0x08, 0x41,
    0x08, 0x41, 0x08, 0x41, 0x08, 0x41, 0x08, 0x41, 0x08, 0x41, 0x08, 0x41, 0x08, 0x41, 0x08, 0x41,
    0x08, 0x41, 0x08, 0x41, 0x08, 0x41, 0x08, 0x41, 0x08, 0x41, 0x08, 0x41, 0x08, 0x41, 0x08, 0x41,
    0x08, 0x41, 0x08, 0x41, 0x08, 0x41, 0x08, 0x41, 0x08, 0x41, 0x08, 0x41, 0x08, 0x41, 0x08, 0x41,
    0x08, 0x41, 0x08, 0x41, 0x08, 0x41, 0x08, 0x41, 0x08, 0x41, 0x08, 0x41, 0x08, 0x41, 0x08, 0x41,
    0x08, 0x41, 0x08, 0x41, 0x08, 0x41, 0x08, 0x41, 0x08, 0x41, 0x08, 0x41, 0x08, 0x41, 0x08, 0x41,
    0x08, 0x41, 0x08, 0x41, 0x08, 0x41, 0x08, 0x41, 0x08, 0x41, 0x08, 0x41, 0x08, 0x41, 0x08, 0x41,
    0x08, 0x41, 0x08, 0x41, 0x08, 0x41, 0x08, 0x41, 0x08, 0x41, 0x08, 0x41, 0x08, 0x41, 0x08, 0x41,
    0x08, 0x41, 0x08, 0x41, 0x08, 0x41, 0x08, 0x41, 0x08, 0x41, 0x08, 0x41, 0x08, 0x41, 0x08, 0x41,
    0x08, 0x41, 0x08, 0x41, 0x08, 0x41, 0x08, 0x41, 0x08, 0x41, 0x08, 0x41, 0x08, 0x41, 0x08, 0x41,
    0x08, 0x41, 0x08, 0x41, 0x08, 0x41, 0x08, 0x41, 0x08, 0x41, 0x08, 0x41, 0x08, 0x41, 0x08, 0x41,
    0x08, 0x41, 0x08, 0x41, 0x08, 0x41, 0x08, 0x41, 0x08, 0x41, 0x08, 0x41, 0x08, 0x41, 0x08, 0x41,
    0x08, 0x41, 0x08, 0x41, 0x08, 0x41, 0x08, 0x41, 0x08, 0x41, 0x08, 0x41, 0x08, 0x41, 0x08, 0x41,
    0x08, 0x41, 0x08, 0x41, 0x08, 0x41, 0x08, 0x41, 0x08, 0x41, 0x08, 0x41, 0x08, 0x41, 0x08, 0x41,
    0x08, 0x41, 0x08, 0x41, 0x08, 0x41, 0x08, 0x41, 0x08, 0x41, 0x08, 0x41, 0x08, 0x41, 0x08, 0x41,
    0x08, 0x41, 0x08, 0x41, 0x08, 0x41, 0x08, 0x41, 0x08, 0x41, 0x08, 0x41, 0x08, 0x41, 0x08, 0x41,
    0x08, 0x41, 0x08, 0x41, 0x08, 0x41, 0x08, 0x41, 0x08, 0x41, 0x08, 0x41, 0x08, 0x41, 0x08, 0x41,
    0x08, 0x41, 0x08, 0x41, 0x08, 0x41, 0x08, 0x41, 0x08, 0x41, 0x08, 0x41, 0x08, 0x41, 0x08, 0x41,
    0x08, 0x41, 0x08, 0x41, 0x08, 0x41, 0x08, 0x41, 0x08, 0x41, 0x08, 0x41, 0x08, 0x41, 0x08, 0x41,
    0x08, 0x41, 0x08, 0x41, 0x08, 0x41, 0x08, 0x41, 0x08, 0x41, 0x08, 0x41, 0x08, 0x41, 0x08, 0x41,
    0x08, 0x41, 0x08, 0x41, 0x08, 0x41, 0x08, 0x41, 0x08, 0x41, 0x08, 0x41, 0x08, 0x41, 0x08, 0x41,
    0x08, 0x41, 0x08, 0x41, 0x08, 0x41, 0x08, 0x41, 0x08, 0x41, 0x08, 0x41, 0x08, 0x41, 0x08, 0x41,
    0x08, 0x41, 0x08, 0x41, 0x08, 0x41, 0x08, 0x41, 0x08, 0x41, 0x08, 0x41, 0x08, 0x41, 0x08, 0x41,
    0x08, 0x41, 0x08, 0x41, 0x08, 0x41, 0x08, 0x41, 0x08, 0x41, 0x08, 0x41, 0x08, 0x41, 0x08, 0x41,
    0x08, 0x41, 0x08, 0x41, 0x08, 0x41, 0x08, 0x41, 0x08, 0x41, 0x08, 0x41, 0x08, 0x41, 0x08, 0x41,
    0x08, 0x41, 0x08, 0x41, 0x08, 0x41, 0x08, 0x41, 0x08, 0x41, 0x08, 0x41, 0x08, 0x41, 0x08, 0x41,
    0x08, 0x41, 0x08, 0x41, 0x08, 0x41, 0x08, 0x41, 0x08, 0x41, 0x08, 0x41, 0x08, 0x41, 0x08, 0x41,
    0x08, 0x41, 0x08, 0x41, 0x08, 0x41, 0x08, 0x41, 0x08, 0x41, 0x08, 0x41, 0x08, 0x41, 0x08, 0x41,
    0x08, 0x41, 0x08, 0x41, 0x08, 0x41, 0x08, 0x41, 0x08, 0x41, 0x08, 0x41, 0x08, 0x41, 0x08, 0x41,
    0x08, 0x41, 0x08, 0x41, 0x08, 0x41, 0x08, 0x41, 0x08, 0x41, 0x08, 0x41, 0x08, 0x41, 0x08, 0x41,
    0x08, 0x41, 0x08, 0x41, 0x08, 0x41, 0x08, 0x41, 0x08, 0x41, 0x08, 0x41, 0x08, 0x41, 0x08, 0x41,
    0x08, 0x41, 0x08, 0x41, 0x08, 0x41, 0x08, 0x41, 0x08, 0x41, 0x08, 0x41, 0x08, 0x41, 0x08, 0x41,
    0x08, 0x41, 0x08, 0x41, 0x08, 0x41, 0x08, 0x41, 0x08, 0x41, 0x08, 0x41, 0x08, 0x41, 0x08, 0x41,
    0x08, 0x41, 0x08, 0x41, 0x08, 0x41, 0x08, 0x41, 0x08, 0x41, 0x08, 0x41, 0x08, 0x41, 0x08, 0x41,
    0x08, 0x41, 0x08, 0x41, 0x08, 0x41, 0x08, 0x41, 0x08, 0x41, 0x08, 0x41, 0x08, 0x41, 0x08, 0x41,
    0x08, 0x41, 0x08, 0x41, 0x08, 0x41, 0x08, 0x41, 0x08, 0x41, 0x08, 0x41, 0x08, 0x41, 0x08, 0x41,
    0x08, 0x41, 0x08, 0x41, 0x08, 0x41, 0x08, 0x41, 0x08, 0x41, 0x08, 0x41, 0x08, 0x41, 0x08, 0x41,
    0x08, 0x41, 0x08, 0x41, 0x08, 0x41, 0x08, 0x41, 0x08, 0x41, 0x08, 0x41, 0x08, 0x41, 0x08, 0x41,
    0x08, 0x41, 0x08, 0x41, 0x08, 0x41, 0x08, 0x41, 0x08, 0x41, 0x08, 0x41, 0x08, 0x41, 0x08, 0x41,
    0x08, 0x41, 0x08, 0x41, 0x08, 0x41, 0x08, 0x41, 0x08, 0x41, 0x08, 0x41, 0x08, 0x41, 0x08, 0x41,
    0x08, 0x41, 0x08, 0x41, 0x08, 0x41, 0x08, 0x41, 0x08, 0x41, 0x08, 0x41, 0x08, 0x41, 0x08, 0x41,
    0x08, 0x41, 0x08, 0x41, 0x08, 0x41, 0x08, 0x41, 0x08, 0x41, 0x08, 0x41, 0x08, 0x41, 0x08, 0x41,
    0x08, 0x41, 0x08, 0x41, 0x08, 0x41, 0x08, 0x41, 0x08, 0x41, 0x08, 0x41, 0x08, 0x41, 0x08, 0x41,
    0x08, 0x41, 0x08, 0x41, 0x08, 0x41, 0x08, 0x41, 0x08, 0x41, 0x08, 0x41, 0x08, 0x41, 0x08, 0x41,
    0x08, 0x41, 0x08, 0x41, 0x08, 0x41, 0x08, 0x41, 0x08, 0x41, 0x08, 0x41, 0x08, 0x41, 0x08, 0x41,
    0x08, 0x41, 0x08, 0x41, 0x08, 0x41, 0x08, 0x41, 0x08, 0x41, 0x08, 0x41, 0x08, 0x41, 0x08, 0x41,
    0x08, 0x41, 0x08, 0x41, 0x08, 0x41, 0x08, 0x41, 0x08, 0x41, 0x08, 0x41, 0x08, 0x41, 0x08, 0x41,
    0x08, 0x41, 0x08, 0x41, 0x08, 0x41, 0x08, 0x41, 0x08, 0x41, 0x08, 0x41, 0x08, 0x41, 0x08, 0x41,
    0x08, 0x41, 0x08, 0x41, 0x08, 0x41, 0x08, 0x41, 0x08, 0x41, 0x08, 0x41, 0x08, 0x41, 0x08, 0x41,
    0x08, 0x41, 0x08, 0x41, 0x08, 0x41, 0x08, 0x41, 0x08, 0x41, 0x08, 0x41, 0x08, 0x41, 0x08, 0x41,
    0x08, 0x41, 0x08, 0x41, 0x08, 0x41, 0x08, 0x41, 0x08, 0x41, 0x08, 0x41, 0x08, 0x41, 0x08, 0x41,
    0x08, 0x41, 0x08, 0x41, 0x08, 0x41, 0x08, 0x41, 0x08, 0x41, 0x08, 0x41, 0x08, 0x41, 0x08, 0x41,
    0x08, 0x41, 0x08, 0x41, 0x08, 0x41, 0x08, 0x41, 0x08, 0x41, 0x08, 0x41, 0x08, 0x41, 0x08, 0x41,
    0x08, 0x41, 0x08, 0x41, 0x08, 0x41, 0x08, 0x41, 0x08, 0x41, 0x08, 0x41, 0x08, 0x41, 0x08, 0x41,
    0x08, 0x41, 0x08, 0x41, 0x08, 0x41, 0x08, 0x41, 0x08, 0x41, 0x08, 0x41, 0x08, 0x41, 0x08, 0x41,
    0x08, 0x41, 0x08, 0x41, 0x08, 0x41, 0x08, 0x41, 0x08, 0x41, 0x08, 0x41, 0x08, 0x41, 0x08, 0x41,
    0x08, 0x41, 0x08, 0x41, 0x08, 0x41, 0x08, 0x41, 0x08, 0x41, 0x08, 0x41, 0x08, 0x41, 0x08, 0x41,
    0x08, 0x41, 0x08, 0x41, 0x08, 0x41, 0x08, 0x41, 0x08, 0x41, 0x08, 0x41, 0x08, 0x41, 0x08, 0x41,
    0x08, 0x41, 0x08, 0x41, 0x08, 0x41, 0x08, 0x41, 0x08, 0x41, 0x08, 0x41, 0x08, 0x41, 0x08, 0x41,
    0x08, 0x41, 0x08, 0x41, 0x08, 0x41, 0x08, 0x41, 0x08, 0x41, 0x08, 0x41, 0x08, 0x41, 0x08, 0x41,
    0x08, 0x41, 0x08, 0x41, 0x08, 0x41, 0x08, 0x41, 0x08, 0x41, 0x08, 0x41, 0x08, 0x41, 0x08, 0x41,
    0x08, 0x41, 0x08, 0x41, 0x08, 0x41, 0x08, 0x41, 0x08, 0x41, 0x08, 0x41, 0x08, 0x41, 0x08, 0x41,
    0x08, 0x41, 0x08, 0x41, 0x08, 0x41, 0x08, 0x41, 0x08, 0x41, 0x08, 0x41, 0x08, 0x41, 0x08, 0x41,
    0x08, 0x41, 0x08, 0x41, 0x08, 0x41, 0x08, 0x41, 0x08, 0x41, 0x08, 0x41, 0x08, 0x41, 0x08, 0x41,
    0x08, 0x41, 0x08, 0x41, 0x08, 0x41, 0x08, 0x41, 0x08, 0x41, 0x08, 0x41, 0x08, 0x41, 0x08, 0x41,
    0x08, 0x41, 0x08, 0x41, 0x08, 0x41, 0x08, 0x41, 0x08, 0x41, 0x08, 0x41, 0x08, 0x41, 0x08, 0x41,
    0x08, 0x41, 0x08, 0x41, 0x08, 0x41, 0x08, 0x41, 0x08, 0x41, 0x08, 0x41, 0x08, 0x41, 0x08, 0x41,
    0x08, 0x41, 0x08, 0x41, 0x08, 0x41, 0x08, 0x41, 0x08, 0x41, 0x08, 0x41, 0x08, 0x41, 0x08, 0x41,
    0x08, 0x41, 0x08, 0x41, 0x08, 0x41, 0x08, 0x41, 0x08, 0x41, 0x08, 0x41, 0x08, 0x41, 0x08, 0x41,
    0x08, 0x41, 0x08, 0x41, 0x08, 0x41, 0x08, 0x41, 0x08, 0x41, 0x08, 0x41, 0x08, 0x41, 0x08, 0x41,
    0x08, 0x41, 0x08, 0x41, 0x08, 0x41, 0x08, 0x41, 0x08, 0x41, 0x08, 0x41, 0x08, 0x41, 0x08, 0x41,
    0x08, 0x41, 0x08, 0x41, 0x08, 0x41, 0x08, 0x41, 0x08, 0x41, 0x08, 0x41, 0x08, 0x41, 0x08, 0x41,
    0x08, 0x41, 0x08, 0x41, 0x08, 0x41, 0x08, 0x41, 0x08, 0x41, 0x08, 0x41, 0x08, 0x41, 0x08, 0x41,
    0x08, 0x41, 0x08, 0x41, 0x08, 0x41, 0x08, 0x41, 0x08, 0x41, 0x08, 0x41, 0x08, 0x41, 0x08, 0x41,
    0x08, 0x41, 0x08, 0x41, 0x08, 0x41, 0x08, 0x41, 0x08, 0x41, 0x08, 0x41, 0x08, 0x41, 0x08, 0x41,
    0x08, 0x41, 0x08, 0x41, 0x08, 0x41, 0x08, 0x41, 0x08, 0x41, 0x08, 0x41, 0x08, 0x41, 0x08, 0x41,
    0x08, 0x41, 0x08, 0x41, 0x08, 0x41, 0x08, 0x41, 0x08, 0x41, 0x08, 0x41, 0x08, 0x41, 0x08, 0x41,
    0x08, 0x41, 0x08, 0x41, 0x08, 0x41, 0x08, 0x41, 0x08, 0x41, 0x08, 0x41, 0x08, 0x41, 0x08, 0x41,
    0x08, 0x41, 0x08, 0x41, 0x08, 0x41, 0x08, 0x41, 0x08, 0x41, 0x08, 0x41, 0x08, 0x41, 0x08, 0x41,
    0x08, 0x41, 0x08, 0x41, 0x08, 0x41, 0x08, 0x41, 0x08, 0x41, 0x08, 0x41, 0x08, 0x41, 0x08, 0x41,
    0x08, 0x41, 0x08, 0x41, 0x08, 0x41, 0x08, 0x41, 0x08, 0x41, 0x08, 0x41, 0x08, 0x41, 0x08, 0x41,
    0x08, 0x41, 0x08, 0x41, 0x08, 0x41, 0x08, 0x41, 0x08, 0x41, 0x08, 0x41, 0x08, 0x41, 0x08, 0x41,
    0x08, 0x41, 0x08, 0x41, 0x08, 0x41, 0x08, 0x41, 0x08, 0x41, 0x08, 0x41, 0x08, 0x41, 0x08, 0x41,
    0x08, 0x41, 0x08, 0x41, 0x08, 0x41, 0x08, 0x41, 0x08, 0x41, 0x08, 0x41, 0x08, 0x41, 0x08, 0x41,
    0x08, 0x41, 0x08, 0x41, 0x08, 0x41, 0x08, 0x41, 0x08, 0x41, 0x08, 0x41, 0x08, 0x41, 0x08, 0x41,
    0x08, 0x41, 0x08, 0x41, 0x08, 0x41, 0x08, 0x41, 0x08, 0x41, 0x08, 0x41, 0x08, 0x41, 0x08, 0x41,
    0x08, 0x41, 0x08, 0x41, 0x08, 0x41, 0x08, 0x41, 0x08, 0x41, 0x08, 0x41, 0x08, 0x41, 0x08, 0x41,
    0x08, 0x41, 0x08, 0x41, 0x08, 0x41, 0x08, 0x41, 0x08, 0x41, 0x08, 0x41, 0x08, 0x41, 0x08, 0x41,
    0x08, 0x41, 0x08, 0x41, 0x08, 0x41, 0x08, 0x41, 0x08, 0x41, 0x08, 0x41, 0x08, 0x41, 0x08, 0x41,
    0x08, 0x41, 0x08, 0x41, 0x08, 0x41, 0x08, 0x41, 0x08, 0x41, 0x08, 0x41, 0x08, 0x41, 0x08, 0x41,
    0x08, 0x41, 0x08, 0x41, 0x08, 0x41, 0x08, 0x41, 0x08, 0x41, 0x08, 0x41, 0x08, 0x41, 0x08, 0x41,
    0x08, 0x41, 0x08, 0x41, 0x08, 0x41, 0x08, 0x41, 0x08, 0x41, 0x08, 0x41, 0x08, 0x41, 0x08, 0x41,
    0x08, 0x41, 0x08, 0x41, 0x08, 0x41, 0x08, 0x41, 0x08, 0x41, 0x08, 0x41, 0x08, 0x41, 0x08, 0x41,
    0x08, 0x41, 0x08, 0x41, 0x08, 0x41, 0x08, 0x41, 0x08, 0x41, 0x08, 0x41, 0x08, 0x41, 0x08, 0x41,
    0x08, 0x41, 0x08, 0x41, 0x08, 0x41, 0x08, 0x41, 0x08, 0x41, 0x08, 0x41, 0x08, 0x41, 0x08, 0x41,
    0x08, 0x41, 0x08, 0x41, 0x08, 0x41, 0x08, 0x41, 0x08, 0x41, 0x08, 0x41, 0x08, 0x41, 0x08, 0x41,
    0x08, 0x41, 0x08, 0x41, 0x08, 0x41, 0x08, 0x41, 0x08, 0x41, 0x08, 0x41, 0x08, 0x41, 0x08, 0x41,
    0x08, 0x41, 0x08, 0x41, 0x08, 0x41, 0x08, 0x41, 0x08, 0x41, 0x08, 0x41, 0x08, 0x41, 0x08, 0x41,
    0x08, 0x41, 0x08, 0x41, 0x08, 0x41, 0x08, 0x41, 0x08, 0x41, 0x08, 0x41, 0x08, 0x41, 0x08, 0x41,
    0x08, 0x41, 0x08, 0x41, 0x08, 0x41, 0x08, 0x41, 0x08, 0x41, 0x08, 0x41, 0x08, 0x41, 0x08, 0x41,
    0x08, 0x41, 0x08, 0x41, 0x08, 0x41, 0x08, 0x41, 0x08, 0x41, 0x08, 0x41, 0x08, 0x41, 0x08, 0x41,
    0x08, 0x41, 0x08, 0x41, 0x08, 0x41, 0x08, 0x41, 0x08, 0x41, 0x08, 0x41, 0x08, 0x41, 0x08, 0x41,
    0x08, 0x41, 0x08, 0x41, 0x08, 0x41, 0x08, 0x41, 0x08, 0x41, 0x08, 0x41, 0x08, 0x41, 0x08, 0x41,
    0x08, 0x41, 0x08, 0x41, 0x08, 0x41, 0x08, 0x41, 0x08, 0x41, 0x08, 0x41, 0x08, 0x41, 0x08, 0x41,
    0x08, 0x41, 0x08, 0x41, 0x08, 0x41, 0x08, 0x41, 0x08, 0x41, 0x08, 0x41, 0x08, 0x41, 0x08, 0x41,
    0x08, 0x41, 0x08, 0x41, 0x08, 0x41, 0x08, 0x41, 0x08, 0x41, 0x08, 0x41, 0x08, 0x41, 0x08, 0x41,
    0x08, 0x41, 0x08, 0x41, 0x08, 0x41, 0x08, 0x41, 0x08, 0x41, 0x08, 0x41, 0x08, 0x41, 0x08, 0x41,
    0x08, 0x41, 0x08, 0x41, 0x08, 0x41, 0x08, 0x41, 0x08, 0x41, 0x08, 0x41, 0x08, 0x41, 0x08, 0x41,
    0x08, 0x41, 0x08, 0x41, 0x08, 0x41, 0x08, 0x41, 0x08, 0x41, 0x08, 0x41, 0x08, 0x41, 0x08, 0x41,
    0x08, 0x41, 0x08, 0x41, 0x08, 0x41, 0x08, 0x41, 0x08, 0x41, 0x08, 0x41, 0x08, 0x41, 0x08, 0x41,
    0x08, 0x41, 0x08, 0x41, 0x08, 0x41, 0x08, 0x41, 0x08, 0x41, 0x08, 0x41, 0x08, 0x41, 0x08, 0x41,
    0x08, 0x41, 0x08, 0x41, 0x08, 0x41, 0x08, 0x41, 0x08, 0x41, 0x08, 0x41, 0x08, 0x41, 0x08, 0x41,
    0x08, 0x41, 0x08, 0x41, 0x08, 0x41, 0x08, 0x41, 0x08, 0x41, 0x08, 0x41, 0x08, 0x41, 0x08, 0x41,
    0x08, 0x41, 0x08, 0x41, 0x08, 0x41, 0x08, 0x41, 0x08, 0x41, 0x08, 0x41, 0x08, 0x41, 0x08, 0x41,
    0x08, 0x41, 0x08, 0x41, 0x08, 0x41, 0x08, 0x41, 0x08, 0x41, 0x08, 0x41, 0x08, 0x41, 0x08, 0x41,
    0x08, 0x41, 0x08, 0x41, 0x08, 0x41, 0x08, 0x41, 0x08, 0x41, 0x08, 0x41, 0x08, 0x41, 0x08, 0x41,
    0x08, 0x41, 0x08, 0x41, 0x08, 0x41, 0x08, 0x41, 0x08, 0x41, 0x08, 0x41, 0x08, 0x41, 0x08, 0x41,
    0x08, 0x41, 0x08, 0x41, 0x08, 0x41, 0x08, 0x41, 0x08, 0x41, 0x08, 0x41, 0x08, 0x41, 0x08, 0x41,
    0x08, 0x41, 0x08, 0x41, 0x08, 0x41, 0x08, 0x41, 0x08, 0x41, 0x08, 0x41, 0x08, 0x41, 0x08, 0x41,
    0x08, 0x41, 0x08, 0x41, 0x08, 0x41, 0x08, 0x41, 0x08, 0x41, 0x08, 0x41, 0x08, 0x41, 0x08, 0x41,
    0x08, 0x41, 0x08, 0x41, 0x08, 0x41, 0x08, 0x41, 0x08, 0x41, 0x08, 0x41, 0x08, 0x41, 0x08, 0x41,
    0x08, 0x41, 0x08, 0x41, 0x08, 0x41, 0x08, 0x41, 0x08, 0x41, 0x08, 0x41, 0x08, 0x41, 0x08, 0x41,
    0x08, 0x41, 0x08, 0x41, 0x08, 0x41, 0x08, 0x41, 0x08, 0x41, 0x08, 0x41, 0x08, 0x41, 0x08, 0x41,
    0x08, 0x41, 0x08, 0x41, 0x08, 0x41, 0x08, 0x41, 0x08, 0x41, 0x08, 0x41, 0x08, 0x41, 0x08, 0x41,
    0x08, 0x41, 0x08, 0x41, 0x08, 0x41, 0x08, 0x41, 0x08, 0x41, 0x08, 0x41, 0x08, 0x41, 0x08, 0x41,
    0x08, 0x41, 0x08, 0x41, 0x08, 0x41, 0x08, 0x41, 0x08, 0x41, 0x08, 0x41, 0x08, 0x41, 0x08, 0x41,
    0x08, 0x41, 0x08, 0x41, 0x08, 0x41, 0x08, 0x41, 0x08, 0x41, 0x08, 0x41, 0x08, 0x41, 0x08, 0x41,
    0x08, 0x41, 0x08, 0x41, 0x08, 0x41, 0x08, 0x41, 0x08, 0x41, 0x08, 0x41, 0x08, 0x41, 0x08, 0x41,
    0x08, 0x41, 0x08, 0x41, 0x08, 0x41, 0x08, 0x41, 0x08, 0x41, 0x08, 0x41, 0x08, 0x41, 0x08, 0x41,
    0x08, 0x41, 0x08, 0x41, 0x08, 0x41, 0x08, 0x41, 0x08, 0x41, 0x08, 0x41, 0x08, 0x41, 0x08, 0x41,
    0x08, 0x41, 0x08, 0x41, 0x08, 0x41, 0x08, 0x41, 0x08, 0x41, 0x08, 0x41, 0x08, 0x41, 0x08, 0x41,
    0x08, 0x41, 0x08, 0x41, 0x08, 0x41, 0x08, 0x41, 0x08, 0x41, 0x08, 0x41, 0x08, 0x41, 0x08, 0x41,
    0x08, 0x41, 0x08, 0x41, 0x08, 0x41, 0x08, 0x41, 0x08, 0x41, 0x08, 0x41, 0x08, 0x41, 0x08, 0x41,
    0x08, 0x41, 0x08, 0x41, 0x08, 0x41, 0x08, 0x41, 0x08, 0x41, 0x08, 0x41, 0x08, 0x41, 0x08, 0x41,
    0x08, 0x41, 0x08, 0x41, 0x08, 0x41, 0x08, 0x41, 0x08, 0x41, 0x08, 0x41, 0x08, 0x41, 0x08, 0x41,
    0x08, 0x41, 0x08, 0x41, 0x08, 0x41, 0x08, 0x41, 0x08, 0x41, 0x08, 0x41, 0x08, 0x41, 0x08, 0x41,
    0x08, 0x41, 0x08, 0x41, 0x08, 0x41, 0x08, 0x41, 0x08, 0x41, 0x08, 0x41, 0x08, 0x41, 0x08, 0x41,
    0x08, 0x41, 0x08, 0x41, 0x08, 0x41, 0x08, 0x41, 0x08, 0x41, 0x08, 0x41, 0x08, 0x41, 0x08, 0x41,
    0x08, 0x41, 0x08, 0x41, 0x08, 0x41, 0x08, 0x41, 0x08, 0x41, 0x08, 0x41, 0x08, 0x41, 0x08, 0x41,
    0x08, 0x41, 0x08, 0x41, 0x08, 0x41, 0x08, 0x41, 0x08, 0x41, 0x08, 0x41, 0x08, 0x41, 0x08, 0x41,
    0x08, 0x41, 0x08, 0x41, 0x08, 0x41, 0x08, 0x41, 0x08, 0x41, 0x08, 0x41, 0x08, 0x41, 0x08, 0x41,
    0x08, 0x41, 0x08, 0x41, 0x08, 0x41, 0x08, 0x41, 0x08, 0x41, 0x08, 0x41, 0x08, 0x41, 0x08, 0x41,
    0x08, 0x41, 0x08, 0x41, 0x08, 0x41, 0x08, 0x41, 0x08, 0x41, 0x08, 0x41, 0x08, 0x41, 0x08, 0x41,
    0x08, 0x41, 0x08, 0x41, 0x08, 0x41, 0x08, 0x41, 0x08, 0x41, 0x08, 0x41, 0x08, 0x41, 0x08, 0x41,
    0x08, 0x41, 0x08, 0x41, 0x08, 0x41, 0x08, 0x41, 0x08, 0x41, 0x08, 0x41, 0x08, 0x41, 0x08, 0x41,
    0x08, 0x41, 0x08, 0x41, 0x08, 0x41, 0x08, 0x41, 0x08, 0x41, 0x08, 0x41, 0x08, 0x41, 0x08, 0x41,
    0x08, 0x41, 0x08, 0x41, 0x08, 0x41, 0x08, 0x41, 0x08, 0x41, 0x08, 0x41, 0x08, 0x41, 0x08, 0x41,
    0x08, 0x41, 0x08, 0x41, 0x08, 0x41, 0x08, 0x41, 0x08, 0x41, 0x08, 0x41, 0x08, 0x41, 0x08, 0x41,
    0x08, 0x41, 0x08, 0x41, 0x08, 0x41, 0x08, 0x41, 0x08, 0x41, 0x08, 0x41, 0x08, 0x41, 0x08, 0x41,
    0x08, 0x41, 0x08, 0x41, 0x08, 0x41, 0x08, 0x41, 0x08, 0x41, 0x08, 0x41, 0x08, 0x41, 0x08, 0x41,
    0x08, 0x41, 0x08, 0x41, 0x08, 0x41, 0x08, 0x41, 0x08, 0x41, 0x08, 0x41, 0x08, 0x41, 0x08, 0x41,
    0x08, 0x41, 0x08, 0x41, 0x08, 0x41, 0x08, 0x41, 0x08, 0x41, 0x08, 0x41, 0x08, 0x41, 0x08, 0x41,
    0x08, 0x41, 0x08, 0x41, 0x08, 0x41, 0x08, 0x41, 0x08, 0x41, 0x08, 0x41, 0x08, 0x41, 0x08, 0x41,
    0x08, 0x41, 0x08, 0x41, 0x08, 0x41, 0x08, 0x41, 0x08, 0x41, 0x08, 0x41, 0x08, 0x41, 0x08, 0x41,
    0x08, 0x41, 0x08, 0x41, 0x08, 0x41, 0x08, 0x41, 0x08, 0x41, 0x08, 0x41, 0x08, 0x41, 0x08, 0x41,
    0x08, 0x41, 0x08, 0x41, 0x08, 0x41, 0x08, 0x41, 0x08, 0x41, 0x08, 0x41, 0x08, 0x41, 0x08, 0x41,
    0x08, 0x41, 0x08, 0x41, 0x08, 0x41, 0x08, 0x41, 0x08, 0x41, 0x08, 0x41, 0x08, 0x41, 0x08, 0x41,
    0x08, 0x41, 0x08, 0x41, 0x08, 0x41, 0x08, 0x41, 0x08, 0x41, 0x08, 0x41, 0x08, 0x41, 0x08, 0x41,
    0x08, 0x41, 0x08, 0x41, 0x08, 0x41, 0x08, 0x41, 0x08, 0x41, 0x08, 0x41, 0x08, 0x41, 0x08, 0x41,
    0x08, 0x41, 0x08, 0x41, 0x08, 0x41, 0x08, 0x41, 0x08, 0x41, 0x08, 0x41, 0x08, 0x41, 0x08, 0x41,
    0x08, 0x41, 0x08, 0x41, 0x08, 0x41, 0x08, 0x41, 0x08, 0x41, 0x08, 0x41, 0x08, 0x41, 0x08, 0x41,
    0x08, 0x41, 0x08, 0x41, 0x08, 0x41, 0x08, 0x41, 0x08, 0x41, 0x08, 0x41, 0x08, 0x41, 0x08, 0x41,
    0x08, 0x41, 0x08, 0x41, 0x08, 0x41, 0x08, 0x41, 0x08, 0x41, 0x08, 0x41, 0x08, 0x41, 0x08, 0x41,
    0x08, 0x41, 0x08, 0x41, 0x08, 0x41, 0x08, 0x41, 0x08, 0x41, 0x08, 0x41, 0x08, 0x41, 0x08, 0x41,
    0x08, 0x41, 0x08, 0x41, 0x08, 0x41, 0x08, 0x41, 0x08, 0x41, 0x08, 0x41, 0x08, 0x41, 0x08, 0x41,
    0x08, 0x41, 0x08, 0x41, 0x08, 0x41, 0x08, 0x41, 0x08, 0x41, 0x08, 0x41, 0x08, 0x41, 0x08, 0x41,
    0x08, 0x41, 0x08, 0x41, 0x08, 0x41, 0x08, 0x41, 0x08, 0x41, 0x08, 0x41, 0x08, 0x41, 0x08, 0x41,
    0x08, 0x41, 0x08, 0x41, 0x08, 0x41, 0x08, 0x41, 0x08, 0x41, 0x08, 0x41, 0x08, 0x41, 0x08, 0x41,
    0x08, 0x41, 0x08, 0x41, 0x08, 0x41, 0x08, 0x41, 0x08, 0x41, 0x08, 0x41, 0x08, 0x41, 0x08, 0x41,
    0x08, 0x41, 0x08, 0x41, 0x08, 0x41, 0x08, 0x41, 0x08, 0x41, 0x08, 0x41, 0x08, 0x41, 0x08, 0x41,
    0x08, 0x41, 0x08, 0x41, 0x08, 0x41, 0x08, 0x41, 0x08, 0x41, 0x08, 0x41, 0x08, 0x41, 0x08, 0x41,
    0x08, 0x41, 0x08, 0x41, 0x08, 0x41, 0x08, 0x41, 0x08, 0x41, 0x08, 0x41, 0x08, 0x41, 0x08, 0x41,
    0x08, 0x41, 0x08, 0x41, 0x08, 0x41, 0x08, 0x41, 0x08, 0x41, 0x08, 0x41, 0x08, 0x41, 0x08, 0x41,
    0x08, 0x41, 0x08, 0x41, 0x08, 0x41, 0x08, 0x41, 0x08, 0x41, 0x08, 0x41, 0x08, 0x41, 0x08, 0x41,
    0x08, 0x41, 0x08, 0x41, 0x08, 0x41, 0x08, 0x41, 0x08, 0x41, 0x08, 0x41, 0x08, 0x41, 0x08, 0x41,
    0x08, 0x41, 0x08, 0x41, 0x08, 0x41, 0x08, 0x41, 0x08, 0x41, 0x08, 0x41, 0x08, 0x41, 0x08, 0x41,
    0x08, 0x41, 0x08, 0x41, 0x08, 0x41, 0x08, 0x41, 0x08, 0x41, 0x08, 0x41, 0x08, 0x41, 0x08, 0x41,
    0x08, 0x41, 0x08, 0x41, 0x08, 0x41, 0x08, 0x41, 0x08, 0x41, 0x08, 0x41, 0x08, 0x41, 0x08, 0x41,
    0x08, 0x41, 0x08, 0x41, 0x08, 0x41, 0x08, 0x41, 0x08, 0x41, 0x08, 0x41, 0x08, 0x41, 0x08, 0x41,
    0x08, 0x41, 0x08, 0x41, 0x08, 0x41, 0x08, 0x41, 0x08, 0x41, 0x08, 0x41, 0x08, 0x41, 0x08, 0x41,
    0x08, 0x41, 0x08, 0x41, 0x08, 0x41, 0x08, 0x41, 0x08, 0x41, 0x08, 0x41, 0x08, 0x41, 0x08, 0x41,
    0x08, 0x41, 0x08, 0x41, 0x08, 0x41, 0x08, 0x41, 0x08, 0x41, 0x08, 0x41, 0x08, 0x41, 0x08, 0x41,
    0x08, 0x41, 0x08, 0x41, 0x08, 0x41, 0x08, 0x41, 0x08, 0x41, 0x08, 0x41, 0x08, 0x41, 0x08, 0x41,
    0x08, 0x41, 0x08, 0x41, 0x08, 0x41, 0x08, 0x41, 0x08, 0x41, 0x08, 0x41, 0x08, 0x41, 0x08, 0x41,
    0x08, 0x41, 0x08, 0x41, 0x08, 0x41, 0x08, 0x41, 0x08, 0x41, 0x08, 0x41, 0x08, 0x41, 0x08, 0x41,
    0x08, 0x41, 0x08, 0x41, 0x08, 0x41, 0x08, 0x41, 0x08, 0x41, 0x08, 0x41, 0x08, 0x41, 0x08, 0x41,
    0x08, 0x41, 0x08, 0x41, 0x08, 0x41, 0x08, 0x41, 0x08, 0x41, 0x08, 0x41, 0x08, 0x41, 0x08, 0x41,
    0x08, 0x41, 0x08, 0x41, 0x08, 0x41, 0x08, 0x41, 0x08, 0x41, 0x08, 0x41, 0x08, 0x41, 0x08, 0x41,
    0x08, 0x41, 0x08, 0x41, 0x08, 0x41, 0x08, 0x41, 0x08, 0x41, 0x08, 0x41, 0x08, 0x41, 0x08, 0x41,
    0x08, 0x41, 0x08, 0x41, 0x08, 0x41, 0x08, 0x41, 0x08, 0x41, 0x08, 0x41, 0x08, 0x41, 0x08, 0x41,
    0x08, 0x41, 0x08, 0x41, 0x08, 0x41, 0x08, 0x41, 0x08, 0x41, 0x08, 0x41, 0x08, 0x41, 0x08, 0x41,
    0x08, 0x41, 0x08, 0x41, 0x08, 0x41, 0x08, 0x41, 0x08, 0x41, 0x08, 0x41, 0x08, 0x41, 0x08, 0x41,
    0x08, 0x41, 0x08, 0x41, 0x08, 0x41, 0x08, 0x41, 0x08, 0x41, 0x08, 0x41, 0x08, 0x41, 0x08, 0x41,
    0x08, 0x41, 0x08, 0x41, 0x08, 0x41, 0x08, 0x41, 0x08, 0x41, 0x08, 0x41, 0x08, 0x41, 0x08, 0x41,
    0x08, 0x41, 0x08, 0x41, 0x08, 0x41, 0x08, 0x41, 0x08, 0x41, 0x08, 0x41, 0x08, 0x41, 0x08, 0x41,
    0xef, 0x5c, 0xef, 0x5c, 0xef, 0x5c, 0xef, 0x5c, 0xef, 0x5c, 0xef, 0x5c, 0xef, 0x5c, 0xef, 0x5c,
    0xef, 0x5c, 0xef, 0x5c, 0xef, 0x5c, 0xef, 0x5c, 0xef, 0x5c, 0xef, 0x5c, 0xef, 0x5c, 0xef, 0x5c,
    0xef, 0x5c, 0xef, 0x5c, 0xef, 0x5c, 0xef, 0x5c, 0xef, 0x5c, 0xef, 0x5c, 0xef, 0x5c, 0xef, 0x5c,
    0xef, 0x5c, 0xef, 0x5c, 0xef, 0x5c, 0xef, 0x5c, 0xef, 0x5c, 0xef, 0x5c, 0xef, 0x5c, 0xef, 0x5c,
    0xef, 0x5c, 0xef, 0x5c, 0xef, 0x5c, 0xef, 0x5c, 0xef, 0x5c, 0xef, 0x5c, 0xef, 0x5c, 0xef, 0x5c,
    0xef, 0x5c, 0xef, 0x5c, 0xef, 0x5c, 0xef, 0x5c, 0xef, 0x5c, 0xef, 0x5c, 0xef, 0x5c, 0xef, 0x5c,
    0xef, 0x5c, 0xef, 0x5c, 0xef, 0x5c, 0xef, 0x5c, 0xef, 0x5c, 0xef, 0x5c, 0xef, 0x5c, 0xef, 0x5c,
    0xef, 0x5c, 0xef, 0x5c, 0xef, 0x5c, 0xef, 0x5c, 0xef, 0x5c, 0xef, 0x5c, 0xef, 0x5c, 0xef, 0x5c,
    0xef, 0x5c, 0xef, 0x5c, 0xef, 0x5c, 0xef, 0x5c, 0xef, 0x5c, 0xef, 0x5c, 0xef, 0x5c, 0xef, 0x5c,
    0xef, 0x5c, 0xef, 0x5c, 0xef, 0x5c, 0xef, 0x5c, 0xef, 0x5c, 0xef, 0x5c, 0xef, 0x5c, 0xef, 0x5c,
    0xef, 0x5c, 0xef, 0x5c, 0xef, 0x5c, 0xef, 0x5c, 0xef, 0x5c, 0xef, 0x5c, 0xef, 0x5c, 0xef, 0x5c,
    0xef, 0x5c, 0xef, 0x5c, 0xef, 0x5c, 0xef, 0x5c, 0xef, 0x5c, 0xef, 0x5c, 0xef, 0x5c, 0xef, 0x5c,
    0xef, 0x5c, 0xef, 0x5c, 0xef, 0x5c, 0xef, 0x5c, 0xef, 0x5c, 0xef, 0x5c, 0xef, 0x5c, 0xef, 0x5c,
    0xef, 0x5c, 0xef, 0x5c, 0xef, 0x5c, 0xef, 0x5c, 0xef, 0x5c, 0xef, 0x5c, 0xef, 0x5c, 0xef, 0x5c,
    0xef, 0x5c, 0xef, 0x5c, 0xef, 0x5c, 0xef, 0x5c, 0xef, 0x5c, 0xef, 0x5c, 0xef, 0x5c, 0xef, 0x5c,
    0xef, 0x5c, 0xef, 0x5c, 0xef, 0x5c, 0xef, 0x5c, 0xef, 0x5c, 0xef, 0x5c, 0xef, 0x5c, 0xef, 0x5c,
    0xef, 0x5c, 0xef, 0x5c, 0xef, 0x5c, 0xef, 0x5c, 0xef, 0x5c, 0xef, 0x5c, 0xef, 0x5c, 0xef, 0x5c,
    0xef, 0x5c, 0xef, 0x5c, 0xef, 0x5c, 0xef, 0x5c, 0xef, 0x5c, 0xef, 0x5c, 0xef, 0x5c, 0xef, 0x5c,
    0xef, 0x5c, 0xef, 0x5c, 0xef, 0x5c, 0xef, 0x5c, 0xef, 0x5c, 0xef, 0x5c, 0xef, 0x5c, 0xef, 0x5c,
    0xef, 0x5c, 0xef, 0x5c, 0xef, 0x5c, 0xef, 0x5c, 0xef, 0x5c, 0xef, 0x5c, 0xef, 0x5c, 0xef, 0x5c,
    0xef, 0x5c, 0xef, 0x5c, 0xef, 0x5c, 0xef, 0x5c, 0xef, 0x5c, 0xef, 0x5c, 0xef, 0x5c, 0xef, 0x5c,
    0xef, 0x5c, 0xef, 0x5c, 0xef, 0x5c, 0xef, 0x5c, 0xef, 0x5c, 0xef, 0x5c, 0xef, 0x5c, 0xef, 0x5c,
    0xef, 0x5c, 0xef, 0x5c, 0xef, 0x5c, 0xef, 0x5c, 0xef, 0x5c, 0xef, 0x5c, 0xef, 0x5c, 0xef, 0x5c,
    0xef, 0x5c, 0xef, 0x5c, 0xef, 0x5c, 0xef, 0x5c, 0xef, 0x5c, 0xef, 0x5c, 0xef, 0x5c, 0xef, 0x5c,
    0xef, 0x5c, 0xef, 0x5c, 0xef, 0x5c, 0xef, 0x5c, 0xef, 0x5c, 0xef, 0x5c, 0xef, 0x5c, 0xef, 0x5c,
    0xef, 0x5c, 0xef, 0x5c, 0xef, 0x5c, 0xef, 0x5c, 0xef, 0x5c, 0xef, 0x5c, 0xef, 0x5c, 0xef, 0x5c,
    0x08, 0x41, 0x08, 0x41, 0x08, 0x41, 0x08, 0x41, 0x08, 0x41, 0x08, 0x41, 0x08, 0x41, 0x08, 0x41,
    0x08, 0x41, 0x08, 0x41, 0x08, 0x41, 0x08, 0x41, 0x08, 0x41, 0x08, 0x41, 0x08, 0x41, 0x08, 0x41,
    0x08, 0x41, 0x08, 0x41, 0x08, 0x41, 0x08, 0x41, 0x08, 0x41, 0x08, 0x41, 0x08, 0x41, 0x08, 0x41,
    0x08, 0x41, 0x08, 0x41, 0x08, 0x41, 0x08, 0x41, 0x08, 0x41, 0x08, 0x41, 0x08, 0x41, 0x08, 0x41,
    0xef, 0x5c, 0x10, 0x82, 0x10, 0x82, 0x10, 0x82, 0x10, 0x82, 0x10, 0x82, 0x10, 0x82, 0x10, 0x82,
    0x10, 0x82, 0x10, 0x82, 0x10, 0x82, 0x10, 0x82, 0x10, 0x82, 0x10, 0x82, 0x10, 0x82, 0x10, 0x82,
    0x10, 0x82, 0x10, 0x82, 0x10, 0x82, 0x10, 0x82, 0x10, 0x82, 0x10, 0x82, 0x10, 0x82, 0x10, 0x82,
    0x10, 0x82, 0x10, 0x82, 0x10, 0x82, 0x10, 0x82, 0x10, 0x82, 0x10, 0x82, 0x10, 0x82, 0x10, 0x82,
    0x10, 0x82, 0x10, 0x82, 0x10, 0x82, 0x10, 0x82, 0x10, 0x82, 0x10, 0x82, 0x10, 0x82, 0x10, 0x82,
    0x10, 0x82, 0x10, 0x82, 0x10, 0x82, 0x10, 0x82, 0x10, 0x82, 0x10, 0x82, 0x10, 0x82, 0x10, 0x82,
    0x10, 0x82, 0x10, 0x82, 0x10, 0x82, 0x10, 0x82, 0x10, 0x82, 0x10, 0x82, 0x10, 0x82, 0x10, 0x82,
    0x10, 0x82, 0x10, 0x82, 0x10, 0x82, 0x10, 0x82, 0x10, 0x82, 0x10, 0x82, 0x10, 0x82, 0x10, 0x82,
    0x10, 0x82, 0x10, 0x82, 0x10, 0x82, 0x10, 0x82, 0x10, 0x82, 0x10, 0x82, 0x10, 0x82, 0x10, 0x82,
    0x10, 0x82, 0x10, 0x82, 0x10, 0x82, 0x10, 0x82, 0x10, 0x82, 0x10, 0x82, 0x10, 0x82, 0x10, 0x82,
    0x10, 0x82, 0x10, 0x82, 0x10, 0x82, 0x10, 0x82, 0x10, 0x82, 0x10, 0x82, 0x10, 0x82, 0x10, 0x82,
    0x10, 0x82, 0x10, 0x82, 0x10, 0x82, 0x10, 0x82, 0x10, 0x82, 0x10, 0x82, 0x10, 0x82, 0x10, 0x82,
    0x10, 0x82, 0x10, 0x82, 0x10, 0x82, 0x10, 0x82, 0x10, 0x82, 0x10, 0x82, 0x10, 0x82, 0x10, 0x82,
    0x10, 0x82, 0x10, 0x82, 0x10, 0x82, 0x10, 0x82, 0x10, 0x82, 0x10, 0x82, 0x10, 0x82, 0x10, 0x82,
    0x10, 0x82, 0x10, 0x82, 0x10, 0x82, 0x10, 0x82, 0x10, 0x82, 0x10, 0x82, 0x10, 0x82, 0x10, 0x82,
    0x10, 0x82, 0x10, 0x82, 0x10, 0x82, 0x10, 0x82, 0x10, 0x82, 0x10, 0x82, 0x10, 0x82, 0x10, 0x82,
    0x10, 0x82, 0x10, 0x82, 0x10, 0x82, 0x10, 0x82, 0x10, 0x82, 0x10, 0x82, 0x10, 0x82, 0x10, 0x82,
    0x10, 0x82, 0x10, 0x82, 0x10, 0x82, 0x10, 0x82, 0x10, 0x82, 0x10, 0x82, 0x10, 0x82, 0x10, 0x82,
    0x10, 0x82, 0x10, 0x82, 0x10, 0x82, 0x10, 0x82, 0x10, 0x82, 0x10, 0x82, 0x10, 0x82, 0x10, 0x82,
    0x10, 0x82, 0x10, 0x82, 0x10, 0x82, 0x10, 0x82, 0x10, 0x82, 0x10, 0x82, 0x10, 0x82, 0x10, 0x82,
    0x10, 0x82, 0x10, 0x82, 0x10, 0x82, 0x10, 0x82, 0x10, 0x82, 0x10, 0x82, 0x10, 0x82, 0x10, 0x82,
    0x10, 0x82, 0x10, 0x82, 0x10, 0x82, 0x10, 0x82, 0x10, 0x82, 0x10, 0x82, 0x10, 0x82, 0x10, 0x82,
    0x10, 0x82, 0x10, 0x82, 0x10, 0x82, 0x10, 0x82, 0x10, 0x82, 0x10, 0x82, 0x10, 0x82, 0x10, 0x82,
    0x10, 0x82, 0x10, 0x82, 0x10, 0x82, 0x10, 0x82, 0x10, 0x82, 0x10, 0x82, 0x10, 0x82, 0x10, 0x82,
    0x10, 0x82, 0x10, 0x82, 0x10, 0x82, 0x10, 0x82, 0x10, 0x82, 0x10, 0x82, 0x10, 0x82, 0x10, 0x82,
    0x10, 0x82, 0x10, 0x82, 0x10, 0x82, 0x10, 0x82, 0x10, 0x82, 0x10, 0x82, 0x10, 0x82, 0xef, 0x5c,
    0x08, 0x41, 0x08, 0x41, 0x08, 0x41, 0x08, 0x41, 0x08, 0x41, 0x08, 0x41, 0x08, 0x41, 0x08, 0x41,
    0x08, 0x41, 0x08, 0x41, 0x08, 0x41, 0x08, 0x41, 0x08, 0x41, 0x08, 0x41, 0x08, 0x41, 0x08, 0x41,
    0x08, 0x41, 0x08, 0x41, 0x08, 0x41, 0x08, 0x41, 0x08, 0x41, 0x08, 0x41, 0x08, 0x41, 0x08, 0x41,
    0x08, 0x41, 0x08, 0x41, 0x08, 0x41, 0x08, 0x41, 0x08, 0x41, 0x08, 0x41, 0x08, 0x41, 0x08, 0x41,
    0xef, 0x5c, 0x10, 0x82, 0x10, 0x82, 0x10, 0x82, 0x10, 0x82, 0x10, 0x82, 0x10, 0x82, 0x10, 0x82,
    0x10, 0x82, 0x10, 0x82, 0x10, 0x82, 0x10, 0x82, 0x10, 0x82, 0x10, 0x82, 0x10, 0x82, 0x10, 0x82,
    0x10, 0x82, 0x10, 0x82, 0x10, 0x82, 0x10, 0x82, 0x10, 0x82, 0x10, 0x82, 0x10, 0x82, 0x10, 0x82,
    0x10, 0x82, 0x10, 0x82, 0x10, 0x82, 0x10, 0x82, 0x10, 0x82, 0x10, 0x82, 0x10, 0x82, 0x10, 0x82,
    0x10, 0x82, 0x10, 0x82, 0x10, 0x82, 0x10, 0x82, 0x10, 0x82, 0x10, 0x82, 0x10, 0x82, 0x10, 0x82,
    0x10, 0x82, 0x10, 0x82, 0x10, 0x82, 0x10, 0x82, 0x10, 0x82, 0x10, 0x82, 0x10, 0x82, 0x10, 0x82,
    0x10, 0x82, 0x10, 0x82, 0x10, 0x82, 0x10, 0x82, 0x10, 0x82, 0x10, 0x82, 0x10, 0x82, 0x10, 0x82,
    0x10, 0x82, 0x10, 0x82, 0x10, 0x82, 0x10, 0x82, 0x10, 0x82, 0x10, 0x82, 0x10, 0x82, 0x10, 0x82,
    0x10, 0x82, 0x10, 0x82, 0x10, 0x82, 0x10, 0x82, 0x10, 0x82, 0x10, 0x82, 0x10, 0x82, 0x10, 0x82,
    0x10, 0x82, 0x10, 0x82, 0x10, 0x82, 0x10, 0x82, 0x10, 0x82, 0x10, 0x82, 0x10, 0x82, 0x10, 0x82,
    0x10, 0x82, 0x10, 0x82, 0x10, 0x82, 0x10, 0x82, 0x10, 0x82, 0x10, 0x82, 0x10, 0x82, 0x10, 0x82,
    0x10, 0x82, 0x10, 0x82, 0x10, 0x82, 0x10, 0x82, 0x10, 0x82, 0x10, 0x82, 0x10, 0x82, 0x10, 0x82,
    0x10, 0x82, 0x10, 0x82, 0x10, 0x82, 0x10, 0x82, 0x10, 0x82, 0x10, 0x82, 0x10, 0x82, 0x10, 0x82,
    0x10, 0x82, 0x10, 0x82, 0x10, 0x82, 0x10, 0x82, 0x10, 0x82, 0x10, 0x82, 0x10, 0x82, 0x10, 0x82,
    0x10, 0x82, 0x10, 0x82, 0x10, 0x82, 0x10, 0x82, 0x10, 0x82, 0x10, 0x82, 0x10, 0x82, 0x10, 0x82,
    0x10, 0x82, 0x10, 0x82, 0x10, 0x82, 0x10, 0x82, 0x10, 0x82, 0x10, 0x82, 0x10, 0x82, 0x10, 0x82,
    0x10, 0x82, 0x10, 0x82, 0x10, 0x82, 0x10, 0x82, 0x10, 0x82, 0x10, 0x82, 0x10, 0x82, 0x10, 0x82,
    0x10, 0x82, 0x10, 0x82, 0x10, 0x82, 0x10, 0x82, 0x10, 0x82, 0x10, 0x82, 0x10, 0x82, 0x10, 0x82,
    0x10, 0x82, 0x10, 0x82, 0x10, 0x82, 0x10, 0x82, 0x10, 0x82, 0x10, 0x82, 0x10, 0x82, 0x10, 0x82,
    0x10, 0x82, 0x10, 0x82, 0x10, 0x82, 0x10, 0x82, 0x10, 0x82, 0x10, 0x82, 0x10, 0x82, 0x10, 0x82,
    0x10, 0x82, 0x10, 0x82, 0x10, 0x82, 0x10, 0x82, 0x10, 0x82, 0x10, 0x82, 0x10, 0x82, 0x10, 0x82,
    0x10, 0x82, 0x10, 0x82, 0x10, 0x82, 0x10, 0x82, 0x10, 0x82, 0x10, 0x82, 0x10, 0x82, 0x10, 0x82,
    0x10, 0x82, 0x10, 0x82, 0x10, 0x82, 0x10, 0x82, 0x10, 0x82, 0x10, 0x82, 0x10, 0x82, 0x10, 0x82,
    0x10, 0x82, 0x10, 0x82, 0x10, 0x82, 0x10, 0x82, 0x10, 0x82, 0x10, 0x82, 0x10, 0x82, 0x10, 0x82,
    0x10, 0x82, 0x10, 0x82, 0x10, 0x82, 0x10, 0x82, 0x10, 0x82, 0x10, 0x82, 0x10, 0x82, 0x10, 0x82,
    0x10, 0x82, 0x10, 0x82, 0x10, 0x82, 0x10, 0x82, 0x10, 0x82, 0x10, 0x82, 0x10, 0x82, 0xef, 0x5c,
    0x08, 0x41, 0x08, 0x41, 0x08, 0x41, 0x08, 0x41, 0x08, 0x41, 0x08, 0x41, 0x08, 0x41, 0x08, 0x41,
    0x08, 0x41, 0x08, 0x41, 0x08, 0x41, 0x08, 0x41, 0x08, 0x41, 0x08, 0x41, 0x08, 0x41, 0x08, 0x41,
    0x08, 0x41, 0x08, 0x41, 0x08, 0x41, 0x08, 0x41, 0x08, 0x41, 0x08, 0x41, 0x08, 0x41, 0x08, 0x41,
    0x08, 0x41, 0x08, 0x41, 0x08, 0x41, 0x08, 0x41, 0x08, 0x41, 0x08, 0x41, 0x08, 0x41, 0x08, 0x41,
    0xef, 0x5c, 0x10, 0x82, 0x10, 0x82, 0x10, 0x82, 0x10, 0x82, 0x10, 0x82, 0x10, 0x82, 0x10, 0x82,
    0x10, 0x82, 0x10, 0x82, 0x10, 0x82, 0x10, 0x82, 0x10, 0x82, 0x10, 0x82, 0x10, 0x82, 0x10, 0x82,
    0x10, 0x82, 0x10, 0x82, 0x10, 0x82, 0x10, 0x82, 0x10, 0x82, 0x10, 0x82, 0x10, 0x82, 0x10, 0x82,
    0x10, 0x82, 0x10, 0x82, 0x10, 0x82, 0x10, 0x82, 0x10, 0x82, 0x10, 0x82, 0x10, 0x82, 0x10, 0x82,
    0x10, 0x82, 0x10, 0x82, 0x10, 0x82, 0x10, 0x82, 0x10, 0x82, 0x10, 0x82, 0x10, 0x82, 0x10, 0x82,
    0x10, 0x82, 0x10, 0x82, 0x10, 0x82, 0x10, 0x82, 0x10, 0x82, 0x10, 0x82, 0x10, 0x82, 0x10, 0x82,
    0x10, 0x82, 0x10, 0x82, 0x10, 0x82, 0x10, 0x82, 0x10, 0x82, 0x10, 0x82, 0x10, 0x82, 0x10, 0x82,
    0x10, 0x82, 0x10, 0x82, 0x10, 0x82, 0x10, 0x82, 0x10, 0x82, 0x10, 0x82, 0x10, 0x82, 0x10, 0x82,
    0x10, 0x82, 0x10, 0x82, 0x10, 0x82, 0x10, 0x82, 0x10, 0x82, 0x10, 0x82, 0x10, 0x82, 0x10, 0x82,
    0x10, 0x82, 0x10, 0x82, 0x10, 0x82, 0x10, 0x82, 0x10, 0x82, 0x10, 0x82, 0x10, 0x82, 0x10, 0x82,
    0x10, 0x82, 0x10, 0x82, 0x10, 0x82, 0x10, 0x82, 0x10, 0x82, 0x10, 0x82, 0x10, 0x82, 0x10, 0x82,
    0x10, 0x82, 0x10, 0x82, 0x10, 0x82, 0x10, 0x82, 0x10, 0x82, 0x10, 0x82, 0x10, 0x82, 0x10, 0x82,
    0x10, 0x82, 0x10, 0x82, 0x10, 0x82, 0x10, 0x82, 0x10, 0x82, 0x10, 0x82, 0x10, 0x82, 0x10, 0x82,
    0x10, 0x82, 0x10, 0x82, 0x10, 0x82, 0x10, 0x82, 0x10, 0x82, 0x10, 0x82, 0x10, 0x82, 0x10, 0x82,
    0x10, 0x82, 0x10, 0x82, 0x10, 0x82, 0x10, 0x82, 0x10, 0x82, 0x10, 0x82, 0x10, 0x82, 0x10, 0x82,
    0x10, 0x82, 0x10, 0x82, 0x10, 0x82, 0x10, 0x82, 0x10, 0x82, 0x10, 0x82, 0x10, 0x82, 0x10, 0x82,
    0x10, 0x82, 0x10, 0x82, 0x10, 0x82, 0x10, 0x82, 0x10, 0x82, 0x10, 0x82, 0x10, 0x82, 0x10, 0x82,
    0x10, 0x82, 0x10, 0x82, 0x10, 0x82, 0x10, 0x82, 0x10, 0x82, 0x10, 0x82, 0x10, 0x82, 0x10, 0x82,
    0x10, 0x82, 0x10, 0x82, 0x10, 0x82, 0x10, 0x82, 0x10, 0x82, 0x10, 0x82, 0x10, 0x82, 0x10, 0x82,
    0x10, 0x82, 0x10, 0x82, 0x10, 0x82, 0x10, 0x82, 0x10, 0x82, 0x10, 0x82, 0x10, 0x82, 0x10, 0x82,
    0x10, 0x82, 0x10, 0x82, 0x10, 0x82, 0x10, 0x82, 0x10, 0x82, 0x10, 0x82, 0x10, 0x82, 0x10, 0x82,
    0x10, 0x82, 0x10, 0x82, 0x10, 0x82, 0x10, 0x82, 0x10, 0x82, 0x10, 0x82, 0x10, 0x82, 0x10, 0x82,
    0x10, 0x82, 0x10, 0x82, 0x10, 0x82, 0x10, 0x82, 0x10, 0x82, 0x10, 0x82, 0x10, 0x82, 0x10, 0x82,
    0x10, 0x82, 0x10, 0x82, 0x10, 0x82, 0x10, 0x82, 0x10, 0x82, 0x10, 0x82, 0x10, 0x82, 0x10, 0x82,
    0x10, 0x82, 0x10, 0x82, 0x10, 0x82, 0x10, 0x82, 0x10, 0x82, 0x10, 0x82, 0x10, 0x82, 0x10, 0x82,
    0x10, 0x82, 0x10, 0x82, 0x10, 0x82, 0x10, 0x82, 0x10, 0x82, 0x10, 0x82, 0x10, 0x82, 0xef, 0x5c,
    0x08, 0x41, 0x08, 0x41, 0x08, 0x41, 0x08, 0x41, 0x08, 0x41, 0x08, 0x41, 0x08, 0x41, 0x08, 0x41,
    0x08, 0x41, 0x08, 0x41, 0x08, 0x41, 0x08, 0x41, 0x08, 0x41, 0x08, 0x41, 0x08, 0x41, 0x08, 0x41,
    0x08, 0x41, 0x08, 0x41, 0x08, 0x41, 0x08, 0x41, 0x08, 0x41, 0x08, 0x41, 0x08, 0x41, 0x08, 0x41,
    0x08, 0x41, 0x08, 0x41, 0x08, 0x41, 0x08, 0x41, 0x08, 0x41, 0x08, 0x41, 0x08, 0x41, 0x08, 0x41,
    0xef, 0x5c, 0x10, 0x82, 0x10, 0x82, 0x10, 0x82, 0x10, 0x82, 0x10, 0x82, 0x10, 0x82, 0x10, 0x82,
    0x10, 0x82, 0x10, 0x82, 0x10, 0x82, 0x10, 0x82, 0x10, 0x82, 0x10, 0x82, 0x10, 0x82, 0x10, 0x82,
    0x10, 0x82, 0x10, 0x82, 0x10, 0x82, 0x10, 0x82, 0x10, 0x82, 0x10, 0x82, 0x10, 0x82, 0x10, 0x82,
    0x10, 0x82, 0x10, 0x82, 0x10, 0x82, 0x10, 0x82, 0x10, 0x82, 0x10, 0x82, 0x10, 0x82, 0x10, 0x82,
    0x10, 0x82, 0x10, 0x82, 0x10, 0x82, 0x10, 0x82, 0x10, 0x82, 0x10, 0x82, 0x10, 0x82, 0x10, 0x82,
    0x10, 0x82, 0x10, 0x82, 0x10, 0x82, 0x10, 0x82, 0x10, 0x82, 0x10, 0x82, 0x10, 0x82, 0x10, 0x82,
    0x10, 0x82, 0x10, 0x82, 0x10, 0x82, 0x10, 0x82, 0x10, 0x82, 0x10, 0x82, 0x10, 0x82, 0x10, 0x82,
    0x10, 0x82, 0x10, 0x82, 0x10, 0x82, 0x10, 0x82, 0x10, 0x82, 0x10, 0x82, 0x10, 0x82, 0x10, 0x82,
    0x10, 0x82, 0x10, 0x82, 0x10, 0x82, 0x10, 0x82, 0x10, 0x82, 0x10, 0x82, 0x10, 0x82, 0x10, 0x82,
    0x10, 0x82, 0x10, 0x82, 0x10, 0x82, 0x10, 0x82, 0x10, 0x82, 0x10, 0x82, 0x10, 0x82, 0x10, 0x82,
    0x10, 0x82, 0x10, 0x82, 0x10, 0x82, 0x10, 0x82, 0x10, 0x82, 0x10, 0x82, 0x10, 0x82, 0x10, 0x82,
    0x10, 0x82, 0x10, 0x82, 0x10, 0x82, 0x10, 0x82, 0x10, 0x82, 0x10, 0x82, 0x10, 0x82, 0x10, 0x82,
    0x10, 0x82, 0x10, 0x82, 0x10, 0x82, 0x10, 0x82, 0x10, 0x82, 0x10, 0x82, 0x10, 0x82, 0x10, 0x82,
    0x10, 0x82, 0x10, 0x82, 0x10, 0x82, 0x10, 0x82, 0x10, 0x82, 0x10, 0x82, 0x10, 0x82, 0x10, 0x82,
    0x10, 0x82, 0x10, 0x82, 0x10, 0x82, 0x10, 0x82, 0x10, 0x82, 0x10, 0x82, 0x10, 0x82, 0x10, 0x82,
    0x10, 0x82, 0x10, 0x82, 0x10, 0x82, 0x10, 0x82, 0x10, 0x82, 0x10, 0x82, 0x10, 0x82, 0x10, 0x82,
    0x10, 0x82, 0x10, 0x82, 0x10, 0x82, 0x10, 0x82, 0x10, 0x82, 0x10, 0x82, 0x10, 0x82, 0x10, 0x82,
    0x10, 0x82, 0x10, 0x82, 0x10, 0x82, 0x10, 0x82, 0x10, 0x82, 0x10, 0x82, 0x10, 0x82, 0x10, 0x82,
    0x10, 0x82, 0x10, 0x82, 0x10, 0x82, 0x10, 0x82, 0x10, 0x82, 0x10, 0x82, 0x10, 0x82, 0x10, 0x82,
    0x10, 0x82, 0x10, 0x82, 0x10, 0x82, 0x10, 0x82, 0x10, 0x82, 0x10, 0x82, 0x10, 0x82, 0x10, 0x82,
    0x10, 0x82, 0x10, 0x82, 0x10, 0x82, 0x10, 0x82, 0x10, 0x82, 0x10, 0x82, 0x10, 0x82, 0x10, 0x82,
    0x10, 0x82, 0x10, 0x82, 0x10, 0x82, 0x10, 0x82, 0x10, 0x82, 0x10, 0x82, 0x10, 0x82, 0x10, 0x82,
    0x10, 0x82, 0x10, 0x82, 0x10, 0x82, 0x10, 0x82, 0x10, 0x82, 0x10, 0x82, 0x10, 0x82, 0x10, 0x82,
    0x10, 0x82, 0x10, 0x82, 0x10, 0x82, 0x10, 0x82, 0x10, 0x82, 0x10, 0x82, 0x10, 0x82, 0x10, 0x82,
    0x10, 0x82, 0x10, 0x82, 0x10, 0x82, 0x10, 0x82, 0x10, 0x82, 0x10, 0x82, 0x10, 0x82, 0x10, 0x82,
    0x10, 0x82, 0x10, 0x82, 0x10, 0x82, 0x10, 0x82, 0x10, 0x82, 0x10, 0x82, 0x10, 0x82, 0xef, 0x5c,
    0x08, 0x41, 0x08, 0x41, 0x08, 0x41, 0x08, 0x41, 0x08, 0x41, 0x08, 0x41, 0x08, 0x41, 0x08, 0x41,
    0x08, 0x41, 0x08, 0x41, 0x08, 0x41, 0x08, 0x41, 0x08, 0x41, 0x08, 0x41, 0x08, 0x41, 0x08, 0x41,
    0x08, 0x41, 0x08, 0x41, 0x08, 0x41, 0x08, 0x41, 0x08, 0x41, 0x08, 0x41, 0x08, 0x41, 0x08, 0x41,
    0x08, 0x41, 0x08, 0x41, 0x08, 0x41, 0x08, 0x41, 0x08, 0x41, 0x08, 0x41, 0x08, 0x41, 0x08, 0x41,
    0xef, 0x5c, 0x10, 0x82, 0x10, 0x82, 0x10, 0x82, 0x10, 0x82, 0x10, 0x82, 0x10, 0x82, 0x10, 0x82,
    0x10, 0x82, 0x10, 0x82, 0x10, 0x82, 0x10, 0x82, 0x10, 0x82, 0x10, 0x82, 0x10, 0x82, 0x10, 0x82,
    0x10, 0x82, 0x10, 0x82, 0x10, 0x82, 0x10, 0x82, 0x10, 0x82, 0x10, 0x82, 0x10, 0x82, 0x10, 0x82,
    0x10, 0x82, 0x10, 0x82, 0x10, 0x82, 0x10, 0x82, 0x10, 0x82, 0x10, 0x82, 0x10, 0x82, 0x10, 0x82,
    0x10, 0x82, 0x10, 0x82, 0x10, 0x82, 0x10, 0x82, 0x10, 0x82, 0x10, 0x82, 0x10, 0x82, 0x10, 0x82,
    0x10, 0x82, 0x10, 0x82, 0x10, 0x82, 0x10, 0x82, 0x10, 0x82, 0x10, 0x82, 0x10, 0x82, 0x10, 0x82,
    0x10, 0x82, 0x10, 0x82, 0x10, 0x82, 0x10, 0x82, 0x10, 0x82, 0x10, 0x82, 0x10, 0x82, 0x10, 0x82,
    0x10, 0x82, 0x10, 0x82, 0x10, 0x82, 0x10, 0x82, 0x10, 0x82, 0x10, 0x82, 0x10, 0x82, 0x10, 0x82,
    0x10, 0x82, 0x10, 0x82, 0x10, 0x82, 0x10, 0x82, 0x10, 0x82, 0x10, 0x82, 0x10, 0x82, 0x10, 0x82,
    0x10, 0x82, 0x10, 0x82, 0x10, 0x82, 0x10, 0x82, 0x10, 0x82, 0x10, 0x82, 0x10, 0x82, 0x10, 0x82,
    0x10, 0x82, 0x10, 0x82, 0x10, 0x82, 0x10, 0x82, 0x10, 0x82, 0x10, 0x82, 0x10, 0x82, 0x10, 0x82,
    0x10, 0x82, 0x10, 0x82, 0x10, 0x82, 0x10, 0x82, 0x10, 0x82, 0x10, 0x82, 0x10, 0x82, 0x10, 0x82,
    0x10, 0x82, 0x10, 0x82, 0x10, 0x82, 0x10, 0x82, 0x10, 0x82, 0x10, 0x82, 0x10, 0x82, 0x10, 0x82,
    0x10, 0x82, 0x10, 0x82, 0x10, 0x82, 0x10, 0x82, 0x10, 0x82, 0x10, 0x82, 0x10, 0x82, 0x10, 0x82,
    0x10, 0x82, 0x10, 0x82, 0x10, 0x82, 0x10, 0x82, 0x10, 0x82, 0x10, 0x82, 0x10, 0x82, 0x10, 0x82,
    0x10, 0x82, 0x10, 0x82, 0x10, 0x82, 0x10, 0x82, 0x10, 0x82, 0x10, 0x82, 0x10, 0x82, 0x10, 0x82,
    0x10, 0x82, 0x10, 0x82, 0x10, 0x82, 0x10, 0x82, 0x10, 0x82, 0x10, 0x82, 0x10, 0x82, 0x10, 0x82,
    0x10, 0x82, 0x10, 0x82, 0x10, 0x82, 0x10, 0x82, 0x10, 0x82, 0x10, 0x82, 0x10, 0x82, 0x10, 0x82,
    0x10, 0x82, 0x10, 0x82, 0x10, 0x82, 0x10, 0x82, 0x10, 0x82, 0x10, 0x82, 0x10, 0x82, 0x10, 0x82,
    0x10, 0x82, 0x10, 0x82, 0x10, 0x82, 0x10, 0x82, 0x10, 0x82, 0x10, 0x82, 0x10, 0x82, 0x10, 0x82,
    0x10, 0x82, 0x10, 0x82, 0x10, 0x82, 0x10, 0x82, 0x10, 0x82, 0x10, 0x82, 0x10, 0x82, 0x10, 0x82,
    0x10, 0x82, 0x10, 0x82, 0x10, 0x82, 0x10, 0x82, 0x10, 0x82, 0x10, 0x82, 0x10, 0x82, 0x10, 0x82,
    0x10, 0x82, 0x10, 0x82, 0x10, 0x82, 0x10, 0x82, 0x10, 0x82, 0x10, 0x82, 0x10, 0x82, 0x10, 0x82,
    0x10, 0x82, 0x10, 0x82, 0x10, 0x82, 0x10, 0x82, 0x10, 0x82, 0x10, 0x82, 0x10, 0x82, 0x10, 0x82,
    0x10, 0x82, 0x10, 0x82, 0x10, 0x82, 0x10, 0x82, 0x10, 0x82, 0x10, 0x82, 0x10, 0x82, 0x10, 0x82,
    0x10, 0x82, 0x10, 0x82, 0x10, 0x82, 0x10, 0x82, 0x10, 0x82, 0x10, 0x82, 0x10, 0x82, 0xef, 0x5c,
    0x08, 0x41, 0x08, 0x41, 0x08, 0x41, 0x08, 0x41, 0x08, 0x41, 0x08, 0x41, 0x08, 0x41, 0x08, 0x41,
    0x08, 0x41, 0x08, 0x41, 0x08, 0x41, 0x08, 0x41, 0x08, 0x41, 0x08, 0x41, 0x08, 0x41, 0x08, 0x41,
    0x08, 0x41, 0x08, 0x41, 0x08, 0x41, 0x08, 0x41, 0x08, 0x41, 0x08, 0x41, 0x08, 0x41, 0x08, 0x41,
    0x08, 0x41, 0x08, 0x41, 0x08, 0x41, 0x08, 0x41, 0x08, 0x41, 0x08, 0x41, 0x08, 0x41, 0x08, 0x41,
    0xef, 0x5c, 0x10, 0x82, 0x10, 0x82, 0x10, 0x82, 0x10, 0x82, 0x10, 0x82, 0x10, 0x82, 0x10, 0x82,
    0x10, 0x82, 0x10, 0x82, 0x10, 0x82, 0x10, 0x82, 0x10, 0x82, 0x10, 0x82, 0x10, 0x82, 0x10, 0x82,
    0x10, 0x82, 0x10, 0x82, 0x10, 0x82, 0x10, 0x82, 0x10, 0x82, 0x10, 0x82, 0x10, 0x82, 0x10, 0x82,
    0x10, 0x82, 0x10, 0x82, 0x10, 0x82, 0x10, 0x82, 0x10, 0x82, 0x10, 0x82, 0x10, 0x82, 0x10, 0x82,
    0x10, 0x82, 0x10, 0x82, 0x10, 0x82, 0x10, 0x82, 0x10, 0x82, 0x10, 0x82, 0x10, 0x82, 0x10, 0x82,
    0x10, 0x82, 0x10, 0x82, 0x10, 0x82, 0x10, 0x82, 0x10, 0x82, 0x10, 0x82, 0x10, 0x82, 0x10, 0x82,
    0x10, 0x82, 0x10, 0x82, 0x10, 0x82, 0x10, 0x82, 0x10, 0x82, 0x10, 0x82, 0x10, 0x82, 0x10, 0x82,
    0x10, 0x82, 0x10, 0x82, 0x10, 0x82, 0x10, 0x82, 0x10, 0x82, 0x10, 0x82, 0x10, 0x82, 0x10, 0x82,
    0x10, 0x82, 0x10, 0x82, 0x10, 0x82, 0x10, 0x82, 0x10, 0x82, 0x10, 0x82, 0x10, 0x82, 0x10, 0x82,
    0x10, 0x82, 0x10, 0x82, 0x10, 0x82, 0x10, 0x82, 0x10, 0x82, 0x10, 0x82, 0x10, 0x82, 0x10, 0x82,
    0x10, 0x82, 0x10, 0x82, 0x10, 0x82, 0x10, 0x82, 0x10, 0x82, 0x10, 0x82, 0x10, 0x82, 0x10, 0x82,
    0x10, 0x82, 0x10, 0x82, 0x10, 0x82, 0x10, 0x82, 0x10, 0x82, 0x10, 0x82, 0x10, 0x82, 0x10, 0x82,
    0x10, 0x82, 0x10, 0x82, 0x10, 0x82, 0x10, 0x82, 0x10, 0x82, 0x10, 0x82, 0x10, 0x82, 0x10, 0x82,
    0x10, 0x82, 0x10, 0x82, 0x10, 0x82, 0x10, 0x82, 0x10, 0x82, 0x10, 0x82, 0x10, 0x82, 0x10, 0x82,
    0x10, 0x82, 0x10, 0x82, 0x10, 0x82, 0x10, 0x82, 0x10, 0x82, 0x10, 0x82, 0x10, 0x82, 0x10, 0x82,
    0x10, 0x82, 0x10, 0x82, 0x10, 0x82, 0x10, 0x82, 0x10, 0x82, 0x10, 0x82, 0x10, 0x82, 0x10, 0x82,
    0x10, 0x82, 0x10, 0x82, 0x10, 0x82, 0x10, 0x82, 0x10, 0x82, 0x10, 0x82, 0x10, 0x82, 0x10, 0x82,
    0x10, 0x82, 0x10, 0x82, 0x10, 0x82, 0x10, 0x82, 0x10, 0x82, 0x10, 0x82, 0x10, 0x82, 0x10, 0x82,
    0x10, 0x82, 0x10, 0x82, 0x10, 0x82, 0x10, 0x82, 0x10, 0x82, 0x10, 0x82, 0x10, 0x82, 0x10, 0x82,
    0x10, 0x82, 0x10, 0x82, 0x10, 0x82, 0x10, 0x82, 0x10, 0x82, 0x10, 0x82, 0x10, 0x82, 0x10, 0x82,
    0x10, 0x82, 0x10, 0x82, 0x10, 0x82, 0x10, 0x82, 0x10, 0x82, 0x10, 0x82, 0x10, 0x82, 0x10, 0x82,
    0x10, 0x82, 0x10, 0x82, 0x10, 0x82, 0x10, 0x82, 0x10, 0x82, 0x10, 0x82, 0x10, 0x82, 0x10, 0x82,
    0x10, 0x82, 0x10, 0x82, 0x10, 0x82, 0x10, 0x82, 0x10, 0x82, 0x10, 0x82, 0x10, 0x82, 0x10, 0x82,
    0x10, 0x82, 0x10, 0x82, 0x10, 0x82, 0x10, 0x82, 0x10, 0x82, 0x10, 0x82, 0x10, 0x82, 0x10, 0x82,
    0x10, 0x82, 0x10, 0x82, 0x10, 0x82, 0x10, 0x82, 0x10, 0x82, 0x10, 0x82, 0x10, 0x82, 0x10, 0x82,
    0x10, 0x82, 0x10, 0x82, 0x10, 0x82, 0x10, 0x82, 0x10, 0x82, 0x10, 0x82, 0x10, 0x82, 0xef, 0x5c,
    0x08, 0x41, 0x08, 0x41, 0x08, 0x41, 0x08, 0x41, 0x08, 0x41, 0x08, 0x41, 0x08, 0x41, 0x08, 0x41,
    0x08, 0x41, 0x08, 0x41, 0x08, 0x41, 0x08, 0x41, 0x08, 0x41, 0x08, 0x41, 0x08, 0x41, 0x08, 0x41,
    0x08, 0x41, 0x08, 0x41, 0x08, 0x41, 0x08, 0x41, 0x08, 0x41, 0x08, 0x41, 0x08, 0x41, 0x08, 0x41,
    0x08, 0x41, 0x08, 0x41, 0x08, 0x41, 0x08, 0x41, 0x08, 0x41, 0x08, 0x41, 0x08, 0x41, 0x08, 0x41,
    0xef, 0x5c, 0x10, 0x82, 0x10, 0x82, 0x10, 0x82, 0x10, 0x82, 0x10, 0x82, 0x10, 0x82, 0x10, 0x82,
    0x10, 0x82, 0x10, 0x82, 0x10, 0x82, 0x10, 0x82, 0x10, 0x82, 0x10, 0x82, 0x10, 0x82, 0x10, 0x82,
    0x10, 0x82, 0x10, 0x82, 0x10, 0x82, 0x10, 0x82, 0x10, 0x82, 0x10, 0x82, 0x10, 0x82, 0x10, 0x82,
    0x10, 0x82, 0x10, 0x82, 0x10, 0x82, 0x10, 0x82, 0x10, 0x82, 0x10, 0x82, 0x10, 0x82, 0x10, 0x82,
    0x10, 0x82, 0x10, 0x82, 0x10, 0x82, 0x10, 0x82, 0x10, 0x82, 0x10, 0x82, 0x10, 0x82, 0x10, 0x82,
    0x10, 0x82, 0x10, 0x82, 0x10, 0x82, 0x10, 0x82, 0x10, 0x82, 0x10, 0x82, 0x10, 0x82, 0x10, 0x82,
    0x10, 0x82, 0x10, 0x82, 0x10, 0x82, 0x10, 0x82, 0x10, 0x82, 0x10, 0x82, 0x10, 0x82, 0x10, 0x82,
    0x10, 0x82, 0x10, 0x82, 0x10, 0x82, 0x10, 0x82, 0x10, 0x82, 0x10, 0x82, 0x10, 0x82, 0x10, 0x82,
    0x10, 0x82, 0x10, 0x82, 0x10, 0x82, 0x10, 0x82, 0x10, 0x82, 0x10, 0x82, 0x10, 0x82, 0x10, 0x82,
    0x10, 0x82, 0x10, 0x82, 0x10, 0x82, 0x10, 0x82, 0x10, 0x82, 0x10, 0x82, 0x10, 0x82, 0x10, 0x82,
    0x10, 0x82, 0x10, 0x82, 0x10, 0x82, 0x10, 0x82, 0x10, 0x82, 0x10, 0x82, 0x10, 0x82, 0x10, 0x82,
    0x10, 0x82, 0x10, 0x82, 0x10, 0x82, 0x10, 0x82, 0x10, 0x82, 0x10, 0x82, 0x10, 0x82, 0x10, 0x82,
    0x10, 0x82, 0x10, 0x82, 0x10, 0x82, 0x10, 0x82, 0x10, 0x82, 0x10, 0x82, 0x10, 0x82, 0x10, 0x82,
    0x10, 0x82, 0x10, 0x82, 0x10, 0x82, 0x10, 0x82, 0x10, 0x82, 0x10, 0x82, 0x10, 0x82, 0x10, 0x82,
    0x10, 0x82, 0x10, 0x82, 0x10, 0x82, 0x10, 0x82, 0x10, 0x82, 0x10, 0x82, 0x10, 0x82, 0x10, 0x82,
    0x10, 0x82, 0x10, 0x82, 0x10, 0x82, 0x10, 0x82, 0x10, 0x82, 0x10, 0x82, 0x10, 0x82, 0x10, 0x82,
    0x10, 0x82, 0x10, 0x82, 0x10, 0x82, 0x10, 0x82, 0x10, 0x82, 0x10, 0x82, 0x10, 0x82, 0x10, 0x82,
    0x10, 0x82, 0x10, 0x82, 0x10, 0x82, 0x10, 0x82, 0x10, 0x82, 0x10, 0x82, 0x10, 0x82, 0x10, 0x82,
    0x10, 0x82, 0x10, 0x82, 0x10, 0x82, 0x10, 0x82, 0x10, 0x82, 0x10, 0x82, 0x10, 0x82, 0x10, 0x82,
    0x10, 0x82, 0x10, 0x82, 0x10, 0x82, 0x10, 0x82, 0x10, 0x82, 0x10, 0x82, 0x10, 0x82, 0x10, 0x82,
    0x10, 0x82, 0x10, 0x82, 0x10, 0x82, 0x10, 0x82, 0x10, 0x82, 0x10, 0x82, 0x10, 0x82, 0x10, 0x82,
    0x10, 0x82, 0x10, 0x82, 0x10, 0x82, 0x10, 0x82, 0x10, 0x82, 0x10, 0x82, 0x10, 0x82, 0x10, 0x82,
    0x10, 0x82, 0x10, 0x82, 0x10, 0x82, 0x10, 0x82, 0x10, 0x82, 0x10, 0x82, 0x10, 0x82, 0x10, 0x82,
    0x10, 0x82, 0x10, 0x82, 0x10, 0x82, 0x10, 0x82, 0x10, 0x82, 0x10, 0x82, 0x10, 0x82, 0x10, 0x82,
    0x10, 0x82, 0x10, 0x82, 0x10, 0x82, 0x10, 0x82, 0x10, 0x82, 0x10, 0x82, 0x10, 0x82, 0x10, 0x82,
    0x10, 0x82, 0x10, 0x82, 0x10, 0x82, 0x10, 0x82, 0x10, 0x82, 0x10, 0x82, 0x10, 0x82, 0xef, 0x5c,
    0x08, 0x41, 0x08, 0x41, 0x08, 0x41, 0x08, 0x41, 0x08, 0x41, 0x08, 0x41, 0x08, 0x41, 0x08, 0x41,
    0x08, 0x41, 0x08, 0x41, 0x08, 0x41, 0x08, 0x41, 0x08, 0x41, 0x08, 0x41, 0x08, 0x41, 0x08, 0x41,
    0x08, 0x41, 0x08, 0x41, 0x08, 0x41, 0x08, 0x41, 0x08, 0x41, 0x08, 0x41, 0x08, 0x41, 0x08, 0x41,
    0x08, 0x41, 0x08, 0x41, 0x08, 0x41, 0x08, 0x41, 0x08, 0x41, 0x08, 0x41, 0x08, 0x41, 0x08, 0x41,
    0xef, 0x5c, 0x10, 0x82, 0x10, 0x82, 0x10, 0x82, 0x10, 0x82, 0x10, 0x82, 0x10, 0x82, 0x10, 0x82,
    0x10, 0x82, 0x10, 0x82, 0x32, 0x44, 0x5c, 0x47, 0x53, 0xc6, 0x19, 0x23, 0x10, 0x82, 0x10, 0x82,
    0x10, 0x82, 0x10, 0x82, 0x10, 0x82, 0x10, 0x82, 0x10, 0x82, 0x10, 0x82, 0x10, 0x82, 0x10, 0x82,
    0x10, 0x82, 0x10, 0x82, 0x10, 0x82, 0x10, 0x82, 0x10, 0x82, 0x10, 0x82, 0x10, 0x82, 0x10, 0x82,
    0x10, 0x82, 0x10, 0x82, 0x10, 0x82, 0x10, 0x82, 0x10, 0x82, 0x10, 0x82, 0x10, 0x82, 0x10, 0x82,
    0x10, 0x82, 0x10, 0x82, 0x10, 0x82, 0x10, 0x82, 0x10, 0x82, 0x10, 0x82, 0x10, 0x82, 0x10, 0x82,
    0x10, 0x82, 0x10, 0x82, 0x10, 0x82, 0x10, 0x82, 0x10, 0x82, 0x10, 0x82, 0x10, 0x82, 0x10, 0x82,
    0x10, 0x82, 0x10, 0x82, 0x10, 0x82, 0x10, 0x82, 0x10, 0x82, 0x10, 0x82, 0x10, 0x82, 0x10, 0x82,
    0x10, 0x82, 0x10, 0x82, 0x10, 0x82, 0x10, 0x82, 0x10, 0x82, 0x10, 0x82, 0x10, 0x82, 0x10, 0x82,
    0x10, 0x82, 0x10, 0x82, 0x10, 0x82, 0x10, 0x82, 0x10, 0x82, 0x10, 0x82, 0x10, 0x82, 0x10, 0x82,
    0x10, 0x82, 0x10, 0x82, 0x10, 0x82, 0x10, 0x82, 0x10, 0x82, 0x10, 0x82, 0x10, 0x82, 0x10, 0x82,
    0x10, 0x82, 0x10, 0x82, 0x10, 0x82, 0x10, 0x82, 0x10, 0x82, 0x10, 0x82, 0x10, 0x82, 0x10, 0x82,
    0x10, 0x82, 0x10, 0x82, 0x10, 0x82, 0x10, 0x82, 0x10, 0x82, 0x10, 0x82, 0x10, 0x82, 0x10, 0x82,
    0x10, 0x82, 0x10, 0x82, 0x10, 0x82, 0x10, 0x82, 0x10, 0x82, 0x10, 0x82, 0x10, 0x82, 0x10, 0x82,
    0x10, 0x82, 0x10, 0x82, 0x10, 0x82, 0x10, 0x82, 0x10, 0x82, 0x10, 0x82, 0x10, 0x82, 0x10, 0x82,
    0x10, 0x82, 0x10, 0x82, 0x10, 0x82, 0x10, 0x82, 0x10, 0x82, 0x10, 0x82, 0x10, 0x82, 0x10, 0x82,
    0x10, 0x82, 0x10, 0x82, 0x10, 0x82, 0x10, 0x82, 0x10, 0x82, 0x10, 0x82, 0x10, 0x82, 0x10, 0x82,
    0x10, 0x82, 0x10, 0x82, 0x10, 0x82, 0x10, 0x82, 0x10, 0x82, 0x10, 0x82, 0x10, 0x82, 0x10, 0x82,
    0x10, 0x82, 0x10, 0x82, 0x10, 0x82, 0x10, 0x82, 0x10, 0x82, 0x10, 0x82, 0x10, 0x82, 0x10, 0x82,
    0x10, 0x82, 0x10, 0x82, 0x10, 0x82, 0x10, 0x82, 0x10, 0x82, 0x10, 0x82, 0x10, 0x82, 0x10, 0x82,
    0x10, 0x82, 0x10, 0x82, 0x10, 0x82, 0x10, 0x82, 0x10, 0x82, 0x10, 0x82, 0x10, 0x82, 0x10, 0x82,
    0x10, 0x82, 0x10, 0x82, 0x10, 0x82, 0x10, 0x82, 0x10, 0x82, 0x10, 0x82, 0x10, 0x82, 0x10, 0x82,
    0x10, 0x82, 0x10, 0x82, 0x10, 0x82, 0x10, 0x82, 0x10, 0x82, 0x10, 0x82, 0x10, 0x82, 0x10, 0x82,
    0x10, 0x82, 0x10, 0x82, 0x10, 0x82, 0x10, 0x82, 0x10, 0x82, 0x10, 0x82, 0x10, 0x82, 0x10, 0x82,
    0x10, 0x82, 0x10, 0x82, 0x10, 0x82, 0x10, 0x82, 0x10, 0x82, 0x10, 0x82, 0x10, 0x82, 0x10, 0x82,
    0x10, 0x82, 0x10, 0x82, 0x10, 0x82, 0x10, 0x82, 0x10, 0x82, 0x10, 0x82, 0x10, 0x82, 0xef, 0x5c,
    0x08, 0x41, 0x08, 0x41, 0x08, 0x41, 0x08, 0x41, 0x08, 0x41, 0x08, 0x41, 0x08, 0x41, 0x08, 0x41,
    0x08, 0x41, 0x08, 0x41, 0x08, 0x41, 0x08, 0x41, 0x08, 0x41, 0x08, 0x41, 0x08, 0x41, 0x08, 0x41,
    0x08, 0x41, 0x08, 0x41, 0x08, 0x41, 0x08, 0x41, 0x08, 0x41, 0x08, 0x41, 0x08, 0x41, 0x08, 0x41,
    0x08, 0x41, 0x08, 0x41, 0x08, 0x41, 0x08, 0x41, 0x08, 0x41, 0x08, 0x41, 0x08, 0x41, 0x08, 0x41,
    0xef, 0x5c, 0x10, 0x82, 0x10, 0x82, 0x10, 0x82, 0x10, 0x82, 0x10, 0x82, 0x10, 0x82, 0x10, 0x82,
    0x10, 0x82, 0x4b, 0x86, 0x8e, 0xaa, 0x4b, 0x45, 0x53, 0xe6, 0x96, 0xea, 0x21, 0xa3, 0x10, 0x82,
    0x10, 0x82, 0x10, 0x82, 0x64, 0xc7, 0xaf, 0xec, 0xaf, 0xec, 0xaf, 0xec, 0x9f, 0x2b, 0x10, 0x82,
    0x10, 0x82, 0x10, 0x82, 0x10, 0x82, 0x10, 0x82, 0x10, 0x82, 0x10, 0x82, 0x10, 0x82, 0x10, 0x82,
    0x10, 0x82, 0x10, 0x82, 0x10, 0x82, 0x10, 0x82, 0x10, 0x82, 0x10, 0x82, 0x10, 0x82, 0x10, 0x82,
    0x10, 0x82, 0x10, 0x82, 0x10, 0x82, 0x10, 0x82, 0x10, 0x82, 0x10, 0x82, 0x10, 0x82, 0x10, 0x82,
    0x10, 0x82, 0x10, 0x82, 0x10, 0x82, 0x10, 0x82, 0x10, 0x82, 0x10, 0x82, 0x10, 0x82, 0x10, 0x82,
    0x10, 0x82, 0x10, 0x82, 0x10, 0x82, 0x10, 0x82, 0x10, 0x82, 0x10, 0x82, 0x10, 0x82, 0x10, 0x82,
    0x10, 0x82, 0x10, 0x82, 0x10, 0x82, 0x10, 0x82, 0x10, 0x82, 0x10, 0x82, 0x10, 0x82, 0x10, 0x82,
    0x10, 0x82, 0x10, 0x82, 0x10, 0x82, 0x10, 0x82, 0x10, 0x82, 0x10, 0x82, 0x10, 0x82, 0x10, 0x82,
    0x10, 0x82, 0x10, 0x82, 0x10, 0x82, 0x10, 0x82, 0x10, 0x82, 0x10, 0x82, 0x10, 0x82, 0x10, 0x82,
    0x10, 0x82, 0x10, 0x82, 0x10, 0x82, 0x10, 0x82, 0x10, 0x82, 0x10, 0x82, 0x10, 0x82, 0x10, 0x82,
    0x10, 0x82, 0x10, 0x82, 0x10, 0x82, 0x10, 0x82, 0x10, 0x82, 0x10, 0x82, 0x10, 0x82, 0x10, 0x82,
    0x10, 0x82, 0x10, 0x82, 0x10, 0x82, 0x10, 0x82, 0x10, 0x82, 0x10, 0x82, 0x10, 0x82, 0x10, 0x82,
    0x10, 0x82, 0x10, 0x82, 0x10, 0x82, 0x10, 0x82, 0x10, 0x82, 0x10, 0x82, 0x10, 0x82, 0x10, 0x82,
    0x10, 0x82, 0x10, 0x82, 0x10, 0x82, 0x10, 0x82, 0x10, 0x82, 0x10, 0x82, 0x10, 0x82, 0x10, 0x82,
    0x10, 0x82, 0x10, 0x82, 0x10, 0x82, 0x10, 0x82, 0x10, 0x82, 0x10, 0x82, 0x10, 0x82, 0x10, 0x82,
    0x10, 0x82, 0x10, 0x82, 0x10, 0x82, 0x10, 0x82, 0x10, 0x82, 0x10, 0x82, 0x10, 0x82, 0x10, 0x82,
    0x10, 0x82, 0x10, 0x82, 0x10, 0x82, 0x10, 0x82, 0x10, 0x82, 0x10, 0x82, 0x10, 0x82, 0x10, 0x82,
    0x10, 0x82, 0x10, 0x82, 0x10, 0x82, 0x10, 0x82, 0x10, 0x82, 0x10, 0x82, 0x10, 0x82, 0x10, 0x82,
    0x10, 0x82, 0x10, 0x82, 0x10, 0x82, 0x10, 0x82, 0x10, 0x82, 0x10, 0x82, 0x10, 0x82, 0x10, 0x82,
    0x10, 0x82, 0x10, 0x82, 0x10, 0x82, 0x10, 0x82, 0x10, 0x82, 0x10, 0x82, 0x10, 0x82, 0x10, 0x82,
    0x10, 0x82, 0x10, 0x82, 0x10, 0x82, 0x10, 0x82, 0x10, 0x82, 0x10, 0x82, 0x10, 0x82, 0x10, 0x82,
    0x10, 0x82, 0x10, 0x82, 0x10, 0x82, 0x10, 0x82, 0x10, 0x82, 0x10, 0x82, 0x10, 0x82, 0x10, 0x82,
    0x10, 0x82, 0x10, 0x82, 0x10, 0x82, 0x10, 0x82, 0x10, 0x82, 0x10, 0x82, 0x10, 0x82, 0x10, 0x82,
    0x10, 0x82, 0x10, 0x82, 0x10, 0x82, 0x10, 0x82, 0x10, 0x82, 0x10, 0x82, 0x10, 0x82, 0xef, 0x5c,
    0x08, 0x41, 0x08, 0x41, 0x08, 0x41, 0x08, 0x41, 0x08, 0x41, 0x08, 0x41, 0x08, 0x41, 0x08, 0x41,
    0x08, 0x41, 0x08, 0x41, 0x08, 0x41, 0x08, 0x41, 0x08, 0x41, 0x08, 0x41, 0x08, 0x41, 0x08, 0x41,
    0x08, 0x41, 0x08, 0x41, 0x08, 0x41, 0x08, 0x41, 0x08, 0x41, 0x08, 0x41, 0x08, 0x41, 0x08, 0x41,
    0x08, 0x41, 0x08, 0x41, 0x08, 0x41, 0x08, 0x41, 0x08, 0x41, 0x08, 0x41, 0x08, 0x41, 0x08, 0x41,
    0xef, 0x5c, 0x10, 0x82, 0x10, 0x82, 0x10, 0x82, 0x10, 0x82, 0x10, 0x82, 0x10, 0x82, 0x10, 0x82,
    0x18, 0xe2, 0x9f, 0x6b, 0x19, 0x23, 0x10, 0x82, 0x10, 0x82, 0x42, 0xe5, 0x7d, 0xc9, 0x10, 0x82,
    0x10, 0x82, 0x10, 0x82, 0x86, 0x49, 0x2a, 0x04, 0x10, 0x82, 0x10, 0x82, 0x10, 0x82, 0x10, 0x82,
    0x10, 0x82, 0x10, 0x82, 0x10, 0x82, 0x10, 0x82, 0x10, 0x82, 0x10, 0x82, 0x10, 0x82, 0x10, 0x82,
    0x10, 0x82, 0x10, 0x82, 0x10, 0x82, 0x10, 0x82, 0x10, 0x82, 0x10, 0x82, 0x10, 0x82, 0x10, 0x82,
    0x10, 0x82, 0x10, 0x82, 0x10, 0x82, 0x10, 0x82, 0x10, 0x82, 0x10, 0x82, 0x10, 0x82, 0x10, 0x82,
    0x10, 0x82, 0x10, 0x82, 0x10, 0x82, 0x10, 0x82, 0x10, 0x82, 0x10, 0x82, 0x10, 0x82, 0x10, 0x82,
    0x10, 0x82, 0x10, 0x82, 0x10, 0x82, 0x10, 0x82, 0x10, 0x82, 0x10, 0x82, 0x10, 0x82, 0x10, 0x82,
    0x10, 0x82, 0x10, 0x82, 0x10, 0x82, 0x10, 0x82, 0x10, 0x82, 0x10, 0x82, 0x10, 0x82, 0x10, 0x82,
    0x10, 0x82, 0x10, 0x82, 0x10, 0x82, 0x10, 0x82, 0x10, 0x82, 0x10, 0x82, 0x10, 0x82, 0x10, 0x82,
    0x10, 0x82, 0x10, 0x82, 0x10, 0x82, 0x10, 0x82, 0x10, 0x82, 0x10, 0x82, 0x10, 0x82, 0x10, 0x82,
    0x10, 0x82, 0x10, 0x82, 0x10, 0x82, 0x10, 0x82, 0x10, 0x82, 0x10, 0x82, 0x10, 0x82, 0x10, 0x82,
    0x10, 0x82, 0x10, 0x82, 0x10, 0x82, 0x10, 0x82, 0x10, 0x82, 0x10, 0x82, 0x10, 0x82, 0x10, 0x82,
    0x10, 0x82, 0x10, 0x82, 0x10, 0x82, 0x10, 0x82, 0x10, 0x82, 0x10, 0x82, 0x10, 0x82, 0x10, 0x82,
    0x10, 0x82, 0x10, 0x82, 0x10, 0x82, 0x10, 0x82, 0x10, 0x82, 0x10, 0x82, 0x10, 0x82, 0x10, 0x82,
    0x10, 0x82, 0x10, 0x82, 0x10, 0x82, 0x10, 0x82, 0x10, 0x82, 0x10, 0x82, 0x10, 0x82, 0x10, 0x82,
    0x10, 0x82, 0x10, 0x82, 0x10, 0x82, 0x10, 0x82, 0x10, 0x82, 0x10, 0x82, 0x10, 0x82, 0x10, 0x82,
    0x10, 0x82, 0x10, 0x82, 0x10, 0x82, 0x10, 0x82, 0x10, 0x82, 0x10, 0x82, 0x10, 0x82, 0x10, 0x82,
    0x10, 0x82, 0x10, 0x82, 0x10, 0x82, 0x10, 0x82, 0x10, 0x82, 0x10, 0x82, 0x10, 0x82, 0x10, 0x82,
    0x10, 0x82, 0x10, 0x82, 0x10, 0x82, 0x10, 0x82, 0x10, 0x82, 0x10, 0x82, 0x10, 0x82, 0x10, 0x82,
    0x10, 0x82, 0x10, 0x82, 0x10, 0x82, 0x10, 0x82, 0x10, 0x82, 0x10, 0x82, 0x10, 0x82, 0x10, 0x82,
    0x10, 0x82, 0x10, 0x82, 0x10, 0x82, 0x10, 0x82, 0x10, 0x82, 0x10, 0x82, 0x10, 0x82, 0x10, 0x82,
    0x10, 0x82, 0x10, 0x82, 0x10, 0x82, 0x10, 0x82, 0x10, 0x82, 0x10, 0x82, 0x10, 0x82, 0x10, 0x82,
    0x10, 0x82, 0x10, 0x82, 0x10, 0x82, 0x10, 0x82, 0x10, 0x82, 0x10, 0x82, 0x10, 0x82, 0x10, 0x82,
    0x10, 0x82, 0x10, 0x82, 0x10, 0x82, 0x10, 0x82, 0x10, 0x82, 0x10, 0x82, 0x10, 0x82, 0x10, 0x82,
    0x10, 0x82, 0x10, 0x82, 0x10, 0x82, 0x10, 0x82, 0x10, 0x82, 0x10, 0x82, 0x10, 0x82, 0xef, 0x5c,
    0x08, 0x41, 0x08, 0x41, 0x08, 0x41, 0x08, 0x41, 0x08, 0x41, 0x08, 0x41, 0x08, 0x41, 0x08, 0x41,
    0x08, 0x41, 0x08, 0x41, 0x08, 0x41, 0x08, 0x41, 0x08, 0x41, 0x08, 0x41, 0x08, 0x41, 0x08, 0x41,
    0x08, 0x41, 0x08, 0x41, 0x08, 0x41, 0x08, 0x41, 0x08, 0x41, 0x08, 0x41, 0x08, 0x41, 0x08, 0x41,
    0x08, 0x41, 0x08, 0x41, 0x08, 0x41, 0x08, 0x41, 0x08, 0x41, 0x08, 0x41, 0x08, 0x41, 0x08, 0x41,
    0xef, 0x5c, 0x10, 0x82, 0x10, 0x82, 0x10, 0x82, 0x10, 0x82, 0x10, 0x82, 0x10, 0x82, 0x10, 0x82,
    0x42, 0xe5, 0x75, 0x88, 0x10, 0x82, 0x10, 0x82, 0x10, 0x82, 0x10, 0xa2, 0x97, 0x2a, 0x19, 0x02,
    0x10, 0x82, 0x10, 0x82, 0x9f, 0x6b, 0x10, 0xc2, 0x10, 0x82, 0x10, 0x82, 0x10, 0x82, 0x10, 0x82,
    0x10, 0x82, 0x10, 0x82, 0x10, 0x82, 0x10, 0x82, 0x10, 0x82, 0x10, 0x82, 0x10, 0x82, 0x10, 0x82,
    0x10, 0x82, 0x10, 0x82, 0x10, 0x82, 0x10, 0x82, 0x10, 0x82, 0x10, 0x82, 0x10, 0x82, 0x10, 0x82,
    0x10, 0x82, 0x10, 0x82, 0x10, 0x82, 0x10, 0x82, 0x10, 0x82, 0x10, 0x82, 0x10, 0x82, 0x10, 0x82,
    0x10, 0x82, 0x10, 0x82, 0x10, 0x82, 0x10, 0x82, 0x10, 0x82, 0x10, 0x82, 0x10, 0x82, 0x10, 0x82,
    0x10, 0x82, 0x10, 0x82, 0x10, 0x82, 0x10, 0x82, 0x10, 0x82, 0x10, 0x82, 0x10, 0x82, 0x10, 0x82,
    0x10, 0x82, 0x10, 0x82, 0x10, 0x82, 0x10, 0x82, 0x10, 0x82, 0x10, 0x82, 0x10, 0x82, 0x10, 0x82,
    0x10, 0x82, 0x10, 0x82, 0x10, 0x82, 0x10, 0x82, 0x10, 0x82, 0x10, 0x82, 0x10, 0x82, 0x10, 0x82,
    0x10, 0x82, 0x10, 0x82, 0x10, 0x82, 0x10, 0x82, 0x10, 0x82, 0x10, 0x82, 0x10, 0x82, 0x10, 0x82,
    0x10, 0x82, 0x10, 0x82, 0x10, 0x82, 0x10, 0x82, 0x10, 0x82, 0x10, 0x82, 0x10, 0x82, 0x10, 0x82,
    0x10, 0x82, 0x10, 0x82, 0x10, 0x82, 0x10, 0x82, 0x10, 0x82, 0x10, 0x82, 0x10, 0x82, 0x10, 0x82,
    0x10, 0x82, 0x10, 0x82, 0x10, 0x82, 0x10, 0x82, 0x10, 0x82, 0x10, 0x82, 0x10, 0x82, 0x10, 0x82,
    0x10, 0x82, 0x10, 0x82, 0x10, 0x82, 0x10, 0x82, 0x10, 0x82, 0x10, 0x82, 0x10, 0x82, 0x10, 0x82,
    0x10, 0x82, 0x10, 0x82, 0x10, 0x82, 0x10, 0x82, 0x10, 0x82, 0x10, 0x82, 0x10, 0x82, 0x10, 0x82,
    0x10, 0x82, 0x10, 0x82, 0x10, 0x82, 0x10, 0x82, 0x10, 0x82, 0x10, 0x82, 0x10, 0x82, 0x10, 0x82,
    0x10, 0x82, 0x10, 0x82, 0x10, 0x82, 0x10, 0x82, 0x10, 0x82, 0x10, 0x82, 0x10, 0x82, 0x10, 0x82,
    0x10, 0x82, 0x10, 0x82, 0x10, 0x82, 0x10, 0x82, 0x10, 0x82, 0x10, 0x82, 0x10, 0x82, 0x10, 0x82,
    0x10, 0x82, 0x10, 0x82, 0x10, 0x82, 0x10, 0x82, 0x10, 0x82, 0x10, 0x82, 0x10, 0x82, 0x10, 0x82,
    0x10, 0x82, 0x10, 0x82, 0x10, 0x82, 0x10, 0x82, 0x10, 0x82, 0x10, 0x82, 0x10, 0x82, 0x10, 0x82,
    0x10, 0x82, 0x10, 0x82, 0x10, 0x82, 0x10, 0x82, 0x10, 0x82, 0x10, 0x82, 0x10, 0x82, 0x10, 0x82,
    0x10, 0x82, 0x10, 0x82, 0x10, 0x82, 0x10, 0x82, 0x10, 0x82, 0x10, 0x82, 0x10, 0x82, 0x10, 0x82,
    0x10, 0x82, 0x10, 0x82, 0x10, 0x82, 0x10, 0x82, 0x10, 0x82, 0x10, 0x82, 0x10, 0x82, 0x10, 0x82,
    0x10, 0x82, 0x10, 0x82, 0x10, 0x82, 0x10, 0x82, 0x10, 0x82, 0x10, 0x82, 0x10, 0x82, 0x10, 0x82,
    0x10, 0x82, 0x10, 0x82, 0x10, 0x82, 0x10, 0x82, 0x10, 0x82, 0x10, 0x82, 0x10, 0x82, 0xef, 0x5c,
    0x08, 0x41, 0x08, 0x41, 0x08, 0x41, 0x08, 0x41, 0x08, 0x41, 0x08, 0x41, 0x08, 0x41, 0x08, 0x41,
    0x08, 0x41, 0x08, 0x41, 0x08, 0x41, 0x08, 0x41, 0x08, 0x41, 0x08, 0x41, 0x08, 0x41, 0x08, 0x41,
    0x08, 0x41, 0x08, 0x41, 0x08, 0x41, 0x08, 0x41, 0x08, 0x41, 0x08, 0x41, 0x08, 0x41, 0x08, 0x41,
    0x08, 0x41, 0x08, 0x41, 0x08, 0x41, 0x08, 0x41, 0x08, 0x41, 0x08, 0x41, 0x08, 0x41, 0x08, 0x41,
    0xef, 0x5c, 0x10, 0x82, 0x10, 0x82, 0x10, 0x82, 0x10, 0x82, 0x10, 0x82, 0x10, 0x82, 0x10, 0x82,
    0x5c, 0x06, 0x5c, 0x47, 0x10, 0x82, 0x10, 0x82, 0x10, 0x82, 0x10, 0x82, 0x86, 0x09, 0x32, 0x44,
    0x10, 0x82, 0x29, 0xa3, 0x9f, 0x4b, 0x53, 0xe6, 0x53, 0xe6, 0x29, 0xc3, 0x10, 0x82, 0x10, 0x82,
    0x10, 0x82, 0x10, 0x82, 0x10, 0x82, 0x10, 0x82, 0x10, 0x82, 0x10, 0x82, 0x10, 0x82, 0x10, 0x82,
    0x10, 0x82, 0x10, 0x82, 0x10, 0x82, 0x10, 0x82, 0x10, 0x82, 0x10, 0x82, 0x10, 0x82, 0x10, 0x82,
    0x10, 0x82, 0x10, 0x82, 0x10, 0x82, 0x10, 0x82, 0x10, 0x82, 0x10, 0x82, 0x10, 0x82, 0x10, 0x82,
    0x10, 0x82, 0x10, 0x82, 0x10, 0x82, 0x10, 0x82, 0x10, 0x82, 0x10, 0x82, 0x10, 0x82, 0x10, 0x82,
    0x10, 0x82, 0x10, 0x82, 0x10, 0x82, 0x10, 0x82, 0x10, 0x82, 0x10, 0x82, 0x10, 0x82, 0x10, 0x82,
    0x10, 0x82, 0x10, 0x82, 0x10, 0x82, 0x10, 0x82, 0x10, 0x82, 0x10, 0x82, 0x10, 0x82, 0x10, 0x82,
    0x10, 0x82, 0x10, 0x82, 0x10, 0x82, 0x10, 0x82, 0x10, 0x82, 0x10, 0x82, 0x10, 0x82, 0x10, 0x82,
    0x10, 0x82, 0x10, 0x82, 0x10, 0x82, 0x10, 0x82, 0x10, 0x82, 0x10, 0x82, 0x10, 0x82, 0x10, 0x82,
    0x10, 0x82, 0x10, 0x82, 0x10, 0x82, 0x10, 0x82, 0x10, 0x82, 0x10, 0x82, 0x10, 0x82, 0x10, 0x82,
    0x10, 0x82, 0x10, 0x82, 0x10, 0x82, 0x10, 0x82, 0x10, 0x82, 0x10, 0x82, 0x10, 0x82, 0x10, 0x82,
    0x10, 0x82, 0x10, 0x82, 0x10, 0x82, 0x10, 0x82, 0x10, 0x82, 0x10, 0x82, 0x10, 0x82, 0x10, 0x82,
    0x10, 0x82, 0x10, 0x82, 0x10, 0x82, 0x10, 0x82, 0x10, 0x82, 0x10, 0x82, 0x10, 0x82, 0x10, 0x82,
    0x10, 0x82, 0x10, 0x82, 0x10, 0x82, 0x10, 0x82, 0x10, 0x82, 0x10, 0x82, 0x10, 0x82, 0x10, 0x82,
    0x10, 0x82, 0x10, 0x82, 0x10, 0x82, 0x10, 0x82, 0x10, 0x82, 0x10, 0x82, 0x10, 0x82, 0x10, 0x82,
    0x10, 0x82, 0x10, 0x82, 0x10, 0x82, 0x10, 0x82, 0x10, 0x82, 0x10, 0x82, 0x10, 0x82, 0x10, 0x82,
    0x10, 0x82, 0x10, 0x82, 0x10, 0x82, 0x10, 0x82, 0x10, 0x82, 0x10, 0x82, 0x10, 0x82, 0x10, 0x82,
    0x10, 0x82, 0x10, 0x82, 0x10, 0x82, 0x10, 0x82, 0x10, 0x82, 0x10, 0x82, 0x10, 0x82, 0x10, 0x82,
    0x10, 0x82, 0x10, 0x82, 0x10, 0x82, 0x10, 0x82, 0x10, 0x82, 0x10, 0x82, 0x10, 0x82, 0x10, 0x82,
    0x10, 0x82, 0x10, 0x82, 0x10, 0x82, 0x10, 0x82, 0x10, 0x82, 0x10, 0x82, 0x10, 0x82, 0x10, 0x82,
    0x10, 0x82, 0x10, 0x82, 0x10, 0x82, 0x10, 0x82, 0x10, 0x82, 0x10, 0x82, 0x10, 0x82, 0x10, 0x82,
    0x10, 0x82, 0x10, 0x82, 0x10, 0x82, 0x10, 0x82, 0x10, 0x82, 0x10, 0x82, 0x10, 0x82, 0x10, 0x82,
    0x10, 0x82, 0x10, 0x82, 0x10, 0x82, 0x10, 0x82, 0x10, 0x82, 0x10, 0x82, 0x10, 0x82, 0x10, 0x82,
    0x10, 0x82, 0x10, 0x82, 0x10, 0x82, 0x10, 0x82, 0x10, 0x82, 0x10, 0x82, 0x10, 0x82, 0xef, 0x5c,
    0x08, 0x41, 0x08, 0x41, 0x08, 0x41, 0x08, 0x41, 0x08, 0x41, 0x08, 0x41, 0x08, 0x41, 0x08, 0x41,
    0x08, 0x41, 0x08, 0x41, 0x08, 0x41, 0x08, 0x41, 0x08, 0x41, 0x08, 0x41, 0x08, 0x41, 0x08, 0x41,
    0x08, 0x41, 0x08, 0x41, 0x08, 0x41, 0x08, 0x41, 0x08, 0x41, 0x08, 0x41, 0x08, 0x41, 0x08, 0x41,
    0x08, 0x41, 0x08, 0x41, 0x08, 0x41, 0x08, 0x41, 0x08, 0x41, 0x08, 0x41, 0x08, 0x41, 0x08, 0x41,
    0xef, 0x5c, 0x10, 0x82, 0x10, 0x82, 0x10, 0x82, 0x10, 0x82, 0x10, 0x82, 0x10, 0x82, 0x10, 0x82,
    0x64, 0x87, 0x53, 0xa6, 0x10, 0x82, 0x10, 0x82, 0x10, 0x82, 0x10, 0x82, 0x75, 0x68, 0x3a, 0xa5,
    0x10, 0x82, 0x32, 0x44, 0x5c, 0x47, 0x42, 0xe5, 0x4b, 0x86, 0x96, 0xea, 0x42, 0xe5, 0x10, 0x82,
    0x10, 0x82, 0x10, 0x82, 0x10, 0x82, 0x10, 0x82, 0x10, 0x82, 0x10, 0x82, 0x10, 0x82, 0x10, 0x82,
    0x10, 0x82, 0x10, 0x82, 0x10, 0x82, 0x10, 0x82, 0x10, 0x82, 0x10, 0x82, 0x10, 0x82, 0x10, 0x82,
    0x10, 0x82, 0x10, 0x82, 0x10, 0x82, 0x10, 0x82, 0x10, 0x82, 0x10, 0x82, 0x10, 0x82, 0x10, 0x82,
    0x10, 0x82, 0x10, 0x82, 0x10, 0x82, 0x10, 0x82, 0x10, 0x82, 0x10, 0x82, 0x10, 0x82, 0x10, 0x82,
    0x10, 0x82, 0x10, 0x82, 0x10, 0x82, 0x10, 0x82, 0x10, 0x82, 0x10, 0x82, 0x10, 0x82, 0x10, 0x82,
    0x10, 0x82, 0x10, 0x82, 0x10, 0x82, 0x10, 0x82, 0x10, 0x82, 0x10, 0x82, 0x10, 0x82, 0x10, 0x82,
    0x10, 0x82, 0x10, 0x82, 0x10, 0x82, 0x10, 0x82, 0x10, 0x82, 0x10, 0x82, 0x10, 0x82, 0x10, 0x82,
    0x10, 0x82, 0x10, 0x82, 0x10, 0x82, 0x10, 0x82, 0x10, 0x82, 0x10, 0x82, 0x10, 0x82, 0x10, 0x82,
    0x10, 0x82, 0x10, 0x82, 0x10, 0x82, 0x10, 0x82, 0x10, 0x82, 0x10, 0x82, 0x10, 0x82, 0x10, 0x82,
    0x10, 0x82, 0x10, 0x82, 0x10, 0x82, 0x10, 0x82, 0x10, 0x82, 0x10, 0x82, 0x10, 0x82, 0x10, 0x82,
    0x10, 0x82, 0x10, 0x82, 0x10, 0x82, 0x10, 0x82, 0x10, 0x82, 0x10, 0x82, 0x10, 0x82, 0x10, 0x82,
    0x10, 0x82, 0x10, 0x82, 0x10, 0x82, 0x10, 0x82, 0x10, 0x82, 0x10, 0x82, 0x10, 0x82, 0x10, 0x82,
    0x10, 0x82, 0x10, 0x82, 0x10, 0x82, 0x10, 0x82, 0x10, 0x82, 0x10, 0x82, 0x10, 0x82, 0x10, 0x82,
    0x10, 0x82, 0x10, 0x82, 0x10, 0x82, 0x10, 0x82, 0x10, 0x82, 0x10, 0x82, 0x10, 0x82, 0x10, 0x82,
    0x10, 0x82, 0x10, 0x82, 0x10, 0x82, 0x10, 0x82, 0x10, 0x82, 0x10, 0x82, 0x10, 0x82, 0x10, 0x82,
    0x10, 0x82, 0x10, 0x82, 0x10, 0x82, 0x10, 0x82, 0x10, 0x82, 0x10, 0x82, 0x10, 0x82, 0x10, 0x82,
    0x10, 0x82, 0x10, 0x82, 0x10, 0x82, 0x10, 0x82, 0x10, 0x82, 0x10, 0x82, 0x10, 0x82, 0x10, 0x82,
    0x10, 0x82, 0x10, 0x82, 0x10, 0x82, 0x10, 0x82, 0x10, 0x82, 0x10, 0x82, 0x10, 0x82, 0x10, 0x82,
    0x10, 0x82, 0x10, 0x82, 0x10, 0x82, 0x10, 0x82, 0x10, 0x82, 0x10, 0x82, 0x10, 0x82, 0x10, 0x82,
    0x10, 0x82, 0x10, 0x82, 0x10, 0x82, 0x10, 0x82, 0x10, 0x82, 0x10, 0x82, 0x10, 0x82, 0x10, 0x82,
    0x10, 0x82, 0x10, 0x82, 0x10, 0x82, 0x10, 0x82, 0x10, 0x82, 0x10, 0x82, 0x10, 0x82, 0x10, 0x82,
    0x10, 0x82, 0x10, 0x82, 0x10, 0x82, 0x10, 0x82, 0x10, 0x82, 0x10, 0x82, 0x10, 0x82, 0x10, 0x82,
    0x10, 0x82, 0x10, 0x82, 0x10, 0x82, 0x10, 0x82, 0x10, 0x82, 0x10, 0x82, 0x10, 0x82, 0xef, 0x5c,
    0x08, 0x41, 0x08, 0x41, 0x08, 0x41, 0x08, 0x41, 0x08, 0x41, 0x08, 0x41, 0x08, 0x41, 0x08, 0x41,
    0x08, 0x41, 0x08, 0x41, 0x08, 0x41, 0x08, 0x41, 0x08, 0x41, 0x08, 0x41, 0x08, 0x41, 0x08, 0x41,
    0x08, 0x41, 0x08, 0x41, 0x08, 0x41, 0x08, 0x41, 0x08, 0x41, 0x08, 0x41, 0x08, 0x41, 0x08, 0x41,
    0x08, 0x41, 0x08, 0x41, 0x08, 0x41, 0x08, 0x41, 0x08, 0x41, 0x08, 0x41, 0x08, 0x41, 0x08, 0x41,
    0xef, 0x5c, 0x10, 0x82, 0x10, 0x82, 0x10, 0x82, 0x10, 0x82, 0x10, 0x82, 0x10, 0x82, 0x10, 0x82,
    0x5c, 0x47, 0x53, 0xc6, 0x10, 0x82, 0x10, 0x82, 0x10, 0x82, 0x10, 0x82, 0x7d, 0xc9, 0x3a, 0x84,
    0x10, 0x82, 0x10, 0x82, 0x10, 0x82, 0x10, 0x82, 0x10, 0x82, 0x29, 0xa3, 0x9f, 0x4b, 0x10, 0x82,
    0x10, 0x82, 0x10, 0x82, 0x10, 0x82, 0x10, 0x82, 0x10, 0x82, 0x10, 0x82, 0x10, 0x82, 0x10, 0x82,
    0x10, 0x82, 0x10, 0x82, 0x10, 0x82, 0x10, 0x82, 0x10, 0x82, 0x10, 0x82, 0x10, 0x82, 0x10, 0x82,
    0x10, 0x82, 0x10, 0x82, 0x10, 0x82, 0x10, 0x82, 0x10, 0x82, 0x10, 0x82, 0x10, 0x82, 0x10, 0x82,
    0x10, 0x82, 0x10, 0x82, 0x10, 0x82, 0x10, 0x82, 0x10, 0x82, 0x10, 0x82, 0x10, 0x82, 0x10, 0x82,
    0x10, 0x82, 0x10, 0x82, 0x10, 0x82, 0x10, 0x82, 0x10, 0x82, 0x10, 0x82, 0x10, 0x82, 0x10, 0x82,
    0x10, 0x82, 0x10, 0x82, 0x10, 0x82, 0x10, 0x82, 0x10, 0x82, 0x10, 0x82, 0x10, 0x82, 0x10, 0x82,
    0x10, 0x82, 0x10, 0x82, 0x10, 0x82, 0x10, 0x82, 0x10, 0x82, 0x10, 0x82, 0x10, 0x82, 0x10, 0x82,
    0x10, 0x82, 0x10, 0x82, 0x10, 0x82, 0x10, 0x82, 0x10, 0x82, 0x10, 0x82, 0x10, 0x82, 0x10, 0x82,
    0x10, 0x82, 0x10, 0x82, 0x10, 0x82, 0x10, 0x82, 0x10, 0x82, 0x10, 0x82, 0x10, 0x82, 0x10, 0x82,
    0x10, 0x82, 0x10, 0x82, 0x10, 0x82, 0x10, 0x82, 0x10, 0x82, 0x10, 0x82, 0x10, 0x82, 0x10, 0x82,
    0x10, 0x82, 0x10, 0x82, 0x10, 0x82, 0x10, 0x82, 0x10, 0x82, 0x10, 0x82, 0x10, 0x82, 0x10, 0x82,
    0x10, 0x82, 0x10, 0x82, 0x10, 0x82, 0x10, 0x82, 0x10, 0x82, 0x10, 0x82, 0x10, 0x82, 0x10, 0x82,
    0x10, 0x82, 0x10, 0x82, 0x10, 0x82, 0x10, 0x82, 0x10, 0x82, 0x10, 0x82, 0x10, 0x82, 0x10, 0x82,
    0x10, 0x82, 0x10, 0x82, 0x10, 0x82, 0x10, 0x82, 0x10, 0x82, 0x10, 0x82, 0x10, 0x82, 0x10, 0x82,
    0x10, 0x82, 0x10, 0x82, 0x10, 0x82, 0x10, 0x82, 0x10, 0x82, 0x10, 0x82, 0x10, 0x82, 0x10, 0x82,
    0x10, 0x82, 0x10, 0x82, 0x10, 0x82, 0x10, 0x82, 0x10, 0x82, 0x10, 0x82, 0x10, 0x82, 0x10, 0x82,
    0x10, 0x82, 0x10, 0x82, 0x10, 0x82, 0x10, 0x82, 0x10, 0x82, 0x10, 0x82, 0x10, 0x82, 0x10, 0x82,
    0x10, 0x82, 0x10, 0x82, 0x10, 0x82, 0x10, 0x82, 0x10, 0x82, 0x10, 0x82, 0x10, 0x82, 0x10, 0x82,
    0x10, 0x82, 0x10, 0x82, 0x10, 0x82, 0x10, 0x82, 0x10, 0x82, 0x10, 0x82, 0x10, 0x82, 0x10, 0x82,
    0x10, 0x82, 0x10, 0x82, 0x10, 0x82, 0x10, 0x82, 0x10, 0x82, 0x10, 0x82, 0x10, 0x82, 0x10, 0x82,
    0x10, 0x82, 0x10, 0x82, 0x10, 0x82, 0x10, 0x82, 0x10, 0x82, 0x10, 0x82, 0x10, 0x82, 0x10, 0x82,
    0x10, 0x82, 0x10, 0x82, 0x10, 0x82, 0x10, 0x82, 0x10, 0x82, 0x10, 0x82, 0x10, 0x82, 0x10, 0x82,
    0x10, 0x82, 0x10, 0x82, 0x10, 0x82, 0x10, 0x82, 0x10, 0x82, 0x10, 0x82, 0x10, 0x82, 0xef, 0x5c,
    0x08, 0x41, 0x08, 0x41, 0x08, 0x41, 0x08, 0x41, 0x08, 0x41, 0x08, 0x41, 0x08, 0x41, 0x08, 0x41,
    0x08, 0x41, 0x08, 0x41, 0x08, 0x41, 0x08, 0x41, 0x08, 0x41, 0x08, 0x41, 0x08, 0x41, 0x08, 0x41,
    0x08, 0x41, 0x08, 0x41, 0x08, 0x41, 0x08, 0x41, 0x08, 0x41, 0x08, 0x41, 0x08, 0x41, 0x08, 0x41,
    0x08, 0x41, 0x08, 0x41, 0x08, 0x41, 0x08, 0x41, 0x08, 0x41, 0x08, 0x41, 0x08, 0x41, 0x08, 0x41,
    0xef, 0x5c, 0x10, 0x82, 0x10, 0x82, 0x10, 0x82, 0x10, 0x82, 0x10, 0x82, 0x10, 0x82, 0x10, 0x82,
    0x4b, 0x86, 0x64, 0xa7, 0x10, 0x82, 0x10, 0x82, 0x10, 0x82, 0x10, 0x82, 0x8e, 0xaa, 0x29, 0xa3,
    0x10, 0x82, 0x10, 0x82, 0x10, 0x82, 0x10, 0x82, 0x10, 0x82, 0x10, 0x82, 0x9f, 0x6b, 0x19, 0x23,
    0x10, 0x82, 0x10, 0x82, 0x10, 0x82, 0x10, 0x82, 0x10, 0x82, 0x10, 0x82, 0x10, 0x82, 0x10, 0x82,
    0x10, 0x82, 0x10, 0x82, 0x10, 0x82, 0x10, 0x82, 0x10, 0x82, 0x10, 0x82, 0x10, 0x82, 0x10, 0x82,
    0x10, 0x82, 0x10, 0x82, 0x10, 0x82, 0x10, 0x82, 0x10, 0x82, 0x10, 0x82, 0x10, 0x82, 0x10, 0x82,
    0x10, 0x82, 0x10, 0x82, 0x10, 0x82, 0x10, 0x82, 0x10, 0x82, 0x10, 0x82, 0x10, 0x82, 0x10, 0x82,
    0x10, 0x82, 0x10, 0x82, 0x10, 0x82, 0x10, 0x82, 0x10, 0x82, 0x10, 0x82, 0x10, 0x82, 0x10, 0x82,
    0x10, 0x82, 0x10, 0x82, 0x10, 0x82, 0x10, 0x82, 0x10, 0x82, 0x10, 0x82, 0x10, 0x82, 0x10, 0x82,
    0x10, 0x82, 0x10, 0x82, 0x10, 0x82, 0x10, 0x82, 0x10, 0x82, 0x10, 0x82, 0x10, 0x82, 0x10, 0x82,
    0x10, 0x82, 0x10, 0x82, 0x10, 0x82, 0x10, 0x82, 0x10, 0x82, 0x10, 0x82, 0x10, 0x82, 0x10, 0x82,
    0x10, 0x82, 0x10, 0x82, 0x10, 0x82, 0x10, 0x82, 0x10, 0x82, 0x10, 0x82, 0x10, 0x82, 0x10, 0x82,
    0x10, 0x82, 0x10, 0x82, 0x10, 0x82, 0x10, 0x82, 0x10, 0x82, 0x10, 0x82, 0x10, 0x82, 0x10, 0x82,
    0x10, 0x82, 0x10, 0x82, 0x10, 0x82, 0x10, 0x82, 0x10, 0x82, 0x10, 0x82, 0x10, 0x82, 0x10, 0x82,
    0x10, 0x82, 0x10, 0x82, 0x10, 0x82, 0x10, 0x82, 0x10, 0x82, 0x10, 0x82, 0x10, 0x82, 0x10, 0x82,
    0x10, 0x82, 0x10, 0x82, 0x10, 0x82, 0x10, 0x82, 0x10, 0x82, 0x10, 0x82, 0x10, 0x82, 0x10, 0x82,
    0x10, 0x82, 0x10, 0x82, 0x10, 0x82, 0x10, 0x82, 0x10, 0x82, 0x10, 0x82, 0x10, 0x82, 0x10, 0x82,
    0x10, 0x82, 0x10, 0x82, 0x10, 0x82, 0x10, 0x82, 0x10, 0x82, 0x10, 0x82, 0x10, 0x82, 0x10, 0x82,
    0x10, 0x82, 0x10, 0x82, 0x10, 0x82, 0x10, 0x82, 0x10, 0x82, 0x10, 0x82, 0x10, 0x82, 0x10, 0x82,
    0x10, 0x82, 0x10, 0x82, 0x10, 0x82, 0x10, 0x82, 0x10, 0x82, 0x10, 0x82, 0x10, 0x82, 0x10, 0x82,
    0x10, 0x82, 0x10, 0x82, 0x10, 0x82, 0x10, 0x82, 0x10, 0x82, 0x10, 0x82, 0x10, 0x82, 0x10, 0x82,
    0x10, 0x82, 0x10, 0x82, 0x10, 0x82, 0x10, 0x82, 0x10, 0x82, 0x10, 0x82, 0x10, 0x82, 0x10, 0x82,
    0x10, 0x82, 0x10, 0x82, 0x10, 0x82, 0x10, 0x82, 0x10, 0x82, 0x10, 0x82, 0x10, 0x82, 0x10, 0x82,
    0x10, 0x82, 0x10, 0x82, 0x10, 0x82, 0x10, 0x82, 0x10, 0x82, 0x10, 0x82, 0x10, 0x82, 0x10, 0x82,
    0x10, 0x82, 0x10, 0x82, 0x10, 0x82, 0x10, 0x82, 0x10, 0x82, 0x10, 0x82, 0x10, 0x82, 0x10, 0x82,
    0x10, 0x82, 0x10, 0x82, 0x10, 0x82, 0x10, 0x82, 0x10, 0x82, 0x10, 0x82, 0x10, 0x82, 0xef, 0x5c,
    0x08, 0x41, 0x08, 0x41, 0x08, 0x41, 0x08, 0x41, 0x08, 0x41, 0x08, 0x41, 0x08, 0x41, 0x08, 0x41,
    0x08, 0x41, 0x08, 0x41, 0x08, 0x41, 0x08, 0x41, 0x08, 0x41, 0x08, 0x41, 0x08, 0x41, 0x08, 0x41,
    0x08, 0x41, 0x08, 0x41, 0x08, 0x41, 0x08, 0x41, 0x08, 0x41, 0x08, 0x41, 0x08, 0x41, 0x08, 0x41,
    0x08, 0x41, 0x08, 0x41, 0x08, 0x41, 0x08, 0x41, 0x08, 0x41, 0x08, 0x41, 0x08, 0x41, 0x08, 0x41,
    0xef, 0x5c, 0x10, 0x82, 0x10, 0x82, 0x10, 0x82, 0x10, 0x82, 0x10, 0x82, 0x10, 0x82, 0x10, 0x82,
    0x29, 0xe3, 0x96, 0xca, 0x10, 0x82, 0x10, 0x82, 0x10, 0x82, 0x29, 0xc3, 0x9f, 0x2b, 0x10, 0x82,
    0x32, 0x44, 0x64, 0x87, 0x10, 0x82, 0x10, 0x82, 0x10, 0x82, 0x21, 0x83, 0xa7, 0xab, 0x10, 0xa2,
    0x10, 0x82, 0x10, 0x82, 0x10, 0x82, 0x10, 0x82, 0x10, 0x82, 0x10, 0x82, 0x10, 0x82, 0x10, 0x82,
    0x10, 0x82, 0x10, 0x82, 0x10, 0x82, 0x10, 0x82, 0x10, 0x82, 0x10, 0x82, 0x10, 0x82, 0x10, 0x82,
    0x10, 0x82, 0x10, 0x82, 0x10, 0x82, 0x10, 0x82, 0x10, 0x82, 0x10, 0x82, 0x10, 0x82, 0x10, 0x82,
    0x10, 0x82, 0x10, 0x82, 0x10, 0x82, 0x10, 0x82, 0x10, 0x82, 0x10, 0x82, 0x10, 0x82, 0x10, 0x82,
    0x10, 0x82, 0x10, 0x82, 0x10, 0x82, 0x10, 0x82, 0x10, 0x82, 0x10, 0x82, 0x10, 0x82, 0x10, 0x82,
    0x10, 0x82, 0x10, 0x82, 0x10, 0x82, 0x10, 0x82, 0x10, 0x82, 0x10, 0x82, 0x10, 0x82, 0x10, 0x82,
    0x10, 0x82, 0x10, 0x82, 0x10, 0x82, 0x10, 0x82, 0x10, 0x82, 0x10, 0x82, 0x10, 0x82, 0x10, 0x82,
    0x10, 0x82, 0x10, 0x82, 0x10, 0x82, 0x10, 0x82, 0x10, 0x82, 0x10, 0x82, 0x10, 0x82, 0x10, 0x82,
    0x10, 0x82, 0x10, 0x82, 0x10, 0x82, 0x10, 0x82, 0x10, 0x82, 0x10, 0x82, 0x10, 0x82, 0x10, 0x82,
    0x10, 0x82, 0x10, 0x82, 0x10, 0x82, 0x10, 0x82, 0x10, 0x82, 0x10, 0x82, 0x10, 0x82, 0x10, 0x82,
    0x10, 0x82, 0x10, 0x82, 0x10, 0x82, 0x10, 0x82, 0x10, 0x82, 0x10, 0x82, 0x10, 0x82, 0x10, 0x82,
    0x10, 0x82, 0x10, 0x82, 0x10, 0x82, 0x10, 0x82, 0x10, 0x82, 0x10, 0x82, 0x10, 0x82, 0x10, 0x82,
    0x10, 0x82, 0x10, 0x82, 0x10, 0x82, 0x10, 0x82, 0x10, 0x82, 0x10, 0x82, 0x10, 0x82, 0x10, 0x82,
    0x10, 0x82, 0x10, 0x82, 0x10, 0x82, 0x10, 0x82, 0x10, 0x82, 0x10, 0x82, 0x10, 0x82, 0x10, 0x82,
    0x10, 0x82, 0x10, 0x82, 0x10, 0x82, 0x10, 0x82, 0x10, 0x82, 0x10, 0x82, 0x10, 0x82, 0x10, 0x82,
    0x10, 0x82, 0x10, 0x82, 0x10, 0x82, 0x10, 0x82, 0x10, 0x82, 0x10, 0x82, 0x10, 0x82, 0x10, 0x82,
    0x10, 0x82, 0x10, 0x82, 0x10, 0x82, 0x10, 0x82, 0x10, 0x82, 0x10, 0x82, 0x10, 0x82, 0x10, 0x82,
    0x10, 0x82, 0x10, 0x82, 0x10, 0x82, 0x10, 0x82, 0x10, 0x82, 0x10, 0x82, 0x10, 0x82, 0x10, 0x82,
    0x10, 0x82, 0x10, 0x82, 0x10, 0x82, 0x10, 0x82, 0x10, 0x82, 0x10, 0x82, 0x10, 0x82, 0x10, 0x82,
    0x10, 0x82, 0x10, 0x82, 0x10, 0x82, 0x10, 0x82, 0x10, 0x82, 0x10, 0x82, 0x10, 0x82, 0x10, 0x82,
    0x10, 0x82, 0x10, 0x82, 0x10, 0x82, 0x10, 0x82, 0x10, 0x82, 0x10, 0x82, 0x10, 0x82, 0x10, 0x82,
    0x10, 0x82, 0x10, 0x82, 0x10, 0x82, 0x10, 0x82, 0x10, 0x82, 0x10, 0x82, 0x10, 0x82, 0x10, 0x82,
    0x10, 0x82, 0x10, 0x82, 0x10, 0x82, 0x10, 0x82, 0x10, 0x82, 0x10, 0x82, 0x10, 0x82, 0xef, 0x5c,
    0x08, 0x41, 0x08, 0x41, 0x08, 0x41, 0x08, 0x41, 0x08, 0x41, 0x08, 0x41, 0x08, 0x41, 0x08, 0x41,
    0x08, 0x41, 0x08, 0x41, 0x08, 0x41, 0x08, 0x41, 0x08, 0x41, 0x08, 0x41, 0x08, 0x41, 0x08, 0x41,
    0x08, 0x41, 0x08, 0x41, 0x08, 0x41, 0x08, 0x41, 0x08, 0x41, 0x08, 0x41, 0x08, 0x41, 0x08, 0x41,
    0x08, 0x41, 0x08, 0x41, 0x08, 0x41, 0x08, 0x41, 0x08, 0x41, 0x08, 0x41, 0x08, 0x41, 0x08, 0x41,
    0xef, 0x5c, 0x10, 0x82, 0x10, 0x82, 0x10, 0x82, 0x10, 0x82, 0x10, 0x82, 0x10, 0x82, 0x10, 0x82,
    0x10, 0x82, 0x86, 0x09, 0x64, 0x87, 0x18, 0xe2, 0x21, 0x83, 0x86, 0x69, 0x53, 0xa6, 0x10, 0x82,
    0x19, 0x02, 0x9f, 0x4b, 0x4b, 0x66, 0x18, 0xc2, 0x29, 0xe4, 0x8e, 0x8a, 0x64, 0x67, 0x10, 0x82,
    0x10, 0x82, 0x10, 0x82, 0x10, 0x82, 0x10, 0x82, 0x10, 0x82, 0x10, 0x82, 0x10, 0x82, 0x10, 0x82,
    0x10, 0x82, 0x10, 0x82, 0x10, 0x82, 0x10, 0x82, 0x10, 0x82, 0x10, 0x82, 0x10, 0x82, 0x10, 0x82,
    0x10, 0x82, 0x10, 0x82, 0x10, 0x82, 0x10, 0x82, 0x10, 0x82, 0x10, 0x82, 0x10, 0x82, 0x10, 0x82,
    0x10, 0x82, 0x10, 0x82, 0x10, 0x82, 0x10, 0x82, 0x10, 0x82, 0x10, 0x82, 0x10, 0x82, 0x10, 0x82,
    0x10, 0x82, 0x10, 0x82, 0x10, 0x82, 0x10, 0x82, 0x10, 0x82, 0x10, 0x82, 0x10, 0x82, 0x10, 0x82,
    0x10, 0x82, 0x10, 0x82, 0x10, 0x82, 0x10, 0x82, 0x10, 0x82, 0x10, 0x82, 0x10, 0x82, 0x10, 0x82,
    0x10, 0x82, 0x10, 0x82, 0x10, 0x82, 0x10, 0x82, 0x10, 0x82, 0x10, 0x82, 0x10, 0x82, 0x10, 0x82,
    0x10, 0x82, 0x10, 0x82, 0x10, 0x82, 0x10, 0x82, 0x10, 0x82, 0x10, 0x82, 0x10, 0x82, 0x10, 0x82,
    0x10, 0x82, 0x10, 0x82, 0x10, 0x82, 0x10, 0x82, 0x10, 0x82, 0x10, 0x82, 0x10, 0x82, 0x10, 0x82,
    0x10, 0x82, 0x10, 0x82, 0x10, 0x82, 0x10, 0x82, 0x10, 0x82, 0x10, 0x82, 0x10, 0x82, 0x10, 0x82,
    0x10, 0x82, 0x10, 0x82, 0x10, 0x82, 0x10, 0x82, 0x10, 0x82, 0x10, 0x82, 0x10, 0x82, 0x10, 0x82,
    0x10, 0x82, 0x10, 0x82, 0x10, 0x82, 0x10, 0x82, 0x10, 0x82, 0x10, 0x82, 0x10, 0x82, 0x10, 0x82,
    0x10, 0x82, 0x10, 0x82, 0x10, 0x82, 0x10, 0x82, 0x10, 0x82, 0x10, 0x82, 0x10, 0x82, 0x10, 0x82,
    0x10, 0x82, 0x10, 0x82, 0x10, 0x82, 0x10, 0x82, 0x10, 0x82, 0x10, 0x82, 0x10, 0x82, 0x10, 0x82,
    0x10, 0x82, 0x10, 0x82, 0x10, 0x82, 0x10, 0x82, 0x10, 0x82, 0x10, 0x82, 0x10, 0x82, 0x10, 0x82,
    0x10, 0x82, 0x10, 0x82, 0x10, 0x82, 0x10, 0x82, 0x10, 0x82, 0x10, 0x82, 0x10, 0x82, 0x10, 0x82,
    0x10, 0x82, 0x10, 0x82, 0x10, 0x82, 0x10, 0x82, 0x10, 0x82, 0x10, 0x82, 0x10, 0x82, 0x10, 0x82,
    0x10, 0x82, 0x10, 0x82, 0x10, 0x82, 0x10, 0x82, 0x10, 0x82, 0x10, 0x82, 0x10, 0x82, 0x10, 0x82,
    0x10, 0x82, 0x10, 0x82, 0x10, 0x82, 0x10, 0x82, 0x10, 0x82, 0x10, 0x82, 0x10, 0x82, 0x10, 0x82,
    0x10, 0x82, 0x10, 0x82, 0x10, 0x82, 0x10, 0x82, 0x10, 0x82, 0x10, 0x82, 0x10, 0x82, 0x10, 0x82,
    0x10, 0x82, 0x10, 0x82, 0x10, 0x82, 0x10, 0x82, 0x10, 0x82, 0x10, 0x82, 0x10, 0x82, 0x10, 0x82,
    0x10, 0x82, 0x10, 0x82, 0x10, 0x82, 0x10, 0x82, 0x10, 0x82, 0x10, 0x82, 0x10, 0x82, 0x10, 0x82,
    0x10, 0x82, 0x10, 0x82, 0x10, 0x82, 0x10, 0x82, 0x10, 0x82, 0x10, 0x82, 0x10, 0x82, 0xef, 0x5c,
    0x08, 0x41, 0x08, 0x41, 0x08, 0x41, 0x08, 0x41, 0x08, 0x41, 0x08, 0x41, 0x08, 0x41, 0x08, 0x41,
    0x08, 0x41, 0x08, 0x41, 0x08, 0x41, 0x08, 0x41, 0x08, 0x41, 0x08, 0x41, 0x08, 0x41, 0x08, 0x41,
    0x08, 0x41, 0x08, 0x41, 0x08, 0x41, 0x08, 0x41, 0x08, 0x41, 0x08, 0x41, 0x08, 0x41, 0x08, 0x41,
    0x08, 0x41, 0x08, 0x41, 0x08, 0x41, 0x08, 0x41, 0x08, 0x41, 0x08, 0x41, 0x08, 0x41, 0x08, 0x41,
    0xef, 0x5c, 0x10, 0x82, 0x10, 0x82, 0x10, 0x82, 0x10, 0x82, 0x10, 0x82, 0x10, 0x82, 0x10, 0x82,
    0x10, 0x82, 0x19, 0x23, 0x7d, 0xa8, 0xa7, 0xab, 0x9f, 0x4b, 0x54, 0x06, 0x10, 0x82, 0x10, 0x82,
    0x10, 0x82, 0x29, 0xe4, 0x86, 0x29, 0xa7, 0xab, 0x96, 0xea, 0x5c, 0x06, 0x10, 0xa2, 0x10, 0x82,
    0x10, 0x82, 0x10, 0x82, 0x10, 0x82, 0x10, 0x82, 0x10, 0x82, 0x10, 0x82, 0x10, 0x82, 0x10, 0x82,
    0x10, 0x82, 0x10, 0x82, 0x10, 0x82, 0x10, 0x82, 0x10, 0x82, 0x10, 0x82, 0x10, 0x82, 0x10, 0x82,
    0x10, 0x82, 0x10, 0x82, 0x10, 0x82, 0x10, 0x82, 0x10, 0x82, 0x10, 0x82, 0x10, 0x82, 0x10, 0x82,
    0x10, 0x82, 0x10, 0x82, 0x10, 0x82, 0x10, 0x82, 0x10, 0x82, 0x10, 0x82, 0x10, 0x82, 0x10, 0x82,
    0x10, 0x82, 0x10, 0x82, 0x10, 0x82, 0x10, 0x82, 0x10, 0x82, 0x10, 0x82, 0x10, 0x82, 0x10, 0x82,
    0x10, 0x82, 0x10, 0x82, 0x10, 0x82, 0x10, 0x82, 0x10, 0x82, 0x10, 0x82, 0x10, 0x82, 0x10, 0x82,
    0x10, 0x82, 0x10, 0x82, 0x10, 0x82, 0x10, 0x82, 0x10, 0x82, 0x10, 0x82, 0x10, 0x82, 0x10, 0x82,
    0x10, 0x82, 0x10, 0x82, 0x10, 0x82, 0x10, 0x82, 0x10, 0x82, 0x10, 0x82, 0x10, 0x82, 0x10, 0x82,
    0x10, 0x82, 0x10, 0x82, 0x10, 0x82, 0x10, 0x82, 0x10, 0x82, 0x10, 0x82, 0x10, 0x82, 0x10, 0x82,
    0x10, 0x82, 0x10, 0x82, 0x10, 0x82, 0x10, 0x82, 0x10, 0x82, 0x10, 0x82, 0x10, 0x82, 0x10, 0x82,
    0x10, 0x82, 0x10, 0x82, 0x10, 0x82, 0x10, 0x82, 0x10, 0x82, 0x10, 0x82, 0x10, 0x82, 0x10, 0x82,
    0x10, 0x82, 0x10, 0x82, 0x10, 0x82, 0x10, 0x82, 0x10, 0x82, 0x10, 0x82, 0x10, 0x82, 0x10, 0x82,
    0x10, 0x82, 0x10, 0x82, 0x10, 0x82, 0x10, 0x82, 0x10, 0x82, 0x10, 0x82, 0x10, 0x82, 0x10, 0x82,
    0x10, 0x82, 0x10, 0x82, 0x10, 0x82, 0x10, 0x82, 0x10, 0x82, 0x10, 0x82, 0x10, 0x82, 0x10, 0x82,
    0x10, 0x82, 0x10, 0x82, 0x10, 0x82, 0x10, 0x82, 0x10, 0x82, 0x10, 0x82, 0x10, 0x82, 0x10, 0x82,
    0x10, 0x82, 0x10, 0x82, 0x10, 0x82, 0x10, 0x82, 0x10, 0x82, 0x10, 0x82, 0x10, 0x82, 0x10, 0x82,
    0x10, 0x82, 0x10, 0x82, 0x10, 0x82, 0x10, 0x82, 0x10, 0x82, 0x10, 0x82, 0x10, 0x82, 0x10, 0x82,
    0x10, 0x82, 0x10, 0x82, 0x10, 0x82, 0x10, 0x82, 0x10, 0x82, 0x10, 0x82, 0x10, 0x82, 0x10, 0x82,
    0x10, 0x82, 0x10, 0x82, 0x10, 0x82, 0x10, 0x82, 0x10, 0x82, 0x10, 0x82, 0x10, 0x82, 0x10, 0x82,
    0x10, 0x82, 0x10, 0x82, 0x10, 0x82, 0x10, 0x82, 0x10, 0x82, 0x10, 0x82, 0x10, 0x82, 0x10, 0x82,
    0x10, 0x82, 0x10, 0x82, 0x10, 0x82, 0x10, 0x82, 0x10, 0x82, 0x10, 0x82, 0x10, 0x82, 0x10, 0x82,
    0x10, 0x82, 0x10, 0x82, 0x10, 0x82, 0x10, 0x82, 0x10, 0x82, 0x10, 0x82, 0x10, 0x82, 0x10, 0x82,
    0x10, 0x82, 0x10, 0x82, 0x10, 0x82, 0x10, 0x82, 0x10, 0x82, 0x10, 0x82, 0x10, 0x82, 0xef, 0x5c,
    0x08, 0x41, 0x08, 0x41, 0x08, 0x41, 0x08, 0x41, 0x08, 0x41, 0x08, 0x41, 0x08, 0x41, 0x08, 0x41,
    0x08, 0x41, 0x08, 0x41, 0x08, 0x41, 0x08, 0x41, 0x08, 0x41, 0x08, 0x41, 0x08, 0x41, 0x08, 0x41,
    0x08, 0x41, 0x08, 0x41, 0x08, 0x41, 0x08, 0x41, 0x08, 0x41, 0x08, 0x41, 0x08, 0x41, 0x08, 0x41,
    0x08, 0x41, 0x08, 0x41, 0x08, 0x41, 0x08, 0x41, 0x08, 0x41, 0x08, 0x41, 0x08, 0x41, 0x08, 0x41,
    0xef, 0x5c, 0x10, 0x82, 0x10, 0x82, 0x10, 0x82, 0x10, 0x82, 0x10, 0x82, 0x10, 0x82, 0x10, 0x82,
    0x10, 0x82, 0x10, 0x82, 0x10, 0x82, 0x10, 0x82, 0x10, 0x82, 0x10, 0x82, 0x10, 0x82, 0x10, 0x82,
    0x10, 0x82, 0x10, 0x82, 0x10, 0x82, 0x10, 0x82, 0x10, 0x82, 0x10, 0x82, 0x10, 0x82, 0x10, 0x82,
    0x10, 0x82, 0x10, 0x82, 0x10, 0x82, 0x10, 0x82, 0x10, 0x82, 0x10, 0x82, 0x10, 0x82, 0x10, 0x82,
    0x10, 0x82, 0x10, 0x82, 0x10, 0x82, 0x10, 0x82, 0x10, 0x82, 0x10, 0x82, 0x10, 0x82, 0x10, 0x82,
    0x10, 0x82, 0x10, 0x82, 0x10, 0x82, 0x10, 0x82, 0x10, 0x82, 0x10, 0x82, 0x10, 0x82, 0x10, 0x82,
    0x10, 0x82, 0x10, 0x82, 0x10, 0x82, 0x10, 0x82, 0x10, 0x82, 0x10, 0x82, 0x10, 0x82, 0x10, 0x82,
    0x10, 0x82, 0x10, 0x82, 0x10, 0x82, 0x10, 0x82, 0x10, 0x82, 0x10, 0x82, 0x10, 0x82, 0x10, 0x82,
    0x10, 0x82, 0x10, 0x82, 0x10, 0x82, 0x10, 0x82, 0x10, 0x82, 0x10, 0x82, 0x10, 0x82, 0x10, 0x82,
    0x10, 0x82, 0x10, 0x82, 0x10, 0x82, 0x10, 0x82, 0x10, 0x82, 0x10, 0x82, 0x10, 0x82, 0x10, 0x82,
    0x10, 0x82, 0x10, 0x82, 0x10, 0x82, 0x10, 0x82, 0x10, 0x82, 0x10, 0x82, 0x10, 0x82, 0x10, 0x82,
    0x10, 0x82, 0x10, 0x82, 0x10, 0x82, 0x10, 0x82, 0x10, 0x82, 0x10, 0x82, 0x10, 0x82, 0x10, 0x82,
    0x10, 0x82, 0x10, 0x82, 0x10, 0x82, 0x10, 0x82, 0x10, 0x82, 0x10, 0x82, 0x10, 0x82, 0x10, 0x82,
    0x10, 0x82, 0x10, 0x82, 0x10, 0x82, 0x10, 0x82, 0x10, 0x82, 0x10, 0x82, 0x10, 0x82, 0x10, 0x82,
    0x10, 0x82, 0x10, 0x82, 0x10, 0x82, 0x10, 0x82, 0x10, 0x82, 0x10, 0x82, 0x10, 0x82, 0x10, 0x82,
    0x10, 0x82, 0x10, 0x82, 0x10, 0x82, 0x10, 0x82, 0x10, 0x82, 0x10, 0x82, 0x10, 0x82, 0x10, 0x82,
    0x10, 0x82, 0x10, 0x82, 0x10, 0x82, 0x10, 0x82, 0x10, 0x82, 0x10, 0x82, 0x10, 0x82, 0x10, 0x82,
    0x10, 0x82, 0x10, 0x82, 0x10, 0x82, 0x10, 0x82, 0x10, 0x82, 0x10, 0x82, 0x10, 0x82, 0x10, 0x82,
    0x10, 0x82, 0x10, 0x82, 0x10, 0x82, 0x10, 0x82, 0x10, 0x82, 0x10, 0x82, 0x10, 0x82, 0x10, 0x82,
    0x10, 0x82, 0x10, 0x82, 0x10, 0x82, 0x10, 0x82, 0x10, 0x82, 0x10, 0x82, 0x10, 0x82, 0x10, 0x82,
    0x10, 0x82, 0x10, 0x82, 0x10, 0x82, 0x10, 0x82, 0x10, 0x82, 0x10, 0x82, 0x10, 0x82, 0x10, 0x82,
    0x10, 0x82, 0x10, 0x82, 0x10, 0x82, 0x10, 0x82, 0x10, 0x82, 0x10, 0x82, 0x10, 0x82, 0x10, 0x82,
    0x10, 0x82, 0x10, 0x82, 0x10, 0x82, 0x10, 0x82, 0x10, 0x82, 0x10, 0x82, 0x10, 0x82, 0x10, 0x82,
    0x10, 0x82, 0x10, 0x82, 0x10, 0x82, 0x10, 0x82, 0x10, 0x82, 0x10, 0x82, 0x10, 0x82, 0x10, 0x82,
    0x10, 0x82, 0x10, 0x82, 0x10, 0x82, 0x10, 0x82, 0x10, 0x82, 0x10, 0x82, 0x10, 0x82, 0x10, 0x82,
    0x10, 0x82, 0x10, 0x82, 0x10, 0x82, 0x10, 0x82, 0x10, 0x82, 0x10, 0x82, 0x10, 0x82, 0xef, 0x5c,
    0x08, 0x41, 0x08, 0x41, 0x08, 0x41, 0x08, 0x41, 0x08, 0x41, 0x08, 0x41, 0x08, 0x41, 0x08, 0x41,
    0x08, 0x41, 0x08, 0x41, 0x08, 0x41, 0x08, 0x41, 0x08, 0x41, 0x08, 0x41, 0x08, 0x41, 0x08, 0x41,
    0x08, 0x41, 0x08, 0x41, 0x08, 0x41, 0x08, 0x41, 0x08, 0x41, 0x08, 0x41, 0x08, 0x41, 0x08, 0x41,
    0x08, 0x41, 0x08, 0x41, 0x08, 0x41, 0x08, 0x41, 0x08, 0x41, 0x08, 0x41, 0x08, 0x41, 0x08, 0x41,
    0xef, 0x5c, 0x10, 0x82, 0x10, 0x82, 0x10, 0x82, 0x10, 0x82, 0x10, 0x82, 0x10, 0x82, 0x10, 0x82,
    0x10, 0x82, 0x10, 0x82, 0x10, 0x82, 0x10, 0x82, 0x10, 0x82, 0x10, 0x82, 0x10, 0x82, 0x10, 0x82,
    0x10, 0x82, 0x10, 0x82, 0x10, 0x82, 0x10, 0x82, 0x10, 0x82, 0x10, 0x82, 0x10, 0x82, 0x10, 0x82,
    0x10, 0x82, 0x10, 0x82, 0x10, 0x82, 0x10, 0x82, 0x10, 0x82, 0x10, 0x82, 0x10, 0x82, 0x10, 0x82,
    0x10, 0x82, 0x10, 0x82, 0x10, 0x82, 0x10, 0x82, 0x10, 0x82, 0x10, 0x82, 0x10, 0x82, 0x10, 0x82,
    0x10, 0x82, 0x10, 0x82, 0x10, 0x82, 0x10, 0x82, 0x10, 0x82, 0x10, 0x82, 0x10, 0x82, 0x10, 0x82,
    0x10, 0x82, 0x10, 0x82, 0x10, 0x82, 0x10, 0x82, 0x10, 0x82, 0x10, 0x82, 0x10, 0x82, 0x10, 0x82,
    0x10, 0x82, 0x10, 0x82, 0x10, 0x82, 0x10, 0x82, 0x10, 0x82, 0x10, 0x82, 0x10, 0x82, 0x10, 0x82,
    0x10, 0x82, 0x10, 0x82, 0x10, 0x82, 0x10, 0x82, 0x10, 0x82, 0x10, 0x82, 0x10, 0x82, 0x10, 0x82,
    0x10, 0x82, 0x10, 0x82, 0x10, 0x82, 0x10, 0x82, 0x10, 0x82, 0x10, 0x82, 0x10, 0x82, 0x10, 0x82,
    0x10, 0x82, 0x10, 0x82, 0x10, 0x82, 0x10, 0x82, 0x10, 0x82, 0x10, 0x82, 0x10, 0x82, 0x10, 0x82,
    0x10, 0x82, 0x10, 0x82, 0x10, 0x82, 0x10, 0x82, 0x10, 0x82, 0x10, 0x82, 0x10, 0x82, 0x10, 0x82,
    0x10, 0x82, 0x10, 0x82, 0x10, 0x82, 0x10, 0x82, 0x10, 0x82, 0x10, 0x82, 0x10, 0x82, 0x10, 0x82,
    0x10, 0x82, 0x10, 0x82, 0x10, 0x82, 0x10, 0x82, 0x10, 0x82, 0x10, 0x82, 0x10, 0x82, 0x10, 0x82,
    0x10, 0x82, 0x10, 0x82, 0x10, 0x82, 0x10, 0x82, 0x10, 0x82, 0x10, 0x82, 0x10, 0x82, 0x10, 0x82,
    0x10, 0x82, 0x10, 0x82, 0x10, 0x82, 0x10, 0x82, 0x10, 0x82, 0x10, 0x82, 0x10, 0x82, 0x10, 0x82,
    0x10, 0x82, 0x10, 0x82, 0x10, 0x82, 0x10, 0x82, 0x10, 0x82, 0x10, 0x82, 0x10, 0x82, 0x10, 0x82,
    0x10, 0x82, 0x10, 0x82, 0x10, 0x82, 0x10, 0x82, 0x10, 0x82, 0x10, 0x82, 0x10, 0x82, 0x10, 0x82,
    0x10, 0x82, 0x10, 0x82, 0x10, 0x82, 0x10, 0x82, 0x10, 0x82, 0x10, 0x82, 0x10, 0x82, 0x10, 0x82,
    0x10, 0x82, 0x10, 0x82, 0x10, 0x82, 0x10, 0x82, 0x10, 0x82, 0x10, 0x82, 0x10, 0x82, 0x10, 0x82,
    0x10, 0x82, 0x10, 0x82, 0x10, 0x82, 0x10, 0x82, 0x10, 0x82, 0x10, 0x82, 0x10, 0x82, 0x10, 0x82,
    0x10, 0x82, 0x10, 0x82, 0x10, 0x82, 0x10, 0x82, 0x10, 0x82, 0x10, 0x82, 0x10, 0x82, 0x10, 0x82,
    0x10, 0x82, 0x10, 0x82, 0x10, 0x82, 0x10, 0x82, 0x10, 0x82, 0x10, 0x82, 0x10, 0x82, 0x10, 0x82,
    0x10, 0x82, 0x10, 0x82, 0x10, 0x82, 0x10, 0x82, 0x10, 0x82, 0x10, 0x82, 0x10, 0x82, 0x10, 0x82,
    0x10, 0x82, 0x10, 0x82, 0x10, 0x82, 0x10, 0x82, 0x10, 0x82, 0x10, 0x82, 0x10, 0x82, 0x10, 0x82,
    0x10, 0x82, 0x10, 0x82, 0x10, 0x82, 0x10, 0x82, 0x10, 0x82, 0x10, 0x82, 0x10, 0x82, 0xef, 0x5c,
    0x08, 0x41, 0x08, 0x41, 0x08, 0x41, 0x08, 0x41, 0x08, 0x41, 0x08, 0x41, 0x08, 0x41, 0x08, 0x41,
    0x08, 0x41, 0x08, 0x41, 0x08, 0x41, 0x08, 0x41, 0x08, 0x41, 0x08, 0x41, 0x08, 0x41, 0x08, 0x41,
    0x08, 0x41, 0x08, 0x41, 0x08, 0x41, 0x08, 0x41, 0x08, 0x41, 0x08, 0x41, 0x08, 0x41, 0x08, 0x41,
    0x08, 0x41, 0x08, 0x41, 0x08, 0x41, 0x08, 0x41, 0x08, 0x41, 0x08, 0x41, 0x08, 0x41, 0x08, 0x41,
    0xef, 0x5c, 0x10, 0x82, 0x10, 0x82, 0x10, 0x82, 0x10, 0x82, 0x10, 0x82, 0x10, 0x82, 0x10, 0x82,
    0x10, 0x82, 0x10, 0x82, 0x10, 0x82, 0x10, 0x82, 0x10, 0x82, 0x10, 0x82, 0x10, 0x82, 0x10, 0x82,
    0x10, 0x82, 0x10, 0x82, 0x10, 0x82, 0x10, 0x82, 0x10, 0x82, 0x10, 0x82, 0x10, 0x82, 0x10, 0x82,
    0x10, 0x82, 0x10, 0x82, 0x10, 0x82, 0x10, 0x82, 0x10, 0x82, 0x10, 0x82, 0x10, 0x82, 0x10, 0x82,
    0x10, 0x82, 0x10, 0x82, 0x10, 0x82, 0x10, 0x82, 0x10, 0x82, 0x10, 0x82, 0x10, 0x82, 0x10, 0x82,
    0x10, 0x82, 0x10, 0x82, 0x10, 0x82, 0x10, 0x82, 0x10, 0x82, 0x10, 0x82, 0x10, 0x82, 0x10, 0x82,
    0x10, 0x82, 0x10, 0x82, 0x10, 0x82, 0x10, 0x82, 0x10, 0x82, 0x10, 0x82, 0x10, 0x82, 0x10, 0x82,
    0x10, 0x82, 0x10, 0x82, 0x10, 0x82, 0x10, 0x82, 0x10, 0x82, 0x10, 0x82, 0x10, 0x82, 0x10, 0x82,
    0x10, 0x82, 0x10, 0x82, 0x10, 0x82, 0x10, 0x82, 0x10, 0x82, 0x10, 0x82, 0x10, 0x82, 0x10, 0x82,
    0x10, 0x82, 0x10, 0x82, 0x10, 0x82, 0x10, 0x82, 0x10, 0x82, 0x10, 0x82, 0x10, 0x82, 0x10, 0x82,
    0x10, 0x82, 0x10, 0x82, 0x10, 0x82, 0x10, 0x82, 0x10, 0x82, 0x10, 0x82, 0x10, 0x82, 0x10, 0x82,
    0x10, 0x82, 0x10, 0x82, 0x10, 0x82, 0x10, 0x82, 0x10, 0x82, 0x10, 0x82, 0x10, 0x82, 0x10, 0x82,
    0x10, 0x82, 0x10, 0x82, 0x10, 0x82, 0x10, 0x82, 0x10, 0x82, 0x10, 0x82, 0x10, 0x82, 0x10, 0x82,
    0x10, 0x82, 0x10, 0x82, 0x10, 0x82, 0x10, 0x82, 0x10, 0x82, 0x10, 0x82, 0x10, 0x82, 0x10, 0x82,
    0x10, 0x82, 0x10, 0x82, 0x10, 0x82, 0x10, 0x82, 0x10, 0x82, 0x10, 0x82, 0x10, 0x82, 0x10, 0x82,
    0x10, 0x82, 0x10, 0x82, 0x10, 0x82, 0x10, 0x82, 0x10, 0x82, 0x10, 0x82, 0x10, 0x82, 0x10, 0x82,
    0x10, 0x82, 0x10, 0x82, 0x10, 0x82, 0x10, 0x82, 0x10, 0x82, 0x10, 0x82, 0x10, 0x82, 0x10, 0x82,
    0x10, 0x82, 0x10, 0x82, 0x10, 0x82, 0x10, 0x82, 0x10, 0x82, 0x10, 0x82, 0x10, 0x82, 0x10, 0x82,
    0x10, 0x82, 0x10, 0x82, 0x10, 0x82, 0x10, 0x82, 0x10, 0x82, 0x10, 0x82, 0x10, 0x82, 0x10, 0x82,
    0x10, 0x82, 0x10, 0x82, 0x10, 0x82, 0x10, 0x82, 0x10, 0x82, 0x10, 0x82, 0x10, 0x82, 0x10, 0x82,
    0x10, 0x82, 0x10, 0x82, 0x10, 0x82, 0x10, 0x82, 0x10, 0x82, 0x10, 0x82, 0x10, 0x82, 0x10, 0x82,
    0x10, 0x82, 0x10, 0x82, 0x10, 0x82, 0x10, 0x82, 0x10, 0x82, 0x10, 0x82, 0x10, 0x82, 0x10, 0x82,
    0x10, 0x82, 0x10, 0x82, 0x10, 0x82, 0x10, 0x82, 0x10, 0x82, 0x10, 0x82, 0x10, 0x82, 0x10, 0x82,
    0x10, 0x82, 0x10, 0x82, 0x10, 0x82, 0x10, 0x82, 0x10, 0x82, 0x10, 0x82, 0x10, 0x82, 0x10, 0x82,
    0x10, 0x82, 0x10, 0x82, 0x10, 0x82, 0x10, 0x82, 0x10, 0x82, 0x10, 0x82, 0x10, 0x82, 0x10, 0x82,
    0x10, 0x82, 0x10, 0x82, 0x10, 0x82, 0x10, 0x82, 0x10, 0x82, 0x10, 0x82, 0x10, 0x82, 0xef, 0x5c,
    0x08, 0x41, 0x08, 0x41, 0x08, 0x41, 0x08, 0x41, 0x08, 0x41, 0x08, 0x41, 0x08, 0x41, 0x08, 0x41,
    0x08, 0x41, 0x08, 0x41, 0x08, 0x41, 0x08, 0x41, 0x08, 0x41, 0x08, 0x41, 0x08, 0x41, 0x08, 0x41,
    0x08, 0x41, 0x08, 0x41, 0x08, 0x41, 0x08, 0x41, 0x08, 0x41, 0x08, 0x41, 0x08, 0x41, 0x08, 0x41,
    0x08, 0x41, 0x08, 0x41, 0x08, 0x41, 0x08, 0x41, 0x08, 0x41, 0x08, 0x41, 0x08, 0x41, 0x08, 0x41,
    0xef, 0x5c, 0x10, 0x82, 0x10, 0x82, 0x10, 0x82, 0x10, 0x82, 0x10, 0x82, 0x10, 0x82, 0x10, 0x82,
    0x10, 0x82, 0x10, 0x82, 0x10, 0x82, 0x10, 0x82, 0x10, 0x82, 0x10, 0x82, 0x10, 0x82, 0x10, 0x82,
    0x10, 0x82, 0x10, 0x82, 0x10, 0x82, 0x10, 0x82, 0x10, 0x82, 0x10, 0x82, 0x10, 0x82, 0x10, 0x82,
    0x10, 0x82, 0x10, 0x82, 0x10, 0x82, 0x10, 0x82, 0x10, 0x82, 0x10, 0x82, 0x10, 0x82, 0x10, 0x82,
    0x10, 0x82, 0x10, 0x82, 0x10, 0x82, 0x10, 0x82, 0x10, 0x82, 0x10, 0x82, 0x10, 0x82, 0x10, 0x82,
    0x10, 0x82, 0x10, 0x82, 0x10, 0x82, 0x10, 0x82, 0x10, 0x82, 0x10, 0x82, 0x10, 0x82, 0x10, 0x82,
    0x10, 0x82, 0x10, 0x82, 0x10, 0x82, 0x10, 0x82, 0x10, 0x82, 0x10, 0x82, 0x10, 0x82, 0x10, 0x82,
    0x10, 0x82, 0x10, 0x82, 0x10, 0x82, 0x10, 0x82, 0x10, 0x82, 0x10, 0x82, 0x10, 0x82, 0x10, 0x82,
    0x10, 0x82, 0x10, 0x82, 0x10, 0x82, 0x10, 0x82, 0x10, 0x82, 0x10, 0x82, 0x10, 0x82, 0x10, 0x82,
    0x10, 0x82, 0x10, 0x82, 0x10, 0x82, 0x10, 0x82, 0x10, 0x82, 0x10, 0x82, 0x10, 0x82, 0x10, 0x82,
    0x10, 0x82, 0x10, 0x82, 0x10, 0x82, 0x10, 0x82, 0x10, 0x82, 0x10, 0x82, 0x10, 0x82, 0x10, 0x82,
    0x10, 0x82, 0x10, 0x82, 0x10, 0x82, 0x10, 0x82, 0x10, 0x82, 0x10, 0x82, 0x10, 0x82, 0x10, 0x82,
    0x10, 0x82, 0x10, 0x82, 0x10, 0x82, 0x10, 0x82, 0x10, 0x82, 0x10, 0x82, 0x10, 0x82, 0x10, 0x82,
    0x10, 0x82, 0x10, 0x82, 0x10, 0x82, 0x10, 0x82, 0x10, 0x82, 0x10, 0x82, 0x10, 0x82, 0x10, 0x82,
    0x10, 0x82, 0x10, 0x82, 0x10, 0x82, 0x10, 0x82, 0x10, 0x82, 0x10, 0x82, 0x10, 0x82, 0x10, 0x82,
    0x10, 0x82, 0x10, 0x82, 0x10, 0x82, 0x10, 0x82, 0x10, 0x82, 0x10, 0x82, 0x10, 0x82, 0x10, 0x82,
    0x10, 0x82, 0x10, 0x82, 0x10, 0x82, 0x10, 0x82, 0x10, 0x82, 0x10, 0x82, 0x10, 0x82, 0x10, 0x82,
    0x10, 0x82, 0x10, 0x82, 0x10, 0x82, 0x10, 0x82, 0x10, 0x82, 0x10, 0x82, 0x10, 0x82, 0x10, 0x82,
    0x10, 0x82, 0x10, 0x82, 0x10, 0x82, 0x10, 0x82, 0x10, 0x82, 0x10, 0x82, 0x10, 0x82, 0x10, 0x82,
    0x10, 0x82, 0x10, 0x82, 0x10, 0x82, 0x10, 0x82, 0x10, 0x82, 0x10, 0x82, 0x10, 0x82, 0x10, 0x82,
    0x10, 0x82, 0x10, 0x82, 0x10, 0x82, 0x10, 0x82, 0x10, 0x82, 0x10, 0x82, 0x10, 0x82, 0x10, 0x82,
    0x10, 0x82, 0x10, 0x82, 0x10, 0x82, 0x10, 0x82, 0x10, 0x82, 0x10, 0x82, 0x10, 0x82, 0x10, 0x82,
    0x10, 0x82, 0x10, 0x82, 0x10, 0x82, 0x10, 0x82, 0x10, 0x82, 0x10, 0x82, 0x10, 0x82, 0x10, 0x82,
    0x10, 0x82, 0x10, 0x82, 0x10, 0x82, 0x10, 0x82, 0x10, 0x82, 0x10, 0x82, 0x10, 0x82, 0x10, 0x82,
    0x10, 0x82, 0x10, 0x82, 0x10, 0x82, 0x10, 0x82, 0x10, 0x82, 0x10, 0x82, 0x10, 0x82, 0x10, 0x82,
    0x10, 0x82, 0x10, 0x82, 0x10, 0x82, 0x10, 0x82, 0x10, 0x82, 0x10, 0x82, 0x10, 0x82, 0xef, 0x5c,
    0x08, 0x41, 0x08, 0x41, 0x08, 0x41, 0x08, 0x41, 0x08, 0x41, 0x08, 0x41, 0x08, 0x41, 0x08, 0x41,
    0x08, 0x41, 0x08, 0x41, 0x08, 0x41, 0x08, 0x41, 0x08, 0x41, 0x08, 0x41, 0x08, 0x41, 0x08, 0x41,
    0x08, 0x41, 0x08, 0x41, 0x08, 0x41, 0x08, 0x41, 0x08, 0x41, 0x08, 0x41, 0x08, 0x41, 0x08, 0x41,
    0x08, 0x41, 0x08, 0x41, 0x08, 0x41, 0x08, 0x41, 0x08, 0x41, 0x08, 0x41, 0x08, 0x41, 0x08, 0x41,
    0xef, 0x5c, 0x10, 0x82, 0x10, 0x82, 0x10, 0x82, 0x10, 0x82, 0x10, 0x82, 0x10, 0x82, 0x10, 0x82,
    0x10, 0x82, 0x10, 0x82, 0x10, 0x82, 0x10, 0x82, 0x10, 0x82, 0x10, 0x82, 0x10, 0x82, 0x10, 0x82,
    0x10, 0x82, 0x10, 0x82, 0x10, 0x82, 0x10, 0x82, 0x10, 0x82, 0x10, 0x82, 0x10, 0x82, 0x10, 0x82,
    0x10, 0x82, 0x10, 0x82, 0x10, 0x82, 0x10, 0x82, 0x10, 0x82, 0x10, 0x82, 0x10, 0x82, 0x10, 0x82,
    0x10, 0x82, 0x10, 0x82, 0x10, 0x82, 0x10, 0x82, 0x10, 0x82, 0x10, 0x82, 0x10, 0x82, 0x10, 0x82,
    0x10, 0x82, 0x10, 0x82, 0x10, 0x82, 0x10, 0x82, 0x10, 0x82, 0x10, 0x82, 0x10, 0x82, 0x10, 0x82,
    0x10, 0x82, 0x10, 0x82, 0x10, 0x82, 0x10, 0x82, 0x10, 0x82, 0x10, 0x82, 0x10, 0x82, 0x10, 0x82,
    0x10, 0x82, 0x10, 0x82, 0x10, 0x82, 0x10, 0x82, 0x10, 0x82, 0x10, 0x82, 0x10, 0x82, 0x10, 0x82,
    0x10, 0x82, 0x10, 0x82, 0x10, 0x82, 0x10, 0x82, 0x10, 0x82, 0x10, 0x82, 0x10, 0x82, 0x10, 0x82,
    0x10, 0x82, 0x10, 0x82, 0x10, 0x82, 0x10, 0x82, 0x10, 0x82, 0x10, 0x82, 0x10, 0x82, 0x10, 0x82,
    0x10, 0x82, 0x10, 0x82, 0x10, 0x82, 0x10, 0x82, 0x10, 0x82, 0x10, 0x82, 0x10, 0x82, 0x10, 0x82,
    0x10, 0x82, 0x10, 0x82, 0x10, 0x82, 0x10, 0x82, 0x10, 0x82, 0x10, 0x82, 0x10, 0x82, 0x10, 0x82,
    0x10, 0x82, 0x10, 0x82, 0x10, 0x82, 0x10, 0x82, 0x10, 0x82, 0x10, 0x82, 0x10, 0x82, 0x10, 0x82,
    0x10, 0x82, 0x10, 0x82, 0x10, 0x82, 0x10, 0x82, 0x10, 0x82, 0x10, 0x82, 0x10, 0x82, 0x10, 0x82,
    0x10, 0x82, 0x10, 0x82, 0x10, 0x82, 0x10, 0x82, 0x10, 0x82, 0x10, 0x82, 0x10, 0x82, 0x10, 0x82,
    0x10, 0x82, 0x10, 0x82, 0x10, 0x82, 0x10, 0x82, 0x10, 0x82, 0x10, 0x82, 0x10, 0x82, 0x10, 0x82,
    0x10, 0x82, 0x10, 0x82, 0x10, 0x82, 0x10, 0x82, 0x10, 0x82, 0x10, 0x82, 0x10, 0x82, 0x10, 0x82,
    0x10, 0x82, 0x10, 0x82, 0x10, 0x82, 0x10, 0x82, 0x10, 0x82, 0x10, 0x82, 0x10, 0x82, 0x10, 0x82,
    0x10, 0x82, 0x10, 0x82, 0x10, 0x82, 0x10, 0x82, 0x10, 0x82, 0x10, 0x82, 0x10, 0x82, 0x10, 0x82,
    0x10, 0x82, 0x10, 0x82, 0x10, 0x82, 0x10, 0x82, 0x10, 0x82, 0x10, 0x82, 0x10, 0x82, 0x10, 0x82,
    0x10, 0x82, 0x10, 0x82, 0x10, 0x82, 0x10, 0x82, 0x10, 0x82, 0x10, 0x82, 0x10, 0x82, 0x10, 0x82,
    0x10, 0x82, 0x10, 0x82, 0x10, 0x82, 0x10, 0x82, 0x10, 0x82, 0x10, 0x82, 0x10, 0x82, 0x10, 0x82,
    0x10, 0x82, 0x10, 0x82, 0x10, 0x82, 0x10, 0x82, 0x10, 0x82, 0x10, 0x82, 0x10, 0x82, 0x10, 0x82,
    0x10, 0x82, 0x10, 0x82, 0x10, 0x82, 0x10, 0x82, 0x10, 0x82, 0x10, 0x82, 0x10, 0x82, 0x10, 0x82,
    0x10, 0x82, 0x10, 0x82, 0x10, 0x82, 0x10, 0x82, 0x10, 0x82, 0x10, 0x82, 0x10, 0x82, 0x10, 0x82,
    0x10, 0x82, 0x10, 0x82, 0x10, 0x82, 0x10, 0x82, 0x10, 0x82, 0x10, 0x82, 0x10, 0x82, 0xef, 0x5c,
    0x08, 0x41, 0x08, 0x41, 0x08, 0x41, 0x08, 0x41, 0x08, 0x41, 0x08, 0x41, 0x08, 0x41, 0x08, 0x41,
    0x08, 0x41, 0x08, 0x41, 0x08, 0x41, 0x08, 0x41, 0x08, 0x41, 0x08, 0x41, 0x08, 0x41, 0x08, 0x41,
    0x08, 0x41, 0x08, 0x41, 0x08, 0x41, 0x08, 0x41, 0x08, 0x41, 0x08, 0x41, 0x08, 0x41, 0x08, 0x41,
    0x08, 0x41, 0x08, 0x41, 0x08, 0x41, 0x08, 0x41, 0x08, 0x41, 0x08, 0x41, 0x08, 0x41, 0x08, 0x41,
    0xef, 0x5c, 0x10, 0x82, 0x10, 0x82, 0x10, 0x82, 0x10, 0x82, 0x10, 0x82, 0x10, 0x82, 0x10, 0x82,
    0x10, 0x82, 0x10, 0x82, 0x10, 0x82, 0x10, 0x82, 0x10, 0x82, 0x10, 0x82, 0x10, 0x82, 0x10, 0x82,
    0x10, 0x82, 0x10, 0x82, 0x10, 0x82, 0x10, 0x82, 0x10, 0x82, 0x10, 0x82, 0x10, 0x82, 0x10, 0x82,
    0x10, 0x82, 0x10, 0x82, 0x10, 0x82, 0x10, 0x82, 0x10, 0x82, 0x10, 0x82, 0x10, 0x82, 0x10, 0x82,
    0x10, 0x82, 0x10, 0x82, 0x10, 0x82, 0x10, 0x82, 0x10, 0x82, 0x10, 0x82, 0x10, 0x82, 0x10, 0x82,
    0x10, 0x82, 0x10, 0x82, 0x10, 0x82, 0x10, 0x82, 0x10, 0x82, 0x10, 0x82, 0x10, 0x82, 0x10, 0x82,
    0x10, 0x82, 0x10, 0x82, 0x10, 0x82, 0x10, 0x82, 0x10, 0x82, 0x10, 0x82, 0x10, 0x82, 0x10, 0x82,
    0x10, 0x82, 0x10, 0x82, 0x10, 0x82, 0x10, 0x82, 0x10, 0x82, 0x10, 0x82, 0x10, 0x82, 0x10, 0x82,
    0x10, 0x82, 0x10, 0x82, 0x10, 0x82, 0x10, 0x82, 0x10, 0x82, 0x10, 0x82, 0x10, 0x82, 0x10, 0x82,
    0x10, 0x82, 0x10, 0x82, 0x10, 0x82, 0x10, 0x82, 0x10, 0x82, 0x10, 0x82, 0x10, 0x82, 0x10, 0x82,
    0x10, 0x82, 0x10, 0x82, 0x10, 0x82, 0x10, 0x82, 0x10, 0x82, 0x10, 0x82, 0x10, 0x82, 0x10, 0x82,
    0x10, 0x82, 0x10, 0x82, 0x10, 0x82, 0x10, 0x82, 0x10, 0x82, 0x10, 0x82, 0x10, 0x82, 0x10, 0x82,
    0x10, 0x82, 0x10, 0x82, 0x10, 0x82, 0x10, 0x82, 0x10, 0x82, 0x10, 0x82, 0x10, 0x82, 0x10, 0x82,
    0x10, 0x82, 0x10, 0x82, 0x10, 0x82, 0x10, 0x82, 0x10, 0x82, 0x10, 0x82, 0x10, 0x82, 0x10, 0x82,
    0x10, 0x82, 0x10, 0x82, 0x10, 0x82, 0x10, 0x82, 0x10, 0x82, 0x10, 0x82, 0x10, 0x82, 0x10, 0x82,
    0x10, 0x82, 0x10, 0x82, 0x10, 0x82, 0x10, 0x82, 0x10, 0x82, 0x10, 0x82, 0x10, 0x82, 0x10, 0x82,
    0x10, 0x82, 0x10, 0x82, 0x10, 0x82, 0x10, 0x82, 0x10, 0x82, 0x10, 0x82, 0x10, 0x82, 0x10, 0x82,
    0x10, 0x82, 0x10, 0x82, 0x10, 0x82, 0x10, 0x82, 0x10, 0x82, 0x10, 0x82, 0x10, 0x82, 0x10, 0x82,
    0x10, 0x82, 0x10, 0x82, 0x10, 0x82, 0x10, 0x82, 0x10, 0x82, 0x10, 0x82, 0x10, 0x82, 0x10, 0x82,
    0x10, 0x82, 0x10, 0x82, 0x10, 0x82, 0x10, 0x82, 0x10, 0x82, 0x10, 0x82, 0x10, 0x82, 0x10, 0x82,
    0x10, 0x82, 0x10, 0x82, 0x10, 0x82, 0x10, 0x82, 0x10, 0x82, 0x10, 0x82, 0x10, 0x82, 0x10, 0x82,
    0x10, 0x82, 0x10, 0x82, 0x10, 0x82, 0x10, 0x82, 0x10, 0x82, 0x10, 0x82, 0x10, 0x82, 0x10, 0x82,
    0x10, 0x82, 0x10, 0x82, 0x10, 0x82, 0x10, 0x82, 0x10, 0x82, 0x10, 0x82, 0x10, 0x82, 0x10, 0x82,
    0x10, 0x82, 0x10, 0x82, 0x10, 0x82, 0x10, 0x82, 0x10, 0x82, 0x10, 0x82, 0x10, 0x82, 0x10, 0x82,
    0x10, 0x82, 0x10, 0x82, 0x10, 0x82, 0x10, 0x82, 0x10, 0x82, 0x10, 0x82, 0x10, 0x82, 0x10, 0x82,
    0x10, 0x82, 0x10, 0x82, 0x10, 0x82, 0x10, 0x82, 0x10, 0x82, 0x10, 0x82, 0x10, 0x82, 0xef, 0x5c,
    0x08, 0x41, 0x08, 0x41, 0x08, 0x41, 0x08, 0x41, 0x08, 0x41, 0x08, 0x41, 0x08, 0x41, 0x08, 0x41,
    0x08, 0x41, 0x08, 0x41, 0x08, 0x41, 0x08, 0x41, 0x08, 0x41, 0x08, 0x41, 0x08, 0x41, 0x08, 0x41,
    0x08, 0x41, 0x08, 0x41, 0x08, 0x41, 0x08, 0x41, 0x08, 0x41, 0x08, 0x41, 0x08, 0x41, 0x08, 0x41,
    0x08, 0x41, 0x08, 0x41, 0x08, 0x41, 0x08, 0x41, 0x08, 0x41, 0x08, 0x41, 0x08, 0x41, 0x08, 0x41,
    0xef, 0x5c, 0x10, 0x82, 0x10, 0x82, 0x10, 0x82, 0x10, 0x82, 0x10, 0x82, 0x10, 0x82, 0x10, 0x82,
    0x10, 0x82, 0x10, 0x82, 0x10, 0x82, 0x10, 0x82, 0x10, 0x82, 0x10, 0x82, 0x10, 0x82, 0x10, 0x82,
    0x10, 0x82, 0x10, 0x82, 0x10, 0x82, 0x10, 0x82, 0x10, 0x82, 0x10, 0x82, 0x10, 0x82, 0x10, 0x82,
    0x10, 0x82, 0x10, 0x82, 0x10, 0x82, 0x10, 0x82, 0x10, 0x82, 0x10, 0x82, 0x10, 0x82, 0x10, 0x82,
    0x10, 0x82, 0x10, 0x82, 0x10, 0x82, 0x10, 0x82, 0x10, 0x82, 0x10, 0x82, 0x10, 0x82, 0x10, 0x82,
    0x10, 0x82, 0x10, 0x82, 0x10, 0x82, 0x10, 0x82, 0x10, 0x82, 0x10, 0x82, 0x10, 0x82, 0x10, 0x82,
    0x10, 0x82, 0x10, 0x82, 0x10, 0x82, 0x10, 0x82, 0x10, 0x82, 0x10, 0x82, 0x10, 0x82, 0x10, 0x82,
    0x10, 0x82, 0x10, 0x82, 0x10, 0x82, 0x10, 0x82, 0x10, 0x82, 0x10, 0x82, 0x10, 0x82, 0x10, 0x82,
    0x10, 0x82, 0x10, 0x82, 0x10, 0x82, 0x10, 0x82, 0x10, 0x82, 0x10, 0x82, 0x10, 0x82, 0x10, 0x82,
    0x10, 0x82, 0x10, 0x82, 0x10, 0x82, 0x10, 0x82, 0x10, 0x82, 0x10, 0x82, 0x10, 0x82, 0x10, 0x82,
    0x10, 0x82, 0x10, 0x82, 0x10, 0x82, 0x10, 0x82, 0x10, 0x82, 0x10, 0x82, 0x10, 0x82, 0x10, 0x82,
    0x10, 0x82, 0x10, 0x82, 0x10, 0x82, 0x10, 0x82, 0x10, 0x82, 0x10, 0x82, 0x10, 0x82, 0x10, 0x82,
    0x10, 0x82, 0x10, 0x82, 0x10, 0x82, 0x10, 0x82, 0x10, 0x82, 0x10, 0x82, 0x10, 0x82, 0x10, 0x82,
    0x10, 0x82, 0x10, 0x82, 0x10, 0x82, 0x10, 0x82, 0x10, 0x82, 0x10, 0x82, 0x10, 0x82, 0x10, 0x82,
    0x10, 0x82, 0x10, 0x82, 0x10, 0x82, 0x10, 0x82, 0x10, 0x82, 0x10, 0x82, 0x10, 0x82, 0x10, 0x82,
    0x10, 0x82, 0x10, 0x82, 0x10, 0x82, 0x10, 0x82, 0x10, 0x82, 0x10, 0x82, 0x10, 0x82, 0x10, 0x82,
    0x10, 0x82, 0x10, 0x82, 0x10, 0x82, 0x10, 0x82, 0x10, 0x82, 0x10, 0x82, 0x10, 0x82, 0x10, 0x82,
    0x10, 0x82, 0x10, 0x82, 0x10, 0x82, 0x10, 0x82, 0x10, 0x82, 0x10, 0x82, 0x10, 0x82, 0x10, 0x82,
    0x10, 0x82, 0x10, 0x82, 0x10, 0x82, 0x10, 0x82, 0x10, 0x82, 0x10, 0x82, 0x10, 0x82, 0x10, 0x82,
    0x10, 0x82, 0x10, 0x82, 0x10, 0x82, 0x10, 0x82, 0x10, 0x82, 0x10, 0x82, 0x10, 0x82, 0x10, 0x82,
    0x10, 0x82, 0x10, 0x82, 0x10, 0x82, 0x10, 0x82, 0x10, 0x82, 0x10, 0x82, 0x10, 0x82, 0x10, 0x82,
    0x10, 0x82, 0x10, 0x82, 0x10, 0x82, 0x10, 0x82, 0x10, 0x82, 0x10, 0x82, 0x10, 0x82, 0x10, 0x82,
    0x10, 0x82, 0x10, 0x82, 0x10, 0x82, 0x10, 0x82, 0x10, 0x82, 0x10, 0x82, 0x10, 0x82, 0x10, 0x82,
    0x10, 0x82, 0x10, 0x82, 0x10, 0x82, 0x10, 0x82, 0x10, 0x82, 0x10, 0x82, 0x10, 0x82, 0x10, 0x82,
    0x10, 0x82, 0x10, 0x82, 0x10, 0x82, 0x10, 0x82, 0x10, 0x82, 0x10, 0x82, 0x10, 0x82, 0x10, 0x82,
    0x10, 0x82, 0x10, 0x82, 0x10, 0x82, 0x10, 0x82, 0x10, 0x82, 0x10, 0x82, 0x10, 0x82, 0xef, 0x5c,
    0x08, 0x41, 0x08, 0x41, 0x08, 0x41, 0x08, 0x41, 0x08, 0x41, 0x08, 0x41, 0x08, 0x41, 0x08, 0x41,
    0x08, 0x41, 0x08, 0x41, 0x08, 0x41, 0x08, 0x41, 0x08, 0x41, 0x08, 0x41, 0x08, 0x41, 0x08, 0x41,
    0x08, 0x41, 0x08, 0x41, 0x08, 0x41, 0x08, 0x41, 0x08, 0x41, 0x08, 0x41, 0x08, 0x41, 0x08, 0x41,
    0x08, 0x41, 0x08, 0x41, 0x08, 0x41, 0x08, 0x41, 0x08, 0x41, 0x08, 0x41, 0x08, 0x41, 0x08, 0x41,
    0xef, 0x5c, 0x10, 0x82, 0x10, 0x82, 0x10, 0x82, 0x10, 0x82, 0x10, 0x82, 0x10, 0x82, 0x10, 0x82,
    0x10, 0x82, 0x10, 0x82, 0x10, 0x82, 0x10, 0x82, 0x10, 0x82, 0x10, 0x82, 0x10, 0x82, 0x10, 0x82,
    0x10, 0x82, 0x10, 0x82, 0x10, 0x82, 0x10, 0x82, 0x10, 0x82, 0x10, 0x82, 0x10, 0x82, 0x10, 0x82,
    0x10, 0x82, 0x10, 0x82, 0x10, 0x82, 0x10, 0x82, 0x10, 0x82, 0x10, 0x82, 0x10, 0x82, 0x10, 0x82,
    0x10, 0x82, 0x10, 0x82, 0x10, 0x82, 0x10, 0x82, 0x10, 0x82, 0x10, 0x82, 0x10, 0x82, 0x10, 0x82,
    0x10, 0x82, 0x10, 0x82, 0x10, 0x82, 0x10, 0x82, 0x10, 0x82, 0x10, 0x82, 0x10, 0x82, 0x10, 0x82,
    0x10, 0x82, 0x10, 0x82, 0x10, 0x82, 0x10, 0x82, 0x10, 0x82, 0x10, 0x82, 0x10, 0x82, 0x10, 0x82,
    0x10, 0x82, 0x10, 0x82, 0x10, 0x82, 0x10, 0x82, 0x10, 0x82, 0x10, 0x82, 0x10, 0x82, 0x10, 0x82,
    0x10, 0x82, 0x10, 0x82, 0x10, 0x82, 0x10, 0x82, 0x10, 0x82, 0x10, 0x82, 0x10, 0x82, 0x10, 0x82,
    0x10, 0x82, 0x10, 0x82, 0x10, 0x82, 0x10, 0x82, 0x10, 0x82, 0x10, 0x82, 0x10, 0x82, 0x10, 0x82,
    0x10, 0x82, 0x10, 0x82, 0x10, 0x82, 0x10, 0x82, 0x10, 0x82, 0x10, 0x82, 0x10, 0x82, 0x10, 0x82,
    0x10, 0x82, 0x10, 0x82, 0x10, 0x82, 0x10, 0x82, 0x10, 0x82, 0x10, 0x82, 0x10, 0x82, 0x10, 0x82,
    0x10, 0x82, 0x10, 0x82, 0x10, 0x82, 0x10, 0x82, 0x10, 0x82, 0x10, 0x82, 0x10, 0x82, 0x10, 0x82,
    0x10, 0x82, 0x10, 0x82, 0x10, 0x82, 0x10, 0x82, 0x10, 0x82, 0x10, 0x82, 0x10, 0x82, 0x10, 0x82,
    0x10, 0x82, 0x10, 0x82, 0x10, 0x82, 0x10, 0x82, 0x10, 0x82, 0x10, 0x82, 0x10, 0x82, 0x10, 0x82,
    0x10, 0x82, 0x10, 0x82, 0x10, 0x82, 0x10, 0x82, 0x10, 0x82, 0x10, 0x82, 0x10, 0x82, 0x10, 0x82,
    0x10, 0x82, 0x10, 0x82, 0x10, 0x82, 0x10, 0x82, 0x10, 0x82, 0x10, 0x82, 0x10, 0x82, 0x10, 0x82,
    0x10, 0x82, 0x10, 0x82, 0x10, 0x82, 0x10, 0x82, 0x10, 0x82, 0x10, 0x82, 0x10, 0x82, 0x10, 0x82,
    0x10, 0x82, 0x10, 0x82, 0x10, 0x82, 0x10, 0x82, 0x10, 0x82, 0x10, 0x82, 0x10, 0x82, 0x10, 0x82,
    0x10, 0x82, 0x10, 0x82, 0x10, 0x82, 0x10, 0x82, 0x10, 0x82, 0x10, 0x82, 0x10, 0x82, 0x10, 0x82,
    0x10, 0x82, 0x10, 0x82, 0x10, 0x82, 0x10, 0x82, 0x10, 0x82, 0x10, 0x82, 0x10, 0x82, 0x10, 0x82,
    0x10, 0x82, 0x10, 0x82, 0x10, 0x82, 0x10, 0x82, 0x10, 0x82, 0x10, 0x82, 0x10, 0x82, 0x10, 0x82,
    0x10, 0x82, 0x10, 0x82, 0x10, 0x82, 0x10, 0x82, 0x10, 0x82, 0x10, 0x82, 0x10, 0x82, 0x10, 0x82,
    0x10, 0x82, 0x10, 0x82, 0x10, 0x82, 0x10, 0x82, 0x10, 0x82, 0x10, 0x82, 0x10, 0x82, 0x10, 0x82,
    0x10, 0x82, 0x10, 0x82, 0x10, 0x82, 0x10, 0x82, 0x10, 0x82, 0x10, 0x82, 0x10, 0x82, 0x10, 0x82,
    0x10, 0x82, 0x10, 0x82, 0x10, 0x82, 0x10, 0x82, 0x10, 0x82, 0x10, 0x82, 0x10, 0x82, 0xef, 0x5c,
    0x08, 0x41, 0x08, 0x41, 0x08, 0x41, 0x08, 0x41, 0x08, 0x41, 0x08, 0x41, 0x08, 0x41, 0x08, 0x41,
    0x08, 0x41, 0x08, 0x41, 0x08, 0x41, 0x08, 0x41, 0x08, 0x41, 0x08, 0x41, 0x08, 0x41, 0x08, 0x41,
    0x08, 0x41, 0x08, 0x41, 0x08, 0x41, 0x08, 0x41, 0x08, 0x41, 0x08, 0x41, 0x08, 0x41, 0x08, 0x41,
    0x08, 0x41, 0x08, 0x41, 0x08, 0x41, 0x08, 0x41, 0x08, 0x41, 0x08, 0x41, 0x08, 0x41, 0x08, 0x41,
    0xef, 0x5c, 0x10, 0x82, 0x10, 0x82, 0x10, 0x82, 0x10, 0x82, 0x10, 0x82, 0x10, 0x82, 0x10, 0x82,
    0x10, 0x82, 0x10, 0x82, 0x10, 0x82, 0x10, 0x82, 0x10, 0x82, 0x10, 0x82, 0x10, 0x82, 0x10, 0x82,
    0x10, 0x82, 0x10, 0x82, 0x10, 0x82, 0x10, 0x82, 0x10, 0x82, 0x10, 0x82, 0x10, 0x82, 0x10, 0x82,
    0x10, 0x82, 0x10, 0x82, 0x10, 0x82, 0x10, 0x82, 0x10, 0x82, 0x10, 0x82, 0x10, 0x82, 0x10, 0x82,
    0x10, 0x82, 0x42, 0x08, 0x84, 0x30, 0x84, 0x30, 0x39, 0xe7, 0x10, 0x82, 0x10, 0x82, 0x10, 0x82,
    0x10, 0x82, 0x10, 0x82, 0x10, 0x82, 0x10, 0x82, 0x10, 0x82, 0x10, 0x82, 0x10, 0x82, 0x10, 0x82,
    0x10, 0x82, 0x10, 0x82, 0x10, 0x82, 0x10, 0x82, 0x10, 0x82, 0x10, 0x82, 0x10, 0x82, 0x10, 0x82,
    0x10, 0x82, 0x10, 0x82, 0x10, 0x82, 0x10, 0x82, 0x10, 0x82, 0x10, 0x82, 0x10, 0x82, 0x10, 0x82,
    0x10, 0x82, 0x42, 0x08, 0x84, 0x30, 0x84, 0x30, 0x39, 0xe7, 0x10, 0x82, 0x10, 0x82, 0x10, 0x82,
    0x10, 0x82, 0x10, 0x82, 0x10, 0x82, 0x10, 0x82, 0x10, 0x82, 0x10, 0x82, 0x10, 0x82, 0x10, 0x82,
    0x10, 0x82, 0x10, 0x82, 0x29, 0x45, 0xb5, 0xb6, 0x18, 0xe3, 0x10, 0x82, 0x10, 0x82, 0x10, 0x82,
    0x10, 0x82, 0x10, 0x82, 0x10, 0x82, 0x10, 0x82, 0x10, 0x82, 0x10, 0x82, 0x10, 0x82, 0x10, 0x82,
    0x10, 0x82, 0x10, 0x82, 0x10, 0x82, 0x10, 0x82, 0x10, 0x82, 0x10, 0x82, 0x10, 0x82, 0x10, 0x82,
    0x10, 0x82, 0x10, 0x82, 0x10, 0x82, 0x10, 0x82, 0x10, 0x82, 0x10, 0x82, 0x10, 0x82, 0x10, 0x82,
    0x10, 0x82, 0xb5, 0x95, 0x73, 0xae, 0x10, 0x82, 0x10, 0x82, 0x18, 0xe3, 0x10, 0x82, 0x10, 0x82,
    0xad, 0x54, 0x63, 0x0b, 0x10, 0x82, 0x10, 0x82, 0x10, 0x82, 0x10, 0x82, 0x10, 0x82, 0x10, 0x82,
    0x10, 0x82, 0x10, 0x82, 0x10, 0x82, 0x10, 0x82, 0x10, 0x82, 0x10, 0x82, 0x21, 0x04, 0x18, 0xc3,
    0x10, 0x82, 0x10, 0x82, 0x10, 0x82, 0x10, 0xa2, 0x21, 0x04, 0x18, 0xc3, 0x10, 0x82, 0x10, 0x82,
    0x10, 0x82, 0x4a, 0x48, 0xa5, 0x34, 0x21, 0x04, 0x10, 0x82, 0x10, 0x82, 0x10, 0x82, 0x10, 0x82,
    0x10, 0x82, 0x10, 0x82, 0x10, 0x82, 0x10, 0x82, 0x10, 0x82, 0x10, 0x82, 0x10, 0x82, 0x10, 0x82,
    0x10, 0x82, 0x10, 0x82, 0x10, 0x82, 0x10, 0x82, 0x39, 0xc7, 0xe7, 0x3c, 0x29, 0x45, 0x10, 0x82,
    0x18, 0xc3, 0x21, 0x04, 0x10, 0xa2, 0x10, 0xa2, 0x10, 0x82, 0x10, 0x82, 0x18, 0xc3, 0x21, 0x24,
    0x10, 0x82, 0x10, 0x82, 0x10, 0x82, 0x10, 0x82, 0x10, 0x82, 0x10, 0x82, 0x10, 0x82, 0x10, 0x82,
    0x10, 0x82, 0x10, 0x82, 0x10, 0x82, 0x10, 0x82, 0x10, 0x82, 0x10, 0x82, 0x10, 0x82, 0x10, 0x82,
    0x10, 0x82, 0x10, 0x82, 0x10, 0x82, 0x10, 0x82, 0x10, 0x82, 0x10, 0x82, 0x10, 0x82, 0x10, 0x82,
    0x10, 0x82, 0x10, 0x82, 0x10, 0x82, 0x10, 0x82, 0x10, 0x82, 0x10, 0x82, 0x10, 0x82, 0xef, 0x5c,
    0x08, 0x41, 0x08, 0x41, 0x08, 0x41, 0x08, 0x41, 0x08, 0x41, 0x08, 0x41, 0x08, 0x41, 0x08, 0x41,
    0x08, 0x41, 0x08, 0x41, 0x08, 0x41, 0x08, 0x41, 0x08, 0x41, 0x08, 0x41, 0x08, 0x41, 0x08, 0x41,
    0x08, 0x41, 0x08, 0x41, 0x08, 0x41, 0x08, 0x41, 0x08, 0x41, 0x08, 0x41, 0x08, 0x41, 0x08, 0x41,
    0x08, 0x41, 0x08, 0x41, 0x08, 0x41, 0x08, 0x41, 0x08, 0x41, 0x08, 0x41, 0x08, 0x41, 0x08, 0x41,
    0xef, 0x5c, 0x10, 0x82, 0x10, 0x82, 0x10, 0x82, 0x10, 0x82, 0x10, 0x82, 0x10, 0x82, 0x10, 0x82,
    0x10, 0x82, 0x10, 0x82, 0x10, 0x82, 0x10, 0x82, 0x10, 0x82, 0x10, 0x82, 0x10, 0x82, 0x10, 0x82,
    0x10, 0x82, 0x10, 0x82, 0x10, 0x82, 0x10, 0x82, 0x10, 0x82, 0x10, 0x82, 0x10, 0x82, 0x10, 0x82,
    0x10, 0x82, 0x10, 0x82, 0x10, 0x82, 0x10, 0x82, 0x10, 0x82, 0x10, 0x82, 0x10, 0x82, 0x10, 0x82,
    0x5a, 0xeb, 0xe7, 0x3c, 0xad, 0x55, 0xb5, 0x95, 0xe7, 0x3c, 0x6b, 0x4c, 0x10, 0x82, 0x10, 0x82,
    0x10, 0x82, 0x10, 0x82, 0x10, 0x82, 0x10, 0x82, 0x10, 0x82, 0x10, 0x82, 0x10, 0x82, 0x10, 0x82,
    0x10, 0x82, 0x10, 0x82, 0x10, 0x82, 0x10, 0x82, 0x10, 0x82, 0x10, 0x82, 0x10, 0x82, 0x10, 0x82,
    0x10, 0x82, 0x10, 0x82, 0x10, 0x82, 0x10, 0x82, 0x10, 0x82, 0x10, 0x82, 0x10, 0x82, 0x10, 0x82,
    0x5a, 0xeb, 0xe7, 0x3c, 0xad, 0x55, 0xb5, 0x95, 0xe7, 0x3c, 0x6b, 0x4c, 0x10, 0x82, 0x10, 0x82,
    0x10, 0x82, 0x10, 0x82, 0x10, 0x82, 0x10, 0x82, 0x10, 0x82, 0x21, 0x04, 0x21, 0x04, 0x18, 0xc3,
    0x10, 0xa2, 0x10, 0x82, 0x10, 0x82, 0x8c, 0x71, 0x8c, 0x50, 0x10, 0x82, 0x10, 0x82, 0x10, 0xa2,
    0x18, 0xc3, 0x21, 0x04, 0x18, 0xe3, 0x10, 0x82, 0x10, 0x82, 0x10, 0x82, 0x10, 0x82, 0x10, 0x82,
    0x9c, 0xf3, 0xef, 0x5c, 0xef, 0x5c, 0xef, 0x5c, 0xef, 0x5c, 0xef, 0x5c, 0xef, 0x5c, 0xef, 0x5c,
    0x6b, 0x4d, 0x10, 0x82, 0x10, 0x82, 0x10, 0x82, 0x10, 0x82, 0x10, 0x82, 0x10, 0x82, 0x29, 0x45,
    0x18, 0xc3, 0xad, 0x54, 0x52, 0x8a, 0x21, 0x04, 0x18, 0xc3, 0xbd, 0xf7, 0x8c, 0x71, 0x10, 0xa2,
    0xe7, 0x1b, 0x42, 0x08, 0x10, 0x82, 0x10, 0x82, 0x10, 0x82, 0x10, 0x82, 0x10, 0x82, 0x42, 0x28,
    0x73, 0xae, 0x84, 0x0f, 0x94, 0xb2, 0xb5, 0xb6, 0xbd, 0xd6, 0x10, 0xa2, 0xde, 0xda, 0xef, 0x5c,
    0xef, 0x5c, 0xef, 0x5c, 0xef, 0x5c, 0xef, 0x5c, 0xef, 0x5c, 0x5a, 0xcb, 0x10, 0x82, 0x10, 0x82,
    0x10, 0x82, 0x10, 0xa2, 0x7b, 0xef, 0xce, 0x58, 0x29, 0x65, 0x10, 0x82, 0x42, 0x28, 0xef, 0x5c,
    0xef, 0x5c, 0xef, 0x5c, 0xef, 0x5c, 0xef, 0x5c, 0xef, 0x5c, 0xef, 0x5c, 0x18, 0xe3, 0x10, 0x82,
    0x10, 0x82, 0x10, 0x82, 0x52, 0x89, 0x4a, 0x49, 0x29, 0x65, 0xde, 0xda, 0x10, 0x82, 0x10, 0x82,
    0x5a, 0xcb, 0xef, 0x5c, 0xef, 0x5c, 0xef, 0x5c, 0xef, 0x5c, 0xef, 0x5c, 0xef, 0x5c, 0xef, 0x5c,
    0x10, 0x82, 0x10, 0x82, 0x10, 0x82, 0x10, 0x82, 0x10, 0x82, 0x10, 0x82, 0x10, 0x82, 0x10, 0x82,
    0x10, 0x82, 0x10, 0x82, 0x10, 0x82, 0x10, 0x82, 0x10, 0x82, 0x10, 0x82, 0x10, 0x82, 0x10, 0x82,
    0x10, 0x82, 0x10, 0x82, 0x10, 0x82, 0x10, 0x82, 0x10, 0x82, 0x10, 0x82, 0x10, 0x82, 0x10, 0x82,
    0x10, 0x82, 0x10, 0x82, 0x10, 0x82, 0x10, 0x82, 0x10, 0x82, 0x10, 0x82, 0x10, 0x82, 0xef, 0x5c,
    0x08, 0x41, 0x08, 0x41, 0x08, 0x41, 0x08, 0x41, 0x08, 0x41, 0x08, 0x41, 0x08, 0x41, 0x08, 0x41,
    0x08, 0x41, 0x08, 0x41, 0x08, 0x41, 0x08, 0x41, 0x08, 0x41, 0x08, 0x41, 0x08, 0x41, 0x08, 0x41,
    0x08, 0x41, 0x08, 0x41, 0x08, 0x41, 0x08, 0x41, 0x08, 0x41, 0x08, 0x41, 0x08, 0x41, 0x08, 0x41,
    0x08, 0x41, 0x08, 0x41, 0x08, 0x41, 0x08, 0x41, 0x08, 0x41, 0x08, 0x41, 0x08, 0x41, 0x08, 0x41,
    0xef, 0x5c, 0x10, 0x82, 0x10, 0x82, 0x10, 0x82, 0x10, 0x82, 0x10, 0x82, 0x10, 0x82, 0x10, 0x82,
    0x10, 0x82, 0x10, 0x82, 0x10, 0x82, 0x10, 0x82, 0x10, 0x82, 0x10, 0x82, 0x10, 0x82, 0x10, 0x82,
    0x10, 0x82, 0x10, 0x82, 0x10, 0x82, 0x10, 0x82, 0x10, 0x82, 0x10, 0x82, 0x10, 0x82, 0x10, 0x82,
    0x10, 0x82, 0x10, 0x82, 0x10, 0x82, 0x10, 0x82, 0x10, 0x82, 0x10, 0x82, 0x10, 0x82, 0x10, 0x82,
    0xce, 0x58, 0x7b, 0xce, 0x10, 0x82, 0x10, 0x82, 0x6b, 0x4d, 0xc6, 0x17, 0x10, 0xa2, 0x10, 0x82,
    0x10, 0x82, 0x10, 0x82, 0x10, 0x82, 0x10, 0x82, 0x10, 0x82, 0x10, 0x82, 0x10, 0x82, 0x10, 0x82,
    0x10, 0x82, 0x10, 0x82, 0x10, 0x82, 0x10, 0x82, 0x10, 0x82, 0x10, 0x82, 0x10, 0x82, 0x10, 0x82,
    0x10, 0x82, 0x10, 0x82, 0x10, 0x82, 0x10, 0x82, 0x10, 0x82, 0x10, 0x82, 0x10, 0x82, 0x10, 0x82,
    0xce, 0x58, 0x7b, 0xce, 0x10, 0x82, 0x10, 0x82, 0x6b, 0x4d, 0xc6, 0x17, 0x10, 0xa2, 0x10, 0x82,
    0x10, 0x82, 0x10, 0x82, 0x10, 0x82, 0x10, 0x82, 0x10, 0x82, 0x9c, 0xd3, 0xef, 0x5c, 0xef, 0x5c,
    0xef, 0x5c, 0xef, 0x5c, 0xef, 0x5c, 0xef, 0x5c, 0xef, 0x5c, 0xef, 0x5c, 0xef, 0x5c, 0xef, 0x5c,
    0xef, 0x5c, 0xef, 0x5c, 0x73, 0xae, 0x10, 0x82, 0x10, 0x82, 0x10, 0x82, 0x10, 0x82, 0x10, 0x82,
    0x94, 0x91, 0x7b, 0xce, 0x10, 0x82, 0x10, 0x82, 0x10, 0x82, 0x10, 0x82, 0x10, 0x82, 0xa5, 0x34,
    0x63, 0x0c, 0x10, 0x82, 0x10, 0x82, 0x10, 0x82, 0x10, 0x82, 0x10, 0x82, 0x18, 0xc3, 0xef, 0x5c,
    0xef, 0x5c, 0xef, 0x5c, 0xef, 0x5c, 0xef, 0x5c, 0x8c, 0x50, 0xbd, 0xd6, 0x18, 0xc3, 0x42, 0x07,
    0xd6, 0x99, 0x10, 0x82, 0x10, 0x82, 0x10, 0x82, 0x10, 0x82, 0x10, 0x82, 0x10, 0x82, 0x31, 0x86,
    0x8c, 0x51, 0x7b, 0xef, 0xd6, 0x99, 0x4a, 0x69, 0x29, 0x45, 0x10, 0xa2, 0xce, 0x79, 0x21, 0x24,
    0x10, 0x82, 0x10, 0x82, 0x10, 0x82, 0x10, 0x82, 0xad, 0x54, 0x4a, 0x69, 0x10, 0x82, 0x10, 0x82,
    0x10, 0x82, 0x10, 0x82, 0x10, 0x82, 0x73, 0xae, 0x7b, 0xce, 0x10, 0x82, 0x42, 0x07, 0xc6, 0x38,
    0x10, 0x82, 0x10, 0x82, 0x10, 0x82, 0x10, 0x82, 0x18, 0xc3, 0xef, 0x5c, 0x10, 0xa2, 0x10, 0x82,
    0x10, 0x82, 0x10, 0x82, 0x94, 0x91, 0x73, 0x8d, 0x29, 0x65, 0xde, 0xda, 0x10, 0x82, 0x10, 0x82,
    0x18, 0xe3, 0x21, 0x04, 0x10, 0xa2, 0x73, 0x8d, 0x84, 0x0f, 0x10, 0xa2, 0x18, 0xc3, 0x29, 0x44,
    0x10, 0x82, 0x10, 0x82, 0x10, 0x82, 0x10, 0x82, 0x10, 0x82, 0x10, 0x82, 0x10, 0x82, 0x10, 0x82,
    0x10, 0x82, 0x10, 0x82, 0x10, 0x82, 0x10, 0x82, 0x10, 0x82, 0x10, 0x82, 0x10, 0x82, 0x10, 0x82,
    0x10, 0x82, 0x10, 0x82, 0x10, 0x82, 0x10, 0x82, 0x10, 0x82, 0x10, 0x82, 0x10, 0x82, 0x10, 0x82,
    0x10, 0x82, 0x10, 0x82, 0x10, 0x82, 0x10, 0x82, 0x10, 0x82, 0x10, 0x82, 0x10, 0x82, 0xef, 0x5c,
    0x08, 0x41, 0x08, 0x41, 0x08, 0x41, 0x08, 0x41, 0x08, 0x41, 0x08, 0x41, 0x08, 0x41, 0x08, 0x41,
    0x08, 0x41, 0x08, 0x41, 0x08, 0x41, 0x08, 0x41, 0x08, 0x41, 0x08, 0x41, 0x08, 0x41, 0x08, 0x41,
    0x08, 0x41, 0x08, 0x41, 0x08, 0x41, 0x08, 0x41, 0x08, 0x41, 0x08, 0x41, 0x08, 0x41, 0x08, 0x41,
    0x08, 0x41, 0x08, 0x41, 0x08, 0x41, 0x08, 0x41, 0x08, 0x41, 0x08, 0x41, 0x08, 0x41, 0x08, 0x41,
    0xef, 0x5c, 0x10, 0x82, 0x10, 0x82, 0x10, 0x82, 0x10, 0x82, 0x10, 0x82, 0x10, 0x82, 0x10, 0x82,
    0x10, 0x82, 0x10, 0x82, 0x10, 0x82, 0x10, 0x82, 0x10, 0x82, 0x10, 0x82, 0x10, 0x82, 0x10, 0x82,
    0x10, 0x82, 0x10, 0x82, 0x10, 0x82, 0x10, 0x82, 0x10, 0x82, 0x10, 0x82, 0x10, 0x82, 0x10, 0x82,
    0x10, 0x82, 0x10, 0x82, 0x10, 0x82, 0x10, 0x82, 0x10, 0x82, 0x10, 0x82, 0x10, 0x82, 0x10, 0x82,
    0xde, 0xda, 0x52, 0xaa, 0x10, 0x82, 0x10, 0x82, 0x10, 0x82, 0x10, 0xa2, 0x10, 0x82, 0x10, 0x82,
    0x10, 0x82, 0x10, 0x82, 0x10, 0x82, 0x29, 0x65, 0x4a, 0x48, 0x31, 0x86, 0x10, 0x82, 0x10, 0x82,
    0x18, 0xc3, 0x10, 0xa2, 0x10, 0x82, 0x10, 0x82, 0x10, 0x82, 0x10, 0x82, 0x10, 0x82, 0x29, 0x65,
    0x4a, 0x48, 0x31, 0x86, 0x10, 0x82, 0x10, 0x82, 0x18, 0xc3, 0x10, 0xa2, 0x10, 0x82, 0x10, 0x82,
    0xde, 0xda, 0x52, 0xaa, 0x10, 0x82, 0x10, 0x82, 0x10, 0x82, 0x10, 0xa2, 0x10, 0x82, 0x10, 0x82,
    0x10, 0x82, 0x10, 0x82, 0x10, 0x82, 0x10, 0x82, 0x10, 0x82, 0x21, 0x04, 0x29, 0x44, 0x21, 0x04,
    0x18, 0xc3, 0x10, 0xa2, 0x10, 0xa2, 0x10, 0x82, 0x10, 0x82, 0x10, 0xa2, 0x21, 0x04, 0x4a, 0x49,
    0x18, 0xe3, 0x21, 0x24, 0x18, 0xe3, 0x10, 0x82, 0x10, 0x82, 0x10, 0x82, 0x10, 0x82, 0x10, 0x82,
    0x94, 0x91, 0x7b, 0xce, 0x10, 0x82, 0x10, 0x82, 0x10, 0x82, 0x10, 0x82, 0x10, 0x82, 0xa5, 0x34,
    0x63, 0x0c, 0x10, 0x82, 0x10, 0x82, 0x10, 0x82, 0x10, 0x82, 0x10, 0x82, 0x10, 0x82, 0x29, 0x65,
    0x18, 0xc3, 0xa5, 0x34, 0x52, 0xaa, 0x31, 0xa6, 0xce, 0x58, 0x29, 0x44, 0x10, 0x82, 0x7b, 0xce,
    0x94, 0x91, 0x10, 0x82, 0x10, 0x82, 0x10, 0x82, 0x10, 0x82, 0x10, 0x82, 0x10, 0x82, 0x10, 0x82,
    0x10, 0x82, 0x29, 0x65, 0xc6, 0x38, 0x10, 0x82, 0x10, 0x82, 0x10, 0x82, 0xce, 0x58, 0x21, 0x24,
    0x10, 0x82, 0x10, 0x82, 0x10, 0x82, 0x10, 0x82, 0xad, 0x54, 0x4a, 0x69, 0x10, 0x82, 0x10, 0x82,
    0x21, 0x24, 0x10, 0xa2, 0x10, 0x82, 0x10, 0xa2, 0x21, 0x04, 0x42, 0x07, 0x42, 0x07, 0xc6, 0x38,
    0x10, 0x82, 0x10, 0x82, 0x10, 0x82, 0x10, 0x82, 0x18, 0xc3, 0xef, 0x5c, 0x10, 0xa2, 0x10, 0x82,
    0x10, 0x82, 0x10, 0x82, 0x8c, 0x51, 0x6b, 0x4c, 0x29, 0x65, 0xef, 0x5c, 0xef, 0x5c, 0xef, 0x5c,
    0x6b, 0x6d, 0x10, 0x82, 0x10, 0x82, 0xbd, 0xd6, 0x31, 0xa6, 0x10, 0x82, 0x10, 0x82, 0x10, 0x82,
    0x10, 0x82, 0x10, 0x82, 0x10, 0x82, 0x10, 0x82, 0x10, 0x82, 0x10, 0x82, 0x10, 0x82, 0x10, 0x82,
    0x10, 0x82, 0x10, 0x82, 0x10, 0x82, 0x10, 0x82, 0x10, 0x82, 0x10, 0x82, 0x10, 0x82, 0x10, 0x82,
    0x10, 0x82, 0x10, 0x82, 0x10, 0x82, 0x10, 0x82, 0x10, 0x82, 0x10, 0x82, 0x10, 0x82, 0x10, 0x82,
    0x10, 0x82, 0x10, 0x82, 0x10, 0x82, 0x10, 0x82, 0x10, 0x82, 0x10, 0x82, 0x10, 0x82, 0xef, 0x5c,
    0x08, 0x41, 0x08, 0x41, 0x08, 0x41, 0x08, 0x41, 0x08, 0x41, 0x08, 0x41, 0x08, 0x41, 0x08, 0x41,
    0x08, 0x41, 0x08, 0x41, 0x08, 0x41, 0x08, 0x41, 0x08, 0x41, 0x08, 0x41, 0x08, 0x41, 0x08, 0x41,
    0x08, 0x41, 0x08, 0x41, 0x08, 0x41, 0x08, 0x41, 0x08, 0x41, 0x08, 0x41, 0x08, 0x41, 0x08, 0x41,
    0x08, 0x41, 0x08, 0x41, 0x08, 0x41, 0x08, 0x41, 0x08, 0x41, 0x08, 0x41, 0x08, 0x41, 0x08, 0x41,
    0xef, 0x5c, 0x10, 0x82, 0x10, 0x82, 0x10, 0x82, 0x10, 0x82, 0x10, 0x82, 0x10, 0x82, 0x10, 0x82,
    0x10, 0x82, 0x10, 0x82, 0x10, 0x82, 0x10, 0x82, 0x10, 0x82, 0x10, 0x82, 0x10, 0x82, 0x10, 0x82,
    0x10, 0x82, 0x10, 0x82, 0x10, 0x82, 0x10, 0x82, 0x10, 0x82, 0x10, 0x82, 0x10, 0x82, 0x10, 0x82,
    0x10, 0x82, 0x10, 0x82, 0x10, 0x82, 0x10, 0x82, 0x10, 0x82, 0x10, 0x82, 0x10, 0x82, 0x10, 0x82,
    0x9c, 0xf3, 0xbd, 0xd6, 0x18, 0xc3, 0x10, 0x82, 0x10, 0x82, 0x10, 0x82, 0x10, 0x82, 0x10, 0x82,
    0x10, 0x82, 0x31, 0x85, 0xb5, 0xb6, 0xe7, 0x3b, 0xce, 0x79, 0xde, 0xfb, 0xbd, 0xf7, 0x31, 0xa6,
    0xce, 0x58, 0x4a, 0x69, 0x10, 0x82, 0x10, 0x82, 0x10, 0x82, 0x31, 0x85, 0xb5, 0xb6, 0xe7, 0x3b,
    0xce, 0x79, 0xde, 0xfb, 0xbd, 0xf7, 0x31, 0xa6, 0xce, 0x58, 0x4a, 0x69, 0x10, 0x82, 0x10, 0x82,
    0x9c, 0xf3, 0xbd, 0xd6, 0x18, 0xc3, 0x10, 0x82, 0x10, 0x82, 0x10, 0x82, 0x10, 0x82, 0x10, 0x82,
    0x10, 0x82, 0x10, 0x82, 0x10, 0x82, 0x10, 0x82, 0x10, 0x82, 0x10, 0x82, 0x10, 0x82, 0x10, 0x82,
    0x84, 0x30, 0x5a, 0xeb, 0x10, 0x82, 0x10, 0x82, 0x10, 0x82, 0x10, 0x82, 0x6b, 0x6d, 0xde, 0xda,
    0x29, 0x65, 0x10, 0x82, 0x10, 0x82, 0x10, 0x82, 0x10, 0x82, 0x10, 0x82, 0x10, 0x82, 0x10, 0x82,
    0x94, 0x91, 0x7b, 0xce, 0x10, 0x82, 0x10, 0x82, 0x10, 0x82, 0x10, 0x82, 0x10, 0x82, 0xa5, 0x34,
    0x63, 0x0c, 0x10, 0x82, 0x10, 0x82, 0x10, 0x82, 0x10, 0x82, 0x18, 0xc3, 0x31, 0x86, 0x21, 0x04,
    0x10, 0xa2, 0xa5, 0x34, 0x52, 0x8a, 0xa5, 0x34, 0x5a, 0xeb, 0x21, 0x24, 0x18, 0xe3, 0xc6, 0x38,
    0xef, 0x5c, 0xef, 0x5c, 0xef, 0x5c, 0xef, 0x5c, 0xef, 0x5c, 0x42, 0x28, 0x10, 0x82, 0x21, 0x24,
    0x18, 0xc3, 0x31, 0x86, 0xc6, 0x38, 0x10, 0xa2, 0x21, 0x04, 0x18, 0xc3, 0xd6, 0x99, 0x21, 0x24,
    0x10, 0x82, 0x10, 0x82, 0x10, 0x82, 0x10, 0x82, 0xad, 0x54, 0x4a, 0x69, 0x10, 0x82, 0x10, 0x82,
    0xd6, 0x99, 0xe7, 0x1b, 0xef, 0x5c, 0xef, 0x5c, 0xef, 0x5c, 0x84, 0x30, 0x42, 0x07, 0xc6, 0x38,
    0x10, 0x82, 0x39, 0xe7, 0x9c, 0xd2, 0x18, 0xc3, 0x18, 0xc3, 0xef, 0x5c, 0x10, 0xa2, 0x10, 0x82,
    0x10, 0x82, 0x10, 0x82, 0x8c, 0x50, 0x6b, 0x4c, 0x29, 0x65, 0xde, 0xda, 0x10, 0x82, 0x10, 0xa2,
    0x10, 0xa2, 0xd6, 0xba, 0xef, 0x5c, 0xef, 0x5c, 0xef, 0x5c, 0xef, 0x5c, 0xef, 0x5c, 0x39, 0xe7,
    0x10, 0x82, 0x10, 0x82, 0x10, 0x82, 0x10, 0x82, 0x10, 0x82, 0x10, 0x82, 0x10, 0x82, 0x10, 0x82,
    0x10, 0x82, 0x10, 0x82, 0x10, 0x82, 0x10, 0x82, 0x10, 0x82, 0x10, 0x82, 0x10, 0x82, 0x10, 0x82,
    0x10, 0x82, 0x10, 0x82, 0x10, 0x82, 0x10, 0x82, 0x10, 0x82, 0x10, 0x82, 0x10, 0x82, 0x10, 0x82,
    0x10, 0x82, 0x10, 0x82, 0x10, 0x82, 0x10, 0x82, 0x10, 0x82, 0x10, 0x82, 0x10, 0x82, 0xef, 0x5c,
    0x08, 0x41, 0x08, 0x41, 0x08, 0x41, 0x08, 0x41, 0x08, 0x41, 0x08, 0x41, 0x08, 0x41, 0x08, 0x41,
    0x08, 0x41, 0x08, 0x41, 0x08, 0x41, 0x08, 0x41, 0x08, 0x41, 0x08, 0x41, 0x08, 0x41, 0x08, 0x41,
    0x08, 0x41, 0x08, 0x41, 0x08, 0x41, 0x08, 0x41, 0x08, 0x41, 0x08, 0x41, 0x08, 0x41, 0x08, 0x41,
    0x08, 0x41, 0x08, 0x41, 0x08, 0x41, 0x08, 0x41, 0x08, 0x41, 0x08, 0x41, 0x08, 0x41, 0x08, 0x41,
    0xef, 0x5c, 0x10, 0x82, 0x10, 0x82, 0x10, 0x82, 0x10, 0x82, 0x10, 0x82, 0x10, 0x82, 0x10, 0x82,
    0x10, 0x82, 0x10, 0x82, 0x10, 0x82, 0x10, 0x82, 0x10, 0x82, 0x10, 0x82, 0x10, 0x82, 0x10, 0x82,
    0x10, 0x82, 0x10, 0x82, 0x10, 0x82, 0x10, 0x82, 0x10, 0x82, 0x10, 0x82, 0x10, 0x82, 0x10, 0x82,
    0x10, 0x82, 0x10, 0x82, 0x10, 0x82, 0x10, 0x82, 0x10, 0x82, 0x10, 0x82, 0x10, 0x82, 0x10, 0x82,
    0x21, 0x24, 0xce, 0x58, 0xc6, 0x17, 0x29, 0x65, 0x10, 0x82, 0x10, 0x82, 0x10, 0x82, 0x10, 0x82,
    0x29, 0x45, 0xd6, 0xba, 0x94, 0x92, 0x18, 0xe3, 0x10, 0x82, 0x10, 0xa2, 0x63, 0x2c, 0xce, 0x79,
    0xde, 0xda, 0x4a, 0x69, 0x10, 0x82, 0x10, 0x82, 0x29, 0x45, 0xd6, 0xba, 0x94, 0x92, 0x18, 0xe3,
    0x10, 0x82, 0x10, 0xa2, 0x63, 0x2c, 0xce, 0x79, 0xde, 0xda, 0x4a, 0x69, 0x10, 0x82, 0x10, 0x82,
    0x21, 0x24, 0xce, 0x58, 0xc6, 0x17, 0x29, 0x65, 0x10, 0x82, 0x10, 0x82, 0x10, 0x82, 0x10, 0x82,
    0x10, 0x82, 0x10, 0x82, 0x10, 0x82, 0x10, 0x82, 0x10, 0x82, 0x10, 0x82, 0x10, 0x82, 0x10, 0x82,
    0x39, 0xe7, 0xd6, 0xba, 0x29, 0x45, 0x10, 0x82, 0x10, 0x82, 0x18, 0xc3, 0xd6, 0x99, 0x42, 0x28,
    0x10, 0x82, 0x10, 0x82, 0x10, 0x82, 0x10, 0x82, 0x10, 0x82, 0x10, 0x82, 0x10, 0x82, 0x10, 0x82,
    0x94, 0xb2, 0xef, 0x5c, 0xef, 0x5c, 0xef, 0x5c, 0xef, 0x5c, 0xef, 0x5c, 0xef, 0x5c, 0xef, 0x5c,
    0x6b, 0x4c, 0x10, 0x82, 0x10, 0x82, 0x10, 0x82, 0x10, 0x82, 0x31, 0xa6, 0xef, 0x5c, 0xef, 0x5c,
    0xef, 0x5c, 0xef, 0x5c, 0xef, 0x5c, 0xef, 0x5c, 0xef, 0x5c, 0xef, 0x5c, 0x94, 0xb2, 0xd6, 0xba,
    0x18, 0xc3, 0x10, 0x82, 0x52, 0xaa, 0x94, 0x92, 0x18, 0xc3, 0x10, 0xa2, 0x10, 0x82, 0xbd, 0xd6,
    0xce, 0x58, 0xce, 0x58, 0xe7, 0x3b, 0xd6, 0x99, 0xde, 0xfa, 0x52, 0x89, 0xde, 0xda, 0xef, 0x5c,
    0xef, 0x5c, 0xef, 0x5c, 0xef, 0x5c, 0xef, 0x5c, 0xef, 0x5c, 0x5a, 0xcb, 0x10, 0x82, 0x10, 0x82,
    0x10, 0x82, 0x10, 0x82, 0x10, 0x82, 0x18, 0xc3, 0xbd, 0xf7, 0x18, 0xe3, 0x42, 0x07, 0xc6, 0x38,
    0x10, 0x82, 0x39, 0xc7, 0xce, 0x79, 0x10, 0x82, 0x18, 0xc3, 0xef, 0x5c, 0x10, 0xa2, 0x10, 0x82,
    0x10, 0x82, 0x10, 0x82, 0x84, 0x30, 0x6b, 0x4c, 0x29, 0x65, 0xde, 0xda, 0x10, 0x82, 0x10, 0x82,
    0x10, 0x82, 0xce, 0x79, 0x29, 0x65, 0x10, 0x82, 0x10, 0x82, 0x10, 0x82, 0xc6, 0x38, 0x39, 0xc7,
    0x10, 0x82, 0x10, 0x82, 0x10, 0x82, 0x10, 0x82, 0x10, 0x82, 0x10, 0x82, 0x10, 0x82, 0x10, 0x82,
    0x10, 0x82, 0x10, 0x82, 0x10, 0x82, 0x10, 0x82, 0x10, 0x82, 0x10, 0x82, 0x10, 0x82, 0x10, 0x82,
    0x10, 0x82, 0x10, 0x82, 0x10, 0x82, 0x10, 0x82, 0x10, 0x82, 0x10, 0x82, 0x10, 0x82, 0x10, 0x82,
    0x10, 0x82, 0x10, 0x82, 0x10, 0x82, 0x10, 0x82, 0x10, 0x82, 0x10, 0x82, 0x10, 0x82, 0xef, 0x5c,
    0x08, 0x41, 0x08, 0x41, 0x08, 0x41, 0x08, 0x41, 0x08, 0x41, 0x08, 0x41, 0x08, 0x41, 0x08, 0x41,
    0x08, 0x41, 0x08, 0x41, 0x08, 0x41, 0x08, 0x41, 0x08, 0x41, 0x08, 0x41, 0x08, 0x41, 0x08, 0x41,
    0x08, 0x41, 0x08, 0x41, 0x08, 0x41, 0x08, 0x41, 0x08, 0x41, 0x08, 0x41, 0x08, 0x41, 0x08, 0x41,
    0x08, 0x41, 0x08, 0x41, 0x08, 0x41, 0x08, 0x41, 0x08, 0x41, 0x08, 0x41, 0x08, 0x41, 0x08, 0x41,
    0xef, 0x5c, 0x10, 0x82, 0x10, 0x82, 0x10, 0x82, 0x10, 0x82, 0x10, 0x82, 0x10, 0x82, 0x10, 0x82,
    0x10, 0x82, 0x10, 0x82, 0x10, 0x82, 0x10, 0x82, 0x10, 0x82, 0x10, 0x82, 0x10, 0x82, 0x10, 0x82,
    0x10, 0x82, 0x10, 0x82, 0x10, 0x82, 0x10, 0x82, 0x10, 0x82, 0x10, 0x82, 0x10, 0x82, 0x10, 0x82,
    0x10, 0x82, 0x10, 0x82, 0x10, 0x82, 0x10, 0x82, 0x10, 0x82, 0x10, 0x82, 0x10, 0x82, 0x10, 0x82,
    0x10, 0x82, 0x21, 0x04, 0xad, 0x75, 0xde, 0xda, 0x4a, 0x49, 0x10, 0x82, 0x10, 0x82, 0x10, 0x82,
    0xa5, 0x13, 0xa5, 0x34, 0x10, 0x82, 0x10, 0x82, 0x10, 0x82, 0x10, 0x82, 0x10, 0x82, 0x63, 0x2c,
    0xef, 0x5c, 0x4a, 0x69, 0x10, 0x82, 0x10, 0x82, 0xa5, 0x13, 0xa5, 0x34, 0x10, 0x82, 0x10, 0x82,
    0x10, 0x82, 0x10, 0x82, 0x10, 0x82, 0x63, 0x2c, 0xef, 0x5c, 0x4a, 0x69, 0x10, 0x82, 0x10, 0x82,
    0x10, 0x82, 0x21, 0x04, 0xad, 0x75, 0xde, 0xda, 0x4a, 0x49, 0x10, 0x82, 0x10, 0x82, 0x10, 0x82,
    0x10, 0x82, 0x10, 0x82, 0x10, 0x82, 0x10, 0x82, 0x10, 0x82, 0x18, 0xc3, 0x18, 0xc3, 0x10, 0xa2,
    0x10, 0x82, 0x6b, 0x4d, 0xa5, 0x34, 0x10, 0x82, 0x10, 0x82, 0x84, 0x30, 0x8c, 0x50, 0x10, 0x82,
    0x10, 0x82, 0x18, 0xc3, 0x18, 0xe3, 0x10, 0x82, 0x10, 0x82, 0x10, 0x82, 0x10, 0x82, 0x10, 0x82,
    0x39, 0xc7, 0x31, 0xa6, 0x18, 0xe3, 0x10, 0xa2, 0x10, 0x82, 0x10, 0xa2, 0x18, 0xe3, 0x31, 0xa6,
    0x29, 0x65, 0x10, 0x82, 0x10, 0x82, 0x10, 0x82, 0x10, 0x82, 0x18, 0xc3, 0x31, 0xa6, 0x21, 0x24,
    0x18, 0xc3, 0x52, 0xaa, 0xad, 0x75, 0x29, 0x65, 0x18, 0xc3, 0x31, 0x85, 0xce, 0x79, 0x73, 0x8e,
    0x10, 0xa2, 0x10, 0x82, 0x73, 0x8d, 0x73, 0xae, 0x10, 0x82, 0x10, 0x82, 0x10, 0x82, 0x10, 0x82,
    0x10, 0x82, 0x63, 0x0c, 0xc6, 0x38, 0x10, 0x82, 0x10, 0x82, 0x10, 0x82, 0x21, 0x24, 0x18, 0xc3,
    0x10, 0xa2, 0x10, 0xa2, 0x21, 0x24, 0x42, 0x08, 0x6b, 0x6d, 0x4a, 0x69, 0x10, 0x82, 0x10, 0x82,
    0x10, 0x82, 0x10, 0x82, 0x10, 0x82, 0x8c, 0x71, 0x52, 0xaa, 0x10, 0x82, 0x42, 0x07, 0xc6, 0x38,
    0x10, 0x82, 0x31, 0xa6, 0xbd, 0xd6, 0x10, 0x82, 0x18, 0xc3, 0xef, 0x5c, 0x10, 0xa2, 0x10, 0x82,
    0x39, 0xc7, 0xef, 0x5c, 0xef, 0x5c, 0xef, 0x5c, 0xef, 0x5c, 0xef, 0x5c, 0xef, 0x5c, 0xef, 0x5c,
    0x8c, 0x51, 0xce, 0x79, 0x29, 0x65, 0x10, 0xa2, 0x10, 0x82, 0x10, 0x82, 0xc6, 0x38, 0x39, 0xc7,
    0x10, 0x82, 0x10, 0x82, 0x10, 0x82, 0x10, 0x82, 0x10, 0x82, 0x10, 0x82, 0x10, 0x82, 0x10, 0x82,
    0x10, 0x82, 0x10, 0x82, 0x10, 0x82, 0x10, 0x82, 0x10, 0x82, 0x10, 0x82, 0x10, 0x82, 0x10, 0x82,
    0x10, 0x82, 0x10, 0x82, 0x10, 0x82, 0x10, 0x82, 0x10, 0x82, 0x10, 0x82, 0x10, 0x82, 0x10, 0x82,
    0x10, 0x82, 0x10, 0x82, 0x10, 0x82, 0x10, 0x82, 0x10, 0x82, 0x10, 0x82, 0x10, 0x82, 0xef, 0x5c,
    0x08, 0x41, 0x08, 0x41, 0x08, 0x41, 0x08, 0x41, 0x08, 0x41, 0x08, 0x41, 0x08, 0x41, 0x08, 0x41,
    0x08, 0x41, 0x08, 0x41, 0x08, 0x41, 0x08, 0x41, 0x08, 0x41, 0x08, 0x41, 0x08, 0x41, 0x08, 0x41,
    0x08, 0x41, 0x08, 0x41, 0x08, 0x41, 0x08, 0x41, 0x08, 0x41, 0x08, 0x41, 0x08, 0x41, 0x08, 0x41,
    0x08, 0x41, 0x08, 0x41, 0x08, 0x41, 0x08, 0x41, 0x08, 0x41, 0x08, 0x41, 0x08, 0x41, 0x08, 0x41,
    0xef, 0x5c, 0x10, 0x82, 0x10, 0x82, 0x10, 0x82, 0x10, 0x82, 0x10, 0x82, 0x10, 0x82, 0x10, 0x82,
    0x10, 0x82, 0x10, 0x82, 0x10, 0x82, 0x10, 0x82, 0x10, 0x82, 0x10, 0x82, 0x10, 0x82, 0x10, 0x82,
    0x10, 0x82, 0x10, 0x82, 0x10, 0x82, 0x10, 0x82, 0x10, 0x82, 0x10, 0x82, 0x10, 0x82, 0x10, 0x82,
    0x10, 0x82, 0x10, 0x82, 0x10, 0x82, 0x10, 0x82, 0x10, 0x82, 0x10, 0x82, 0x10, 0x82, 0x10, 0x82,
    0x10, 0x82, 0x10, 0x82, 0x10, 0x82, 0x84, 0x30, 0xe7, 0x3c, 0x4a, 0x69, 0x10, 0x82, 0x10, 0xa2,
    0xe7, 0x1b, 0x42, 0x07, 0x10, 0x82, 0x10, 0x82, 0x10, 0x82, 0x10, 0x82, 0x10, 0x82, 0x10, 0x82,
    0xde, 0xda, 0x4a, 0x69, 0x10, 0x82, 0x10, 0xa2, 0xe7, 0x1b, 0x42, 0x07, 0x10, 0x82, 0x10, 0x82,
    0x10, 0x82, 0x10, 0x82, 0x10, 0x82, 0x10, 0x82, 0xde, 0xda, 0x4a, 0x69, 0x10, 0x82, 0x10, 0x82,
    0x10, 0x82, 0x10, 0x82, 0x10, 0x82, 0x84, 0x30, 0xe7, 0x3c, 0x4a, 0x69, 0x10, 0x82, 0x10, 0x82,
    0x10, 0x82, 0x10, 0x82, 0x10, 0x82, 0x10, 0x82, 0x10, 0x82, 0x6b, 0x6d, 0xef, 0x5c, 0xef, 0x5c,
    0xef, 0x5c, 0xef, 0x5c, 0xef, 0x5c, 0xef, 0x5c, 0xef, 0x5c, 0xef, 0x5c, 0xef, 0x5c, 0xef, 0x5c,
    0xef, 0x5c, 0xef, 0x5c, 0xde, 0xfb, 0x10, 0x82, 0x10, 0x82, 0x10, 0xa2, 0x18, 0xe3, 0x10, 0x82,
    0x10, 0x82, 0x10, 0xa2, 0x18, 0xc3, 0x18, 0xe3, 0x10, 0x82, 0x10, 0x82, 0x10, 0x82, 0x10, 0x82,
    0x10, 0x82, 0x10, 0xa2, 0x18, 0xc3, 0x10, 0xa2, 0x10, 0x82, 0x10, 0x82, 0x10, 0x82, 0x42, 0x28,
    0xef, 0x5c, 0xef, 0x5c, 0xef, 0x5c, 0xef, 0x5c, 0xef, 0x5c, 0x73, 0x8e, 0x5a, 0xcb, 0x94, 0x91,
    0x52, 0xaa, 0x10, 0x82, 0x9c, 0xd2, 0x52, 0x8a, 0x10, 0x82, 0x10, 0x82, 0x10, 0x82, 0x10, 0x82,
    0x10, 0x82, 0xad, 0x54, 0xe7, 0x1b, 0x94, 0x91, 0x10, 0xa2, 0x73, 0xae, 0xde, 0xfa, 0xde, 0xda,
    0xde, 0xda, 0xe7, 0x3c, 0xe7, 0x1b, 0xce, 0x58, 0xb5, 0x95, 0x8c, 0x71, 0x10, 0x82, 0x10, 0x82,
    0x10, 0x82, 0x10, 0x82, 0x63, 0x0c, 0xde, 0xda, 0x31, 0xa6, 0x10, 0x82, 0x42, 0x08, 0xc6, 0x38,
    0x10, 0x82, 0x39, 0xe7, 0xb5, 0x95, 0x10, 0x82, 0x18, 0xc3, 0xef, 0x5c, 0x10, 0xa2, 0x10, 0x82,
    0x10, 0xa2, 0x21, 0x04, 0x10, 0xa2, 0x10, 0x82, 0x52, 0x8a, 0x84, 0x30, 0x10, 0xa2, 0x18, 0xc3,
    0x18, 0xe3, 0xce, 0x79, 0x29, 0x65, 0x5a, 0xeb, 0xce, 0x79, 0x10, 0x82, 0xc6, 0x38, 0x39, 0xc7,
    0x10, 0x82, 0x10, 0x82, 0x10, 0x82, 0x10, 0x82, 0x10, 0x82, 0x10, 0x82, 0x10, 0x82, 0x10, 0x82,
    0x10, 0x82, 0x10, 0x82, 0x10, 0x82, 0x10, 0x82, 0x10, 0x82, 0x10, 0x82, 0x10, 0x82, 0x10, 0x82,
    0x10, 0x82, 0x10, 0x82, 0x10, 0x82, 0x10, 0x82, 0x10, 0x82, 0x10, 0x82, 0x10, 0x82, 0x10, 0x82,
    0x10, 0x82, 0x10, 0x82, 0x10, 0x82, 0x10, 0x82, 0x10, 0x82, 0x10, 0x82, 0x10, 0x82, 0xef, 0x5c,
    0x08, 0x41, 0x08, 0x41, 0x08, 0x41, 0x08, 0x41, 0x08, 0x41, 0x08, 0x41, 0x08, 0x41, 0x08, 0x41,
    0x08, 0x41, 0x08, 0x41, 0x08, 0x41, 0x08, 0x41, 0x08, 0x41, 0x08, 0x41, 0x08, 0x41, 0x08, 0x41,
    0x08, 0x41, 0x08, 0x41, 0x08, 0x41, 0x08, 0x41, 0x08, 0x41, 0x08, 0x41, 0x08, 0x41, 0x08, 0x41,
    0x08, 0x41, 0x08, 0x41, 0x08, 0x41, 0x08, 0x41, 0x08, 0x41, 0x08, 0x41, 0x08, 0x41, 0x08, 0x41,
    0xef, 0x5c, 0x10, 0x82, 0x10, 0x82, 0x10, 0x82, 0x10, 0x82, 0x10, 0x82, 0x10, 0x82, 0x10, 0x82,
    0x10, 0x82, 0x10, 0x82, 0x10, 0x82, 0x10, 0x82, 0x10, 0x82, 0x10, 0x82, 0x10, 0x82, 0x10, 0x82,
    0x10, 0x82, 0x10, 0x82, 0x10, 0x82, 0x10, 0x82, 0x10, 0x82, 0x10, 0x82, 0x10, 0x82, 0x10, 0x82,
    0x10, 0x82, 0x10, 0x82, 0x10, 0x82, 0x10, 0x82, 0x10, 0x82, 0x10, 0x82, 0x10, 0x82, 0x10, 0x82,
    0x10, 0x82, 0x10, 0x82, 0x10, 0x82, 0x10, 0x82, 0x8c, 0x71, 0xde, 0xda, 0x18, 0xe3, 0x21, 0x24,
    0xef, 0x5c, 0x21, 0x04, 0x10, 0x82, 0x10, 0x82, 0x10, 0x82, 0x10, 0x82, 0x10, 0x82, 0x10, 0x82,
    0xbd, 0xf7, 0x4a, 0x69, 0x10, 0x82, 0x21, 0x24, 0xef, 0x5c, 0x21, 0x04, 0x10, 0x82, 0x10, 0x82,
    0x10, 0x82, 0x10, 0x82, 0x10, 0x82, 0x10, 0x82, 0xbd, 0xf7, 0x4a, 0x69, 0x10, 0x82, 0x10, 0x82,
    0x10, 0x82, 0x10, 0x82, 0x10, 0x82, 0x10, 0x82, 0x8c, 0x71, 0xde, 0xda, 0x18, 0xe3, 0x10, 0x82,
    0x10, 0x82, 0x10, 0x82, 0x10, 0x82, 0x10, 0x82, 0x10, 0x82, 0x6b, 0x4c, 0x9c, 0xf3, 0x10, 0x82,
    0x10, 0x82, 0x10, 0x82, 0x10, 0x82, 0x10, 0x82, 0x10, 0x82, 0x10, 0x82, 0x10, 0x82, 0x10, 0x82,
    0x10, 0x82, 0x10, 0x82, 0x10, 0x82, 0x10, 0x82, 0x10, 0x82, 0x31, 0x86, 0xef, 0x5c, 0xef, 0x5c,
    0xef, 0x5c, 0xef, 0x5c, 0xef, 0x5c, 0x9c, 0xd2, 0x10, 0x82, 0xad, 0x75, 0xe7, 0x3c, 0xe7, 0x3c,
    0xef, 0x5c, 0xef, 0x5c, 0xef, 0x5c, 0x31, 0x86, 0x10, 0x82, 0x10, 0x82, 0x10, 0x82, 0x52, 0x8a,
    0xde, 0xda, 0x39, 0xe7, 0x10, 0xa2, 0xa5, 0x34, 0x73, 0xae, 0x10, 0x82, 0x10, 0x82, 0x52, 0x8a,
    0x94, 0x91, 0x10, 0x82, 0xce, 0x58, 0x21, 0x24, 0x10, 0x82, 0x10, 0x82, 0x10, 0x82, 0x10, 0x82,
    0x39, 0xe7, 0x9c, 0xd2, 0xc6, 0x38, 0x7b, 0xef, 0xad, 0x54, 0x21, 0x04, 0x29, 0x45, 0x21, 0x24,
    0x18, 0xc3, 0xc6, 0x38, 0x39, 0xc7, 0x10, 0x82, 0x10, 0x82, 0x10, 0x82, 0x10, 0x82, 0x10, 0x82,
    0x10, 0x82, 0x6b, 0x4c, 0xe7, 0x3c, 0xb5, 0xb6, 0xd6, 0xba, 0x5a, 0xeb, 0x4a, 0x49, 0xc6, 0x38,
    0x10, 0x82, 0x4a, 0x69, 0xa5, 0x13, 0x10, 0x82, 0x18, 0xc3, 0xef, 0x5c, 0x18, 0xe3, 0x10, 0x82,
    0x10, 0x82, 0x10, 0x82, 0x5a, 0xcb, 0x6b, 0x4d, 0x5a, 0xeb, 0x9c, 0xf3, 0x10, 0x82, 0x4a, 0x69,
    0x10, 0x82, 0xce, 0x79, 0x29, 0x65, 0x52, 0xaa, 0x9c, 0xf3, 0x10, 0x82, 0xc6, 0x38, 0x39, 0xc7,
    0x10, 0x82, 0x10, 0x82, 0x10, 0x82, 0x10, 0x82, 0x10, 0x82, 0x10, 0x82, 0x10, 0x82, 0x10, 0x82,
    0x10, 0x82, 0x10, 0x82, 0x10, 0x82, 0x10, 0x82, 0x10, 0x82, 0x10, 0x82, 0x10, 0x82, 0x10, 0x82,
    0x10, 0x82, 0x10, 0x82, 0x10, 0x82, 0x10, 0x82, 0x10, 0x82, 0x10, 0x82, 0x10, 0x82, 0x10, 0x82,
    0x10, 0x82, 0x10, 0x82, 0x10, 0x82, 0x10, 0x82, 0x10, 0x82, 0x10, 0x82, 0x10, 0x82, 0xef, 0x5c,
    0x08, 0x41, 0x08, 0x41, 0x08, 0x41, 0x08, 0x41, 0x08, 0x41, 0x08, 0x41, 0x08, 0x41, 0x08, 0x41,
    0x08, 0x41, 0x08, 0x41, 0x08, 0x41, 0x08, 0x41, 0x08, 0x41, 0x08, 0x41, 0x08, 0x41, 0x08, 0x41,
    0x08, 0x41, 0x08, 0x41, 0x08, 0x41, 0x08, 0x41, 0x08, 0x41, 0x08, 0x41, 0x08, 0x41, 0x08, 0x41,
    0x08, 0x41, 0x08, 0x41, 0x08, 0x41, 0x08, 0x41, 0x08, 0x41, 0x08, 0x41, 0x08, 0x41, 0x08, 0x41,
    0xef, 0x5c, 0x10, 0x82, 0x10, 0x82, 0x10, 0x82, 0x10, 0x82, 0x10, 0x82, 0x10, 0x82, 0x10, 0x82,
    0x10, 0x82, 0x10, 0x82, 0x10, 0x82, 0x10, 0x82, 0x10, 0x82, 0x10, 0x82, 0x10, 0x82, 0x10, 0x82,
    0x10, 0x82, 0x10, 0x82, 0x10, 0x82, 0x10, 0x82, 0x10, 0x82, 0x10, 0x82, 0x10, 0x82, 0x10, 0x82,
    0x10, 0x82, 0x10, 0x82, 0x10, 0x82, 0x10, 0x82, 0x10, 0x82, 0x10, 0x82, 0x10, 0x82, 0x10, 0x82,
    0x10, 0x82, 0x10, 0x82, 0x10, 0x82, 0x10, 0x82, 0x18, 0xe3, 0xe7, 0x3c, 0x52, 0x8a, 0x10, 0xa2,
    0xe7, 0x1b, 0x39, 0xe7, 0x10, 0x82, 0x10, 0x82, 0x10, 0x82, 0x10, 0x82, 0x10, 0x82, 0x10, 0x82,
    0xd6, 0xba, 0x4a, 0x69, 0x10, 0x82, 0x10, 0xa2, 0xe7, 0x1b, 0x39, 0xe7, 0x10, 0x82, 0x10, 0x82,
    0x10, 0x82, 0x10, 0x82, 0x10, 0x82, 0x10, 0x82, 0xd6, 0xba, 0x4a, 0x69, 0x10, 0x82, 0x10, 0x82,
    0x10, 0x82, 0x10, 0x82, 0x10, 0x82, 0x10, 0x82, 0x18, 0xe3, 0xe7, 0x3c, 0x52, 0x8a, 0x10, 0x82,
    0x10, 0x82, 0x10, 0x82, 0x10, 0x82, 0x10, 0x82, 0x10, 0x82, 0x63, 0x2c, 0x9c, 0xd2, 0x10, 0x82,
    0x10, 0x82, 0x10, 0x82, 0x10, 0x82, 0x10, 0x82, 0x10, 0x82, 0x10, 0x82, 0x10, 0x82, 0x10, 0x82,
    0x10, 0x82, 0x10, 0x82, 0x10, 0x82, 0x10, 0x82, 0x10, 0x82, 0x21, 0x24, 0xd6, 0xba, 0x10, 0x82,
    0x10, 0x82, 0x10, 0x82, 0x73, 0x8e, 0x8c, 0x71, 0x10, 0x82, 0xa5, 0x13, 0x52, 0xaa, 0x10, 0x82,
    0x10, 0x82, 0x10, 0x82, 0xde, 0xda, 0x21, 0x24, 0x10, 0x82, 0x10, 0x82, 0x63, 0x2c, 0xe7, 0x1b,
    0x5a, 0xca, 0x10, 0x82, 0x84, 0x30, 0x9c, 0xf3, 0x10, 0x82, 0x10, 0x82, 0x10, 0x82, 0x18, 0xc3,
    0xce, 0x79, 0x4a, 0x48, 0xc6, 0x17, 0x10, 0x82, 0x10, 0x82, 0x10, 0x82, 0x10, 0x82, 0x10, 0x82,
    0xad, 0x75, 0x4a, 0x49, 0xc6, 0x38, 0x10, 0xa2, 0x73, 0x8d, 0x18, 0xe3, 0x21, 0x04, 0x10, 0xa2,
    0x10, 0x82, 0xc6, 0x38, 0x39, 0xc7, 0x10, 0xa2, 0x21, 0x04, 0x18, 0xe3, 0x10, 0x82, 0x21, 0x24,
    0xa5, 0x34, 0xbd, 0xf7, 0x8c, 0x50, 0x84, 0x30, 0x42, 0x07, 0xad, 0x75, 0x4a, 0x69, 0xa5, 0x34,
    0x10, 0x82, 0x6b, 0x6d, 0xce, 0x79, 0x7b, 0xce, 0x10, 0xa2, 0x9c, 0xd3, 0x21, 0x04, 0x10, 0x82,
    0x10, 0x82, 0x10, 0x82, 0xb5, 0xb6, 0x63, 0x2c, 0x5a, 0xcb, 0x9c, 0xd3, 0x29, 0x65, 0xe7, 0x1b,
    0x31, 0xa6, 0xce, 0x79, 0x29, 0x65, 0x5a, 0xeb, 0x9c, 0xd2, 0x10, 0x82, 0xc6, 0x38, 0x39, 0xc7,
    0x10, 0x82, 0x10, 0x82, 0x10, 0x82, 0x10, 0x82, 0x10, 0x82, 0x10, 0x82, 0x10, 0x82, 0x10, 0x82,
    0x10, 0x82, 0x10, 0x82, 0x10, 0x82, 0x10, 0x82, 0x10, 0x82, 0x10, 0x82, 0x10, 0x82, 0x10, 0x82,
    0x10, 0x82, 0x10, 0x82, 0x10, 0x82, 0x10, 0x82, 0x10, 0x82, 0x10, 0x82, 0x10, 0x82, 0x10, 0x82,
    0x10, 0x82, 0x10, 0x82, 0x10, 0x82, 0x10, 0x82, 0x10, 0x82, 0x10, 0x82, 0x10, 0x82, 0xef, 0x5c,
    0x08, 0x41, 0x08, 0x41, 0x08, 0x41, 0x08, 0x41, 0x08, 0x41, 0x08, 0x41, 0x08, 0x41, 0x08, 0x41,
    0x08, 0x41, 0x08, 0x41, 0x08, 0x41, 0x08, 0x41, 0x08, 0x41, 0x08, 0x41, 0x08, 0x41, 0x08, 0x41,
    0x08, 0x41, 0x08, 0x41, 0x08, 0x41, 0x08, 0x41, 0x08, 0x41, 0x08, 0x41, 0x08, 0x41, 0x08, 0x41,
    0x08, 0x41, 0x08, 0x41, 0x08, 0x41, 0x08, 0x41, 0x08, 0x41, 0x08, 0x41, 0x08, 0x41, 0x08, 0x41,
    0xef, 0x5c, 0x10, 0x82, 0x10, 0x82, 0x10, 0x82, 0x10, 0x82, 0x10, 0x82, 0x10, 0x82, 0x10, 0x82,
    0x10, 0x82, 0x10, 0x82, 0x10, 0x82, 0x10, 0x82, 0x10, 0x82, 0x10, 0x82, 0x10, 0x82, 0x10, 0x82,
    0x10, 0x82, 0x10, 0x82, 0x10, 0x82, 0x10, 0x82, 0x10, 0x82, 0x10, 0x82, 0x10, 0x82, 0x10, 0x82,
    0x10, 0x82, 0x10, 0x82, 0x10, 0x82, 0x10, 0x82, 0x10, 0x82, 0x10, 0x82, 0x10, 0x82, 0x6b, 0x6d,
    0x8c, 0x51, 0x10, 0x82, 0x10, 0x82, 0x10, 0x82, 0x21, 0x24, 0xef, 0x5c, 0x4a, 0x69, 0x10, 0x82,
    0xa5, 0x13, 0x9c, 0xf3, 0x10, 0x82, 0x10, 0x82, 0x10, 0x82, 0x10, 0x82, 0x10, 0x82, 0x5a, 0xcb,
    0xef, 0x5c, 0x4a, 0x69, 0x10, 0x82, 0x10, 0x82, 0xa5, 0x13, 0x9c, 0xf3, 0x10, 0x82, 0x10, 0x82,
    0x10, 0x82, 0x10, 0x82, 0x10, 0x82, 0x5a, 0xcb, 0xef, 0x5c, 0x4a, 0x69, 0x10, 0x82, 0x6b, 0x6d,
    0x8c, 0x51, 0x10, 0x82, 0x10, 0x82, 0x10, 0x82, 0x21, 0x24, 0xef, 0x5c, 0x4a, 0x69, 0x10, 0x82,
    0x10, 0x82, 0x10, 0x82, 0x10, 0x82, 0x10, 0x82, 0x10, 0x82, 0x6b, 0x4d, 0x94, 0x91, 0x10, 0x82,
    0x10, 0x82, 0x10, 0x82, 0x10, 0x82, 0x10, 0x82, 0x10, 0x82, 0x10, 0x82, 0x10, 0x82, 0x10, 0x82,
    0x10, 0x82, 0x10, 0x82, 0x10, 0x82, 0x10, 0x82, 0x10, 0x82, 0x21, 0x24, 0xd6, 0xba, 0x10, 0x82,
    0x10, 0x82, 0x10, 0x82, 0x73, 0x8e, 0x8c, 0x71, 0x10, 0x82, 0x9c, 0xf3, 0x52, 0xaa, 0x10, 0x82,
    0x10, 0x82, 0x10, 0x82, 0xde, 0xda, 0x21, 0x24, 0x10, 0x82, 0x31, 0xa6, 0xc6, 0x17, 0x52, 0xaa,
    0x10, 0x82, 0x10, 0x82, 0xa5, 0x13, 0x5a, 0xeb, 0x29, 0x65, 0x52, 0xaa, 0x29, 0x65, 0x10, 0x82,
    0x84, 0x30, 0xde, 0xda, 0x7b, 0xce, 0x10, 0x82, 0x10, 0x82, 0x10, 0x82, 0x10, 0x82, 0x5a, 0xeb,
    0xa5, 0x34, 0x29, 0x65, 0xc6, 0x38, 0x10, 0x82, 0x10, 0x82, 0x5a, 0xca, 0xef, 0x5c, 0xef, 0x5c,
    0xef, 0x5c, 0xef, 0x5c, 0xef, 0x5c, 0xef, 0x5c, 0xef, 0x5c, 0x7b, 0xef, 0x10, 0x82, 0x10, 0xa2,
    0x6b, 0x6d, 0x18, 0xc3, 0x7b, 0xce, 0x84, 0x30, 0x10, 0x82, 0x10, 0x82, 0x10, 0x82, 0x10, 0x82,
    0x10, 0x82, 0xad, 0x54, 0xbd, 0xd6, 0x94, 0x91, 0x10, 0x82, 0x10, 0x82, 0x10, 0x82, 0x10, 0x82,
    0x10, 0x82, 0x52, 0xaa, 0xc6, 0x17, 0x10, 0x82, 0x5a, 0xcb, 0x9c, 0xd3, 0x84, 0x30, 0x7b, 0xce,
    0x10, 0x82, 0xd6, 0x99, 0x29, 0x65, 0x6b, 0x4d, 0x84, 0x30, 0x10, 0x82, 0xc6, 0x38, 0x39, 0xc7,
    0x10, 0x82, 0x10, 0x82, 0x10, 0x82, 0x10, 0x82, 0x10, 0x82, 0x10, 0x82, 0x10, 0x82, 0x10, 0x82,
    0x10, 0x82, 0x10, 0x82, 0x10, 0x82, 0x10, 0x82, 0x10, 0x82, 0x10, 0x82, 0x10, 0x82, 0x10, 0x82,
    0x10, 0x82, 0x10, 0x82, 0x10, 0x82, 0x10, 0x82, 0x10, 0x82, 0x10, 0x82, 0x10, 0x82, 0x10, 0x82,
    0x10, 0x82, 0x10, 0x82, 0x10, 0x82, 0x10, 0x82, 0x10, 0x82, 0x10, 0x82, 0x10, 0x82, 0xef, 0x5c,
    0x08, 0x41, 0x08, 0x41, 0x08, 0x41, 0x08, 0x41, 0x08, 0x41, 0x08, 0x41, 0x08, 0x41, 0x08, 0x41,
    0x08, 0x41, 0x08, 0x41, 0x08, 0x41, 0x08, 0x41, 0x08, 0x41, 0x08, 0x41, 0x08, 0x41, 0x08, 0x41,
    0x08, 0x41, 0x08, 0x41, 0x08, 0x41, 0x08, 0x41, 0x08, 0x41, 0x08, 0x41, 0x08, 0x41, 0x08, 0x41,
    0x08, 0x41, 0x08, 0x41, 0x08, 0x41, 0x08, 0x41, 0x08, 0x41, 0x08, 0x41, 0x08, 0x41, 0x08, 0x41,
    0xef, 0x5c, 0x10, 0x82, 0x10, 0x82, 0x10, 0x82, 0x10, 0x82, 0x10, 0x82, 0x10, 0x82, 0x10, 0x82,
    0x10, 0x82, 0x10, 0x82, 0x10, 0x82, 0x10, 0x82, 0x10, 0x82, 0x10, 0x82, 0x10, 0x82, 0x10, 0x82,
    0x10, 0x82, 0x10, 0x82, 0x10, 0x82, 0x10, 0x82, 0x10, 0x82, 0x10, 0x82, 0x10, 0x82, 0x10, 0x82,
    0x10, 0x82, 0x10, 0x82, 0x10, 0x82, 0x10, 0x82, 0x10, 0x82, 0x10, 0x82, 0x10, 0x82, 0x39, 0xc6,
    0xde, 0xfa, 0x7b, 0xef, 0x18, 0xe3, 0x31, 0x85, 0xb5, 0x95, 0xc6, 0x38, 0x10, 0xa2, 0x10, 0x82,
    0x29, 0x65, 0xd6, 0xba, 0x8c, 0x50, 0x18, 0xc3, 0x10, 0x82, 0x10, 0x82, 0x5a, 0xca, 0xce, 0x58,
    0xde, 0xda, 0x4a, 0x69, 0x10, 0x82, 0x10, 0x82, 0x29, 0x65, 0xd6, 0xba, 0x8c, 0x50, 0x18, 0xc3,
    0x10, 0x82, 0x10, 0x82, 0x5a, 0xca, 0xce, 0x58, 0xde, 0xda, 0x4a, 0x69, 0x10, 0x82, 0x39, 0xc6,
    0xde, 0xfa, 0x7b, 0xef, 0x18, 0xe3, 0x31, 0x85, 0xb5, 0x95, 0xc6, 0x38, 0x10, 0xa2, 0x10, 0x82,
    0x10, 0x82, 0x10, 0x82, 0x10, 0x82, 0x10, 0x82, 0x10, 0x82, 0x7b, 0xce, 0x7b, 0xef, 0x10, 0x82,
    0x10, 0x82, 0x10, 0x82, 0x10, 0x82, 0x10, 0x82, 0x10, 0x82, 0x10, 0x82, 0x10, 0x82, 0x10, 0x82,
    0x10, 0x82, 0x10, 0x82, 0x10, 0x82, 0x10, 0x82, 0x10, 0x82, 0x21, 0x24, 0xd6, 0xba, 0x10, 0x82,
    0x10, 0x82, 0x10, 0x82, 0x73, 0x8e, 0x8c, 0x71, 0x10, 0x82, 0x9c, 0xf3, 0x52, 0xaa, 0x10, 0x82,
    0x10, 0x82, 0x10, 0x82, 0xde, 0xda, 0x21, 0x24, 0x10, 0x82, 0x10, 0x82, 0x42, 0x07, 0x63, 0x0b,
    0x7b, 0xce, 0x9c, 0xd2, 0xd6, 0xba, 0xd6, 0x99, 0xad, 0x75, 0x8c, 0x71, 0x29, 0x45, 0x10, 0x82,
    0x5a, 0xcb, 0xef, 0x5c, 0x29, 0x65, 0x10, 0x82, 0x10, 0x82, 0x10, 0x82, 0x29, 0x65, 0xde, 0xfa,
    0x31, 0xa6, 0x29, 0x65, 0xc6, 0x38, 0x10, 0x82, 0x10, 0x82, 0x18, 0xc3, 0x21, 0x24, 0x18, 0xc3,
    0x10, 0x82, 0xc6, 0x38, 0x39, 0xc7, 0x10, 0xa2, 0x21, 0x04, 0x21, 0x04, 0x10, 0x82, 0x10, 0x82,
    0x10, 0x82, 0x10, 0x82, 0x7b, 0xce, 0x84, 0x30, 0x10, 0x82, 0x10, 0x82, 0x10, 0x82, 0x10, 0x82,
    0x39, 0xc6, 0xe7, 0x3c, 0x7b, 0xef, 0x94, 0x91, 0x10, 0x82, 0x10, 0x82, 0x10, 0x82, 0x10, 0x82,
    0x10, 0x82, 0x9c, 0xf3, 0x4a, 0x49, 0x10, 0x82, 0x5a, 0xcb, 0xbd, 0xf7, 0xce, 0x58, 0x18, 0xc3,
    0x10, 0x82, 0x8c, 0x50, 0x21, 0x04, 0x9c, 0xd2, 0x5a, 0xeb, 0x10, 0x82, 0x6b, 0x4c, 0x21, 0x24,
    0x10, 0x82, 0x10, 0x82, 0x10, 0x82, 0x10, 0x82, 0x10, 0x82, 0x10, 0x82, 0x10, 0x82, 0x10, 0x82,
    0x10, 0x82, 0x10, 0x82, 0x10, 0x82, 0x10, 0x82, 0x10, 0x82, 0x10, 0x82, 0x10, 0x82, 0x10, 0x82,
    0x10, 0x82, 0x10, 0x82, 0x10, 0x82, 0x10, 0x82, 0x10, 0x82, 0x10, 0x82, 0x10, 0x82, 0x10, 0x82,
    0x10, 0x82, 0x10, 0x82, 0x10, 0x82, 0x10, 0x82, 0x10, 0x82, 0x10, 0x82, 0x10, 0x82, 0xef, 0x5c,
    0x08, 0x41, 0x08, 0x41, 0x08, 0x41, 0x08, 0x41, 0x08, 0x41, 0x08, 0x41, 0x08, 0x41, 0x08, 0x41,
    0x08, 0x41, 0x08, 0x41, 0x08, 0x41, 0x08, 0x41, 0x08, 0x41, 0x08, 0x41, 0x08, 0x41, 0x08, 0x41,
    0x08, 0x41, 0x08, 0x41, 0x08, 0x41, 0x08, 0x41, 0x08, 0x41, 0x08, 0x41, 0x08, 0x41, 0x08, 0x41,
    0x08, 0x41, 0x08, 0x41, 0x08, 0x41, 0x08, 0x41, 0x08, 0x41, 0x08, 0x41, 0x08, 0x41, 0x08, 0x41,
    0xef, 0x5c, 0x10, 0x82, 0x10, 0x82, 0x10, 0x82, 0x10, 0x82, 0x10, 0x82, 0x10, 0x82, 0x10, 0x82,
    0x10, 0x82, 0x10, 0x82, 0x10, 0x82, 0x10, 0x82, 0x10, 0x82, 0x10, 0x82, 0x10, 0x82, 0x10, 0x82,
    0x10, 0x82, 0x10, 0x82, 0x10, 0x82, 0x10, 0x82, 0x10, 0x82, 0x10, 0x82, 0x10, 0x82, 0x10, 0x82,
    0x10, 0x82, 0x10, 0x82, 0x10, 0x82, 0x10, 0x82, 0x10, 0x82, 0x10, 0x82, 0x10, 0x82, 0x10, 0x82,
    0x31, 0xa6, 0xa5, 0x34, 0xde, 0xda, 0xd6, 0xba, 0x94, 0xb2, 0x21, 0x04, 0x10, 0x82, 0x10, 0x82,
    0x10, 0x82, 0x31, 0x86, 0xbd, 0xd6, 0xde, 0xfb, 0xbd, 0xf7, 0xd6, 0x99, 0xbd, 0xd6, 0x31, 0x86,
    0xc6, 0x38, 0x4a, 0x69, 0x10, 0x82, 0x10, 0x82, 0x10, 0x82, 0x31, 0x86, 0xbd, 0xd6, 0xde, 0xfb,
    0xbd, 0xf7, 0xd6, 0x99, 0xbd, 0xd6, 0x31, 0x86, 0xc6, 0x38, 0x4a, 0x69, 0x10, 0x82, 0x10, 0x82,
    0x31, 0xa6, 0xa5, 0x34, 0xde, 0xda, 0xd6, 0xba, 0x94, 0xb2, 0x21, 0x04, 0x10, 0x82, 0x10, 0x82,
    0x10, 0x82, 0x10, 0x82, 0x10, 0x82, 0x10, 0x82, 0x10, 0x82, 0x94, 0xb2, 0x6b, 0x4c, 0x10, 0x82,
    0x10, 0x82, 0x10, 0x82, 0x10, 0x82, 0x10, 0x82, 0x10, 0x82, 0x10, 0x82, 0x10, 0x82, 0x10, 0x82,
    0x10, 0x82, 0x10, 0x82, 0x10, 0x82, 0x10, 0x82, 0x10, 0x82, 0x21, 0x24, 0xd6, 0xba, 0x10, 0x82,
    0x10, 0x82, 0x10, 0x82, 0x73, 0x8e, 0x8c, 0x71, 0x10, 0x82, 0x9c, 0xf3, 0x52, 0xaa, 0x10, 0x82,
    0x10, 0x82, 0x10, 0x82, 0xde, 0xda, 0x21, 0x24, 0x10, 0x82, 0x10, 0x82, 0x63, 0x0c, 0x9c, 0xd2,
    0x6b, 0x6d, 0x42, 0x28, 0xad, 0x54, 0x5a, 0xeb, 0x10, 0x82, 0x10, 0x82, 0x10, 0x82, 0x31, 0xa6,
    0xd6, 0xb9, 0x94, 0xb2, 0x9c, 0xf3, 0x10, 0x82, 0x10, 0x82, 0x10, 0x82, 0x10, 0x82, 0x39, 0xc7,
    0x10, 0x82, 0x29, 0x65, 0xc6, 0x38, 0x10, 0x82, 0x10, 0x82, 0x10, 0x82, 0x10, 0x82, 0x10, 0x82,
    0x10, 0x82, 0xc6, 0x38, 0x39, 0xc7, 0x10, 0x82, 0x10, 0x82, 0x10, 0x82, 0x10, 0x82, 0x10, 0x82,
    0x10, 0x82, 0x10, 0x82, 0x7b, 0xce, 0x84, 0x30, 0x10, 0x82, 0x10, 0x82, 0x10, 0x82, 0x29, 0x65,
    0xce, 0x79, 0xa5, 0x13, 0x63, 0x0c, 0x94, 0x91, 0x10, 0x82, 0x10, 0x82, 0x18, 0xe3, 0x10, 0x82,
    0x10, 0x82, 0x10, 0x82, 0x10, 0x82, 0x10, 0x82, 0x5a, 0xcb, 0xe7, 0x3c, 0x4a, 0x69, 0x10, 0x82,
    0x10, 0x82, 0x10, 0x82, 0x31, 0x86, 0xd6, 0x99, 0x29, 0x65, 0x8c, 0x50, 0x18, 0xc3, 0x10, 0x82,
    0x10, 0x82, 0x10, 0x82, 0x10, 0x82, 0x10, 0x82, 0x10, 0x82, 0x10, 0x82, 0x10, 0x82, 0x10, 0x82,
    0x10, 0x82, 0x10, 0x82, 0x10, 0x82, 0x10, 0x82, 0x10, 0x82, 0x10, 0x82, 0x10, 0x82, 0x10, 0x82,
    0x10, 0x82, 0x10, 0x82, 0x10, 0x82, 0x10, 0x82, 0x10, 0x82, 0x10, 0x82, 0x10, 0x82, 0x10, 0x82,
    0x10, 0x82, 0x10, 0x82, 0x10, 0x82, 0x10, 0x82, 0x10, 0x82, 0x10, 0x82, 0x10, 0x82, 0xef, 0x5c,
    0x08, 0x41, 0x08, 0x41, 0x08, 0x41, 0x08, 0x41, 0x08, 0x41, 0x08, 0x41, 0x08, 0x41, 0x08, 0x41,
    0x08, 0x41, 0x08, 0x41, 0x08, 0x41, 0x08, 0x41, 0x08, 0x41, 0x08, 0x41, 0x08, 0x41, 0x08, 0x41,
    0x08, 0x41, 0x08, 0x41, 0x08, 0x41, 0x08, 0x41, 0x08, 0x41, 0x08, 0x41, 0x08, 0x41, 0x08, 0x41,
    0x08, 0x41, 0x08, 0x41, 0x08, 0x41, 0x08, 0x41, 0x08, 0x41, 0x08, 0x41, 0x08, 0x41, 0x08, 0x41,
    0xef, 0x5c, 0x10, 0x82, 0x10, 0x82, 0x10, 0x82, 0x10, 0x82, 0x10, 0x82, 0x10, 0x82, 0x10, 0x82,
    0x10, 0x82, 0x10, 0x82, 0x10, 0x82, 0x10, 0x82, 0x10, 0x82, 0x10, 0x82, 0x10, 0x82, 0x10, 0x82,
    0x10, 0x82, 0x10, 0x82, 0x10, 0x82, 0x10, 0x82, 0x10, 0x82, 0x10, 0x82, 0x10, 0x82, 0x10, 0x82,
    0x10, 0x82, 0x10, 0x82, 0x10, 0x82, 0x10, 0x82, 0x10, 0x82, 0x10, 0x82, 0x10, 0x82, 0x10, 0x82,
    0x10, 0x82, 0x10, 0x82, 0x10, 0x82, 0x10, 0x82, 0x10, 0x82, 0x10, 0x82, 0x10, 0x82, 0x10, 0x82,
    0x10, 0x82, 0x10, 0x82, 0x10, 0x82, 0x29, 0x65, 0x4a, 0x48, 0x31, 0x86, 0x10, 0x82, 0x10, 0x82,
    0x10, 0x82, 0x10, 0x82, 0x10, 0x82, 0x10, 0x82, 0x10, 0x82, 0x10, 0x82, 0x10, 0x82, 0x29, 0x65,
    0x4a, 0x48, 0x31, 0x86, 0x10, 0x82, 0x10, 0x82, 0x10, 0x82, 0x10, 0x82, 0x10, 0x82, 0x10, 0x82,
    0x10, 0x82, 0x10, 0x82, 0x10, 0x82, 0x10, 0x82, 0x10, 0x82, 0x10, 0x82, 0x10, 0x82, 0x10, 0x82,
    0x10, 0x82, 0x10, 0x82, 0x10, 0x82, 0x10, 0x82, 0x10, 0x82, 0xce, 0x79, 0x39, 0xe7, 0x10, 0x82,
    0x10, 0x82, 0x10, 0x82, 0x10, 0x82, 0x10, 0x82, 0x10, 0x82, 0x10, 0x82, 0x10, 0x82, 0x10, 0x82,
    0x10, 0x82, 0x10, 0x82, 0x10, 0x82, 0x10, 0x82, 0x10, 0x82, 0x29, 0x44, 0xef, 0x5c, 0xef, 0x5c,
    0xef, 0x5c, 0xef, 0x5c, 0xef, 0x5c, 0x8c, 0x71, 0x10, 0x82, 0xa5, 0x13, 0xef, 0x5c, 0xef, 0x5c,
    0xef, 0x5c, 0xef, 0x5c, 0xef, 0x5c, 0x21, 0x24, 0x10, 0x82, 0x10, 0x82, 0x10, 0x82, 0x10, 0x82,
    0x10, 0x82, 0x10, 0x82, 0xa5, 0x13, 0x5a, 0xeb, 0x10, 0x82, 0x10, 0x82, 0x52, 0x89, 0xd6, 0xba,
    0x5a, 0xca, 0x10, 0x82, 0xad, 0x75, 0x84, 0x30, 0x10, 0x82, 0x10, 0x82, 0x10, 0x82, 0x10, 0x82,
    0x10, 0x82, 0x31, 0x86, 0xc6, 0x38, 0x10, 0x82, 0x10, 0xa2, 0x21, 0x24, 0x18, 0xc3, 0x10, 0xa2,
    0x10, 0x82, 0xc6, 0x38, 0x39, 0xc7, 0x10, 0x82, 0x10, 0xa2, 0x21, 0x04, 0x18, 0xc3, 0x10, 0x82,
    0x10, 0x82, 0x10, 0x82, 0x7b, 0xcf, 0x84, 0x30, 0x10, 0x82, 0x18, 0xc3, 0x73, 0xae, 0xde, 0xfb,
    0xc6, 0x38, 0x21, 0x04, 0x5a, 0xeb, 0xa5, 0x13, 0x10, 0xa2, 0x18, 0xe3, 0xce, 0x58, 0x42, 0x28,
    0x10, 0x82, 0x10, 0x82, 0x10, 0x82, 0x42, 0x28, 0xc6, 0x38, 0x63, 0x0c, 0x10, 0x82, 0x10, 0x82,
    0x10, 0x82, 0x29, 0x45, 0xc6, 0x17, 0x5a, 0xcb, 0x10, 0x82, 0x73, 0xae, 0xbd, 0xf7, 0x21, 0x04,
    0x10, 0x82, 0x10, 0x82, 0x10, 0x82, 0x10, 0x82, 0x10, 0x82, 0x10, 0x82, 0x10, 0x82, 0x10, 0x82,
    0x10, 0x82, 0x10, 0x82, 0x10, 0x82, 0x10, 0x82, 0x10, 0x82, 0x10, 0x82, 0x10, 0x82, 0x10, 0x82,
    0x10, 0x82, 0x10, 0x82, 0x10, 0x82, 0x10, 0x82, 0x10, 0x82, 0x10, 0x82, 0x10, 0x82, 0x10, 0x82,
    0x10, 0x82, 0x10, 0x82, 0x10, 0x82, 0x10, 0x82, 0x10, 0x82, 0x10, 0x82, 0x10, 0x82, 0xef, 0x5c,
    0x08, 0x41, 0x08, 0x41, 0x08, 0x41, 0x08, 0x41, 0x08, 0x41, 0x08, 0x41, 0x08, 0x41, 0x08, 0x41,
    0x08, 0x41, 0x08, 0x41, 0x08, 0x41, 0x08, 0x41, 0x08, 0x41, 0x08, 0x41, 0x08, 0x41, 0x08, 0x41,
    0x08, 0x41, 0x08, 0x41, 0x08, 0x41, 0x08, 0x41, 0x08, 0x41, 0x08, 0x41, 0x08, 0x41, 0x08, 0x41,
    0x08, 0x41, 0x08, 0x41, 0x08, 0x41, 0x08, 0x41, 0x08, 0x41, 0x08, 0x41, 0x08, 0x41, 0x08, 0x41,
    0xef, 0x5c, 0x10, 0x82, 0x10, 0x82, 0x10, 0x82, 0x10, 0x82, 0x10, 0x82, 0x10, 0x82, 0x10, 0x82,
    0x10, 0x82, 0x10, 0x82, 0x10, 0x82, 0x10, 0x82, 0x10, 0x82, 0x10, 0x82, 0x10, 0x82, 0x10, 0x82,
    0x10, 0x82, 0x10, 0x82, 0x10, 0x82, 0x10, 0x82, 0x10, 0x82, 0x10, 0x82, 0x10, 0x82, 0x10, 0x82,
    0x10, 0x82, 0x10, 0x82, 0x10, 0x82, 0x10, 0x82, 0x10, 0x82, 0x10, 0x82, 0x10, 0x82, 0x10, 0x82,
    0x10, 0x82, 0x10, 0x82, 0x10, 0x82, 0x10, 0x82, 0x10, 0x82, 0x10, 0x82, 0x10, 0x82, 0x10, 0x82,
    0x10, 0x82, 0x10, 0x82, 0x10, 0x82, 0x10, 0x82, 0x10, 0x82, 0x10, 0x82, 0x10, 0x82, 0x10, 0x82,
    0x10, 0x82, 0x10, 0x82, 0x10, 0x82, 0x10, 0x82, 0x10, 0x82, 0x10, 0x82, 0x10, 0x82, 0x10, 0x82,
    0x10, 0x82, 0x10, 0x82, 0x10, 0x82, 0x10, 0x82, 0x10, 0x82, 0x10, 0x82, 0x10, 0x82, 0x10, 0x82,
    0x10, 0x82, 0x10, 0x82, 0x10, 0x82, 0x10, 0x82, 0x10, 0x82, 0x10, 0x82, 0x10, 0x82, 0x10, 0x82,
    0x10, 0x82, 0x10, 0x82, 0x10, 0x82, 0x10, 0x82, 0x5a, 0xeb, 0xd6, 0xba, 0x10, 0xa2, 0x10, 0x82,
    0x10, 0x82, 0x10, 0x82, 0x10, 0x82, 0x10, 0x82, 0x10, 0x82, 0x10, 0x82, 0x10, 0x82, 0x10, 0x82,
    0x10, 0x82, 0x10, 0x82, 0x10, 0x82, 0x10, 0x82, 0x10, 0x82, 0x31, 0xa6, 0xd6, 0xba, 0x10, 0x82,
    0x10, 0x82, 0x10, 0x82, 0x73, 0x8e, 0x94, 0xb2, 0x10, 0x82, 0xad, 0x75, 0x52, 0xaa, 0x10, 0x82,
    0x10, 0x82, 0x10, 0x82, 0xde, 0xda, 0x31, 0x85, 0x10, 0x82, 0x10, 0x82, 0x10, 0x82, 0x10, 0x82,
    0x5a, 0xca, 0x63, 0x0b, 0xce, 0x79, 0x5a, 0xca, 0x29, 0x65, 0x9c, 0xd2, 0xde, 0xda, 0x4a, 0x69,
    0x10, 0x82, 0x10, 0x82, 0x21, 0x04, 0xce, 0x79, 0xa5, 0x34, 0x29, 0x45, 0x10, 0x82, 0x10, 0x82,
    0x10, 0x82, 0x39, 0xc7, 0xce, 0x79, 0x10, 0x82, 0x39, 0xe7, 0xef, 0x5c, 0xef, 0x5c, 0xef, 0x5c,
    0xef, 0x5c, 0xef, 0x5c, 0xef, 0x5c, 0xef, 0x5c, 0xef, 0x5c, 0xef, 0x5c, 0x6b, 0x6d, 0x10, 0x82,
    0x10, 0x82, 0x10, 0x82, 0x7b, 0xef, 0x8c, 0x50, 0x4a, 0x69, 0xde, 0xda, 0xef, 0x5c, 0xad, 0x75,
    0x21, 0x04, 0x10, 0x82, 0x31, 0x86, 0xd6, 0x99, 0xe7, 0x3c, 0xe7, 0x1b, 0x9c, 0xf3, 0x10, 0xa2,
    0x10, 0xa2, 0x6b, 0x4d, 0xb5, 0xb6, 0xce, 0x58, 0x39, 0xe7, 0x10, 0x82, 0x10, 0x82, 0x10, 0xa2,
    0x6b, 0x4d, 0xd6, 0x99, 0x5a, 0xeb, 0x10, 0x82, 0x10, 0x82, 0x10, 0x82, 0x63, 0x2c, 0xc6, 0x17,
    0x18, 0xc3, 0x10, 0x82, 0x10, 0x82, 0x10, 0x82, 0x10, 0x82, 0x10, 0x82, 0x10, 0x82, 0x10, 0x82,
    0x10, 0x82, 0x10, 0x82, 0x10, 0x82, 0x10, 0x82, 0x10, 0x82, 0x10, 0x82, 0x10, 0x82, 0x10, 0x82,
    0x10, 0x82, 0x10, 0x82, 0x10, 0x82, 0x10, 0x82, 0x10, 0x82, 0x10, 0x82, 0x10, 0x82, 0x10, 0x82,
    0x10, 0x82, 0x10, 0x82, 0x10, 0x82, 0x10, 0x82, 0x10, 0x82, 0x10, 0x82, 0x10, 0x82, 0xef, 0x5c,
    0x08, 0x41, 0x08, 0x41, 0x08, 0x41, 0x08, 0x41, 0x08, 0x41, 0x08, 0x41, 0x08, 0x41, 0x08, 0x41,
    0x08, 0x41, 0x08, 0x41, 0x08, 0x41, 0x08, 0x41, 0x08, 0x41, 0x08, 0x41, 0x08, 0x41, 0x08, 0x41,
    0x08, 0x41, 0x08, 0x41, 0x08, 0x41, 0x08, 0x41, 0x08, 0x41, 0x08, 0x41, 0x08, 0x41, 0x08, 0x41,
    0x08, 0x41, 0x08, 0x41, 0x08, 0x41, 0x08, 0x41, 0x08, 0x41, 0x08, 0x41, 0x08, 0x41, 0x08, 0x41,
    0xef, 0x5c, 0x10, 0x82, 0x10, 0x82, 0x10, 0x82, 0x10, 0x82, 0x10, 0x82, 0x10, 0x82, 0x10, 0x82,
    0x10, 0x82, 0x10, 0x82, 0x10, 0x82, 0x10, 0x82, 0x10, 0x82, 0x10, 0x82, 0x10, 0x82, 0x10, 0x82,
    0x10, 0x82, 0x10, 0x82, 0x10, 0x82, 0x10, 0x82, 0x10, 0x82, 0x10, 0x82, 0x10, 0x82, 0x10, 0x82,
    0x10, 0x82, 0x10, 0x82, 0x10, 0x82, 0x10, 0x82, 0x10, 0x82, 0x10, 0x82, 0x10, 0x82, 0x10, 0x82,
    0x10, 0x82, 0x10, 0x82, 0x10, 0x82, 0x10, 0x82, 0x10, 0x82, 0x10, 0x82, 0x10, 0x82, 0x10, 0x82,
    0x10, 0x82, 0x10, 0x82, 0x10, 0x82, 0x10, 0x82, 0x10, 0x82, 0x10, 0x82, 0x10, 0x82, 0x10, 0x82,
    0x10, 0x82, 0x10, 0x82, 0x10, 0x82, 0x10, 0x82, 0x10, 0x82, 0x10, 0x82, 0x10, 0x82, 0x10, 0x82,
    0x10, 0x82, 0x10, 0x82, 0x10, 0x82, 0x10, 0x82, 0x10, 0x82, 0x10, 0x82, 0x10, 0x82, 0x10, 0x82,
    0x10, 0x82, 0x10, 0x82, 0x10, 0x82, 0x10, 0x82, 0x10, 0x82, 0x10, 0x82, 0x10, 0x82, 0x10, 0x82,
    0x10, 0x82, 0x10, 0x82, 0x10, 0x82, 0x10, 0x82, 0x84, 0x0f, 0x73, 0xae, 0x10, 0x82, 0x10, 0x82,
    0x10, 0x82, 0x10, 0x82, 0x10, 0x82, 0x10, 0x82, 0x10, 0x82, 0x10, 0x82, 0x10, 0x82, 0x10, 0x82,
    0x10, 0x82, 0x10, 0x82, 0x10, 0x82, 0x10, 0x82, 0x10, 0x82, 0x10, 0x82, 0x10, 0x82, 0x10, 0x82,
    0x10, 0x82, 0x10, 0x82, 0x29, 0x65, 0x39, 0xe7, 0x10, 0x82, 0x10, 0x82, 0x10, 0x82, 0x10, 0x82,
    0x10, 0x82, 0x10, 0x82, 0x29, 0x45, 0x10, 0xa2, 0x10, 0x82, 0x10, 0x82, 0x10, 0x82, 0x10, 0x82,
    0x63, 0x0b, 0xb5, 0xb6, 0x8c, 0x51, 0x18, 0xe3, 0x4a, 0x69, 0xb5, 0x95, 0x29, 0x65, 0x10, 0x82,
    0x10, 0x82, 0x10, 0x82, 0x10, 0x82, 0x31, 0xa6, 0xa5, 0x13, 0x18, 0xe3, 0x10, 0x82, 0x10, 0x82,
    0x10, 0x82, 0x42, 0x28, 0xde, 0xda, 0x10, 0x82, 0x10, 0xa2, 0x29, 0x45, 0x18, 0xe3, 0x18, 0xc3,
    0x10, 0x82, 0x10, 0x82, 0x10, 0x82, 0x10, 0xa2, 0x18, 0xe3, 0x21, 0x24, 0x18, 0xe3, 0x10, 0x82,
    0x10, 0x82, 0x10, 0x82, 0x8c, 0x50, 0x94, 0xb2, 0x10, 0xa2, 0xb5, 0x95, 0x63, 0x2c, 0x10, 0x82,
    0x10, 0x82, 0x10, 0x82, 0x10, 0x82, 0x10, 0x82, 0x10, 0x82, 0x10, 0x82, 0x10, 0x82, 0x10, 0x82,
    0x10, 0x82, 0x7b, 0xce, 0x5a, 0xcb, 0x10, 0xa2, 0x10, 0x82, 0x10, 0x82, 0x10, 0x82, 0x29, 0x65,
    0xb5, 0x95, 0x39, 0xc7, 0x10, 0x82, 0x10, 0x82, 0x10, 0x82, 0x10, 0x82, 0x10, 0x82, 0x42, 0x28,
    0x10, 0x82, 0x10, 0x82, 0x10, 0x82, 0x10, 0x82, 0x10, 0x82, 0x10, 0x82, 0x10, 0x82, 0x10, 0x82,
    0x10, 0x82, 0x10, 0x82, 0x10, 0x82, 0x10, 0x82, 0x10, 0x82, 0x10, 0x82, 0x10, 0x82, 0x10, 0x82,
    0x10, 0x82, 0x10, 0x82, 0x10, 0x82, 0x10, 0x82, 0x10, 0x82, 0x10, 0x82, 0x10, 0x82, 0x10, 0x82,
    0x10, 0x82, 0x10, 0x82, 0x10, 0x82, 0x10, 0x82, 0x10, 0x82, 0x10, 0x82, 0x10, 0x82, 0xef, 0x5c,
    0x08, 0x41, 0x08, 0x41, 0x08, 0x41, 0x08, 0x41, 0x08, 0x41, 0x08, 0x41, 0x08, 0x41, 0x08, 0x41,
    0x08, 0x41, 0x08, 0x41, 0x08, 0x41, 0x08, 0x41, 0x08, 0x41, 0x08, 0x41, 0x08, 0x41, 0x08, 0x41,
    0x08, 0x41, 0x08, 0x41, 0x08, 0x41, 0x08, 0x41, 0x08, 0x41, 0x08, 0x41, 0x08, 0x41, 0x08, 0x41,
    0x08, 0x41, 0x08, 0x41, 0x08, 0x41, 0x08, 0x41, 0x08, 0x41, 0x08, 0x41, 0x08, 0x41, 0x08, 0x41,
    0xef, 0x5c, 0x10, 0x82, 0x10, 0x82, 0x10, 0x82, 0x10, 0x82, 0x10, 0x82, 0x10, 0x82, 0x10, 0x82,
    0x10, 0x82, 0x10, 0x82, 0x10, 0x82, 0x10, 0x82, 0x10, 0x82, 0x10, 0x82, 0x10, 0x82, 0x10, 0x82,
    0x10, 0x82, 0x10, 0x82, 0x10, 0x82, 0x10, 0x82, 0x10, 0x82, 0x10, 0x82, 0x10, 0x82, 0x10, 0x82,
    0x10, 0x82, 0x10, 0x82, 0x10, 0x82, 0x10, 0x82, 0x10, 0x82, 0x10, 0x82, 0x10, 0x82, 0x10, 0x82,
    0x10, 0x82, 0x10, 0x82, 0x10, 0x82, 0x10, 0x82, 0x10, 0x82, 0x10, 0x82, 0x10, 0x82, 0x10, 0x82,
    0x10, 0x82, 0x10, 0x82, 0x10, 0x82, 0x10, 0x82, 0x10, 0x82, 0x10, 0x82, 0x10, 0x82, 0x10, 0x82,
    0x10, 0x82, 0x10, 0x82, 0x10, 0x82, 0x10, 0x82, 0x10, 0x82, 0x10, 0x82, 0x10, 0x82, 0x10, 0x82,
    0x10, 0x82, 0x10, 0x82, 0x10, 0x82, 0x10, 0x82, 0x10, 0x82, 0x10, 0x82, 0x10, 0x82, 0x10, 0x82,
    0x10, 0x82, 0x10, 0x82, 0x10, 0x82, 0x10, 0x82, 0x10, 0x82, 0x10, 0x82, 0x10, 0x82, 0x10, 0x82,
    0x10, 0x82, 0x10, 0x82, 0x10, 0x82, 0x10, 0x82, 0x10, 0x82, 0x10, 0x82, 0x10, 0x82, 0x10, 0x82,
    0x10, 0x82, 0x10, 0x82, 0x10, 0x82, 0x10, 0x82, 0x10, 0x82, 0x10, 0x82, 0x10, 0x82, 0x10, 0x82,
    0x10, 0x82, 0x10, 0x82, 0x10, 0x82, 0x10, 0x82, 0x10, 0x82, 0x10, 0x82, 0x10, 0x82, 0x10, 0x82,
    0x10, 0x82, 0x10, 0x82, 0x10, 0x82, 0x10, 0x82, 0x10, 0x82, 0x10, 0x82, 0x10, 0x82, 0x10, 0x82,
    0x10, 0x82, 0x10, 0x82, 0x10, 0x82, 0x10, 0x82, 0x10, 0x82, 0x10, 0x82, 0x10, 0x82, 0x10, 0x82,
    0x10, 0x82, 0x10, 0x82, 0x10, 0x82, 0x10, 0x82, 0x10, 0x82, 0x10, 0x82, 0x10, 0x82, 0x10, 0x82,
    0x10, 0x82, 0x10, 0x82, 0x10, 0x82, 0x10, 0x82, 0x10, 0x82, 0x10, 0x82, 0x10, 0x82, 0x10, 0x82,
    0x10, 0x82, 0x10, 0x82, 0x10, 0x82, 0x10, 0x82, 0x10, 0x82, 0x10, 0x82, 0x10, 0x82, 0x10, 0x82,
    0x10, 0x82, 0x10, 0x82, 0x10, 0x82, 0x10, 0x82, 0x10, 0x82, 0x10, 0x82, 0x10, 0x82, 0x10, 0x82,
    0x10, 0x82, 0x10, 0x82, 0x10, 0x82, 0x10, 0x82, 0x10, 0x82, 0x10, 0x82, 0x10, 0x82, 0x10, 0x82,
    0x10, 0x82, 0x10, 0x82, 0x10, 0x82, 0x10, 0x82, 0x10, 0x82, 0x10, 0x82, 0x10, 0x82, 0x10, 0x82,
    0x10, 0x82, 0x10, 0x82, 0x10, 0x82, 0x10, 0x82, 0x10, 0x82, 0x10, 0x82, 0x10, 0x82, 0x10, 0x82,
    0x10, 0x82, 0x10, 0x82, 0x10, 0x82, 0x10, 0x82, 0x10, 0x82, 0x10, 0x82, 0x10, 0x82, 0x10, 0x82,
    0x10, 0x82, 0x10, 0x82, 0x10, 0x82, 0x10, 0x82, 0x10, 0x82, 0x10, 0x82, 0x10, 0x82, 0x10, 0x82,
    0x10, 0x82, 0x10, 0x82, 0x10, 0x82, 0x10, 0x82, 0x10, 0x82, 0x10, 0x82, 0x10, 0x82, 0x10, 0x82,
    0x10, 0x82, 0x10, 0x82, 0x10, 0x82, 0x10, 0x82, 0x10, 0x82, 0x10, 0x82, 0x10, 0x82, 0x10, 0x82,
    0x10, 0x82, 0x10, 0x82, 0x10, 0x82, 0x10, 0x82, 0x10, 0x82, 0x10, 0x82, 0x10, 0x82, 0xef, 0x5c,
    0x08, 0x41, 0x08, 0x41, 0x08, 0x41, 0x08, 0x41, 0x08, 0x41, 0x08, 0x41, 0x08, 0x41, 0x08, 0x41,
    0x08, 0x41, 0x08, 0x41, 0x08, 0x41, 0x08, 0x41, 0x08, 0x41, 0x08, 0x41, 0x08, 0x41, 0x08, 0x41,
    0x08, 0x41, 0x08, 0x41, 0x08, 0x41, 0x08, 0x41, 0x08, 0x41, 0x08, 0x41, 0x08, 0x41, 0x08, 0x41,
    0x08, 0x41, 0x08, 0x41, 0x08, 0x41, 0x08, 0x41, 0x08, 0x41, 0x08, 0x41, 0x08, 0x41, 0x08, 0x41,
    0xef, 0x5c, 0x10, 0x82, 0x10, 0x82, 0x10, 0x82, 0x10, 0x82, 0x10, 0x82, 0x10, 0x82, 0x10, 0x82,
    0x10, 0x82, 0x10, 0x82, 0x10, 0x82, 0x10, 0x82, 0x10, 0x82, 0x10, 0x82, 0x10, 0x82, 0x10, 0x82,
    0x10, 0x82, 0x10, 0x82, 0x10, 0x82, 0x10, 0x82, 0x10, 0x82, 0x10, 0x82, 0x10, 0x82, 0x10, 0x82,
    0x10, 0x82, 0x10, 0x82, 0x10, 0x82, 0x10, 0x82, 0x10, 0x82, 0x10, 0x82, 0x10, 0x82, 0x10, 0x82,
    0x10, 0x82, 0x10, 0x82, 0x10, 0x82, 0x10, 0x82, 0x10, 0x82, 0x10, 0x82, 0x10, 0x82, 0x10, 0x82,
    0x10, 0x82, 0x10, 0x82, 0x10, 0x82, 0x10, 0x82, 0x10, 0x82, 0x10, 0x82, 0x10, 0x82, 0x10, 0x82,
    0x10, 0x82, 0x10, 0x82, 0x10, 0x82, 0x10, 0x82, 0x10, 0x82, 0x10, 0x82, 0x10, 0x82, 0x10, 0x82,
    0x10, 0x82, 0x10, 0x82, 0x10, 0x82, 0x10, 0x82, 0x10, 0x82, 0x10, 0x82, 0x10, 0x82, 0x10, 0x82,
    0x10, 0x82, 0x10, 0x82, 0x10, 0x82, 0x10, 0x82, 0x10, 0x82, 0x10, 0x82, 0x10, 0x82, 0x10, 0x82,
    0x10, 0x82, 0x10, 0x82, 0x10, 0x82, 0x10, 0x82, 0x10, 0x82, 0x10, 0x82, 0x10, 0x82, 0x10, 0x82,
    0x10, 0x82, 0x10, 0x82, 0x10, 0x82, 0x10, 0x82, 0x10, 0x82, 0x10, 0x82, 0x10, 0x82, 0x10, 0x82,
    0x10, 0x82, 0x10, 0x82, 0x10, 0x82, 0x10, 0x82, 0x10, 0x82, 0x10, 0x82, 0x10, 0x82, 0x10, 0x82,
    0x10, 0x82, 0x10, 0x82, 0x10, 0x82, 0x10, 0x82, 0x10, 0x82, 0x10, 0x82, 0x10, 0x82, 0x10, 0x82,
    0x10, 0x82, 0x10, 0x82, 0x10, 0x82, 0x10, 0x82, 0x10, 0x82, 0x10, 0x82, 0x10, 0x82, 0x10, 0x82,
    0x10, 0x82, 0x10, 0x82, 0x10, 0x82, 0x10, 0x82, 0x10, 0x82, 0x10, 0x82, 0x10, 0x82, 0x10, 0x82,
    0x10, 0x82, 0x10, 0x82, 0x10, 0x82, 0x10, 0x82, 0x10, 0x82, 0x10, 0x82, 0x10, 0x82, 0x10, 0x82,
    0x10, 0x82, 0x10, 0x82, 0x10, 0x82, 0x10, 0x82, 0x10, 0x82, 0x10, 0x82, 0x10, 0x82, 0x10, 0x82,
    0x10, 0x82, 0x10, 0x82, 0x10, 0x82, 0x10, 0x82, 0x10, 0x82, 0x10, 0x82, 0x10, 0x82, 0x10, 0x82,
    0x10, 0x82, 0x10, 0x82, 0x10, 0x82, 0x10, 0x82, 0x10, 0x82, 0x10, 0x82, 0x10, 0x82, 0x10, 0x82,
    0x10, 0x82, 0x10, 0x82, 0x10, 0x82, 0x10, 0x82, 0x10, 0x82, 0x10, 0x82, 0x10, 0x82, 0x10, 0x82,
    0x10, 0x82, 0x10, 0x82, 0x10, 0x82, 0x10, 0x82, 0x10, 0x82, 0x10, 0x82, 0x10, 0x82, 0x10, 0x82,
    0x10, 0x82, 0x10, 0x82, 0x10, 0x82, 0x10, 0x82, 0x10, 0x82, 0x10, 0x82, 0x10, 0x82, 0x10, 0x82,
    0x10, 0x82, 0x10, 0x82, 0x10, 0x82, 0x10, 0x82, 0x10, 0x82, 0x10, 0x82, 0x10, 0x82, 0x10, 0x82,
    0x10, 0x82, 0x10, 0x82, 0x10, 0x82, 0x10, 0x82, 0x10, 0x82, 0x10, 0x82, 0x10, 0x82, 0x10, 0x82,
    0x10, 0x82, 0x10, 0x82, 0x10, 0x82, 0x10, 0x82, 0x10, 0x82, 0x10, 0x82, 0x10, 0x82, 0x10, 0x82,
    0x10, 0x82, 0x10, 0x82, 0x10, 0x82, 0x10, 0x82, 0x10, 0x82, 0x10, 0x82, 0x10, 0x82, 0xef, 0x5c,
    0x08, 0x41, 0x08, 0x41, 0x08, 0x41, 0x08, 0x41, 0x08, 0x41, 0x08, 0x41, 0x08, 0x41, 0x08, 0x41,
    0x08, 0x41, 0x08, 0x41, 0x08, 0x41, 0x08, 0x41, 0x08, 0x41, 0x08, 0x41, 0x08, 0x41, 0x08, 0x41,
    0x08, 0x41, 0x08, 0x41, 0x08, 0x41, 0x08, 0x41, 0x08, 0x41, 0x08, 0x41, 0x08, 0x41, 0x08, 0x41,
    0x08, 0x41, 0x08, 0x41, 0x08, 0x41, 0x08, 0x41, 0x08, 0x41, 0x08, 0x41, 0x08, 0x41, 0x08, 0x41,
    0xef, 0x5c, 0x10, 0x82, 0x10, 0x82, 0x10, 0x82, 0x10, 0x82, 0x10, 0x82, 0x10, 0x82, 0x10, 0x82,
    0x10, 0x82, 0x10, 0x82, 0x10, 0x82, 0x10, 0x82, 0x10, 0x82, 0x10, 0x82, 0x10, 0x82, 0x10, 0x82,
    0x10, 0x82, 0x10, 0x82, 0x10, 0x82, 0x10, 0x82, 0x10, 0x82, 0x10, 0x82, 0x10, 0x82, 0x10, 0x82,
    0x10, 0x82, 0x10, 0x82, 0x10, 0x82, 0x10, 0x82, 0x10, 0x82, 0x10, 0x82, 0x10, 0x82, 0x10, 0x82,
    0x10, 0x82, 0x10, 0x82, 0x10, 0x82, 0x10, 0x82, 0x10, 0x82, 0x10, 0x82, 0x10, 0x82, 0x10, 0x82,
    0x10, 0x82, 0x10, 0x82, 0x10, 0x82, 0x10, 0x82, 0x10, 0x82, 0x10, 0x82, 0x10, 0x82, 0x10, 0x82,
    0x10, 0x82, 0x10, 0x82, 0x10, 0x82, 0x10, 0x82, 0x10, 0x82, 0x10, 0x82, 0x10, 0x82, 0x10, 0x82,
    0x10, 0x82, 0x10, 0x82, 0x10, 0x82, 0x10, 0x82, 0x10, 0x82, 0x10, 0x82, 0x10, 0x82, 0x10, 0x82,
    0x10, 0x82, 0x10, 0x82, 0x10, 0x82, 0x10, 0x82, 0x10, 0x82, 0x10, 0x82, 0x10, 0x82, 0x10, 0x82,
    0x10, 0x82, 0x10, 0x82, 0x10, 0x82, 0x10, 0x82, 0x10, 0x82, 0x10, 0x82, 0x10, 0x82, 0x10, 0x82,
    0x10, 0x82, 0x10, 0x82, 0x10, 0x82, 0x10, 0x82, 0x10, 0x82, 0x10, 0x82, 0x10, 0x82, 0x10, 0x82,
    0x10, 0x82, 0x10, 0x82, 0x10, 0x82, 0x10, 0x82, 0x10, 0x82, 0x10, 0x82, 0x10, 0x82, 0x10, 0x82,
    0x10, 0x82, 0x10, 0x82, 0x10, 0x82, 0x10, 0x82, 0x10, 0x82, 0x10, 0x82, 0x10, 0x82, 0x10, 0x82,
    0x10, 0x82, 0x10, 0x82, 0x10, 0x82, 0x10, 0x82, 0x10, 0x82, 0x10, 0x82, 0x10, 0x82, 0x10, 0x82,
    0x10, 0x82, 0x10, 0x82, 0x10, 0x82, 0x10, 0x82, 0x10, 0x82, 0x10, 0x82, 0x10, 0x82, 0x10, 0x82,
    0x10, 0x82, 0x10, 0x82, 0x10, 0x82, 0x10, 0x82, 0x10, 0x82, 0x10, 0x82, 0x10, 0x82, 0x10, 0x82,
    0x10, 0x82, 0x10, 0x82, 0x10, 0x82, 0x10, 0x82, 0x10, 0x82, 0x10, 0x82, 0x10, 0x82, 0x10, 0x82,
    0x10, 0x82, 0x10, 0x82, 0x10, 0x82, 0x10, 0x82, 0x10, 0x82, 0x10, 0x82, 0x10, 0x82, 0x10, 0x82,
    0x10, 0x82, 0x10, 0x82, 0x10, 0x82, 0x10, 0x82, 0x10, 0x82, 0x10, 0x82, 0x10, 0x82, 0x10, 0x82,
    0x10, 0x82, 0x10, 0x82, 0x10, 0x82, 0x10, 0x82, 0x10, 0x82, 0x10, 0x82, 0x10, 0x82, 0x10, 0x82,
    0x10, 0x82, 0x10, 0x82, 0x10, 0x82, 0x10, 0x82, 0x10, 0x82, 0x10, 0x82, 0x10, 0x82, 0x10, 0x82,
    0x10, 0x82, 0x10, 0x82, 0x10, 0x82, 0x10, 0x82, 0x10, 0x82, 0x10, 0x82, 0x10, 0x82, 0x10, 0x82,
    0x10, 0x82, 0x10, 0x82, 0x10, 0x82, 0x10, 0x82, 0x10, 0x82, 0x10, 0x82, 0x10, 0x82, 0x10, 0x82,
    0x10, 0x82, 0x10, 0x82, 0x10, 0x82, 0x10, 0x82, 0x10, 0x82, 0x10, 0x82, 0x10, 0x82, 0x10, 0x82,
    0x10, 0x82, 0x10, 0x82, 0x10, 0x82, 0x10, 0x82, 0x10, 0x82, 0x10, 0x82, 0x10, 0x82, 0x10, 0x82,
    0x10, 0x82, 0x10, 0x82, 0x10, 0x82, 0x10, 0x82, 0x10, 0x82, 0x10, 0x82, 0x10, 0x82, 0xef, 0x5c,
    0x08, 0x41, 0x08, 0x41, 0x08, 0x41, 0x08, 0x41, 0x08, 0x41, 0x08, 0x41, 0x08, 0x41, 0x08, 0x41,
    0x08, 0x41, 0x08, 0x41, 0x08, 0x41, 0x08, 0x41, 0x08, 0x41, 0x08, 0x41, 0x08, 0x41, 0x08, 0x41,
    0x08, 0x41, 0x08, 0x41, 0x08, 0x41, 0x08, 0x41, 0x08, 0x41, 0x08, 0x41, 0x08, 0x41, 0x08, 0x41,
    0x08, 0x41, 0x08, 0x41, 0x08, 0x41, 0x08, 0x41, 0x08, 0x41, 0x08, 0x41, 0x08, 0x41, 0x08, 0x41,
    0xef, 0x5c, 0x10, 0x82, 0x10, 0x82, 0x10, 0x82, 0x10, 0x82, 0x10, 0x82, 0x10, 0x82, 0x10, 0x82,
    0x10, 0x82, 0x10, 0x82, 0x10, 0x82, 0x10, 0x82, 0x10, 0x82, 0x10, 0x82, 0x10, 0x82, 0x10, 0x82,
    0x10, 0x82, 0x10, 0x82, 0x10, 0x82, 0x10, 0x82, 0x10, 0x82, 0x10, 0x82, 0x10, 0x82, 0x10, 0x82,
    0x10, 0x82, 0x10, 0x82, 0x10, 0x82, 0x10, 0x82, 0x10, 0x82, 0x10, 0x82, 0x10, 0x82, 0x10, 0x82,
    0x10, 0x82, 0x10, 0x82, 0x10, 0x82, 0x10, 0x82, 0x10, 0x82, 0x10, 0x82, 0x10, 0x82, 0x10, 0x82,
    0x10, 0x82, 0x10, 0x82, 0x10, 0x82, 0x10, 0x82, 0x10, 0x82, 0x10, 0x82, 0x10, 0x82, 0x10, 0x82,
    0x10, 0x82, 0x10, 0x82, 0x10, 0x82, 0x10, 0x82, 0x10, 0x82, 0x10, 0x82, 0x10, 0x82, 0x10, 0x82,
    0x10, 0x82, 0x10, 0x82, 0x10, 0x82, 0x10, 0x82, 0x10, 0x82, 0x10, 0x82, 0x10, 0x82, 0x10, 0x82,
    0x10, 0x82, 0x10, 0x82, 0x10, 0x82, 0x10, 0x82, 0x10, 0x82, 0x10, 0x82, 0x10, 0x82, 0x10, 0x82,
    0x10, 0x82, 0x10, 0x82, 0x10, 0x82, 0x10, 0x82, 0x10, 0x82, 0x10, 0x82, 0x10, 0x82, 0x10, 0x82,
    0x10, 0x82, 0x10, 0x82, 0x10, 0x82, 0x10, 0x82, 0x10, 0x82, 0x10, 0x82, 0x10, 0x82, 0x10, 0x82,
    0x10, 0x82, 0x10, 0x82, 0x10, 0x82, 0x10, 0x82, 0x10, 0x82, 0x10, 0x82, 0x10, 0x82, 0x10, 0x82,
    0x10, 0x82, 0x10, 0x82, 0x10, 0x82, 0x10, 0x82, 0x10, 0x82, 0x10, 0x82, 0x10, 0x82, 0x10, 0x82,
    0x10, 0x82, 0x10, 0x82, 0x10, 0x82, 0x10, 0x82, 0x10, 0x82, 0x10, 0x82, 0x10, 0x82, 0x10, 0x82,
    0x10, 0x82, 0x10, 0x82, 0x10, 0x82, 0x10, 0x82, 0x10, 0x82, 0x10, 0x82, 0x10, 0x82, 0x10, 0x82,
    0x10, 0x82, 0x10, 0x82, 0x10, 0x82, 0x10, 0x82, 0x10, 0x82, 0x10, 0x82, 0x10, 0x82, 0x10, 0x82,
    0x10, 0x82, 0x10, 0x82, 0x10, 0x82, 0x10, 0x82, 0x10, 0x82, 0x10, 0x82, 0x10, 0x82, 0x10, 0x82,
    0x10, 0x82, 0x10, 0x82, 0x10, 0x82, 0x10, 0x82, 0x10, 0x82, 0x10, 0x82, 0x10, 0x82, 0x10, 0x82,
    0x10, 0x82, 0x10, 0x82, 0x10, 0x82, 0x10, 0x82, 0x10, 0x82, 0x10, 0x82, 0x10, 0x82, 0x10, 0x82,
    0x10, 0x82, 0x10, 0x82, 0x10, 0x82, 0x10, 0x82, 0x10, 0x82, 0x10, 0x82, 0x10, 0x82, 0x10, 0x82,
    0x10, 0x82, 0x10, 0x82, 0x10, 0x82, 0x10, 0x82, 0x10, 0x82, 0x10, 0x82, 0x10, 0x82, 0x10, 0x82,
    0x10, 0x82, 0x10, 0x82, 0x10, 0x82, 0x10, 0x82, 0x10, 0x82, 0x10, 0x82, 0x10, 0x82, 0x10, 0x82,
    0x10, 0x82, 0x10, 0x82, 0x10, 0x82, 0x10, 0x82, 0x10, 0x82, 0x10, 0x82, 0x10, 0x82, 0x10, 0x82,
    0x10, 0x82, 0x10, 0x82, 0x10, 0x82, 0x10, 0x82, 0x10, 0x82, 0x10, 0x82, 0x10, 0x82, 0x10, 0x82,
    0x10, 0x82, 0x10, 0x82, 0x10, 0x82, 0x10, 0x82, 0x10, 0x82, 0x10, 0x82, 0x10, 0x82, 0x10, 0x82,
    0x10, 0x82, 0x10, 0x82, 0x10, 0x82, 0x10, 0x82, 0x10, 0x82, 0x10, 0x82, 0x10, 0x82, 0xef, 0x5c,
    0x08, 0x41, 0x08, 0x41, 0x08, 0x41, 0x08, 0x41, 0x08, 0x41, 0x08, 0x41, 0x08, 0x41, 0x08, 0x41,
    0x08, 0x41, 0x08, 0x41, 0x08, 0x41, 0x08, 0x41, 0x08, 0x41, 0x08, 0x41, 0x08, 0x41, 0x08, 0x41,
    0x08, 0x41, 0x08, 0x41, 0x08, 0x41, 0x08, 0x41, 0x08, 0x41, 0x08, 0x41, 0x08, 0x41, 0x08, 0x41,
    0x08, 0x41, 0x08, 0x41, 0x08, 0x41, 0x08, 0x41, 0x08, 0x41, 0x08, 0x41, 0x08, 0x41, 0x08, 0x41,
    0xef, 0x5c, 0x10, 0x82, 0x10, 0x82, 0x10, 0x82, 0x10, 0x82, 0x10, 0x82, 0x10, 0x82, 0x10, 0x82,
    0x10, 0x82, 0x10, 0x82, 0x10, 0x82, 0x10, 0x82, 0x10, 0x82, 0x10, 0x82, 0x10, 0x82, 0x10, 0x82,
    0x10, 0x82, 0x10, 0x82, 0x10, 0x82, 0x10, 0x82, 0x10, 0x82, 0x10, 0x82, 0x10, 0x82, 0x10, 0x82,
    0x10, 0x82, 0x10, 0x82, 0x10, 0x82, 0x10, 0x82, 0x10, 0x82, 0x10, 0x82, 0x10, 0x82, 0x10, 0x82,
    0x10, 0x82, 0x10, 0x82, 0x10, 0x82, 0x10, 0x82, 0x10, 0x82, 0x10, 0x82, 0x10, 0x82, 0x10, 0x82,
    0x10, 0x82, 0x10, 0x82, 0x10, 0x82, 0x10, 0x82, 0x10, 0x82, 0x10, 0x82, 0x10, 0x82, 0x10, 0x82,
    0x10, 0x82, 0x10, 0x82, 0x10, 0x82, 0x10, 0x82, 0x10, 0x82, 0x10, 0x82, 0x10, 0x82, 0x10, 0x82,
    0x10, 0x82, 0x10, 0x82, 0x10, 0x82, 0x10, 0x82, 0x10, 0x82, 0x10, 0x82, 0x10, 0x82, 0x10, 0x82,
    0x10, 0x82, 0x10, 0x82, 0x10, 0x82, 0x10, 0x82, 0x10, 0x82, 0x10, 0x82, 0x10, 0x82, 0x10, 0x82,
    0x10, 0x82, 0x10, 0x82, 0x10, 0x82, 0x10, 0x82, 0x10, 0x82, 0x10, 0x82, 0x10, 0x82, 0x10, 0x82,
    0x10, 0x82, 0x10, 0x82, 0x10, 0x82, 0x10, 0x82, 0x10, 0x82, 0x10, 0x82, 0x10, 0x82, 0x10, 0x82,
    0x10, 0x82, 0x10, 0x82, 0x10, 0x82, 0x10, 0x82, 0x10, 0x82, 0x10, 0x82, 0x10, 0x82, 0x10, 0x82,
    0x10, 0x82, 0x10, 0x82, 0x10, 0x82, 0x10, 0x82, 0x10, 0x82, 0x10, 0x82, 0x10, 0x82, 0x10, 0x82,
    0x10, 0x82, 0x10, 0x82, 0x10, 0x82, 0x10, 0x82, 0x10, 0x82, 0x10, 0x82, 0x10, 0x82, 0x10, 0x82,
    0x10, 0x82, 0x10, 0x82, 0x10, 0x82, 0x10, 0x82, 0x10, 0x82, 0x10, 0x82, 0x10, 0x82, 0x10, 0x82,
    0x10, 0x82, 0x10, 0x82, 0x10, 0x82, 0x10, 0x82, 0x10, 0x82, 0x10, 0x82, 0x10, 0x82, 0x10, 0x82,
    0x10, 0x82, 0x10, 0x82, 0x10, 0x82, 0x10, 0x82, 0x10, 0x82, 0x10, 0x82, 0x10, 0x82, 0x10, 0x82,
    0x10, 0x82, 0x10, 0x82, 0x10, 0x82, 0x10, 0x82, 0x10, 0x82, 0x10, 0x82, 0x10, 0x82, 0x10, 0x82,
    0x10, 0x82, 0x10, 0x82, 0x10, 0x82, 0x10, 0x82, 0x10, 0x82, 0x10, 0x82, 0x10, 0x82, 0x10, 0x82,
    0x10, 0x82, 0x10, 0x82, 0x10, 0x82, 0x10, 0x82, 0x10, 0x82, 0x10, 0x82, 0x10, 0x82, 0x10, 0x82,
    0x10, 0x82, 0x10, 0x82, 0x10, 0x82, 0x10, 0x82, 0x10, 0x82, 0x10, 0x82, 0x10, 0x82, 0x10, 0x82,
    0x10, 0x82, 0x10, 0x82, 0x10, 0x82, 0x10, 0x82, 0x10, 0x82, 0x10, 0x82, 0x10, 0x82, 0x10, 0x82,
    0x10, 0x82, 0x10, 0x82, 0x10, 0x82, 0x10, 0x82, 0x10, 0x82, 0x10, 0x82, 0x10, 0x82, 0x10, 0x82,
    0x10, 0x82, 0x10, 0x82, 0x10, 0x82, 0x10, 0x82, 0x10, 0x82, 0x10, 0x82, 0x10, 0x82, 0x10, 0x82,
    0x10, 0x82, 0x10, 0x82, 0x10, 0x82, 0x10, 0x82, 0x10, 0x82, 0x10, 0x82, 0x10, 0x82, 0x10, 0x82,
    0x10, 0x82, 0x10, 0x82, 0x10, 0x82, 0x10, 0x82, 0x10, 0x82, 0x10, 0x82, 0x10, 0x82, 0xef, 0x5c,
    0x08, 0x41, 0x08, 0x41, 0x08, 0x41, 0x08, 0x41, 0x08, 0x41, 0x08, 0x41, 0x08, 0x41, 0x08, 0x41,
    0x08, 0x41, 0x08, 0x41, 0x08, 0x41, 0x08, 0x41, 0x08, 0x41, 0x08, 0x41, 0x08, 0x41, 0x08, 0x41,
    0x08, 0x41, 0x08, 0x41, 0x08, 0x41, 0x08, 0x41, 0x08, 0x41, 0x08, 0x41, 0x08, 0x41, 0x08, 0x41,
    0x08, 0x41, 0x08, 0x41, 0x08, 0x41, 0x08, 0x41, 0x08, 0x41, 0x08, 0x41, 0x08, 0x41, 0x08, 0x41,
    0xef, 0x5c, 0x10, 0x82, 0x10, 0x82, 0x10, 0x82, 0x10, 0x82, 0x10, 0x82, 0x10, 0x82, 0x10, 0x82,
    0x10, 0x82, 0x10, 0x82, 0x10, 0x82, 0x10, 0x82, 0x10, 0x82, 0x10, 0x82, 0x10, 0x82, 0x10, 0x82,
    0x10, 0x82, 0x10, 0x82, 0x10, 0x82, 0x10, 0x82, 0x10, 0x82, 0x10, 0x82, 0x10, 0x82, 0x10, 0x82,
    0x10, 0x82, 0x10, 0x82, 0x10, 0x82, 0x10, 0x82, 0x10, 0x82, 0x10, 0x82, 0x10, 0x82, 0x10, 0x82,
    0x10, 0x82, 0x10, 0x82, 0x10, 0x82, 0x10, 0x82, 0x10, 0x82, 0x10, 0x82, 0x10, 0x82, 0x10, 0x82,
    0x10, 0x82, 0x10, 0x82, 0x10, 0x82, 0x10, 0x82, 0x10, 0x82, 0x10, 0x82, 0x10, 0x82, 0x10, 0x82,
    0x10, 0x82, 0x10, 0x82, 0x10, 0x82, 0x10, 0x82, 0x10, 0x82, 0x10, 0x82, 0x10, 0x82, 0x10, 0x82,
    0x10, 0x82, 0x10, 0x82, 0x10, 0x82, 0x10, 0x82, 0x10, 0x82, 0x10, 0x82, 0x10, 0x82, 0x10, 0x82,
    0x10, 0x82, 0x10, 0x82, 0x10, 0x82, 0x10, 0x82, 0x10, 0x82, 0x10, 0x82, 0x10, 0x82, 0x10, 0x82,
    0x10, 0x82, 0x10, 0x82, 0x10, 0x82, 0x10, 0x82, 0x10, 0x82, 0x10, 0x82, 0x10, 0x82, 0x10, 0x82,
    0x10, 0x82, 0x10, 0x82, 0x10, 0x82, 0x10, 0x82, 0x10, 0x82, 0x10, 0x82, 0x10, 0x82, 0x10, 0x82,
    0x10, 0x82, 0x10, 0x82, 0x10, 0x82, 0x10, 0x82, 0x10, 0x82, 0x10, 0x82, 0x10, 0x82, 0x10, 0x82,
    0x10, 0x82, 0x10, 0x82, 0x10, 0x82, 0x10, 0x82, 0x10, 0x82, 0x10, 0x82, 0x10, 0x82, 0x10, 0x82,
    0x10, 0x82, 0x10, 0x82, 0x10, 0x82, 0x10, 0x82, 0x10, 0x82, 0x10, 0x82, 0x10, 0x82, 0x10, 0x82,
    0x10, 0x82, 0x10, 0x82, 0x10, 0x82, 0x10, 0x82, 0x10, 0x82, 0x10, 0x82, 0x10, 0x82, 0x10, 0x82,
    0x10, 0x82, 0x10, 0x82, 0x10, 0x82, 0x10, 0x82, 0x10, 0x82, 0x10, 0x82, 0x10, 0x82, 0x10, 0x82,
    0x10, 0x82, 0x10, 0x82, 0x10, 0x82, 0x10, 0x82, 0x10, 0x82, 0x10, 0x82, 0x10, 0x82, 0x10, 0x82,
    0x10, 0x82, 0x10, 0x82, 0x10, 0x82, 0x10, 0x82, 0x10, 0x82, 0x10, 0x82, 0x10, 0x82, 0x10, 0x82,
    0x10, 0x82, 0x10, 0x82, 0x10, 0x82, 0x10, 0x82, 0x10, 0x82, 0x10, 0x82, 0x10, 0x82, 0x10, 0x82,
    0x10, 0x82, 0x10, 0x82, 0x10, 0x82, 0x10, 0x82, 0x10, 0x82, 0x10, 0x82, 0x10, 0x82, 0x10, 0x82,
    0x10, 0x82, 0x10, 0x82, 0x10, 0x82, 0x10, 0x82, 0x10, 0x82, 0x10, 0x82, 0x10, 0x82, 0x10, 0x82,
    0x10, 0x82, 0x10, 0x82, 0x10, 0x82, 0x10, 0x82, 0x10, 0x82, 0x10, 0x82, 0x10, 0x82, 0x10, 0x82,
    0x10, 0x82, 0x10, 0x82, 0x10, 0x82, 0x10, 0x82, 0x10, 0x82, 0x10, 0x82, 0x10, 0x82, 0x10, 0x82,
    0x10, 0x82, 0x10, 0x82, 0x10, 0x82, 0x10, 0x82, 0x10, 0x82, 0x10, 0x82, 0x10, 0x82, 0x10, 0x82,
    0x10, 0x82, 0x10, 0x82, 0x10, 0x82, 0x10, 0x82, 0x10, 0x82, 0x10, 0x82, 0x10, 0x82, 0x10, 0x82,
    0x10, 0x82, 0x10, 0x82, 0x10, 0x82, 0x10, 0x82, 0x10, 0x82, 0x10, 0x82, 0x10, 0x82, 0xef, 0x5c,
    0x08, 0x41, 0x08, 0x41, 0x08, 0x41, 0x08, 0x41, 0x08, 0x41, 0x08, 0x41, 0x08, 0x41, 0x08, 0x41,
    0x08, 0x41, 0x08, 0x41, 0x08, 0x41, 0x08, 0x41, 0x08, 0x41, 0x08, 0x41, 0x08, 0x41, 0x08, 0x41,
    0x08, 0x41, 0x08, 0x41, 0x08, 0x41, 0x08, 0x41, 0x08, 0x41, 0x08, 0x41, 0x08, 0x41, 0x08, 0x41,
    0x08, 0x41, 0x08, 0x41, 0x08, 0x41, 0x08, 0x41, 0x08, 0x41, 0x08, 0x41, 0x08, 0x41, 0x08, 0x41,
    0xef, 0x5c, 0x10, 0x82, 0x10, 0x82, 0x10, 0x82, 0x10, 0x82, 0x10, 0x82, 0x10, 0x82, 0x10, 0x82,
    0x10, 0x82, 0x10, 0x82, 0x10, 0x82, 0x10, 0x82, 0x10, 0x82, 0x10, 0x82, 0x10, 0x82, 0x10, 0x82,
    0x10, 0x82, 0x10, 0x82, 0x10, 0x82, 0x10, 0x82, 0x10, 0x82, 0x10, 0x82, 0x10, 0x82, 0x10, 0x82,
    0x10, 0x82, 0x10, 0x82, 0x10, 0x82, 0x10, 0x82, 0x10, 0x82, 0x10, 0x82, 0x10, 0x82, 0x10, 0x82,
    0x10, 0x82, 0x10, 0x82, 0x10, 0x82, 0x10, 0x82, 0x10, 0x82, 0x10, 0x82, 0x10, 0x82, 0x10, 0x82,
    0x10, 0x82, 0x10, 0x82, 0x10, 0x82, 0x10, 0x82, 0x10, 0x82, 0x10, 0x82, 0x10, 0x82, 0x10, 0x82,
    0x10, 0x82, 0x10, 0x82, 0x10, 0x82, 0x10, 0x82, 0x10, 0x82, 0x10, 0x82, 0x10, 0x82, 0x10, 0x82,
    0x10, 0x82, 0x10, 0x82, 0x10, 0x82, 0x10, 0x82, 0x10, 0x82, 0x10, 0x82, 0x10, 0x82, 0x10, 0x82,
    0x10, 0x82, 0x10, 0x82, 0x10, 0x82, 0x10, 0x82, 0x10, 0x82, 0x10, 0x82, 0x10, 0x82, 0x10, 0x82,
    0x10, 0x82, 0x10, 0x82, 0x10, 0x82, 0x10, 0x82, 0x10, 0x82, 0x10, 0x82, 0x10, 0x82, 0x10, 0x82,
    0x10, 0x82, 0x10, 0x82, 0x10, 0x82, 0x10, 0x82, 0x10, 0x82, 0x10, 0x82, 0x10, 0x82, 0x10, 0x82,
    0x10, 0x82, 0x10, 0x82, 0x10, 0x82, 0x10, 0x82, 0x10, 0x82, 0x10, 0x82, 0x10, 0x82, 0x10, 0x82,
    0x10, 0x82, 0x10, 0x82, 0x10, 0x82, 0x10, 0x82, 0x10, 0x82, 0x10, 0x82, 0x10, 0x82, 0x10, 0x82,
    0x10, 0x82, 0x10, 0x82, 0x10, 0x82, 0x10, 0x82, 0x10, 0x82, 0x10, 0x82, 0x10, 0x82, 0x10, 0x82,
    0x10, 0x82, 0x10, 0x82, 0x10, 0x82, 0x10, 0x82, 0x10, 0x82, 0x10, 0x82, 0x10, 0x82, 0x10, 0x82,
    0x10, 0x82, 0x10, 0x82, 0x10, 0x82, 0x10, 0x82, 0x10, 0x82, 0x10, 0x82, 0x10, 0x82, 0x10, 0x82,
    0x10, 0x82, 0x10, 0x82, 0x10, 0x82, 0x10, 0x82, 0x10, 0x82, 0x10, 0x82, 0x10, 0x82, 0x10, 0x82,
    0x10, 0x82, 0x10, 0x82, 0x10, 0x82, 0x10, 0x82, 0x10, 0x82, 0x10, 0x82, 0x10, 0x82, 0x10, 0x82,
    0x10, 0x82, 0x10, 0x82, 0x10, 0x82, 0x10, 0x82, 0x10, 0x82, 0x10, 0x82, 0x10, 0x82, 0x10, 0x82,
    0x10, 0x82, 0x10, 0x82, 0x10, 0x82, 0x10, 0x82, 0x10, 0x82, 0x10, 0x82, 0x10, 0x82, 0x10, 0x82,
    0x10, 0x82, 0x10, 0x82, 0x10, 0x82, 0x10, 0x82, 0x10, 0x82, 0x10, 0x82, 0x10, 0x82, 0x10, 0x82,
    0x10, 0x82, 0x10, 0x82, 0x10, 0x82, 0x10, 0x82, 0x10, 0x82, 0x10, 0x82, 0x10, 0x82, 0x10, 0x82,
    0x10, 0x82, 0x10, 0x82, 0x10, 0x82, 0x10, 0x82, 0x10, 0x82, 0x10, 0x82, 0x10, 0x82, 0x10, 0x82,
    0x10, 0x82, 0x10, 0x82, 0x10, 0x82, 0x10, 0x82, 0x10, 0x82, 0x10, 0x82, 0x10, 0x82, 0x10, 0x82,
    0x10, 0x82, 0x10, 0x82, 0x10, 0x82, 0x10, 0x82, 0x10, 0x82, 0x10, 0x82, 0x10, 0x82, 0x10, 0x82,
    0x10, 0x82, 0x10, 0x82, 0x10, 0x82, 0x10, 0x82, 0x10, 0x82, 0x10, 0x82, 0x10, 0x82, 0xef, 0x5c,
    0x08, 0x41, 0x08, 0x41, 0x08, 0x41, 0x08, 0x41, 0x08, 0x41, 0x08, 0x41, 0x08, 0x41, 0x08, 0x41,
    0x08, 0x41, 0x08, 0x41, 0x08, 0x41, 0x08, 0x41, 0x08, 0x41, 0x08, 0x41, 0x08, 0x41, 0x08, 0x41,
    0x08, 0x41, 0x08, 0x41, 0x08, 0x41, 0x08, 0x41, 0x08, 0x41, 0x08, 0x41, 0x08, 0x41, 0x08, 0x41,
    0x08, 0x41, 0x08, 0x41, 0x08, 0x41, 0x08, 0x41, 0x08, 0x41, 0x08, 0x41, 0x08, 0x41, 0x08, 0x41,
    0xef, 0x5c, 0x10, 0x82, 0x10, 0x82, 0x10, 0x82, 0x10, 0x82, 0x10, 0x82, 0x10, 0x82, 0x10, 0x82,
    0x10, 0x82, 0x10, 0x82, 0x10, 0x82, 0x10, 0x82, 0x10, 0x82, 0x10, 0x82, 0x10, 0x82, 0x10, 0x82,
    0x10, 0x82, 0x10, 0x82, 0x10, 0x82, 0x10, 0x82, 0x10, 0x82, 0x10, 0x82, 0x10, 0x82, 0x10, 0x82,
    0x10, 0x82, 0x10, 0x82, 0x10, 0x82, 0x10, 0x82, 0x10, 0x82, 0x10, 0x82, 0x10, 0x82, 0x10, 0x82,
    0x10, 0x82, 0x10, 0x82, 0x10, 0x82, 0x10, 0x82, 0x10, 0x82, 0x10, 0x82, 0x10, 0x82, 0x10, 0x82,
    0x10, 0x82, 0x10, 0x82, 0x10, 0x82, 0x10, 0x82, 0x10, 0x82, 0x10, 0x82, 0x10, 0x82, 0x10, 0x82,
    0x10, 0x82, 0x10, 0x82, 0x10, 0x82, 0x10, 0x82, 0x10, 0x82, 0x10, 0x82, 0x10, 0x82, 0x10, 0x82,
    0x10, 0x82, 0x10, 0x82, 0x10, 0x82, 0x10, 0x82, 0x10, 0x82, 0x10, 0x82, 0x10, 0x82, 0x10, 0x82,
    0x10, 0x82, 0x10, 0x82, 0x10, 0x82, 0x10, 0x82, 0x10, 0x82, 0x10, 0x82, 0x10, 0x82, 0x10, 0x82,
    0x10, 0x82, 0x10, 0x82, 0x10, 0x82, 0x10, 0x82, 0x10, 0x82, 0x10, 0x82, 0x10, 0x82, 0x10, 0x82,
    0x10, 0x82, 0x10, 0x82, 0x10, 0x82, 0x10, 0x82, 0x10, 0x82, 0x10, 0x82, 0x10, 0x82, 0x10, 0x82,
    0x10, 0x82, 0x10, 0x82, 0x10, 0x82, 0x10, 0x82, 0x10, 0x82, 0x10, 0x82, 0x10, 0x82, 0x10, 0x82,
    0x10, 0x82, 0x10, 0x82, 0x10, 0x82, 0x10, 0x82, 0x10, 0x82, 0x10, 0x82, 0x10, 0x82, 0x10, 0x82,
    0x10, 0x82, 0x10, 0x82, 0x10, 0x82, 0x10, 0x82, 0x10, 0x82, 0x10, 0x82, 0x10, 0x82, 0x10, 0x82,
    0x10, 0x82, 0x10, 0x82, 0x10, 0x82, 0x10, 0x82, 0x10, 0x82, 0x10, 0x82, 0x10, 0x82, 0x10, 0x82,
    0x10, 0x82, 0x10, 0x82, 0x10, 0x82, 0x10, 0x82, 0x10, 0x82, 0x10, 0x82, 0x10, 0x82, 0x10, 0x82,
    0x10, 0x82, 0x10, 0x82, 0x10, 0x82, 0x10, 0x82, 0x10, 0x82, 0x10, 0x82, 0x10, 0x82, 0x10, 0x82,
    0x10, 0x82, 0x10, 0x82, 0x10, 0x82, 0x10, 0x82, 0x10, 0x82, 0x10, 0x82, 0x10, 0x82, 0x10, 0x82,
    0x10, 0x82, 0x10, 0x82, 0x10, 0x82, 0x10, 0x82, 0x10, 0x82, 0x10, 0x82, 0x10, 0x82, 0x10, 0x82,
    0x10, 0x82, 0x10, 0x82, 0x10, 0x82, 0x10, 0x82, 0x10, 0x82, 0x10, 0x82, 0x10, 0x82, 0x10, 0x82,
    0x10, 0x82, 0x10, 0x82, 0x10, 0x82, 0x10, 0x82, 0x10, 0x82, 0x10, 0x82, 0x10, 0x82, 0x10, 0x82,
    0x10, 0x82, 0x10, 0x82, 0x10, 0x82, 0x10, 0x82, 0x10, 0x82, 0x10, 0x82, 0x10, 0x82, 0x10, 0x82,
    0x10, 0x82, 0x10, 0x82, 0x10, 0x82, 0x10, 0x82, 0x10, 0x82, 0x10, 0x82, 0x10, 0x82, 0x10, 0x82,
    0x10, 0x82, 0x10, 0x82, 0x10, 0x82, 0x10, 0x82, 0x10, 0x82, 0x10, 0x82, 0x10, 0x82, 0x10, 0x82,
    0x10, 0x82, 0x10, 0x82, 0x10, 0x82, 0x10, 0x82, 0x10, 0x82, 0x10, 0x82, 0x10, 0x82, 0x10, 0x82,
    0x10, 0x82, 0x10, 0x82, 0x10, 0x82, 0x10, 0x82, 0x10, 0x82, 0x10, 0x82, 0x10, 0x82, 0xef, 0x5c,
    0x08, 0x41, 0x08, 0x41, 0x08, 0x41, 0x08, 0x41, 0x08, 0x41, 0x08, 0x41, 0x08, 0x41, 0x08, 0x41,
    0x08, 0x41, 0x08, 0x41, 0x08, 0x41, 0x08, 0x41, 0x08, 0x41, 0x08, 0x41, 0x08, 0x41, 0x08, 0x41,
    0x08, 0x41, 0x08, 0x41, 0x08, 0x41, 0x08, 0x41, 0x08, 0x41, 0x08, 0x41, 0x08, 0x41, 0x08, 0x41,
    0x08, 0x41, 0x08, 0x41, 0x08, 0x41, 0x08, 0x41, 0x08, 0x41, 0x08, 0x41, 0x08, 0x41, 0x08, 0x41,
    0xef, 0x5c, 0x10, 0x82, 0x10, 0x82, 0x10, 0x82, 0x10, 0x82, 0x10, 0x82, 0x10, 0x82, 0x10, 0x82,
    0x10, 0x82, 0x10, 0x82, 0x10, 0x82, 0x10, 0x82, 0x10, 0x82, 0x10, 0x82, 0x10, 0x82, 0x10, 0x82,
    0x10, 0x82, 0x10, 0x82, 0x10, 0x82, 0x10, 0x82, 0x10, 0x82, 0x10, 0x82, 0x10, 0x82, 0x10, 0x82,
    0x10, 0x82, 0x10, 0x82, 0x10, 0x82, 0x10, 0x82, 0x10, 0x82, 0x10, 0x82, 0x10, 0x82, 0x10, 0x82,
    0x10, 0x82, 0x10, 0x82, 0x10, 0x82, 0x10, 0x82, 0x10, 0x82, 0x10, 0x82, 0x10, 0x82, 0x10, 0x82,
    0x10, 0x82, 0x10, 0x82, 0x10, 0x82, 0x10, 0x82, 0x10, 0x82, 0x10, 0x82, 0x10, 0x82, 0x10, 0x82,
    0x10, 0x82, 0x10, 0x82, 0x10, 0x82, 0x10, 0x82, 0x10, 0x82, 0x10, 0x82, 0x10, 0x82, 0x10, 0x82,
    0x10, 0x82, 0x10, 0x82, 0x10, 0x82, 0x10, 0x82, 0x10, 0x82, 0x10, 0x82, 0x10, 0x82, 0x10, 0x82,
    0x10, 0x82, 0x10, 0x82, 0x10, 0x82, 0x10, 0x82, 0x10, 0x82, 0x10, 0x82, 0x10, 0x82, 0x10, 0x82,
    0x10, 0x82, 0x10, 0x82, 0x10, 0x82, 0x10, 0x82, 0x10, 0x82, 0x10, 0x82, 0x10, 0x82, 0x10, 0x82,
    0x10, 0x82, 0x10, 0x82, 0x10, 0x82, 0x10, 0x82, 0x10, 0x82, 0x10, 0x82, 0x10, 0x82, 0x10, 0x82,
    0x10, 0x82, 0x10, 0x82, 0x10, 0x82, 0x10, 0x82, 0x10, 0x82, 0x10, 0x82, 0x10, 0x82, 0x10, 0x82,
    0x10, 0x82, 0x10, 0x82, 0x10, 0x82, 0x10, 0x82, 0x10, 0x82, 0x10, 0x82, 0x10, 0x82, 0x10, 0x82,
    0x10, 0x82, 0x10, 0x82, 0x10, 0x82, 0x10, 0x82, 0x10, 0x82, 0x10, 0x82, 0x10, 0x82, 0x10, 0x82,
    0x10, 0x82, 0x10, 0x82, 0x10, 0x82, 0x10, 0x82, 0x10, 0x82, 0x10, 0x82, 0x10, 0x82, 0x10, 0x82,
    0x10, 0x82, 0x10, 0x82, 0x10, 0x82, 0x10, 0x82, 0x10, 0x82, 0x10, 0x82, 0x10, 0x82, 0x10, 0x82,
    0x10, 0x82, 0x10, 0x82, 0x10, 0x82, 0x10, 0x82, 0x10, 0x82, 0x10, 0x82, 0x10, 0x82, 0x10, 0x82,
    0x10, 0x82, 0x10, 0x82, 0x10, 0x82, 0x10, 0x82, 0x10, 0x82, 0x10, 0x82, 0x10, 0x82, 0x10, 0x82,
    0x10, 0x82, 0x10, 0x82, 0x10, 0x82, 0x10, 0x82, 0x10, 0x82, 0x10, 0x82, 0x10, 0x82, 0x10, 0x82,
    0x10, 0x82, 0x10, 0x82, 0x10, 0x82, 0x10, 0x82, 0x10, 0x82, 0x10, 0x82, 0x10, 0x82, 0x10, 0x82,
    0x10, 0x82, 0x10, 0x82, 0x10, 0x82, 0x10, 0x82, 0x10, 0x82, 0x10, 0x82, 0x10, 0x82, 0x10, 0x82,
    0x10, 0x82, 0x10, 0x82, 0x10, 0x82, 0x10, 0x82, 0x10, 0x82, 0x10, 0x82, 0x10, 0x82, 0x10, 0x82,
    0x10, 0x82, 0x10, 0x82, 0x10, 0x82, 0x10, 0x82, 0x10, 0x82, 0x10, 0x82, 0x10, 0x82, 0x10, 0x82,
    0x10, 0x82, 0x10, 0x82, 0x10, 0x82, 0x10, 0x82, 0x10, 0x82, 0x10, 0x82, 0x10, 0x82, 0x10, 0x82,
    0x10, 0x82, 0x10, 0x82, 0x10, 0x82, 0x10, 0x82, 0x10, 0x82, 0x10, 0x82, 0x10, 0x82, 0x10, 0x82,
    0x10, 0x82, 0x10, 0x82, 0x10, 0x82, 0x10, 0x82, 0x10, 0x82, 0x10, 0x82, 0x10, 0x82, 0xef, 0x5c,
    0x08, 0x41, 0x08, 0x41, 0x08, 0x41, 0x08, 0x41, 0x08, 0x41, 0x08, 0x41, 0x08, 0x41, 0x08, 0x41,
    0x08, 0x41, 0x08, 0x41, 0x08, 0x41, 0x08, 0x41, 0x08, 0x41, 0x08, 0x41, 0x08, 0x41, 0x08, 0x41,
    0x08, 0x41, 0x08, 0x41, 0x08, 0x41, 0x08, 0x41, 0x08, 0x41, 0x08, 0x41, 0x08, 0x41, 0x08, 0x41,
    0x08, 0x41, 0x08, 0x41, 0x08, 0x41, 0x08, 0x41, 0x08, 0x41, 0x08, 0x41, 0x08, 0x41, 0x08, 0x41,
    0xef, 0x5c, 0x10, 0x82, 0x10, 0x82, 0x10, 0x82, 0x10, 0x82, 0x10, 0x82, 0x10, 0x82, 0x10, 0x82,
    0x10, 0x82, 0x10, 0x82, 0x10, 0x82, 0x10, 0x82, 0x10, 0x82, 0x10, 0x82, 0x10, 0x82, 0x10, 0x82,
    0x10, 0x82, 0x10, 0x82, 0x10, 0x82, 0x10, 0x82, 0x10, 0x82, 0x10, 0x82, 0x10, 0x82, 0x10, 0x82,
    0x10, 0x82, 0x10, 0x82, 0x10, 0x82, 0x10, 0x82, 0x10, 0x82, 0x10, 0x82, 0x10, 0x82, 0x10, 0x82,
    0x10, 0x82, 0x10, 0x82, 0x10, 0x82, 0x10, 0x82, 0x10, 0x82, 0x10, 0x82, 0x10, 0x82, 0x10, 0x82,
    0x10, 0x82, 0x10, 0x82, 0x10, 0x82, 0x10, 0x82, 0x10, 0x82, 0x10, 0x82, 0x10, 0x82, 0x10, 0x82,
    0x10, 0x82, 0x10, 0x82, 0x10, 0x82, 0x10, 0x82, 0x10, 0x82, 0x10, 0x82, 0x10, 0x82, 0x10, 0x82,
    0x10, 0x82, 0x10, 0x82, 0x10, 0x82, 0x10, 0x82, 0x10, 0x82, 0x10, 0x82, 0x10, 0x82, 0x10, 0x82,
    0x10, 0x82, 0x10, 0x82, 0x10, 0x82, 0x10, 0x82, 0x10, 0x82, 0x10, 0x82, 0x10, 0x82, 0x10, 0x82,
    0x10, 0x82, 0x10, 0x82, 0x10, 0x82, 0x10, 0x82, 0x10, 0x82, 0x10, 0x82, 0x10, 0x82, 0x10, 0x82,
    0x10, 0x82, 0x10, 0x82, 0x10, 0x82, 0x10, 0x82, 0x10, 0x82, 0x10, 0x82, 0x10, 0x82, 0x10, 0x82,
    0x10, 0x82, 0x10, 0x82, 0x10, 0x82, 0x10, 0x82, 0x10, 0x82, 0x10, 0x82, 0x10, 0x82, 0x10, 0x82,
    0x10, 0x82, 0x10, 0x82, 0x10, 0x82, 0x10, 0x82, 0x10, 0x82, 0x10, 0x82, 0x10, 0x82, 0x10, 0x82,
    0x10, 0x82, 0x10, 0x82, 0x10, 0x82, 0x10, 0x82, 0x10, 0x82, 0x10, 0x82, 0x10, 0x82, 0x10, 0x82,
    0x10, 0x82, 0x10, 0x82, 0x10, 0x82, 0x10, 0x82, 0x10, 0x82, 0x10, 0x82, 0x10, 0x82, 0x10, 0x82,
    0x10, 0x82, 0x10, 0x82, 0x10, 0x82, 0x10, 0x82, 0x10, 0x82, 0x10, 0x82, 0x10, 0x82, 0x10, 0x82,
    0x10, 0x82, 0x10, 0x82, 0x10, 0x82, 0x10, 0x82, 0x10, 0x82, 0x10, 0x82, 0x10, 0x82, 0x10, 0x82,
    0x10, 0x82, 0x10, 0x82, 0x10, 0x82, 0x10, 0x82, 0x10, 0x82, 0x10, 0x82, 0x10, 0x82, 0x10, 0x82,
    0x10, 0x82, 0x10, 0x82, 0x10, 0x82, 0x10, 0x82, 0x10, 0x82, 0x10, 0x82, 0x10, 0x82, 0x10, 0x82,
    0x10, 0x82, 0x10, 0x82, 0x10, 0x82, 0x10, 0x82, 0x10, 0x82, 0x10, 0x82, 0x10, 0x82, 0x10, 0x82,
    0x10, 0x82, 0x10, 0x82, 0x10, 0x82, 0x10, 0x82, 0x10, 0x82, 0x10, 0x82, 0x10, 0x82, 0x10, 0x82,
    0x10, 0x82, 0x10, 0x82, 0x10, 0x82, 0x10, 0x82, 0x10, 0x82, 0x10, 0x82, 0x10, 0x82, 0x10, 0x82,
    0x10, 0x82, 0x10, 0x82, 0x10, 0x82, 0x10, 0x82, 0x10, 0x82, 0x10, 0x82, 0x10, 0x82, 0x10, 0x82,
    0x10, 0x82, 0x10, 0x82, 0x10, 0x82, 0x10, 0x82, 0x10, 0x82, 0x10, 0x82, 0x10, 0x82, 0x10, 0x82,
    0x10, 0x82, 0x10, 0x82, 0x10, 0x82, 0x10, 0x82, 0x10, 0x82, 0x10, 0x82, 0x10, 0x82, 0x10, 0x82,
    0x10, 0x82, 0x10, 0x82, 0x10, 0x82, 0x10, 0x82, 0x10, 0x82, 0x10, 0x82, 0x10, 0x82, 0xef, 0x5c,
    0x08, 0x41, 0x08, 0x41, 0x08, 0x41, 0x08, 0x41, 0x08, 0x41, 0x08, 0x41, 0x08, 0x41, 0x08, 0x41,
    0x08, 0x41, 0x08, 0x41, 0x08, 0x41, 0x08, 0x41, 0x08, 0x41, 0x08, 0x41, 0x08, 0x41, 0x08, 0x41,
    0x08, 0x41, 0x08, 0x41, 0x08, 0x41, 0x08, 0x41, 0x08, 0x41, 0x08, 0x41, 0x08, 0x41, 0x08, 0x41,
    0x08, 0x41, 0x08, 0x41, 0x08, 0x41, 0x08, 0x41, 0x08, 0x41, 0x08, 0x41, 0x08, 0x41, 0x08, 0x41,
    0xef, 0x5c, 0x10, 0x82, 0x10, 0x82, 0x10, 0x82, 0x10, 0x82, 0x10, 0x82, 0x10, 0x82, 0x10, 0x82,
    0x10, 0x82, 0x10, 0x82, 0x10, 0x82, 0x10, 0x82, 0x10, 0x82, 0x10, 0x82, 0x10, 0x82, 0x10, 0x82,
    0x10, 0x82, 0x10, 0x82, 0x10, 0x82, 0x10, 0x82, 0x10, 0x82, 0x10, 0x82, 0x10, 0x82, 0x10, 0x82,
    0x10, 0x82, 0x10, 0x82, 0x10, 0x82, 0x10, 0x82, 0x10, 0x82, 0x10, 0x82, 0x10, 0x82, 0x10, 0x82,
    0x10, 0x82, 0x10, 0x82, 0x10, 0x82, 0x10, 0x82, 0x10, 0x82, 0x10, 0x82, 0x10, 0x82, 0x10, 0x82,
    0x10, 0x82, 0x10, 0x82, 0x10, 0x82, 0x10, 0x82, 0x10, 0x82, 0x10, 0x82, 0x10, 0x82, 0x10, 0x82,
    0x10, 0x82, 0x10, 0x82, 0x10, 0x82, 0x10, 0x82, 0x10, 0x82, 0x10, 0x82, 0x10, 0x82, 0x10, 0x82,
    0x10, 0x82, 0x10, 0x82, 0x10, 0x82, 0x10, 0x82, 0x10, 0x82, 0x10, 0x82, 0x10, 0x82, 0x10, 0x82,
    0x10, 0x82, 0x10, 0x82, 0x10, 0x82, 0x10, 0x82, 0x10, 0x82, 0x10, 0x82, 0x10, 0x82, 0x10, 0x82,
    0x10, 0x82, 0x10, 0x82, 0x10, 0x82, 0x10, 0x82, 0x10, 0x82, 0x10, 0x82, 0x10, 0x82, 0x10, 0x82,
    0x10, 0x82, 0x10, 0x82, 0x10, 0x82, 0x10, 0x82, 0x10, 0x82, 0x10, 0x82, 0x10, 0x82, 0x10, 0x82,
    0x10, 0x82, 0x10, 0x82, 0x10, 0x82, 0x10, 0x82, 0x10, 0x82, 0x10, 0x82, 0x10, 0x82, 0x10, 0x82,
    0x10, 0x82, 0x10, 0x82, 0x10, 0x82, 0x10, 0x82, 0x10, 0x82, 0x10, 0x82, 0x10, 0x82, 0x10, 0x82,
    0x10, 0x82, 0x10, 0x82, 0x10, 0x82, 0x10, 0x82, 0x10, 0x82, 0x10, 0x82, 0x10, 0x82, 0x10, 0x82,
    0x10, 0x82, 0x10, 0x82, 0x10, 0x82, 0x10, 0x82, 0x10, 0x82, 0x10, 0x82, 0x10, 0x82, 0x10, 0x82,
    0x10, 0x82, 0x10, 0x82, 0x10, 0x82, 0x10, 0x82, 0x10, 0x82, 0x10, 0x82, 0x10, 0x82, 0x10, 0x82,
    0x10, 0x82, 0x10, 0x82, 0x10, 0x82, 0x10, 0x82, 0x10, 0x82, 0x10, 0x82, 0x10, 0x82, 0x10, 0x82,
    0x10, 0x82, 0x10, 0x82, 0x10, 0x82, 0x10, 0x82, 0x10, 0x82, 0x10, 0x82, 0x10, 0x82, 0x10, 0x82,
    0x10, 0x82, 0x10, 0x82, 0x10, 0x82, 0x10, 0x82, 0x10, 0x82, 0x10, 0x82, 0x10, 0x82, 0x10, 0x82,
    0x10, 0x82, 0x10, 0x82, 0x10, 0x82, 0x10, 0x82, 0x10, 0x82, 0x10, 0x82, 0x10, 0x82, 0x10, 0x82,
    0x10, 0x82, 0x10, 0x82, 0x10, 0x82, 0x10, 0x82, 0x10, 0x82, 0x10, 0x82, 0x10, 0x82, 0x10, 0x82,
    0x10, 0x82, 0x10, 0x82, 0x10, 0x82, 0x10, 0x82, 0x10, 0x82, 0x10, 0x82, 0x10, 0x82, 0x10, 0x82,
    0x10, 0x82, 0x10, 0x82, 0x10, 0x82, 0x10, 0x82, 0x10, 0x82, 0x10, 0x82, 0x10, 0x82, 0x10, 0x82,
    0x10, 0x82, 0x10, 0x82, 0x10, 0x82, 0x10, 0x82, 0x10, 0x82, 0x10, 0x82, 0x10, 0x82, 0x10, 0x82,
    0x10, 0x82, 0x10, 0x82, 0x10, 0x82, 0x10, 0x82, 0x10, 0x82, 0x10, 0x82, 0x10, 0x82, 0x10, 0x82,
    0x10, 0x82, 0x10, 0x82, 0x10, 0x82, 0x10, 0x82, 0x10, 0x82, 0x10, 0x82, 0x10, 0x82, 0xef, 0x5c,
    0x08, 0x41, 0x08, 0x41, 0x08, 0x41, 0x08, 0x41, 0x08, 0x41, 0x08, 0x41, 0x08, 0x41, 0x08, 0x41,
    0x08, 0x41, 0x08, 0x41, 0x08, 0x41, 0x08, 0x41, 0x08, 0x41, 0x08, 0x41, 0x08, 0x41, 0x08, 0x41,
    0x08, 0x41, 0x08, 0x41, 0x08, 0x41, 0x08, 0x41, 0x08, 0x41, 0x08, 0x41, 0x08, 0x41, 0x08, 0x41,
    0x08, 0x41, 0x08, 0x41, 0x08, 0x41, 0x08, 0x41, 0x08, 0x41, 0x08, 0x41, 0x08, 0x41, 0x08, 0x41,
    0xef, 0x5c, 0x10, 0x82, 0x10, 0x82, 0x10, 0x82, 0x10, 0x82, 0x10, 0x82, 0x10, 0x82, 0x10, 0x82,
    0x10, 0x82, 0x10, 0x82, 0x10, 0x82, 0x10, 0x82, 0x10, 0x82, 0x10, 0x82, 0x10, 0x82, 0x10, 0x82,
    0x10, 0x82, 0x10, 0x82, 0x10, 0x82, 0x10, 0x82, 0x10, 0x82, 0x10, 0x82, 0x10, 0x82, 0x10, 0x82,
    0x10, 0x82, 0x10, 0x82, 0x10, 0x82, 0x10, 0x82, 0x10, 0x82, 0x10, 0x82, 0x10, 0x82, 0x10, 0x82,
    0x10, 0x82, 0x10, 0x82, 0x10, 0x82, 0x10, 0x82, 0x10, 0x82, 0x10, 0x82, 0x10, 0x82, 0x10, 0x82,
    0x10, 0x82, 0x10, 0x82, 0x10, 0x82, 0x10, 0x82, 0x10, 0x82, 0x10, 0x82, 0x10, 0x82, 0x10, 0x82,
    0x10, 0x82, 0x10, 0x82, 0x10, 0x82, 0x10, 0x82, 0x10, 0x82, 0x10, 0x82, 0x10, 0x82, 0x10, 0x82,
    0x10, 0x82, 0x10, 0x82, 0x10, 0x82, 0x10, 0x82, 0x10, 0x82, 0x10, 0x82, 0x10, 0x82, 0x10, 0x82,
    0x10, 0x82, 0x10, 0x82, 0x10, 0x82, 0x10, 0x82, 0x10, 0x82, 0x10, 0x82, 0x10, 0x82, 0x10, 0x82,
    0x10, 0x82, 0x10, 0x82, 0x10, 0x82, 0x10, 0x82, 0x10, 0x82, 0x10, 0x82, 0x10, 0x82, 0x10, 0x82,
    0x10, 0x82, 0x10, 0x82, 0x10, 0x82, 0x10, 0x82, 0x10, 0x82, 0x10, 0x82, 0x10, 0x82, 0x10, 0x82,
    0x10, 0x82, 0x10, 0x82, 0x10, 0x82, 0x10, 0x82, 0x10, 0x82, 0x10, 0x82, 0x10, 0x82, 0x10, 0x82,
    0x10, 0x82, 0x10, 0x82, 0x10, 0x82, 0x10, 0x82, 0x10, 0x82, 0x10, 0x82, 0x10, 0x82, 0x10, 0x82,
    0x10, 0x82, 0x10, 0x82, 0x10, 0x82, 0x10, 0x82, 0x10, 0x82, 0x10, 0x82, 0x10, 0x82, 0x10, 0x82,
    0x10, 0x82, 0x10, 0x82, 0x10, 0x82, 0x10, 0x82, 0x10, 0x82, 0x10, 0x82, 0x10, 0x82, 0x10, 0x82,
    0x10, 0x82, 0x10, 0x82, 0x10, 0x82, 0x10, 0x82, 0x10, 0x82, 0x10, 0x82, 0x10, 0x82, 0x10, 0x82,
    0x10, 0x82, 0x10, 0x82, 0x10, 0x82, 0x10, 0x82, 0x10, 0x82, 0x10, 0x82, 0x10, 0x82, 0x10, 0x82,
    0x10, 0x82, 0x10, 0x82, 0x10, 0x82, 0x10, 0x82, 0x10, 0x82, 0x10, 0x82, 0x10, 0x82, 0x10, 0x82,
    0x10, 0x82, 0x10, 0x82, 0x10, 0x82, 0x10, 0x82, 0x10, 0x82, 0x10, 0x82, 0x10, 0x82, 0x10, 0x82,
    0x10, 0x82, 0x10, 0x82, 0x10, 0x82, 0x10, 0x82, 0x10, 0x82, 0x10, 0x82, 0x10, 0x82, 0x10, 0x82,
    0x10, 0x82, 0x10, 0x82, 0x10, 0x82, 0x10, 0x82, 0x10, 0x82, 0x10, 0x82, 0x10, 0x82, 0x10, 0x82,
    0x10, 0x82, 0x10, 0x82, 0x10, 0x82, 0x10, 0x82, 0x10, 0x82, 0x10, 0x82, 0x10, 0x82, 0x10, 0x82,
    0x10, 0x82, 0x10, 0x82, 0x10, 0x82, 0x10, 0x82, 0x10, 0x82, 0x10, 0x82, 0x10, 0x82, 0x10, 0x82,
    0x10, 0x82, 0x10, 0x82, 0x10, 0x82, 0x10, 0x82, 0x10, 0x82, 0x10, 0x82, 0x10, 0x82, 0x10, 0x82,
    0x10, 0x82, 0x10, 0x82, 0x10, 0x82, 0x10, 0x82, 0x10, 0x82, 0x10, 0x82, 0x10, 0x82, 0x10, 0x82,
    0x10, 0x82, 0x10, 0x82, 0x10, 0x82, 0x10, 0x82, 0x10, 0x82, 0x10, 0x82, 0x10, 0x82, 0xef, 0x5c,
    0x08, 0x41, 0x08, 0x41, 0x08, 0x41, 0x08, 0x41, 0x08, 0x41, 0x08, 0x41, 0x08, 0x41, 0x08, 0x41,
    0x08, 0x41, 0x08, 0x41, 0x08, 0x41, 0x08, 0x41, 0x08, 0x41, 0x08, 0x41, 0x08, 0x41, 0x08, 0x41,
    0x08, 0x41, 0x08, 0x41, 0x08, 0x41, 0x08, 0x41, 0x08, 0x41, 0x08, 0x41, 0x08, 0x41, 0x08, 0x41,
    0x08, 0x41, 0x08, 0x41, 0x08, 0x41, 0x08, 0x41, 0x08, 0x41, 0x08, 0x41, 0x08, 0x41, 0x08, 0x41,
    0xef, 0x5c, 0x10, 0x82, 0x10, 0x82, 0x10, 0x82, 0x10, 0x82, 0x10, 0x82, 0x10, 0x82, 0x10, 0x82,
    0x10, 0x82, 0x10, 0x82, 0x10, 0x82, 0x10, 0x82, 0x10, 0x82, 0x10, 0x82, 0x10, 0x82, 0x10, 0x82,
    0x10, 0x82, 0x10, 0x82, 0x10, 0x82, 0x10, 0x82, 0x10, 0x82, 0x10, 0x82, 0x10, 0x82, 0x10, 0x82,
    0x10, 0x82, 0x10, 0x82, 0x10, 0x82, 0x10, 0x82, 0x10, 0x82, 0x10, 0x82, 0x10, 0x82, 0x10, 0x82,
    0x10, 0x82, 0x10, 0x82, 0x10, 0x82, 0x10, 0x82, 0x10, 0x82, 0x10, 0x82, 0x10, 0x82, 0x10, 0x82,
    0x10, 0x82, 0x10, 0x82, 0x10, 0x82, 0x10, 0x82, 0x10, 0x82, 0x10, 0x82, 0x10, 0x82, 0x10, 0x82,
    0x10, 0x82, 0x10, 0x82, 0x10, 0x82, 0x10, 0x82, 0x10, 0x82, 0x10, 0x82, 0x10, 0x82, 0x10, 0x82,
    0x10, 0x82, 0x10, 0x82, 0x10, 0x82, 0x10, 0x82, 0x10, 0x82, 0x10, 0x82, 0x10, 0x82, 0x10, 0x82,
    0x10, 0x82, 0x10, 0x82, 0x10, 0x82, 0x10, 0x82, 0x10, 0x82, 0x10, 0x82, 0x10, 0x82, 0x10, 0x82,
    0x10, 0x82, 0x10, 0x82, 0x10, 0x82, 0x10, 0x82, 0x10, 0x82, 0x10, 0x82, 0x10, 0x82, 0x10, 0x82,
    0x10, 0x82, 0x10, 0x82, 0x10, 0x82, 0x10, 0x82, 0x10, 0x82, 0x10, 0x82, 0x10, 0x82, 0x10, 0x82,
    0x10, 0x82, 0x10, 0x82, 0x10, 0x82, 0x10, 0x82, 0x10, 0x82, 0x10, 0x82, 0x10, 0x82, 0x10, 0x82,
    0x10, 0x82, 0x10, 0x82, 0x10, 0x82, 0x10, 0x82, 0x10, 0x82, 0x10, 0x82, 0x10, 0x82, 0x10, 0x82,
    0x10, 0x82, 0x10, 0x82, 0x10, 0x82, 0x10, 0x82, 0x10, 0x82, 0x10, 0x82, 0x10, 0x82, 0x10, 0x82,
    0x10, 0x82, 0x10, 0x82, 0x10, 0x82, 0x10, 0x82, 0x10, 0x82, 0x10, 0x82, 0x10, 0x82, 0x10, 0x82,
    0x10, 0x82, 0x10, 0x82, 0x10, 0x82, 0x10, 0x82, 0x10, 0x82, 0x10, 0x82, 0x10, 0x82, 0x10, 0x82,
    0x10, 0x82, 0x10, 0x82, 0x10, 0x82, 0x10, 0x82, 0x10, 0x82, 0x10, 0x82, 0x10, 0x82, 0x10, 0x82,
    0x10, 0x82, 0x10, 0x82, 0x10, 0x82, 0x10, 0x82, 0x10, 0x82, 0x10, 0x82, 0x10, 0x82, 0x10, 0x82,
    0x10, 0x82, 0x10, 0x82, 0x10, 0x82, 0x10, 0x82, 0x10, 0x82, 0x10, 0x82, 0x10, 0x82, 0x10, 0x82,
    0x10, 0x82, 0x10, 0x82, 0x10, 0x82, 0x10, 0x82, 0x10, 0x82, 0x10, 0x82, 0x10, 0x82, 0x10, 0x82,
    0x10, 0x82, 0x10, 0x82, 0x10, 0x82, 0x10, 0x82, 0x10, 0x82, 0x10, 0x82, 0x10, 0x82, 0x10, 0x82,
    0x10, 0x82, 0x10, 0x82, 0x10, 0x82, 0x10, 0x82, 0x10, 0x82, 0x10, 0x82, 0x10, 0x82, 0x10, 0x82,
    0x10, 0x82, 0x10, 0x82, 0x10, 0x82, 0x10, 0x82, 0x10, 0x82, 0x10, 0x82, 0x10, 0x82, 0x10, 0x82,
    0x10, 0x82, 0x10, 0x82, 0x10, 0x82, 0x10, 0x82, 0x10, 0x82, 0x10, 0x82, 0x10, 0x82, 0x10, 0x82,
    0x10, 0x82, 0x10, 0x82, 0x10, 0x82, 0x10, 0x82, 0x10, 0x82, 0x10, 0x82, 0x10, 0x82, 0x10, 0x82,
    0x10, 0x82, 0x10, 0x82, 0x10, 0x82, 0x10, 0x82, 0x10, 0x82, 0x10, 0x82, 0x10, 0x82, 0xef, 0x5c,
    0x08, 0x41, 0x08, 0x41, 0x08, 0x41, 0x08, 0x41, 0x08, 0x41, 0x08, 0x41, 0x08, 0x41, 0x08, 0x41,
    0x08, 0x41, 0x08, 0x41, 0x08, 0x41, 0x08, 0x41, 0x08, 0x41, 0x08, 0x41, 0x08, 0x41, 0x08, 0x41,
    0x08, 0x41, 0x08, 0x41, 0x08, 0x41, 0x08, 0x41, 0x08, 0x41, 0x08, 0x41, 0x08, 0x41, 0x08, 0x41,
    0x08, 0x41, 0x08, 0x41, 0x08, 0x41, 0x08, 0x41, 0x08, 0x41, 0x08, 0x41, 0x08, 0x41, 0x08, 0x41,
    0xef, 0x5c, 0x10, 0x82, 0x10, 0x82, 0x10, 0x82, 0x10, 0x82, 0x10, 0x82, 0x10, 0x82, 0x10, 0x82,
    0x10, 0x82, 0x10, 0x82, 0x10, 0x82, 0x10, 0x82, 0x10, 0x82, 0x10, 0x82, 0x10, 0x82, 0x10, 0x82,
    0x10, 0x82, 0x10, 0x82, 0x10, 0x82, 0x10, 0x82, 0x10, 0x82, 0x10, 0x82, 0x10, 0x82, 0x10, 0x82,
    0x10, 0x82, 0x10, 0x82, 0x10, 0x82, 0x10, 0x82, 0x10, 0x82, 0x10, 0x82, 0x10, 0x82, 0x10, 0x82,
    0x10, 0x82, 0x10, 0x82, 0x10, 0x82, 0x10, 0x82, 0x10, 0x82, 0x10, 0x82, 0x10, 0x82, 0x10, 0x82,
    0x10, 0x82, 0x10, 0x82, 0x10, 0x82, 0x10, 0x82, 0x10, 0x82, 0x10, 0x82, 0x10, 0x82, 0x10, 0x82,
    0x10, 0x82, 0x10, 0x82, 0x10, 0x82, 0x10, 0x82, 0x10, 0x82, 0x10, 0x82, 0x10, 0x82, 0x10, 0x82,
    0x10, 0x82, 0x10, 0x82, 0x10, 0x82, 0x10, 0x82, 0x10, 0x82, 0x10, 0x82, 0x10, 0x82, 0x10, 0x82,
    0x10, 0x82, 0x10, 0x82, 0x10, 0x82, 0x10, 0x82, 0x10, 0x82, 0x10, 0x82, 0x10, 0x82, 0x10, 0x82,
    0x10, 0x82, 0x10, 0x82, 0x10, 0x82, 0x10, 0x82, 0x10, 0x82, 0x10, 0x82, 0x10, 0x82, 0x10, 0x82,
    0x10, 0x82, 0x10, 0x82, 0x10, 0x82, 0x10, 0x82, 0x10, 0x82, 0x10, 0x82, 0x10, 0x82, 0x10, 0x82,
    0x10, 0x82, 0x10, 0x82, 0x10, 0x82, 0x10, 0x82, 0x10, 0x82, 0x10, 0x82, 0x10, 0x82, 0x10, 0x82,
    0x10, 0x82, 0x10, 0x82, 0x10, 0x82, 0x10, 0x82, 0x10, 0x82, 0x10, 0x82, 0x10, 0x82, 0x10, 0x82,
    0x10, 0x82, 0x10, 0x82, 0x10, 0x82, 0x10, 0x82, 0x10, 0x82, 0x10, 0x82, 0x10, 0x82, 0x10, 0x82,
    0x10, 0x82, 0x10, 0x82, 0x10, 0x82, 0x10, 0x82, 0x10, 0x82, 0x10, 0x82, 0x10, 0x82, 0x10, 0x82,
    0x10, 0x82, 0x10, 0x82, 0x10, 0x82, 0x10, 0x82, 0x10, 0x82, 0x10, 0x82, 0x10, 0x82, 0x10, 0x82,
    0x10, 0x82, 0x10, 0x82, 0x10, 0x82, 0x10, 0x82, 0x10, 0x82, 0x10, 0x82, 0x10, 0x82, 0x10, 0x82,
    0x10, 0x82, 0x10, 0x82, 0x10, 0x82, 0x10, 0x82, 0x10, 0x82, 0x10, 0x82, 0x10, 0x82, 0x10, 0x82,
    0x10, 0x82, 0x10, 0x82, 0x10, 0x82, 0x10, 0x82, 0x10, 0x82, 0x10, 0x82, 0x10, 0x82, 0x10, 0x82,
    0x10, 0x82, 0x10, 0x82, 0x10, 0x82, 0x10, 0x82, 0x10, 0x82, 0x10, 0x82, 0x10, 0x82, 0x10, 0x82,
    0x10, 0x82, 0x10, 0x82, 0x10, 0x82, 0x10, 0x82, 0x10, 0x82, 0x10, 0x82, 0x10, 0x82, 0x10, 0x82,
    0x10, 0x82, 0x10, 0x82, 0x10, 0x82, 0x10, 0x82, 0x10, 0x82, 0x10, 0x82, 0x10, 0x82, 0x10, 0x82,
    0x10, 0x82, 0x10, 0x82, 0x10, 0x82, 0x10, 0x82, 0x10, 0x82, 0x10, 0x82, 0x10, 0x82, 0x10, 0x82,
    0x10, 0x82, 0x10, 0x82, 0x10, 0x82, 0x10, 0x82, 0x10, 0x82, 0x10, 0x82, 0x10, 0x82, 0x10, 0x82,
    0x10, 0x82, 0x10, 0x82, 0x10, 0x82, 0x10, 0x82, 0x10, 0x82, 0x10, 0x82, 0x10, 0x82, 0x10, 0x82,
    0x10, 0x82, 0x10, 0x82, 0x10, 0x82, 0x10, 0x82, 0x10, 0x82, 0x10, 0x82, 0x10, 0x82, 0xef, 0x5c,
    0x08, 0x41, 0x08, 0x41, 0x08, 0x41, 0x08, 0x41, 0x08, 0x41, 0x08, 0x41, 0x08, 0x41, 0x08, 0x41,
    0x08, 0x41, 0x08, 0x41, 0x08, 0x41, 0x08, 0x41, 0x08, 0x41, 0x08, 0x41, 0x08, 0x41, 0x08, 0x41,
    0x08, 0x41, 0x08, 0x41, 0x08, 0x41, 0x08, 0x41, 0x08, 0x41, 0x08, 0x41, 0x08, 0x41, 0x08, 0x41,
    0x08, 0x41, 0x08, 0x41, 0x08, 0x41, 0x08, 0x41, 0x08, 0x41, 0x08, 0x41, 0x08, 0x41, 0x08, 0x41,
    0xef, 0x5c, 0x10, 0x82, 0x10, 0x82, 0x10, 0x82, 0x10, 0x82, 0x10, 0x82, 0x10, 0x82, 0x10, 0x82,
    0x10, 0x82, 0x10, 0x82, 0x10, 0x82, 0x10, 0x82, 0x10, 0x82, 0x10, 0x82, 0x10, 0x82, 0x10, 0x82,
    0x10, 0x82, 0x10, 0x82, 0x10, 0x82, 0x10, 0x82, 0x10, 0x82, 0x10, 0x82, 0x10, 0x82, 0x10, 0x82,
    0x10, 0x82, 0x10, 0x82, 0x10, 0x82, 0x10, 0x82, 0x10, 0x82, 0x10, 0x82, 0x10, 0x82, 0x10, 0x82,
    0x10, 0x82, 0x10, 0x82, 0x10, 0x82, 0x10, 0x82, 0x10, 0x82, 0x10, 0x82, 0x10, 0x82, 0x10, 0x82,
    0x10, 0x82, 0x10, 0x82, 0x10, 0x82, 0x10, 0x82, 0x10, 0x82, 0x10, 0x82, 0x10, 0x82, 0x10, 0x82,
    0x10, 0x82, 0x10, 0x82, 0x10, 0x82, 0x10, 0x82, 0x10, 0x82, 0x10, 0x82, 0x10, 0x82, 0x10, 0x82,
    0x10, 0x82, 0x10, 0x82, 0x10, 0x82, 0x10, 0x82, 0x10, 0x82, 0x10, 0x82, 0x10, 0x82, 0x10, 0x82,
    0x10, 0x82, 0x10, 0x82, 0x10, 0x82, 0x10, 0x82, 0x10, 0x82, 0x10, 0x82, 0x10, 0x82, 0x10, 0x82,
    0x10, 0x82, 0x10, 0x82, 0x10, 0x82, 0x10, 0x82, 0x10, 0x82, 0x10, 0x82, 0x10, 0x82, 0x10, 0x82,
    0x10, 0x82, 0x10, 0x82, 0x10, 0x82, 0x10, 0x82, 0x10, 0x82, 0x10, 0x82, 0x10, 0x82, 0x10, 0x82,
    0x10, 0x82, 0x10, 0x82, 0x10, 0x82, 0x10, 0x82, 0x10, 0x82, 0x10, 0x82, 0x10, 0x82, 0x10, 0x82,
    0x10, 0x82, 0x10, 0x82, 0x10, 0x82, 0x10, 0x82, 0x10, 0x82, 0x10, 0x82, 0x10, 0x82, 0x10, 0x82,
    0x10, 0x82, 0x10, 0x82, 0x10, 0x82, 0x10, 0x82, 0x10, 0x82, 0x10, 0x82, 0x10, 0x82, 0x10, 0x82,
    0x10, 0x82, 0x10, 0x82, 0x10, 0x82, 0x10, 0x82, 0x10, 0x82, 0x10, 0x82, 0x10, 0x82, 0x10, 0x82,
    0x10, 0x82, 0x10, 0x82, 0x10, 0x82, 0x10, 0x82, 0x10, 0x82, 0x10, 0x82, 0x10, 0x82, 0x10, 0x82,
    0x10, 0x82, 0x10, 0x82, 0x10, 0x82, 0x10, 0x82, 0x10, 0x82, 0x10, 0x82, 0x10, 0x82, 0x10, 0x82,
    0x10, 0x82, 0x10, 0x82, 0x10, 0x82, 0x10, 0x82, 0x10, 0x82, 0x10, 0x82, 0x10, 0x82, 0x10, 0x82,
    0x10, 0x82, 0x10, 0x82, 0x10, 0x82, 0x10, 0x82, 0x10, 0x82, 0x10, 0x82, 0x10, 0x82, 0x10, 0x82,
    0x10, 0x82, 0x10, 0x82, 0x10, 0x82, 0x10, 0x82, 0x10, 0x82, 0x10, 0x82, 0x10, 0x82, 0x10, 0x82,
    0x10, 0x82, 0x10, 0x82, 0x10, 0x82, 0x10, 0x82, 0x10, 0x82, 0x10, 0x82, 0x10, 0x82, 0x10, 0x82,
    0x10, 0x82, 0x10, 0x82, 0x10, 0x82, 0x10, 0x82, 0x10, 0x82, 0x10, 0x82, 0x10, 0x82, 0x10, 0x82,
    0x10, 0x82, 0x10, 0x82, 0x10, 0x82, 0x10, 0x82, 0x10, 0x82, 0x10, 0x82, 0x10, 0x82, 0x10, 0x82,
    0x10, 0x82, 0x10, 0x82, 0x10, 0x82, 0x10, 0x82, 0x10, 0x82, 0x10, 0x82, 0x10, 0x82, 0x10, 0x82,
    0x10, 0x82, 0x10, 0x82, 0x10, 0x82, 0x10, 0x82, 0x10, 0x82, 0x10, 0x82, 0x10, 0x82, 0x10, 0x82,
    0x10, 0x82, 0x10, 0x82, 0x10, 0x82, 0x10, 0x82, 0x10, 0x82, 0x10, 0x82, 0x10, 0x82, 0xef, 0x5c,
    0x08, 0x41, 0x08, 0x41, 0x08, 0x41, 0x08, 0x41, 0x08, 0x41, 0x08, 0x41, 0x08, 0x41, 0x08, 0x41,
    0x08, 0x41, 0x08, 0x41, 0x08, 0x41, 0x08, 0x41, 0x08, 0x41, 0x08, 0x41, 0x08, 0x41, 0x08, 0x41,
    0x08, 0x41, 0x08, 0x41, 0x08, 0x41, 0x08, 0x41, 0x08, 0x41, 0x08, 0x41, 0x08, 0x41, 0x08, 0x41,
    0x08, 0x41, 0x08, 0x41, 0x08, 0x41, 0x08, 0x41, 0x08, 0x41, 0x08, 0x41, 0x08, 0x41, 0x08, 0x41,
    0xef, 0x5c, 0x10, 0x82, 0x10, 0x82, 0x10, 0x82, 0x10, 0x82, 0x10, 0x82, 0x10, 0x82, 0x10, 0x82,
    0x10, 0x82, 0x10, 0x82, 0x10, 0x82, 0x10, 0x82, 0x10, 0x82, 0x10, 0x82, 0x10, 0x82, 0x10, 0x82,
    0x10, 0x82, 0x10, 0x82, 0x10, 0x82, 0x10, 0x82, 0x10, 0x82, 0x10, 0x82, 0x10, 0x82, 0x10, 0x82,
    0x10, 0x82, 0x10, 0x82, 0x10, 0x82, 0x10, 0x82, 0x10, 0x82, 0x10, 0x82, 0x10, 0x82, 0x10, 0x82,
    0x10, 0x82, 0x10, 0x82, 0x10, 0x82, 0x10, 0x82, 0x10, 0x82, 0x10, 0x82, 0x10, 0x82, 0x10, 0x82,
    0x10, 0x82, 0x10, 0x82, 0x10, 0x82, 0x10, 0x82, 0x10, 0x82, 0x10, 0x82, 0x10, 0x82, 0x10, 0x82,
    0x10, 0x82, 0x10, 0x82, 0x10, 0x82, 0x10, 0x82, 0x10, 0x82, 0x10, 0x82, 0x10, 0x82, 0x10, 0x82,
    0x10, 0x82, 0x10, 0x82, 0x10, 0x82, 0x10, 0x82, 0x10, 0x82, 0x10, 0x82, 0x10, 0x82, 0x10, 0x82,
    0x10, 0x82, 0x10, 0x82, 0x10, 0x82, 0x10, 0x82, 0x10, 0x82, 0x10, 0x82, 0x10, 0x82, 0x10, 0x82,
    0x10, 0x82, 0x10, 0x82, 0x10, 0x82, 0x10, 0x82, 0x10, 0x82, 0x10, 0x82, 0x10, 0x82, 0x10, 0x82,
    0x10, 0x82, 0x10, 0x82, 0x10, 0x82, 0x10, 0x82, 0x10, 0x82, 0x10, 0x82, 0x10, 0x82, 0x10, 0x82,
    0x10, 0x82, 0x10, 0x82, 0x10, 0x82, 0x10, 0x82, 0x10, 0x82, 0x10, 0x82, 0x10, 0x82, 0x10, 0x82,
    0x10, 0x82, 0x10, 0x82, 0x10, 0x82, 0x10, 0x82, 0x10, 0x82, 0x10, 0x82, 0x10, 0x82, 0x10, 0x82,
    0x10, 0x82, 0x10, 0x82, 0x10, 0x82, 0x10, 0x82, 0x10, 0x82, 0x10, 0x82, 0x10, 0x82, 0x10, 0x82,
    0x10, 0x82, 0x10, 0x82, 0x10, 0x82, 0x10, 0x82, 0x10, 0x82, 0x10, 0x82, 0x10, 0x82, 0x10, 0x82,
    0x10, 0x82, 0x10, 0x82, 0x10, 0x82, 0x10, 0x82, 0x10, 0x82, 0x10, 0x82, 0x10, 0x82, 0x10, 0x82,
    0x10, 0x82, 0x10, 0x82, 0x10, 0x82, 0x10, 0x82, 0x10, 0x82, 0x10, 0x82, 0x10, 0x82, 0x10, 0x82,
    0x10, 0x82, 0x10, 0x82, 0x10, 0x82, 0x10, 0x82, 0x10, 0x82, 0x10, 0x82, 0x10, 0x82, 0x10, 0x82,
    0x10, 0x82, 0x10, 0x82, 0x10, 0x82, 0x10, 0x82, 0x10, 0x82, 0x10, 0x82, 0x10, 0x82, 0x10, 0x82,
    0x10, 0x82, 0x10, 0x82, 0x10, 0x82, 0x10, 0x82, 0x10, 0x82, 0x10, 0x82, 0x10, 0x82, 0x10, 0x82,
    0x10, 0x82, 0x10, 0x82, 0x10, 0x82, 0x10, 0x82, 0x10, 0x82, 0x10, 0x82, 0x10, 0x82, 0x10, 0x82,
    0x10, 0x82, 0x10, 0x82, 0x10, 0x82, 0x10, 0x82, 0x10, 0x82, 0x10, 0x82, 0x10, 0x82, 0x10, 0x82,
    0x10, 0x82, 0x10, 0x82, 0x10, 0x82, 0x10, 0x82, 0x10, 0x82, 0x10, 0x82, 0x10, 0x82, 0x10, 0x82,
    0x10, 0x82, 0x10, 0x82, 0x10, 0x82, 0x10, 0x82, 0x10, 0x82, 0x10, 0x82, 0x10, 0x82, 0x10, 0x82,
    0x10, 0x82, 0x10, 0x82, 0x10, 0x82, 0x10, 0x82, 0x10, 0x82, 0x10, 0x82, 0x10, 0x82, 0x10, 0x82,
    0x10, 0x82, 0x10, 0x82, 0x10, 0x82, 0x10, 0x82, 0x10, 0x82, 0x10, 0x82, 0x10, 0x82, 0xef, 0x5c,
    0x08, 0x41, 0x08, 0x41, 0x08, 0x41, 0x08, 0x41, 0x08, 0x41, 0x08, 0x41, 0x08, 0x41, 0x08, 0x41,
    0x08, 0x41, 0x08, 0x41, 0x08, 0x41, 0x08, 0x41, 0x08, 0x41, 0x08, 0x41, 0x08, 0x41, 0x08, 0x41,
    0x08, 0x41, 0x08, 0x41, 0x08, 0x41, 0x08, 0x41, 0x08, 0x41, 0x08, 0x41, 0x08, 0x41, 0x08, 0x41,
    0x08, 0x41, 0x08, 0x41, 0x08, 0x41, 0x08, 0x41, 0x08, 0x41, 0x08, 0x41, 0x08, 0x41, 0x08, 0x41,
    0xef, 0x5c, 0x10, 0x82, 0x10, 0x82, 0x10, 0x82, 0x10, 0x82, 0x10, 0x82, 0x10, 0x82, 0x10, 0x82,
    0x10, 0x82, 0x10, 0x82, 0x10, 0x82, 0x10, 0x82, 0x10, 0x82, 0x10, 0x82, 0x10, 0x82, 0x10, 0x82,
    0x10, 0x82, 0x10, 0x82, 0x10, 0x82, 0x10, 0x82, 0x10, 0x82, 0x10, 0x82, 0x10, 0x82, 0x10, 0x82,
    0x10, 0x82, 0x10, 0x82, 0x10, 0x82, 0x10, 0x82, 0x10, 0x82, 0x10, 0x82, 0x10, 0x82, 0x10, 0x82,
    0x10, 0x82, 0x10, 0x82, 0x10, 0x82, 0x10, 0x82, 0x10, 0x82, 0x10, 0x82, 0x10, 0x82, 0x10, 0x82,
    0x10, 0x82, 0x10, 0x82, 0x10, 0x82, 0x10, 0x82, 0x10, 0x82, 0x10, 0x82, 0x10, 0x82, 0x10, 0x82,
    0x10, 0x82, 0x10, 0x82, 0x10, 0x82, 0x10, 0x82, 0x10, 0x82, 0x10, 0x82, 0x10, 0x82, 0x10, 0x82,
    0x10, 0x82, 0x10, 0x82, 0x10, 0x82, 0x10, 0x82, 0x10, 0x82, 0x10, 0x82, 0x10, 0x82, 0x10, 0x82,
    0x10, 0x82, 0x10, 0x82, 0x10, 0x82, 0x10, 0x82, 0x10, 0x82, 0x10, 0x82, 0x10, 0x82, 0x10, 0x82,
    0x10, 0x82, 0x10, 0x82, 0x10, 0x82, 0x10, 0x82, 0x10, 0x82, 0x10, 0x82, 0x10, 0x82, 0x10, 0x82,
    0x10, 0x82, 0x10, 0x82, 0x10, 0x82, 0x10, 0x82, 0x10, 0x82, 0x10, 0x82, 0x10, 0x82, 0x10, 0x82,
    0x10, 0x82, 0x10, 0x82, 0x10, 0x82, 0x10, 0x82, 0x10, 0x82, 0x10, 0x82, 0x10, 0x82, 0x10, 0x82,
    0x10, 0x82, 0x10, 0x82, 0x10, 0x82, 0x10, 0x82, 0x10, 0x82, 0x10, 0x82, 0x10, 0x82, 0x10, 0x82,
    0x10, 0x82, 0x10, 0x82, 0x10, 0x82, 0x10, 0x82, 0x10, 0x82, 0x10, 0x82, 0x10, 0x82, 0x10, 0x82,
    0x10, 0x82, 0x10, 0x82, 0x10, 0x82, 0x10, 0x82, 0x10, 0x82, 0x10, 0x82, 0x10, 0x82, 0x10, 0x82,
    0x10, 0x82, 0x10, 0x82, 0x10, 0x82, 0x10, 0x82, 0x10, 0x82, 0x10, 0x82, 0x10, 0x82, 0x10, 0x82,
    0x10, 0x82, 0x10, 0x82, 0x10, 0x82, 0x10, 0x82, 0x10, 0x82, 0x10, 0x82, 0x10, 0x82, 0x10, 0x82,
    0x10, 0x82, 0x10, 0x82, 0x10, 0x82, 0x10, 0x82, 0x10, 0x82, 0x10, 0x82, 0x10, 0x82, 0x10, 0x82,
    0x10, 0x82, 0x10, 0x82, 0x10, 0x82, 0x10, 0x82, 0x10, 0x82, 0x10, 0x82, 0x10, 0x82, 0x10, 0x82,
    0x10, 0x82, 0x10, 0x82, 0x10, 0x82, 0x10, 0x82, 0x10, 0x82, 0x10, 0x82, 0x10, 0x82, 0x10, 0x82,
    0x10, 0x82, 0x10, 0x82, 0x10, 0x82, 0x10, 0x82, 0x10, 0x82, 0x10, 0x82, 0x10, 0x82, 0x10, 0x82,
    0x10, 0x82, 0x10, 0x82, 0x10, 0x82, 0x10, 0x82, 0x10, 0x82, 0x10, 0x82, 0x10, 0x82, 0x10, 0x82,
    0x10, 0x82, 0x10, 0x82, 0x10, 0x82, 0x10, 0x82, 0x10, 0x82, 0x10, 0x82, 0x10, 0x82, 0x10, 0x82,
    0x10, 0x82, 0x10, 0x82, 0x10, 0x82, 0x10, 0x82, 0x10, 0x82, 0x10, 0x82, 0x10, 0x82, 0x10, 0x82,
    0x10, 0x82, 0x10, 0x82, 0x10, 0x82, 0x10, 0x82, 0x10, 0x82, 0x10, 0x82, 0x10, 0x82, 0x10, 0x82,
    0x10, 0x82, 0x10, 0x82, 0x10, 0x82, 0x10, 0x82, 0x10, 0x82, 0x10, 0x82, 0x10, 0x82, 0xef, 0x5c,
    0x08, 0x41, 0x08, 0x41, 0x08, 0x41, 0x08, 0x41, 0x08, 0x41, 0x08, 0x41, 0x08, 0x41, 0x08, 0x41,
    0x08, 0x41, 0x08, 0x41, 0x08, 0x41, 0x08, 0x41, 0x08, 0x41, 0x08, 0x41, 0x08, 0x41, 0x08, 0x41,
    0x08, 0x41, 0x08, 0x41, 0x08, 0x41, 0x08, 0x41, 0x08, 0x41, 0x08, 0x41, 0x08, 0x41, 0x08, 0x41,
    0x08, 0x41, 0x08, 0x41, 0x08, 0x41, 0x08, 0x41, 0x08, 0x41, 0x08, 0x41, 0x08, 0x41, 0x08, 0x41,
    0xef, 0x5c, 0x10, 0x82, 0x10, 0x82, 0x10, 0x82, 0x10, 0x82, 0x10, 0x82, 0x10, 0x82, 0x10, 0x82,
    0x10, 0x82, 0x10, 0x82, 0x10, 0x82, 0x10, 0x82, 0x10, 0x82, 0x10, 0x82, 0x10, 0x82, 0x10, 0x82,
    0x10, 0x82, 0x10, 0x82, 0x10, 0x82, 0x10, 0x82, 0x10, 0x82, 0x10, 0x82, 0x10, 0x82, 0x10, 0x82,
    0x10, 0x82, 0x10, 0x82, 0x10, 0x82, 0x10, 0x82, 0x10, 0x82, 0x10, 0x82, 0x10, 0x82, 0x10, 0x82,
    0x10, 0x82, 0x10, 0x82, 0x10, 0x82, 0x10, 0x82, 0x10, 0x82, 0x10, 0x82, 0x10, 0x82, 0x10, 0x82,
    0x10, 0x82, 0x10, 0x82, 0x10, 0x82, 0x10, 0x82, 0x10, 0x82, 0x10, 0x82, 0x10, 0x82, 0x10, 0x82,
    0x10, 0x82, 0x10, 0x82, 0x10, 0x82, 0x10, 0x82, 0x10, 0x82, 0x10, 0x82, 0x10, 0x82, 0x10, 0x82,
    0x10, 0x82, 0x10, 0x82, 0x10, 0x82, 0x10, 0x82, 0x10, 0x82, 0x10, 0x82, 0x10, 0x82, 0x10, 0x82,
    0x10, 0x82, 0x10, 0x82, 0x10, 0x82, 0x10, 0x82, 0x10, 0x82, 0x10, 0x82, 0x10, 0x82, 0x10, 0x82,
    0x10, 0x82, 0x10, 0x82, 0x10, 0x82, 0x10, 0x82, 0x10, 0x82, 0x10, 0x82, 0x10, 0x82, 0x10, 0x82,
    0x10, 0x82, 0x10, 0x82, 0x10, 0x82, 0x10, 0x82, 0x10, 0x82, 0x10, 0x82, 0x10, 0x82, 0x10, 0x82,
    0x10, 0x82, 0x10, 0x82, 0x10, 0x82, 0x10, 0x82, 0x10, 0x82, 0x10, 0x82, 0x10, 0x82, 0x10, 0x82,
    0x10, 0x82, 0x10, 0x82, 0x10, 0x82, 0x10, 0x82, 0x10, 0x82, 0x10, 0x82, 0x10, 0x82, 0x10, 0x82,
    0x10, 0x82, 0x10, 0x82, 0x10, 0x82, 0x10, 0x82, 0x10, 0x82, 0x10, 0x82, 0x10, 0x82, 0x10, 0x82,
    0x10, 0x82, 0x10, 0x82, 0x10, 0x82, 0x10, 0x82, 0x10, 0x82, 0x10, 0x82, 0x10, 0x82, 0x10, 0x82,
    0x10, 0x82, 0x10, 0x82, 0x10, 0x82, 0x10, 0x82, 0x10, 0x82, 0x10, 0x82, 0x10, 0x82, 0x10, 0x82,
    0x10, 0x82, 0x10, 0x82, 0x10, 0x82, 0x10, 0x82, 0x10, 0x82, 0x10, 0x82, 0x10, 0x82, 0x10, 0x82,
    0x10, 0x82, 0x10, 0x82, 0x10, 0x82, 0x10, 0x82, 0x10, 0x82, 0x10, 0x82, 0x10, 0x82, 0x10, 0x82,
    0x10, 0x82, 0x10, 0x82, 0x10, 0x82, 0x10, 0x82, 0x10, 0x82, 0x10, 0x82, 0x10, 0x82, 0x10, 0x82,
    0x10, 0x82, 0x10, 0x82, 0x10, 0x82, 0x10, 0x82, 0x10, 0x82, 0x10, 0x82, 0x10, 0x82, 0x10, 0x82,
    0x10, 0x82, 0x10, 0x82, 0x10, 0x82, 0x10, 0x82, 0x10, 0x82, 0x10, 0x82, 0x10, 0x82, 0x10, 0x82,
    0x10, 0x82, 0x10, 0x82, 0x10, 0x82, 0x10, 0x82, 0x10, 0x82, 0x10, 0x82, 0x10, 0x82, 0x10, 0x82,
    0x10, 0x82, 0x10, 0x82, 0x10, 0x82, 0x10, 0x82, 0x10, 0x82, 0x10, 0x82, 0x10, 0x82, 0x10, 0x82,
    0x10, 0x82, 0x10, 0x82, 0x10, 0x82, 0x10, 0x82, 0x10, 0x82, 0x10, 0x82, 0x10, 0x82, 0x10, 0x82,
    0x10, 0x82, 0x10, 0x82, 0x10, 0x82, 0x10, 0x82, 0x10, 0x82, 0x10, 0x82, 0x10, 0x82, 0x10, 0x82,
    0x10, 0x82, 0x10, 0x82, 0x10, 0x82, 0x10, 0x82, 0x10, 0x82, 0x10, 0x82, 0x10, 0x82, 0xef, 0x5c,
    0x08, 0x41, 0x08, 0x41, 0x08, 0x41, 0x08, 0x41, 0x08, 0x41, 0x08, 0x41, 0x08, 0x41, 0x08, 0x41,
    0x08, 0x41, 0x08, 0x41, 0x08, 0x41, 0x08, 0x41, 0x08, 0x41, 0x08, 0x41, 0x08, 0x41, 0x08, 0x41,
    0x08, 0x41, 0x08, 0x41, 0x08, 0x41, 0x08, 0x41, 0x08, 0x41, 0x08, 0x41, 0x08, 0x41, 0x08, 0x41,
    0x08, 0x41, 0x08, 0x41, 0x08, 0x41, 0x08, 0x41, 0x08, 0x41, 0x08, 0x41, 0x08, 0x41, 0x08, 0x41,
    0xef, 0x5c, 0x10, 0x82, 0x10, 0x82, 0x10, 0x82, 0x10, 0x82, 0x10, 0x82, 0x10, 0x82, 0x10, 0x82,
    0x10, 0x82, 0x10, 0x82, 0x10, 0x82, 0x10, 0x82, 0x10, 0x82, 0x10, 0x82, 0x10, 0x82, 0x10, 0x82,
    0x10, 0x82, 0x10, 0x82, 0x10, 0x82, 0x10, 0x82, 0x10, 0x82, 0x10, 0x82, 0x10, 0x82, 0x10, 0x82,
    0x10, 0x82, 0x10, 0x82, 0x10, 0x82, 0x10, 0x82, 0x10, 0x82, 0x10, 0x82, 0x10, 0x82, 0x10, 0x82,
    0x10, 0x82, 0x10, 0x82, 0x10, 0x82, 0x10, 0x82, 0x10, 0x82, 0x10, 0x82, 0x10, 0x82, 0x10, 0x82,
    0x10, 0x82, 0x10, 0x82, 0x10, 0x82, 0x10, 0x82, 0x10, 0x82, 0x10, 0x82, 0x10, 0x82, 0x10, 0x82,
    0x10, 0x82, 0x10, 0x82, 0x10, 0x82, 0x10, 0x82, 0x10, 0x82, 0x10, 0x82, 0x10, 0x82, 0x10, 0x82,
    0x10, 0x82, 0x10, 0x82, 0x10, 0x82, 0x10, 0x82, 0x10, 0x82, 0x10, 0x82, 0x10, 0x82, 0x10, 0x82,
    0x10, 0x82, 0x10, 0x82, 0x10, 0x82, 0x10, 0x82, 0x10, 0x82, 0x10, 0x82, 0x10, 0x82, 0x10, 0x82,
    0x10, 0x82, 0x10, 0x82, 0x10, 0x82, 0x10, 0x82, 0x10, 0x82, 0x10, 0x82, 0x10, 0x82, 0x10, 0x82,
    0x10, 0x82, 0x10, 0x82, 0x10, 0x82, 0x10, 0x82, 0x10, 0x82, 0x10, 0x82, 0x10, 0x82, 0x10, 0x82,
    0x10, 0x82, 0x10, 0x82, 0x10, 0x82, 0x10, 0x82, 0x10, 0x82, 0x10, 0x82, 0x10, 0x82, 0x10, 0x82,
    0x10, 0x82, 0x10, 0x82, 0x10, 0x82, 0x10, 0x82, 0x10, 0x82, 0x10, 0x82, 0x10, 0x82, 0x10, 0x82,
    0x10, 0x82, 0x10, 0x82, 0x10, 0x82, 0x10, 0x82, 0x10, 0x82, 0x10, 0x82, 0x10, 0x82, 0x10, 0x82,
    0x10, 0x82, 0x10, 0x82, 0x10, 0x82, 0x10, 0x82, 0x10, 0x82, 0x10, 0x82, 0x10, 0x82, 0x10, 0x82,
    0x10, 0x82, 0x10, 0x82, 0x10, 0x82, 0x10, 0x82, 0x10, 0x82, 0x10, 0x82, 0x10, 0x82, 0x10, 0x82,
    0x10, 0x82, 0x10, 0x82, 0x10, 0x82, 0x10, 0x82, 0x10, 0x82, 0x10, 0x82, 0x10, 0x82, 0x10, 0x82,
    0x10, 0x82, 0x10, 0x82, 0x10, 0x82, 0x10, 0x82, 0x10, 0x82, 0x10, 0x82, 0x10, 0x82, 0x10, 0x82,
    0x10, 0x82, 0x10, 0x82, 0x10, 0x82, 0x10, 0x82, 0x10, 0x82, 0x10, 0x82, 0x10, 0x82, 0x10, 0x82,
    0x10, 0x82, 0x10, 0x82, 0x10, 0x82, 0x10, 0x82, 0x10, 0x82, 0x10, 0x82, 0x10, 0x82, 0x10, 0x82,
    0x10, 0x82, 0x10, 0x82, 0x10, 0x82, 0x10, 0x82, 0x10, 0x82, 0x10, 0x82, 0x10, 0x82, 0x10, 0x82,
    0x10, 0x82, 0x10, 0x82, 0x10, 0x82, 0x10, 0x82, 0x10, 0x82, 0x10, 0x82, 0x10, 0x82, 0x10, 0x82,
    0x10, 0x82, 0x10, 0x82, 0x10, 0x82, 0x10, 0x82, 0x10, 0x82, 0x10, 0x82, 0x10, 0x82, 0x10, 0x82,
    0x10, 0x82, 0x10, 0x82, 0x10, 0x82, 0x10, 0x82, 0x10, 0x82, 0x10, 0x82, 0x10, 0x82, 0x10, 0x82,
    0x10, 0x82, 0x10, 0x82, 0x10, 0x82, 0x10, 0x82, 0x10, 0x82, 0x10, 0x82, 0x10, 0x82, 0x10, 0x82,
    0x10, 0x82, 0x10, 0x82, 0x10, 0x82, 0x10, 0x82, 0x10, 0x82, 0x10, 0x82, 0x10, 0x82, 0xef, 0x5c,
    0x08, 0x41, 0x08, 0x41, 0x08, 0x41, 0x08, 0x41, 0x08, 0x41, 0x08, 0x41, 0x08, 0x41, 0x08, 0x41,
    0x08, 0x41, 0x08, 0x41, 0x08, 0x41, 0x08, 0x41, 0x08, 0x41, 0x08, 0x41, 0x08, 0x41, 0x08, 0x41,
    0x08, 0x41, 0x08, 0x41, 0x08, 0x41, 0x08, 0x41, 0x08, 0x41, 0x08, 0x41, 0x08, 0x41, 0x08, 0x41,
    0x08, 0x41, 0x08, 0x41, 0x08, 0x41, 0x08, 0x41, 0x08, 0x41, 0x08, 0x41, 0x08, 0x41, 0x08, 0x41,
    0xef, 0x5c, 0x10, 0x82, 0x10, 0x82, 0x10, 0x82, 0x10, 0x82, 0x10, 0x82, 0x10, 0x82, 0x10, 0x82,
    0x10, 0x82, 0x10, 0x82, 0x10, 0x82, 0x10, 0x82, 0x10, 0x82, 0x10, 0x82, 0x10, 0x82, 0x10, 0x82,
    0x10, 0x82, 0x10, 0x82, 0x10, 0x82, 0x10, 0x82, 0x10, 0x82, 0x10, 0x82, 0x10, 0x82, 0x10, 0x82,
    0x10, 0x82, 0x10, 0x82, 0x10, 0x82, 0x10, 0x82, 0x10, 0x82, 0x10, 0x82, 0x10, 0x82, 0x10, 0x82,
    0x10, 0x82, 0x10, 0x82, 0x10, 0x82, 0x10, 0x82, 0x10, 0x82, 0x10, 0x82, 0x10, 0x82, 0x10, 0x82,
    0x10, 0x82, 0x10, 0x82, 0x10, 0x82, 0x10, 0x82, 0x10, 0x82, 0x10, 0x82, 0x10, 0x82, 0x10, 0x82,
    0x10, 0x82, 0x10, 0x82, 0x10, 0x82, 0x10, 0x82, 0x10, 0x82, 0x10, 0x82, 0x10, 0x82, 0x10, 0x82,
    0x10, 0x82, 0x10, 0x82, 0x10, 0x82, 0x10, 0x82, 0x10, 0x82, 0x10, 0x82, 0x10, 0x82, 0x10, 0x82,
    0x10, 0x82, 0x10, 0x82, 0x10, 0x82, 0x10, 0x82, 0x10, 0x82, 0x10, 0x82, 0x10, 0x82, 0x10, 0x82,
    0x10, 0x82, 0x10, 0x82, 0x10, 0x82, 0x10, 0x82, 0x10, 0x82, 0x10, 0x82, 0x10, 0x82, 0x10, 0x82,
    0x10, 0x82, 0x10, 0x82, 0x10, 0x82, 0x10, 0x82, 0x10, 0x82, 0x10, 0x82, 0x10, 0x82, 0x10, 0x82,
    0x10, 0x82, 0x10, 0x82, 0x10, 0x82, 0x10, 0x82, 0x10, 0x82, 0x10, 0x82, 0x10, 0x82, 0x10, 0x82,
    0x10, 0x82, 0x10, 0x82, 0x10, 0x82, 0x10, 0x82, 0x10, 0x82, 0x10, 0x82, 0x10, 0x82, 0x10, 0x82,
    0x10, 0x82, 0x10, 0x82, 0x10, 0x82, 0x10, 0x82, 0x10, 0x82, 0x10, 0x82, 0x10, 0x82, 0x10, 0x82,
    0x10, 0x82, 0x10, 0x82, 0x10, 0x82, 0x10, 0x82, 0x10, 0x82, 0x10, 0x82, 0x10, 0x82, 0x10, 0x82,
    0x10, 0x82, 0x10, 0x82, 0x10, 0x82, 0x10, 0x82, 0x10, 0x82, 0x10, 0x82, 0x10, 0x82, 0x10, 0x82,
    0x10, 0x82, 0x10, 0x82, 0x10, 0x82, 0x10, 0x82, 0x10, 0x82, 0x10, 0x82, 0x10, 0x82, 0x10, 0x82,
    0x10, 0x82, 0x10, 0x82, 0x10, 0x82, 0x10, 0x82, 0x10, 0x82, 0x10, 0x82, 0x10, 0x82, 0x10, 0x82,
    0x10, 0x82, 0x10, 0x82, 0x10, 0x82, 0x10, 0x82, 0x10, 0x82, 0x10, 0x82, 0x10, 0x82, 0x10, 0x82,
    0x10, 0x82, 0x10, 0x82, 0x10, 0x82, 0x10, 0x82, 0x10, 0x82, 0x10, 0x82, 0x10, 0x82, 0x10, 0x82,
    0x10, 0x82, 0x10, 0x82, 0x10, 0x82, 0x10, 0x82, 0x10, 0x82, 0x10, 0x82, 0x10, 0x82, 0x10, 0x82,
    0x10, 0x82, 0x10, 0x82, 0x10, 0x82, 0x10, 0x82, 0x10, 0x82, 0x10, 0x82, 0x10, 0x82, 0x10, 0x82,
    0x10, 0x82, 0x10, 0x82, 0x10, 0x82, 0x10, 0x82, 0x10, 0x82, 0x10, 0x82, 0x10, 0x82, 0x10, 0x82,
    0x10, 0x82, 0x10, 0x82, 0x10, 0x82, 0x10, 0x82, 0x10, 0x82, 0x10, 0x82, 0x10, 0x82, 0x10, 0x82,
    0x10, 0x82, 0x10, 0x82, 0x10, 0x82, 0x10, 0x82, 0x10, 0x82, 0x10, 0x82, 0x10, 0x82, 0x10, 0x82,
    0x10, 0x82, 0x10, 0x82, 0x10, 0x82, 0x10, 0x82, 0x10, 0x82, 0x10, 0x82, 0x10, 0x82, 0xef, 0x5c,
    0x08, 0x41, 0x08, 0x41, 0x08, 0x41, 0x08, 0x41, 0x08, 0x41, 0x08, 0x41, 0x08, 0x41, 0x08, 0x41,
    0x08, 0x41, 0x08, 0x41, 0x08, 0x41, 0x08, 0x41, 0x08, 0x41, 0x08, 0x41, 0x08, 0x41, 0x08, 0x41,
    0x08, 0x41, 0x08, 0x41, 0x08, 0x41, 0x08, 0x41, 0x08, 0x41, 0x08, 0x41, 0x08, 0x41, 0x08, 0x41,
    0x08, 0x41, 0x08, 0x41, 0x08, 0x41, 0x08, 0x41, 0x08, 0x41, 0x08, 0x41, 0x08, 0x41, 0x08, 0x41,
    0xef, 0x5c, 0xef, 0x5c, 0xef, 0x5c, 0xef, 0x5c, 0xef, 0x5c, 0xef, 0x5c, 0xef, 0x5c, 0xef, 0x5c,
    0xef, 0x5c, 0xef, 0x5c, 0xef, 0x5c, 0xef, 0x5c, 0xef, 0x5c, 0xef, 0x5c, 0xef, 0x5c, 0xef, 0x5c,
    0xef, 0x5c, 0xef, 0x5c, 0xef, 0x5c, 0xef, 0x5c, 0xef, 0x5c, 0xef, 0x5c, 0xef, 0x5c, 0xef, 0x5c,
    0xef, 0x5c, 0xef, 0x5c, 0xef, 0x5c, 0xef, 0x5c, 0xef, 0x5c, 0xef, 0x5c, 0xef, 0x5c, 0xef, 0x5c,
    0xef, 0x5c, 0xef, 0x5c, 0xef, 0x5c, 0xef, 0x5c, 0xef, 0x5c, 0xef, 0x5c, 0xef, 0x5c, 0xef, 0x5c,
    0xef, 0x5c, 0xef, 0x5c, 0xef, 0x5c, 0xef, 0x5c, 0xef, 0x5c, 0xef, 0x5c, 0xef, 0x5c, 0xef, 0x5c,
    0xef, 0x5c, 0xef, 0x5c, 0xef, 0x5c, 0xef, 0x5c, 0xef, 0x5c, 0xef, 0x5c, 0xef, 0x5c, 0xef, 0x5c,
    0xef, 0x5c, 0xef, 0x5c, 0xef, 0x5c, 0xef, 0x5c, 0xef, 0x5c, 0xef, 0x5c, 0xef, 0x5c, 0xef, 0x5c,
    0xef, 0x5c, 0xef, 0x5c, 0xef, 0x5c, 0xef, 0x5c, 0xef, 0x5c, 0xef, 0x5c, 0xef, 0x5c, 0xef, 0x5c,
    0xef, 0x5c, 0xef, 0x5c, 0xef, 0x5c, 0xef, 0x5c, 0xef, 0x5c, 0xef, 0x5c, 0xef, 0x5c, 0xef, 0x5c,
    0xef, 0x5c, 0xef, 0x5c, 0xef, 0x5c, 0xef, 0x5c, 0xef, 0x5c, 0xef, 0x5c, 0xef, 0x5c, 0xef, 0x5c,
    0xef, 0x5c, 0xef, 0x5c, 0xef, 0x5c, 0xef, 0x5c, 0xef, 0x5c, 0xef, 0x5c, 0xef, 0x5c, 0xef, 0x5c,
    0xef, 0x5c, 0xef, 0x5c, 0xef, 0x5c, 0xef, 0x5c, 0xef, 0x5c, 0xef, 0x5c, 0xef, 0x5c, 0xef, 0x5c,
    0xef, 0x5c, 0xef, 0x5c, 0xef, 0x5c, 0xef, 0x5c, 0xef, 0x5c, 0xef, 0x5c, 0xef, 0x5c, 0xef, 0x5c,
    0xef, 0x5c, 0xef, 0x5c, 0xef, 0x5c, 0xef, 0x5c, 0xef, 0x5c, 0xef, 0x5c, 0xef, 0x5c, 0xef, 0x5c,
    0xef, 0x5c, 0xef, 0x5c, 0xef, 0x5c, 0xef, 0x5c, 0xef, 0x5c, 0xef, 0x5c, 0xef, 0x5c, 0xef, 0x5c,
    0xef, 0x5c, 0xef, 0x5c, 0xef, 0x5c, 0xef, 0x5c, 0xef, 0x5c, 0xef, 0x5c, 0xef, 0x5c, 0xef, 0x5c,
    0xef, 0x5c, 0xef, 0x5c, 0xef, 0x5c, 0xef, 0x5c, 0xef, 0x5c, 0xef, 0x5c, 0xef, 0x5c, 0xef, 0x5c,
    0xef, 0x5c, 0xef, 0x5c, 0xef, 0x5c, 0xef, 0x5c, 0xef, 0x5c, 0xef, 0x5c, 0xef, 0x5c, 0xef, 0x5c,
    0xef, 0x5c, 0xef, 0x5c, 0xef, 0x5c, 0xef, 0x5c, 0xef, 0x5c, 0xef, 0x5c, 0xef, 0x5c, 0xef, 0x5c,
    0xef, 0x5c, 0xef, 0x5c, 0xef, 0x5c, 0xef, 0x5c, 0xef, 0x5c, 0xef, 0x5c, 0xef, 0x5c, 0xef, 0x5c,
    0xef, 0x5c, 0xef, 0x5c, 0xef, 0x5c, 0xef, 0x5c, 0xef, 0x5c, 0xef, 0x5c, 0xef, 0x5c, 0xef, 0x5c,
    0xef, 0x5c, 0xef, 0x5c, 0xef, 0x5c, 0xef, 0x5c, 0xef, 0x5c, 0xef, 0x5c, 0xef, 0x5c, 0xef, 0x5c,
    0xef, 0x5c, 0xef, 0x5c, 0xef, 0x5c, 0xef, 0x5c, 0xef, 0x5c, 0xef, 0x5c, 0xef, 0x5c, 0xef, 0x5c,
    0xef, 0x5c, 0xef, 0x5c, 0xef, 0x5c, 0xef, 0x5c, 0xef, 0x5c, 0xef, 0x5c, 0xef, 0x5c, 0xef, 0x5c,
    0xef, 0x5c, 0xef, 0x5c, 0xef, 0x5c, 0xef, 0x5c, 0xef, 0x5c, 0xef, 0x5c, 0xef, 0x5c, 0xef, 0x5c,
    0x08, 0x41, 0x08, 0x41, 0x08, 0x41, 0x08, 0x41, 0x08, 0x41, 0x08, 0x41, 0x08, 0x41, 0x08, 0x41,
    0x08, 0x41, 0x08, 0x41, 0x08, 0x41, 0x08, 0x41, 0x08, 0x41, 0x08, 0x41, 0x08, 0x41, 0x08, 0x41,
    0x08, 0x41, 0x08, 0x41, 0x08, 0x41, 0x08, 0x41, 0x08, 0x41, 0x08, 0x41, 0x08, 0x41, 0x08, 0x41,
    0x08, 0x41, 0x08, 0x41, 0x08, 0x41, 0x08, 0x41, 0x08, 0x41, 0x08, 0x41, 0x08, 0x41, 0x08, 0x41,
    0x08, 0x41, 0x08, 0x41, 0x08, 0x41, 0x08, 0x41, 0x08, 0x41, 0x08, 0x41, 0x08, 0x41, 0x08, 0x41,
    0x08, 0x41, 0x08, 0x41, 0x08, 0x41, 0x08, 0x41, 0x08, 0x41, 0x08, 0x41, 0x08, 0x41, 0x08, 0x41,
    0x08, 0x41, 0x08, 0x41, 0x08, 0x41, 0x08, 0x41, 0x08, 0x41, 0x08, 0x41, 0x08, 0x41, 0x08, 0x41,
    0x08, 0x41, 0x08, 0x41, 0x08, 0x41, 0x08, 0x41, 0x08, 0x41, 0x08, 0x41, 0x08, 0x41, 0x08, 0x41,
    0x08, 0x41, 0x08, 0x41, 0x08, 0x41, 0x08, 0x41, 0x08, 0x41, 0x08, 0x41, 0x08, 0x41, 0x08, 0x41,
    0x08, 0x41, 0x08, 0x41, 0x08, 0x41, 0x08, 0x41, 0x08, 0x41, 0x08, 0x41, 0x08, 0x41, 0x08, 0x41,
    0x08, 0x41, 0x08, 0x41, 0x08, 0x41, 0x08, 0x41, 0x08, 0x41, 0x08, 0x41, 0x08, 0x41, 0x08, 0x41,
    0x08, 0x41, 0x08, 0x41, 0x08, 0x41, 0x08, 0x41, 0x08, 0x41, 0x08, 0x41, 0x08, 0x41, 0x08, 0x41,
    0x08, 0x41, 0x08, 0x41, 0x08, 0x41, 0x08, 0x41, 0x08, 0x41, 0x08, 0x41, 0x08, 0x41, 0x08, 0x41,
    0x08, 0x41, 0x08, 0x41, 0x08, 0x41, 0x08, 0x41, 0x08, 0x41, 0x08, 0x41, 0x08, 0x41, 0x08, 0x41,
    0x08, 0x41, 0x08, 0x41, 0x08, 0x41, 0x08, 0x41, 0x08, 0x41, 0x08, 0x41, 0x08, 0x41, 0x08, 0x41,
    0x08, 0x41, 0x08, 0x41, 0x08, 0x41, 0x08, 0x41, 0x08, 0x41, 0x08, 0x41, 0x08, 0x41, 0x08, 0x41,
    0x08, 0x41, 0x08, 0x41, 0x08, 0x41, 0x08, 0x41, 0x08, 0x41, 0x08, 0x41, 0x08, 0x41, 0x08, 0x41,
    0x08, 0x41, 0x08, 0x41, 0x08, 0x41, 0x08, 0x41, 0x08, 0x41, 0x08, 0x41, 0x08, 0x41, 0x08, 0x41,
    0x08, 0x41, 0x08, 0x41, 0x08, 0x41, 0x08, 0x41, 0x08, 0x41, 0x08, 0x41, 0x08, 0x41, 0x08, 0x41,
    0x08, 0x41, 0x08, 0x41, 0x08, 0x41, 0x08, 0x41, 0x08, 0x41, 0x08, 0x41, 0x08, 0x41, 0x08, 0x41,
    0x08, 0x41, 0x08, 0x41, 0x08, 0x41, 0x08, 0x41, 0x08, 0x41, 0x08, 0x41, 0x08, 0x41, 0x08, 0x41,
    0x08, 0x41, 0x08, 0x41, 0x08, 0x41, 0x08, 0x41, 0x08, 0x41, 0x08, 0x41, 0x08, 0x41, 0x08, 0x41,
    0x08, 0x41, 0x08, 0x41, 0x08, 0x41, 0x08, 0x41, 0x08, 0x41, 0x08, 0x41, 0x08, 0x41, 0x08, 0x41,
    0x08, 0x41, 0x08, 0x41, 0x08, 0x41, 0x08, 0x41, 0x08, 0x41, 0x08, 0x41, 0x08, 0x41, 0x08, 0x41,
    0x08, 0x41, 0x08, 0x41, 0x08, 0x41, 0x08, 0x41, 0x08, 0x41, 0x08, 0x41, 0x08, 0x41, 0x08, 0x41,
    0x08, 0x41, 0x08, 0x41, 0x08, 0x41, 0x08, 0x41, 0x08, 0x41, 0x08, 0x41, 0x08, 0x41, 0x08, 0x41,
    0x08, 0x41, 0x08, 0x41, 0x08, 0x41, 0x08, 0x41, 0x08, 0x41, 0x08, 0x41, 0x08, 0x41, 0x08, 0x41,
    0x08, 0x41, 0x08, 0x41, 0x08, 0x41, 0x08, 0x41, 0x08, 0x41, 0x08, 0x41, 0x08, 0x41, 0x08, 0x41,
    0x08, 0x41, 0x08, 0x41, 0x08, 0x41, 0x08, 0x41, 0x08, 0x41, 0x08, 0x41, 0x08, 0x41, 0x08, 0x41,
    0x08, 0x41, 0x08, 0x41, 0x08, 0x41, 0x08, 0x41, 0x08, 0x41, 0x08, 0x41, 0x08, 0x41, 0x08, 0x41,
    0x08, 0x41, 0x08, 0x41, 0x08, 0x41, 0x08, 0x41, 0x08, 0x41, 0x08, 0x41, 0x08, 0x41, 0x08, 0x41,
    0x08, 0x41, 0x08, 0x41, 0x08, 0x41, 0x08, 0x41, 0x08, 0x41, 0x08, 0x41, 0x08, 0x41, 0x08, 0x41,
    0x08, 0x41, 0x08, 0x41, 0x08, 0x41, 0x08, 0x41, 0x08, 0x41, 0x08, 0x41, 0x08, 0x41, 0x08, 0x41,
    0x08, 0x41, 0x08, 0x41, 0x08, 0x41, 0x08, 0x41, 0x08, 0x41, 0x08, 0x41, 0x08, 0x41, 0x08, 0x41,
    0x08, 0x41, 0x08, 0x41, 0x08, 0x41, 0x08, 0x41, 0x08, 0x41, 0x08, 0x41, 0x08, 0x41, 0x08, 0x41,
    0x08, 0x41, 0x08, 0x41, 0x08, 0x41, 0x08, 0x41, 0x08, 0x41, 0x08, 0x41, 0x08, 0x41, 0x08, 0x41,
    0x08, 0x41, 0x08, 0x41, 0x08, 0x41, 0x08, 0x41, 0x08, 0x41, 0x08, 0x41, 0x08, 0x41, 0x08, 0x41,
    0x08, 0x41, 0x08, 0x41, 0x08, 0x41, 0x08, 0x41, 0x08, 0x41, 0x08, 0x41, 0x08, 0x41, 0x08, 0x41,
    0x08, 0x41, 0x08, 0x41, 0x08, 0x41, 0x08, 0x41, 0x08, 0x41, 0x08, 0x41, 0x08, 0x41, 0x08, 0x41,
    0x08, 0x41, 0x08, 0x41, 0x08, 0x41, 0x08, 0x41, 0x08, 0x41, 0x08, 0x41, 0x08, 0x41, 0x08, 0x41,
    0x08, 0x41, 0x08, 0x41, 0x08, 0x41, 0x08, 0x41, 0x08, 0x41, 0x08, 0x41, 0x08, 0x41, 0x08, 0x41,
    0x08, 0x41, 0x08, 0x41, 0x08, 0x41, 0x08, 0x41, 0x08, 0x41, 0x08, 0x41, 0x08, 0x41, 0x08, 0x41,
    0x08, 0x41, 0x08, 0x41, 0x08, 0x41, 0x08, 0x41, 0x08, 0x41, 0x08, 0x41, 0x08, 0x41, 0x08, 0x41,
    0x08, 0x41, 0x08, 0x41, 0x08, 0x41, 0x08, 0x41, 0x08, 0x41, 0x08, 0x41, 0x08, 0x41, 0x08, 0x41,
    0x08, 0x41, 0x08, 0x41, 0x08, 0x41, 0x08, 0x41, 0x08, 0x41, 0x08, 0x41, 0x08, 0x41, 0x08, 0x41,
    0x08, 0x41, 0x08, 0x41, 0x08, 0x41, 0x08, 0x41, 0x08, 0x41, 0x08, 0x41, 0x08, 0x41, 0x08, 0x41,
    0x08, 0x41, 0x08, 0x41, 0x08, 0x41, 0x08, 0x41, 0x08, 0x41, 0x08, 0x41, 0x08, 0x41, 0x08, 0x41,
    0x08, 0x41, 0x08, 0x41, 0x08, 0x41, 0x08, 0x41, 0x08, 0x41, 0x08, 0x41, 0x08, 0x41, 0x08, 0x41,
    0x08, 0x41, 0x08, 0x41, 0x08, 0x41, 0x08, 0x41, 0x08, 0x41, 0x08, 0x41, 0x08, 0x41, 0x08, 0x41,
    0x08, 0x41, 0x08, 0x41, 0x08, 0x41, 0x08, 0x41, 0x08, 0x41, 0x08, 0x41, 0x08, 0x41, 0x08, 0x41,
    0x08, 0x41, 0x08, 0x41, 0x08, 0x41, 0x08, 0x41, 0x08, 0x41, 0x08, 0x41, 0x08, 0x41, 0x08, 0x41,
    0x08, 0x41, 0x08, 0x41, 0x08, 0x41, 0x08, 0x41, 0x08, 0x41, 0x08, 0x41, 0x08, 0x41, 0x08, 0x41,
    0x08, 0x41, 0x08, 0x41, 0x08, 0x41, 0x08, 0x41, 0x08, 0x41, 0x08, 0x41, 0x08, 0x41, 0x08, 0x41,
    0x08, 0x41, 0x08, 0x41, 0x08, 0x41, 0x08, 0x41, 0x08, 0x41, 0x08, 0x41, 0x08, 0x41, 0x08, 0x41,
    0x08, 0x41, 0x08, 0x41, 0x08, 0x41, 0x08, 0x41, 0x08, 0x41, 0x08, 0x41, 0x08, 0x41, 0x08, 0x41,
    0x08, 0x41, 0x08, 0x41, 0x08, 0x41, 0x08, 0x41, 0x08, 0x41, 0x08, 0x41, 0x08, 0x41, 0x08, 0x41,
    0x08, 0x41, 0x08, 0x41, 0x08, 0x41, 0x08, 0x41, 0x08, 0x41, 0x08, 0x41, 0x08, 0x41, 0x08, 0x41,
    0x08, 0x41, 0x08, 0x41, 0x08, 0x41, 0x08, 0x41, 0x08, 0x41, 0x08, 0x41, 0x08, 0x41, 0x08, 0x41,
    0x08, 0x41, 0x08, 0x41, 0x08, 0x41, 0x08, 0x41, 0x08, 0x41, 0x08, 0x41, 0x08, 0x41, 0x08, 0x41,
    0x08, 0x41, 0x08, 0x41, 0x08, 0x41, 0x08, 0x41, 0x08, 0x41, 0x08, 0x41, 0x08, 0x41, 0x08, 0x41,
    0x08, 0x41, 0x08, 0x41, 0x08, 0x41, 0x08, 0x41, 0x08, 0x41, 0x08, 0x41, 0x08, 0x41, 0x08, 0x41,
    0x08, 0x41, 0x08, 0x41, 0x08, 0x41, 0x08, 0x41, 0x08, 0x41, 0x08, 0x41, 0x08, 0x41, 0x08, 0x41,
    0x08, 0x41, 0x08, 0x41, 0x08, 0x41, 0x08, 0x41, 0x08, 0x41, 0x08, 0x41, 0x08, 0x41, 0x08, 0x41,
    0x08, 0x41, 0x08, 0x41, 0x08, 0x41, 0x08, 0x41, 0x08, 0x41, 0x08, 0x41, 0x08, 0x41, 0x08, 0x41,
    0x08, 0x41, 0x08, 0x41, 0x08, 0x41, 0x08, 0x41, 0x08, 0x41, 0x08, 0x41, 0x08, 0x41, 0x08, 0x41,
    0x08, 0x41, 0x08, 0x41, 0x08, 0x41, 0x08, 0x41, 0x08, 0x41, 0x08, 0x41, 0x08, 0x41, 0x08, 0x41,
    0x08, 0x41, 0x08, 0x41, 0x08, 0x41, 0x08, 0x41, 0x08, 0x41, 0x08, 0x41, 0x08, 0x41, 0x08, 0x41,
    0x08, 0x41, 0x08, 0x41, 0x08, 0x41, 0x08, 0x41, 0x08, 0x41, 0x08, 0x41, 0x08, 0x41, 0x08, 0x41,
    0x08, 0x41, 0x08, 0x41, 0x08, 0x41, 0x08, 0x41, 0x08, 0x41, 0x08, 0x41, 0x08, 0x41, 0x08, 0x41,
    0x08, 0x41, 0x08, 0x41, 0x08, 0x41, 0x08, 0x41, 0x08, 0x41, 0x08, 0x41, 0x08, 0x41, 0x08, 0x41,
    0x08, 0x41, 0x08, 0x41, 0x08, 0x41, 0x08, 0x41, 0x08, 0x41, 0x08, 0x41, 0x08, 0x41, 0x08, 0x41,
    0x08, 0x41, 0x08, 0x41, 0x08, 0x41, 0x08, 0x41, 0x08, 0x41, 0x08, 0x41, 0x08, 0x41, 0x08, 0x41,
    0x08, 0x41, 0x08, 0x41, 0x08, 0x41, 0x08, 0x41, 0x08, 0x41, 0x08, 0x41, 0x08, 0x41, 0x08, 0x41,
    0x08, 0x41, 0x08, 0x41, 0x08, 0x41, 0x08, 0x41, 0x08, 0x41, 0x08, 0x41, 0x08, 0x41, 0x08, 0x41,
    0x08, 0x41, 0x08, 0x41, 0x08, 0x41, 0x08, 0x41, 0x08, 0x41, 0x08, 0x41, 0x08, 0x41, 0x08, 0x41,
    0x08, 0x41, 0x08, 0x41, 0x08, 0x41, 0x08, 0x41, 0x08, 0x41, 0x08, 0x41, 0x08, 0x41, 0x08, 0x41,
    0x08, 0x41, 0x08, 0x41, 0x08, 0x41, 0x08, 0x41, 0x08, 0x41, 0x08, 0x41, 0x08, 0x41, 0x08, 0x41,
    0x08, 0x41, 0x08, 0x41, 0x08, 0x41, 0x08, 0x41, 0x08, 0x41, 0x08, 0x41, 0x08, 0x41, 0x08, 0x41,
    0x08, 0x41, 0x08, 0x41, 0x08, 0x41, 0x08, 0x41, 0x08, 0x41, 0x08, 0x41, 0x08, 0x41, 0x08, 0x41,
    0x08, 0x41, 0x08, 0x41, 0x08, 0x41, 0x08, 0x41, 0x08, 0x41, 0x08, 0x41, 0x08, 0x41, 0x08, 0x41,
    0x08, 0x41, 0x08, 0x41, 0x08, 0x41, 0x08, 0x41, 0x08, 0x41, 0x08, 0x41, 0x08, 0x41, 0x08, 0x41,
    0x08, 0x41, 0x08, 0x41, 0x08, 0x41, 0x08, 0x41, 0x08, 0x41, 0x08, 0x41, 0x08, 0x41, 0x08, 0x41,
    0x08, 0x41, 0x08, 0x41, 0x08, 0x41, 0x08, 0x41, 0x08, 0x41, 0x08, 0x41, 0x08, 0x41, 0x08, 0x41,
    0x08, 0x41, 0x08, 0x41, 0x08, 0x41, 0x08, 0x41, 0x08, 0x41, 0x08, 0x41, 0x08, 0x41, 0x08, 0x41,
    0x08, 0x41, 0x08, 0x41, 0x08, 0x41, 0x08, 0x41, 0x08, 0x41, 0x08, 0x41, 0x08, 0x41, 0x08, 0x41,
    0x08, 0x41, 0x08, 0x41, 0x08, 0x41, 0x08, 0x41, 0x08, 0x41, 0x08, 0x41, 0x08, 0x41, 0x08, 0x41,
    0x08, 0x41, 0x08, 0x41, 0x08, 0x41, 0x08, 0x41, 0x08, 0x41, 0x08, 0x41, 0x08, 0x41, 0x08, 0x41,
    0x08, 0x41, 0x08, 0x41, 0x08, 0x41, 0x08, 0x41, 0x08, 0x41, 0x08, 0x41, 0x08, 0x41, 0x08, 0x41,
    0x08, 0x41, 0x08, 0x41, 0x08, 0x41, 0x08, 0x41, 0x08, 0x41, 0x08, 0x41, 0x08, 0x41, 0x08, 0x41,
    0x08, 0x41, 0x08, 0x41, 0x08, 0x41, 0x08, 0x41, 0x08, 0x41, 0x08, 0x41, 0x08, 0x41, 0x08, 0x41,
    0x08, 0x41, 0x08, 0x41, 0x08, 0x41, 0x08, 0x41, 0x08, 0x41, 0x08, 0x41, 0x08, 0x41, 0x08, 0x41,
    0x08, 0x41, 0x08, 0x41, 0x08, 0x41, 0x08, 0x41, 0x08, 0x41, 0x08, 0x41, 0x08, 0x41, 0x08, 0x41,
    0x08, 0x41, 0x08, 0x41, 0x08, 0x41, 0x08, 0x41, 0x08, 0x41, 0x08, 0x41, 0x08, 0x41, 0x08, 0x41,
    0x08, 0x41, 0x08, 0x41, 0x08, 0x41, 0x08, 0x41, 0x08, 0x41, 0x08, 0x41, 0x08, 0x41, 0x08, 0x41,
    0x08, 0x41, 0x08, 0x41, 0x08, 0x41, 0x08, 0x41, 0x08, 0x41, 0x08, 0x41, 0x08, 0x41, 0x08, 0x41,
    0x08, 0x41, 0x08, 0x41, 0x08, 0x41, 0x08, 0x41, 0x08, 0x41, 0x08, 0x41, 0x08, 0x41, 0x08, 0x41,
    0x08, 0x41, 0x08, 0x41, 0x08, 0x41, 0x08, 0x41, 0x08, 0x41, 0x08, 0x41, 0x08, 0x41, 0x08, 0x41,
    0x08, 0x41, 0x08, 0x41, 0x08, 0x41, 0x08, 0x41, 0x08, 0x41, 0x08, 0x41, 0x08, 0x41, 0x08, 0x41,
    0x08, 0x41, 0x08, 0x41, 0x08, 0x41, 0x08, 0x41, 0x08, 0x41, 0x08, 0x41, 0x08, 0x41, 0x08, 0x41,
    0x08, 0x41, 0x08, 0x41, 0x08, 0x41, 0x08, 0x41, 0x08, 0x41, 0x08, 0x41, 0x08, 0x41, 0x08, 0x41,
    0x08, 0x41, 0x08, 0x41, 0x08, 0x41, 0x08, 0x41, 0x08, 0x41, 0x08, 0x41, 0x08, 0x41, 0x08, 0x41,
    0x08, 0x41, 0x08, 0x41, 0x08, 0x41, 0x08, 0x41, 0x08, 0x41, 0x08, 0x41, 0x08, 0x41, 0x08, 0x41,
    0x08, 0x41, 0x08, 0x41, 0x08, 0x41, 0x08, 0x41, 0x08, 0x41, 0x08, 0x41, 0x08, 0x41, 0x08, 0x41,
    0x08, 0x41, 0x08, 0x41, 0x08, 0x41, 0x08, 0x41, 0x08, 0x41, 0x08, 0x41, 0x08, 0x41, 0x08, 0x41,
    0x08, 0x41, 0x08, 0x41, 0x08, 0x41, 0x08, 0x41, 0x08, 0x41, 0x08, 0x41, 0x08, 0x41, 0x08, 0x41,
    0x08, 0x41, 0x08, 0x41, 0x08, 0x41, 0x08, 0x41, 0x08, 0x41, 0x08, 0x41, 0x08, 0x41, 0x08, 0x41,
    0x08, 0x41, 0x08, 0x41, 0x08, 0x41, 0x08, 0x41, 0x08, 0x41, 0x08, 0x41, 0x08, 0x41, 0x08, 0x41,
    0x08, 0x41, 0x08, 0x41, 0x08, 0x41, 0x08, 0x41, 0x08, 0x41, 0x08, 0x41, 0x08, 0x41, 0x08, 0x41,
    0x08, 0x41, 0x08, 0x41, 0x08, 0x41, 0x08, 0x41, 0x08, 0x41, 0x08, 0x41, 0x08, 0x41, 0x08, 0x41,
    0x08, 0x41, 0x08, 0x41, 0x08, 0x41, 0x08, 0x41, 0x08, 0x41, 0x08, 0x41, 0x08, 0x41, 0x08, 0x41,
    0x08, 0x41, 0x08, 0x41, 0x08, 0x41, 0x08, 0x41, 0x08, 0x41, 0x08, 0x41, 0x08, 0x41, 0x08, 0x41,
    0x08, 0x41, 0x08, 0x41, 0x08, 0x41, 0x08, 0x41, 0x08, 0x41, 0x08, 0x41, 0x08, 0x41, 0x08, 0x41,
    0x08, 0x41, 0x08, 0x41, 0x08, 0x41, 0x08, 0x41, 0x08, 0x41, 0x08, 0x41, 0x08, 0x41, 0x08, 0x41,
    0x08, 0x41, 0x08, 0x41, 0x08, 0x41, 0x08, 0x41, 0x08, 0x41, 0x08, 0x41, 0x08, 0x41, 0x08, 0x41,
    0x08, 0x41, 0x08, 0x41, 0x08, 0x41, 0x08, 0x41, 0x08, 0x41, 0x08, 0x41, 0x08, 0x41, 0x08, 0x41,
    0x08, 0x41, 0x08, 0x41, 0x08, 0x41, 0x08, 0x41, 0x08, 0x41, 0x08, 0x41, 0x08, 0x41, 0x08, 0x41,
    0x08, 0x41, 0x08, 0x41, 0x08, 0x41, 0x08, 0x41, 0x08, 0x41, 0x08, 0x41, 0x08, 0x41, 0x08, 0x41,
    0x08, 0x41, 0x08, 0x41, 0x08, 0x41, 0x08, 0x41, 0x08, 0x41, 0x08, 0x41, 0x08, 0x41, 0x08, 0x41,
    0x08, 0x41, 0x08, 0x41, 0x08, 0x41, 0x08, 0x41, 0x08, 0x41, 0x08, 0x41, 0x08, 0x41, 0x08, 0x41,
    0x08, 0x41, 0x08, 0x41, 0x08, 0x41, 0x08, 0x41, 0x08, 0x41, 0x08, 0x41, 0x08, 0x41, 0x08, 0x41,
    0x08, 0x41, 0x08, 0x41, 0x08, 0x41, 0x08, 0x41, 0x08, 0x41, 0x08, 0x41, 0x08, 0x41, 0x08, 0x41,
    0x08, 0x41, 0x08, 0x41, 0x08, 0x41, 0x08, 0x41, 0x08, 0x41, 0x08, 0x41, 0x08, 0x41, 0x08, 0x41,
    0x08, 0x41, 0x08, 0x41, 0x08, 0x41, 0x08, 0x41, 0x08, 0x41, 0x08, 0x41, 0x08, 0x41, 0x08, 0x41,
    0x08, 0x41, 0x08, 0x41, 0x08, 0x41, 0x08, 0x41, 0x08, 0x41, 0x08, 0x41, 0x08, 0x41, 0x08, 0x41,
    0x08, 0x41, 0x08, 0x41, 0x08, 0x41, 0x08, 0x41, 0x08, 0x41, 0x08, 0x41, 0x08, 0x41, 0x08, 0x41,
    0x08, 0x41, 0x08, 0x41, 0x08, 0x41, 0x08, 0x41, 0x08, 0x41, 0x08, 0x41, 0x08, 0x41, 0x08, 0x41,
    0x08, 0x41, 0x08, 0x41, 0x08, 0x41, 0x08, 0x41, 0x08, 0x41, 0x08, 0x41, 0x08, 0x41, 0x08, 0x41,
    0x08, 0x41, 0x08, 0x41, 0x08, 0x41, 0x08, 0x41, 0x08, 0x41, 0x08, 0x41, 0x08, 0x41, 0x08, 0x41,
    0x08, 0x41, 0x08, 0x41, 0x08, 0x41, 0x08, 0x41, 0x08, 0x41, 0x08, 0x41, 0x08, 0x41, 0x08, 0x41,
    0x08, 0x41, 0x08, 0x41, 0x08, 0x41, 0x08, 0x41, 0x08, 0x41, 0x08, 0x41, 0x08, 0x41, 0x08, 0x41,
    0x08, 0x41, 0x08, 0x41, 0x08, 0x41, 0x08, 0x41, 0x08, 0x41, 0x08, 0x41, 0x08, 0x41, 0x08, 0x41,
    0x08, 0x41, 0x08, 0x41, 0x08, 0x41, 0x08, 0x41, 0x08, 0x41, 0x08, 0x41, 0x08, 0x41, 0x08, 0x41,
    0x08, 0x41, 0x08, 0x41, 0x08, 0x41, 0x08, 0x41, 0x08, 0x41, 0x08, 0x41, 0x08, 0x41, 0x08, 0x41,
    0x08, 0x41, 0x08, 0x41, 0x08, 0x41, 0x08, 0x41, 0x08, 0x41, 0x08, 0x41, 0x08, 0x41, 0x08, 0x41,
    0x08, 0x41, 0x08, 0x41, 0x08, 0x41, 0x08, 0x41, 0x08, 0x41, 0x08, 0x41, 0x08, 0x41, 0x08, 0x41,
    0x08, 0x41, 0x08, 0x41, 0x08, 0x41, 0x08, 0x41, 0x08, 0x41, 0x08, 0x41, 0x08, 0x41, 0x08, 0x41,
    0x08, 0x41, 0x08, 0x41, 0x08, 0x41, 0x08, 0x41, 0x08, 0x41, 0x08, 0x41, 0x08, 0x41, 0x08, 0x41,
    0x08, 0x41, 0x08, 0x41, 0x08, 0x41, 0x08, 0x41, 0x08, 0x41, 0x08, 0x41, 0x08, 0x41, 0x08, 0x41,
    0x08, 0x41, 0x08, 0x41, 0x08, 0x41, 0x08, 0x41, 0x08, 0x41, 0x08, 0x41, 0x08, 0x41, 0x08, 0x41,
    0x08, 0x41, 0x08, 0x41, 0x08, 0x41, 0x08, 0x41, 0x08, 0x41, 0x08, 0x41, 0x08, 0x41, 0x08, 0x41,
    0x08, 0x41, 0x08, 0x41, 0x08, 0x41, 0x08, 0x41, 0x08, 0x41, 0x08, 0x41, 0x08, 0x41, 0x08, 0x41,
    0x08, 0x41, 0x08, 0x41, 0x08, 0x41, 0x08, 0x41, 0x08, 0x41, 0x08, 0x41, 0x08, 0x41, 0x08, 0x41,
    0x08, 0x41, 0x08, 0x41, 0x08, 0x41, 0x08, 0x41, 0x08, 0x41, 0x08, 0x41, 0x08, 0x41, 0x08, 0x41,
    0x08, 0x41, 0x08, 0x41, 0x08, 0x41, 0x08, 0x41, 0x08, 0x41, 0x08, 0x41, 0x08, 0x41, 0x08, 0x41,
    0x08, 0x41, 0x08, 0x41, 0x08, 0x41, 0x08, 0x41, 0x08, 0x41, 0x08, 0x41, 0x08, 0x41, 0x08, 0x41,
    0x08, 0x41, 0x08, 0x41, 0x08, 0x41, 0x08, 0x41, 0x08, 0x41, 0x08, 0x41, 0x08, 0x41, 0x08, 0x41,
    0x08, 0x41, 0x08, 0x41, 0x08, 0x41, 0x08, 0x41, 0x08, 0x41, 0x08, 0x41, 0x08, 0x41, 0x08, 0x41,
    0x08, 0x41, 0x08, 0x41, 0x08, 0x41, 0x08, 0x41, 0x08, 0x41, 0x08, 0x41, 0x08, 0x41, 0x08, 0x41,
    0x08, 0x41, 0x08, 0x41, 0x08, 0x41, 0x08, 0x41, 0x08, 0x41, 0x08, 0x41, 0x08, 0x41, 0x08, 0x41,
    0x08, 0x41, 0x08, 0x41, 0x08, 0x41, 0x08, 0x41, 0x08, 0x41, 0x08, 0x41, 0x08, 0x41, 0x08, 0x41,
    0x08, 0x41, 0x08, 0x41, 0x08, 0x41, 0x08, 0x41, 0x08, 0x41, 0x08, 0x41, 0x08, 0x41, 0x08, 0x41,
    0x08, 0x41, 0x08, 0x41, 0x08, 0x41, 0x08, 0x41, 0x08, 0x41, 0x08, 0x41, 0x08, 0x41, 0x08, 0x41,
    0x08, 0x41, 0x08, 0x41, 0x08, 0x41, 0x08, 0x41, 0x08, 0x41, 0x08, 0x41, 0x08, 0x41, 0x08, 0x41,
    0x08, 0x41, 0x08, 0x41, 0x08, 0x41, 0x08, 0x41, 0x08, 0x41, 0x08, 0x41, 0x08, 0x41, 0x08, 0x41,
    0x08, 0x41, 0x08, 0x41, 0x08, 0x41, 0x08, 0x41, 0x08, 0x41, 0x08, 0x41, 0x08, 0x41, 0x08, 0x41,
    0x08, 0x41, 0x08, 0x41, 0x08, 0x41, 0x08, 0x41, 0x08, 0x41, 0x08, 0x41, 0x08, 0x41, 0x08, 0x41,
    0x08, 0x41, 0x08, 0x41, 0x08, 0x41, 0x08, 0x41, 0x08, 0x41, 0x08, 0x41, 0x08, 0x41, 0x08, 0x41,
    0x08, 0x41, 0x08, 0x41, 0x08, 0x41, 0x08, 0x41, 0x08, 0x41, 0x08, 0x41, 0x08, 0x41, 0x08, 0x41,
    0x08, 0x41, 0x08, 0x41, 0x08, 0x41, 0x08, 0x41, 0x08, 0x41, 0x08, 0x41, 0x08, 0x41, 0x08, 0x41,
    0x08, 0x41, 0x08, 0x41, 0x08, 0x41, 0x08, 0x41, 0x08, 0x41, 0x08, 0x41, 0x08, 0x41, 0x08, 0x41,
    0x08, 0x41, 0x08, 0x41, 0x08, 0x41, 0x08, 0x41, 0x08, 0x41, 0x08, 0x41, 0x08, 0x41, 0x08, 0x41,
    0x08, 0x41, 0x08, 0x41, 0x08, 0x41, 0x08, 0x41, 0x08, 0x41, 0x08, 0x41, 0x08, 0x41, 0x08, 0x41,
    0x08, 0x41, 0x08, 0x41, 0x08, 0x41, 0x08, 0x41, 0x08, 0x41, 0x08, 0x41, 0x08, 0x41, 0x08, 0x41,
    0x08, 0x41, 0x08, 0x41, 0x08, 0x41, 0x08, 0x41, 0x08, 0x41, 0x08, 0x41, 0x08, 0x41, 0x08, 0x41,
    0x08, 0x41, 0x08, 0x41, 0x08, 0x41, 0x08, 0x41, 0x08, 0x41, 0x08, 0x41, 0x08, 0x41, 0x08, 0x41,
    0x08, 0x41, 0x08, 0x41, 0x08, 0x41, 0x08, 0x41, 0x08, 0x41, 0x08, 0x41, 0x08, 0x41, 0x08, 0x41,
    0x08, 0x41, 0x08, 0x41, 0x08, 0x41, 0x08, 0x41, 0x08, 0x41, 0x08, 0x41, 0x08, 0x41, 0x08, 0x41,
    0x08, 0x41, 0x08, 0x41, 0x08, 0x41, 0x08, 0x41, 0x08, 0x41, 0x08, 0x41, 0x08, 0x41, 0x08, 0x41,
    0x08, 0x41, 0x08, 0x41, 0x08, 0x41, 0x08, 0x41, 0x08, 0x41, 0x08, 0x41, 0x08, 0x41, 0x08, 0x41,
    0x08, 0x41, 0x08, 0x41, 0x08, 0x41, 0x08, 0x41, 0x08, 0x41, 0x08, 0x41, 0x08, 0x41, 0x08, 0x41,
    0x08, 0x41, 0x08, 0x41, 0x08, 0x41, 0x08, 0x41, 0x08, 0x41, 0x08, 0x41, 0x08, 0x41, 0x08, 0x41,
    0x08, 0x41, 0x08, 0x41, 0x08, 0x41, 0x08, 0x41, 0x08, 0x41, 0x08, 0x41, 0x08, 0x41, 0x08, 0x41,
    0x08, 0x41, 0x08, 0x41, 0x08, 0x41, 0x08, 0x41, 0x08, 0x41, 0x08, 0x41, 0x08, 0x41, 0x08, 0x41,
    0x08, 0x41, 0x08, 0x41, 0x08, 0x41, 0x08, 0x41, 0x08, 0x41, 0x08, 0x41, 0x08, 0x41, 0x08, 0x41,
    0x08, 0x41, 0x08, 0x41, 0x08, 0x41, 0x08, 0x41, 0x08, 0x41, 0x08, 0x41, 0x08, 0x41, 0x08, 0x41,
    0x08, 0x41, 0x08, 0x41, 0x08, 0x41, 0x08, 0x41, 0x08, 0x41, 0x08, 0x41, 0x08, 0x41, 0x08, 0x41,
    0x08, 0x41, 0x08, 0x41, 0x08, 0x41, 0x08, 0x41, 0x08, 0x41, 0x08, 0x41, 0x08, 0x41, 0x08, 0x41,
    0x08, 0x41, 0x08, 0x41, 0x08, 0x41, 0x08, 0x41, 0x08, 0x41, 0x08, 0x41, 0x08, 0x41, 0x08, 0x41,
    0x08, 0x41, 0x08, 0x41, 0x08, 0x41, 0x08, 0x41, 0x08, 0x41, 0x08, 0x41, 0x08, 0x41, 0x08, 0x41,
    0x08, 0x41, 0x08, 0x41, 0x08, 0x41, 0x08, 0x41, 0x08, 0x41, 0x08, 0x41, 0x08, 0x41, 0x08, 0x41,
    0x08, 0x41, 0x08, 0x41, 0x08, 0x41, 0x08, 0x41, 0x08, 0x41, 0x08, 0x41, 0x08, 0x41, 0x08, 0x41,
    0x08, 0x41, 0x08, 0x41, 0x08, 0x41, 0x08, 0x41, 0x08, 0x41, 0x08, 0x41, 0x08, 0x41, 0x08, 0x41,
    0x08, 0x41, 0x08, 0x41, 0x08, 0x41, 0x08, 0x41, 0x08, 0x41, 0x08, 0x41, 0x08, 0x41, 0x08, 0x41,
    0x08, 0x41, 0x08, 0x41, 0x08, 0x41, 0x08, 0x41, 0x08, 0x41, 0x08, 0x41, 0x08, 0x41, 0x08, 0x41,
    0x08, 0x41, 0x08, 0x41, 0x08, 0x41, 0x08, 0x41, 0x08, 0x41, 0x08, 0x41, 0x08, 0x41, 0x08, 0x41,
    0x08, 0x41, 0x08, 0x41, 0x08, 0x41, 0x08, 0x41, 0x08, 0x41, 0x08, 0x41, 0x08, 0x41, 0x08, 0x41,
    0x08, 0x41, 0x08, 0x41, 0x08, 0x41, 0x08, 0x41, 0x08, 0x41, 0x08, 0x41, 0x08, 0x41, 0x08, 0x41,
    0x08, 0x41, 0x08, 0x41, 0x08, 0x41, 0x08, 0x41, 0x08, 0x41, 0x08, 0x41, 0x08, 0x41, 0x08, 0x41,
    0x08, 0x41, 0x08, 0x41, 0x08, 0x41, 0x08, 0x41, 0x08, 0x41, 0x08, 0x41, 0x08, 0x41, 0x08, 0x41,
    0x08, 0x41, 0x08, 0x41, 0x08, 0x41, 0x08, 0x41, 0x08, 0x41, 0x08, 0x41, 0x08, 0x41, 0x08, 0x41,
    0x08, 0x41, 0x08, 0x41, 0x08, 0x41, 0x08, 0x41, 0x08, 0x41, 0x08, 0x41, 0x08, 0x41, 0x08, 0x41,
    0x08, 0x41, 0x08, 0x41, 0x08, 0x41, 0x08, 0x41, 0x08, 0x41, 0x08, 0x41, 0x08, 0x41, 0x08, 0x41,
    0x08, 0x41, 0x08, 0x41, 0x08, 0x41, 0x08, 0x41, 0x08, 0x41, 0x08, 0x41, 0x08, 0x41, 0x08, 0x41,
    0x08, 0x41, 0x08, 0x41, 0x08, 0x41, 0x08, 0x41, 0x08, 0x41, 0x08, 0x41, 0x08, 0x41, 0x08, 0x41,
    0x08, 0x41, 0x08, 0x41, 0x08, 0x41, 0x08, 0x41, 0x08, 0x41, 0x08, 0x41, 0x08, 0x41, 0x08, 0x41,
    0x08, 0x41, 0x08, 0x41, 0x08, 0x41, 0x08, 0x41, 0x08, 0x41, 0x08, 0x41, 0x08, 0x41, 0x08, 0x41,
    0x08, 0x41, 0x08, 0x41, 0x08, 0x41, 0x08, 0x41, 0x08, 0x41, 0x08, 0x41, 0x08, 0x41, 0x08, 0x41,
    0x08, 0x41, 0x08, 0x41, 0x08, 0x41, 0x08, 0x41, 0x08, 0x41, 0x08, 0x41, 0x08, 0x41, 0x08, 0x41,
    0x08, 0x41, 0x08, 0x41, 0x08, 0x41, 0x08, 0x41, 0x08, 0x41, 0x08, 0x41, 0x08, 0x41, 0x08, 0x41,
    0x08, 0x41, 0x08, 0x41, 0x08, 0x41, 0x08, 0x41, 0x08, 0x41, 0x08, 0x41, 0x08, 0x41, 0x08, 0x41,
    0x08, 0x41, 0x08, 0x41, 0x08, 0x41, 0x08, 0x41, 0x08, 0x41, 0x08, 0x41, 0x08, 0x41, 0x08, 0x41,
    0x08, 0x41, 0x08, 0x41, 0x08, 0x41, 0x08, 0x41, 0x08, 0x41, 0x08, 0x41, 0x08, 0x41, 0x08, 0x41,
    0x08, 0x41, 0x08, 0x41, 0x08, 0x41, 0x08, 0x41, 0x08, 0x41, 0x08, 0x41, 0x08, 0x41, 0x08, 0x41,
    0x08, 0x41, 0x08, 0x41, 0x08, 0x41, 0x08, 0x41, 0x08, 0x41, 0x08, 0x41, 0x08, 0x41, 0x08, 0x41,
    0x08, 0x41, 0x08, 0x41, 0x08, 0x41, 0x08, 0x41, 0x08, 0x41, 0x08, 0x41, 0x08, 0x41, 0x08, 0x41,
    0x08, 0x41, 0x08, 0x41, 0x08, 0x41, 0x08, 0x41, 0x08, 0x41, 0x08, 0x41, 0x08, 0x41, 0x08, 0x41,
    0x08, 0x41, 0x08, 0x41, 0x08, 0x41, 0x08, 0x41, 0x08, 0x41, 0x08, 0x41, 0x08, 0x41, 0x08, 0x41,
    0x08, 0x41, 0x08, 0x41, 0x08, 0x41, 0x08, 0x41, 0x08, 0x41, 0x08, 0x41, 0x08, 0x41, 0x08, 0x41,
    0x08, 0x41, 0x08, 0x41, 0x08, 0x41, 0x08, 0x41, 0x08, 0x41, 0x08, 0x41, 0x08, 0x41, 0x08, 0x41,
    0x08, 0x41, 0x08, 0x41, 0x08, 0x41, 0x08, 0x41, 0x08, 0x41, 0x08, 0x41, 0x08, 0x41, 0x08, 0x41,
    0x08, 0x41, 0x08, 0x41, 0x08, 0x41, 0x08, 0x41, 0x08, 0x41, 0x08, 0x41, 0x08, 0x41, 0x08, 0x41,
    0x08, 0x41, 0x08, 0x41, 0x08, 0x41, 0x08, 0x41, 0x08, 0x41, 0x08, 0x41, 0x08, 0x41, 0x08, 0x41,
    0x08, 0x41, 0x08, 0x41, 0x08, 0x41, 0x08, 0x41, 0x08, 0x41, 0x08, 0x41, 0x08, 0x41, 0x08, 0x41,
    0x08, 0x41, 0x08, 0x41, 0x08, 0x41, 0x08, 0x41, 0x08, 0x41, 0x08, 0x41, 0x08, 0x41, 0x08, 0x41,
    0x08, 0x41, 0x08, 0x41, 0x08, 0x41, 0x08, 0x41, 0x08, 0x41, 0x08, 0x41, 0x08, 0x41, 0x08, 0x41,
    0x08, 0x41, 0x08, 0x41, 0x08, 0x41, 0x08, 0x41, 0x08, 0x41, 0x08, 0x41, 0x08, 0x41, 0x08, 0x41,
    0x08, 0x41, 0x08, 0x41, 0x08, 0x41, 0x08, 0x41, 0x08, 0x41, 0x08, 0x41, 0x08, 0x41, 0x08, 0x41,
    0x08, 0x41, 0x08, 0x41, 0x08, 0x41, 0x08, 0x41, 0x08, 0x41, 0x08, 0x41, 0x08, 0x41, 0x08, 0x41,
    0x08, 0x41, 0x08, 0x41, 0x08, 0x41, 0x08, 0x41, 0x08, 0x41, 0x08, 0x41, 0x08, 0x41, 0x08, 0x41,
    0x08, 0x41, 0x08, 0x41, 0x08, 0x41, 0x08, 0x41, 0x08, 0x41, 0x08, 0x41, 0x08, 0x41, 0x08, 0x41,
    0x08, 0x41, 0x08, 0x41, 0x08, 0x41, 0x08, 0x41, 0x08, 0x41, 0x08, 0x41, 0x08, 0x41, 0x08, 0x41,
    0x08, 0x41, 0x08, 0x41, 0x08, 0x41, 0x08, 0x41, 0x08, 0x41, 0x08, 0x41, 0x08, 0x41, 0x08, 0x41,
    0x08, 0x41, 0x08, 0x41, 0x08, 0x41, 0x08, 0x41, 0x08, 0x41, 0x08, 0x41, 0x08, 0x41, 0x08, 0x41,
    0x08, 0x41, 0x08, 0x41, 0x08, 0x41, 0x08, 0x41, 0x08, 0x41, 0x08, 0x41, 0x08, 0x41, 0x08, 0x41,
    0x08, 0x41, 0x08, 0x41, 0x08, 0x41, 0x08, 0x41, 0x08, 0x41, 0x08, 0x41, 0x08, 0x41, 0x08, 0x41,
    0x08, 0x41, 0x08, 0x41, 0x08, 0x41, 0x08, 0x41, 0x08, 0x41, 0x08, 0x41, 0x08, 0x41, 0x08, 0x41,
    0x08, 0x41, 0x08, 0x41, 0x08, 0x41, 0x08, 0x41, 0x08, 0x41, 0x08, 0x41, 0x08, 0x41, 0x08, 0x41,
    0x08, 0x41, 0x08, 0x41, 0x08, 0x41, 0x08, 0x41, 0x08, 0x41, 0x08, 0x41, 0x08, 0x41, 0x08, 0x41,
    0x08, 0x41, 0x08, 0x41, 0x08, 0x41, 0x08, 0x41, 0x08, 0x41, 0x08, 0x41, 0x08, 0x41, 0x08, 0x41,
    0x08, 0x41, 0x08, 0x41, 0x08, 0x41, 0x08, 0x41, 0x08, 0x41, 0x08, 0x41, 0x08, 0x41, 0x08, 0x41,
    0x08, 0x41, 0x08, 0x41, 0x08, 0x41, 0x08, 0x41, 0x08, 0x41, 0x08, 0x41, 0x08, 0x41, 0x08, 0x41,
    0x08, 0x41, 0x08, 0x41, 0x08, 0x41, 0x08, 0x41, 0x08, 0x41, 0x08, 0x41, 0x08, 0x41, 0x08, 0x41,
    0x08, 0x41, 0x08, 0x41, 0x08, 0x41, 0x08, 0x41, 0x08, 0x41, 0x08, 0x41, 0x08, 0x41, 0x08, 0x41,
    0x08, 0x41, 0x08, 0x41, 0x08, 0x41, 0x08, 0x41, 0x08, 0x41, 0x08, 0x41, 0x08, 0x41, 0x08, 0x41,
    0x08, 0x41, 0x08, 0x41, 0x08, 0x41, 0x08, 0x41, 0x08, 0x41, 0x08, 0x41, 0x08, 0x41, 0x08, 0x41,
    0x08, 0x41, 0x08, 0x41, 0x08, 0x41, 0x08, 0x41, 0x08, 0x41, 0x08, 0x41, 0x08, 0x41, 0x08, 0x41,
    0x08, 0x41, 0x08, 0x41, 0x08, 0x41, 0x08, 0x41, 0x08, 0x41, 0x08, 0x41, 0x08, 0x41, 0x08, 0x41,
    0x08, 0x41, 0x08, 0x41, 0x08, 0x41, 0x08, 0x41, 0x08, 0x41, 0x08, 0x41, 0x08, 0x41, 0x08, 0x41,
    0x08, 0x41, 0x08, 0x41, 0x08, 0x41, 0x08, 0x41, 0x08, 0x41, 0x08, 0x41, 0x08, 0x41, 0x08, 0x41,
    0x08, 0x41, 0x08, 0x41, 0x08, 0x41, 0x08, 0x41, 0x08, 0x41, 0x08, 0x41, 0x08, 0x41, 0x08, 0x41,
    0x08, 0x41, 0x08, 0x41, 0x08, 0x41, 0x08, 0x41, 0x08, 0x41, 0x08, 0x41, 0x08, 0x41, 0x08, 0x41,
    0x08, 0x41, 0x08, 0x41, 0x08, 0x41, 0x08, 0x41, 0x08, 0x41, 0x08, 0x41, 0x08, 0x41, 0x08, 0x41,
    0x08, 0x41, 0x08, 0x41, 0x08, 0x41, 0x08, 0x41, 0x08, 0x41, 0x08, 0x41, 0x08, 0x41, 0x08, 0x41,
    0x08, 0x41, 0x08, 0x41, 0x08, 0x41, 0x08, 0x41, 0x08, 0x41, 0x08, 0x41, 0x08, 0x41, 0x08, 0x41,
    0x08, 0x41, 0x08, 0x41, 0x08, 0x41, 0x08, 0x41, 0x08, 0x41, 0x08, 0x41, 0x08, 0x41, 0x08, 0x41,
    0x08, 0x41, 0x08, 0x41, 0x08, 0x41, 0x08, 0x41, 0x08, 0x41, 0x08, 0x41, 0x08, 0x41, 0x08, 0x41,
    0x08, 0x41, 0x08, 0x41, 0x08, 0x41, 0x08, 0x41, 0x08, 0x41, 0x08, 0x41, 0x08, 0x41, 0x08, 0x41,
    0x08, 0x41, 0x08, 0x41, 0x08, 0x41, 0x08, 0x41, 0x08, 0x41, 0x08, 0x41, 0x08, 0x41, 0x08, 0x41,
    0x08, 0x41, 0x08, 0x41, 0x08, 0x41, 0x08, 0x41, 0x08, 0x41, 0x08, 0x41, 0x08, 0x41, 0x08, 0x41,
    0x08, 0x41, 0x08, 0x41, 0x08, 0x41, 0x08, 0x41, 0x08, 0x41, 0x08, 0x41, 0x08, 0x41, 0x08, 0x41,
    0x08, 0x41, 0x08, 0x41, 0x08, 0x41, 0x08, 0x41, 0x08, 0x41, 0x08, 0x41, 0x08, 0x41, 0x08, 0x41,
    0x08, 0x41, 0x08, 0x41, 0x08, 0x41, 0x08, 0x41, 0x08, 0x41, 0x08, 0x41, 0x08, 0x41, 0x08, 0x41,
    0x08, 0x41, 0x08, 0x41, 0x08, 0x41, 0x08, 0x41, 0x08, 0x41, 0x08, 0x41, 0x08, 0x41, 0x08, 0x41,
    0x08, 0x41, 0x08, 0x41, 0x08, 0x41, 0x08, 0x41, 0x08, 0x41, 0x08, 0x41, 0x08, 0x41, 0x08, 0x41,
    0x08, 0x41, 0x08, 0x41, 0x08, 0x41, 0x08, 0x41, 0x08, 0x41, 0x08, 0x41, 0x08, 0x41, 0x08, 0x41,
    0x08, 0x41, 0x08, 0x41, 0x08, 0x41, 0x08, 0x41, 0x08, 0x41, 0x08, 0x41, 0x08, 0x41, 0x08, 0x41,
    0x08, 0x41, 0x08, 0x41, 0x08, 0x41, 0x08, 0x41, 0x08, 0x41, 0x08, 0x41, 0x08, 0x41, 0x08, 0x41,
    0x08, 0x41, 0x08, 0x41, 0x08, 0x41, 0x08, 0x41, 0x08, 0x41, 0x08, 0x41, 0x08, 0x41, 0x08, 0x41,
    0x08, 0x41, 0x08, 0x41, 0x08, 0x41, 0x08, 0x41, 0x08, 0x41, 0x08, 0x41, 0x08, 0x41, 0x08, 0x41,
    0x08, 0x41, 0x08, 0x41, 0x08, 0x41, 0x08, 0x41, 0x08, 0x41, 0x08, 0x41, 0x08, 0x41, 0x08, 0x41,
    0x08, 0x41, 0x08, 0x41, 0x08, 0x41, 0x08, 0x41, 0x08, 0x41, 0x08, 0x41, 0x08, 0x41, 0x08, 0x41,
    0x08, 0x41, 0x08, 0x41, 0x08, 0x41, 0x08, 0x41, 0x08, 0x41, 0x08, 0x41, 0x08, 0x41, 0x08, 0x41,
    0x08, 0x41, 0x08, 0x41, 0x08, 0x41, 0x08, 0x41, 0x08, 0x41, 0x08, 0x41, 0x08, 0x41, 0x08, 0x41,
    0x08, 0x41, 0x08, 0x41, 0x08, 0x41, 0x08, 0x41, 0x08, 0x41, 0x08, 0x41, 0x08, 0x41, 0x08, 0x41,
    0x08, 0x41, 0x08, 0x41, 0x08, 0x41, 0x08, 0x41, 0x08, 0x41, 0x08, 0x41, 0x08, 0x41, 0x08, 0x41,
    0x08, 0x41, 0x08, 0x41, 0x08, 0x41, 0x08, 0x41, 0x08, 0x41, 0x08, 0x41, 0x08, 0x41, 0x08, 0x41,
    0x08, 0x41, 0x08, 0x41, 0x08, 0x41, 0x08, 0x41, 0x08, 0x41, 0x08, 0x41, 0x08, 0x41, 0x08, 0x41,
    0x08, 0x41, 0x08, 0x41, 0x08, 0x41, 0x08, 0x41, 0x08, 0x41, 0x08, 0x41, 0x08, 0x41, 0x08, 0x41,
    0x08, 0x41, 0x08, 0x41, 0x08, 0x41, 0x08, 0x41, 0x08, 0x41, 0x08, 0x41, 0x08, 0x41, 0x08, 0x41,
    0x08, 0x41, 0x08, 0x41, 0x08, 0x41, 0x08, 0x41, 0x08, 0x41, 0x08, 0x41, 0x08, 0x41, 0x08, 0x41,
    0x08, 0x41, 0x08, 0x41, 0x08, 0x41, 0x08, 0x41, 0x08, 0x41, 0x08, 0x41, 0x08, 0x41, 0x08, 0x41,
    0x08, 0x41, 0x08, 0x41, 0x08, 0x41, 0x08, 0x41, 0x08, 0x41, 0x08, 0x41, 0x08, 0x41, 0x08, 0x41,
    0x08, 0x41, 0x08, 0x41, 0x08, 0x41, 0x08, 0x41, 0x08, 0x41, 0x08, 0x41, 0x08, 0x41, 0x08, 0x41,
    0x08, 0x41, 0x08, 0x41, 0x08, 0x41, 0x08, 0x41, 0x08, 0x41, 0x08, 0x41, 0x08, 0x41, 0x08, 0x41,
    0x08, 0x41, 0x08, 0x41, 0x08, 0x41, 0x08, 0x41, 0x08, 0x41, 0x08, 0x41, 0x08, 0x41, 0x08, 0x41,
    0x08, 0x41, 0x08, 0x41, 0x08, 0x41, 0x08, 0x41, 0x08, 0x41, 0x08, 0x41, 0x08, 0x41, 0x08, 0x41,
    0x08, 0x41, 0x08, 0x41, 0x08, 0x41, 0x08, 0x41, 0x08, 0x41, 0x08, 0x41, 0x08, 0x41, 0x08, 0x41,
    0x08, 0x41, 0x08, 0x41, 0x08, 0x41, 0x08, 0x41, 0x08, 0x41, 0x08, 0x41, 0x08, 0x41, 0x08, 0x41,
    0x08, 0x41, 0x08, 0x41, 0x08, 0x41, 0x08, 0x41, 0x08, 0x41, 0x08, 0x41, 0x08, 0x41, 0x08, 0x41,
    0x08, 0x41, 0x08, 0x41, 0x08, 0x41, 0x08, 0x41, 0x08, 0x41, 0x08, 0x41, 0x08, 0x41, 0x08, 0x41,
    0x08, 0x41, 0x08, 0x41, 0x08, 0x41, 0x08, 0x41, 0x08, 0x41, 0x08, 0x41, 0x08, 0x41, 0x08, 0x41,
    0x08, 0x41, 0x08, 0x41, 0x08, 0x41, 0x08, 0x41, 0x08, 0x41, 0x08, 0x41, 0x08, 0x41, 0x08, 0x41,
    0x08, 0x41, 0x08, 0x41, 0x08, 0x41, 0x08, 0x41, 0x08, 0x41, 0x08, 0x41, 0x08, 0x41, 0x08, 0x41,
    0x08, 0x41, 0x08, 0x41, 0x08, 0x41, 0x08, 0x41, 0x08, 0x41, 0x08, 0x41, 0x08, 0x41, 0x08, 0x41,
    0x08, 0x41, 0x08, 0x41, 0x08, 0x41, 0x08, 0x41, 0x08, 0x41, 0x08, 0x41, 0x08, 0x41, 0x08, 0x41,
    0x08, 0x41, 0x08, 0x41, 0x08, 0x41, 0x08, 0x41, 0x08, 0x41, 0x08, 0x41, 0x08, 0x41, 0x08, 0x41,
    0x08, 0x41, 0x08, 0x41, 0x08, 0x41, 0x08, 0x41, 0x08, 0x41, 0x08, 0x41, 0x08, 0x41, 0x08, 0x41,
    0x08, 0x41, 0x08, 0x41, 0x08, 0x41, 0x08, 0x41, 0x08, 0x41, 0x08, 0x41, 0x08, 0x41, 0x08, 0x41,
    0x08, 0x41, 0x08, 0x41, 0x08, 0x41, 0x08, 0x41, 0x08, 0x41, 0x08, 0x41, 0x08, 0x41, 0x08, 0x41,
    0x08, 0x41, 0x08, 0x41, 0x08, 0x41, 0x08, 0x41, 0x08, 0x41, 0x08, 0x41, 0x08, 0x41, 0x08, 0x41,
    0x08, 0x41, 0x08, 0x41, 0x08, 0x41, 0x08, 0x41, 0x08, 0x41, 0x08, 0x41, 0x08, 0x41, 0x08, 0x41,
    0x08, 0x41, 0x08, 0x41, 0x08, 0x41, 0x08, 0x41, 0x08, 0x41, 0x08, 0x41, 0x08, 0x41, 0x08, 0x41,
    0x08, 0x41, 0x08, 0x41, 0x08, 0x41, 0x08, 0x41, 0x08, 0x41, 0x08, 0x41, 0x08, 0x41, 0x08, 0x41,
    0x08, 0x41, 0x08, 0x41, 0x08, 0x41, 0x08, 0x41, 0x08, 0x41, 0x08, 0x41, 0x08, 0x41, 0x08, 0x41,
    0x08, 0x41, 0x08, 0x41, 0x08, 0x41, 0x08, 0x41, 0x08, 0x41, 0x08, 0x41, 0x08, 0x41, 0x08, 0x41,
    0x08, 0x41, 0x08, 0x41, 0x08, 0x41, 0x08, 0x41, 0x08, 0x41, 0x08, 0x41, 0x08, 0x41, 0x08, 0x41,
    0x08, 0x41, 0x08, 0x41, 0x08, 0x41, 0x08, 0x41, 0x08, 0x41, 0x08, 0x41, 0x08, 0x41, 0x08, 0x41,
    0x08, 0x41, 0x08, 0x41, 0x08, 0x41, 0x08, 0x41, 0x08, 0x41, 0x08, 0x41, 0x08, 0x41, 0x08, 0x41,
    0x08, 0x41, 0x08, 0x41, 0x08, 0x41, 0x08, 0x41, 0x08, 0x41, 0x08, 0x41, 0x08, 0x41, 0x08, 0x41,
    0x08, 0x41, 0x08, 0x41, 0x08, 0x41, 0x08, 0x41, 0x08, 0x41, 0x08, 0x41, 0x08, 0x41, 0x08, 0x41,
    0x08, 0x41, 0x08, 0x41, 0x08, 0x41, 0x08, 0x41, 0x08, 0x41, 0x08, 0x41, 0x08, 0x41, 0x08, 0x41,
    0x08, 0x41, 0x08, 0x41, 0x08, 0x41, 0x08, 0x41, 0x08, 0x41, 0x08, 0x41, 0x08, 0x41, 0x08, 0x41,
    0x08, 0x41, 0x08, 0x41, 0x08, 0x41, 0x08, 0x41, 0x08, 0x41, 0x08, 0x41, 0x08, 0x41, 0x08, 0x41,
    0x08, 0x41, 0x08, 0x41, 0x08, 0x41, 0x08, 0x41, 0x08, 0x41, 0x08, 0x41, 0x08, 0x41, 0x08, 0x41,
    0x08, 0x41, 0x08, 0x41, 0x08, 0x41, 0x08, 0x41, 0x08, 0x41, 0x08, 0x41, 0x08, 0x41, 0x08, 0x41,
    0x08, 0x41, 0x08, 0x41, 0x08, 0x41, 0x08, 0x41, 0x08, 0x41, 0x08, 0x41, 0x08, 0x41, 0x08, 0x41,
    0x08, 0x41, 0x08, 0x41, 0x08, 0x41, 0x08, 0x41, 0x08, 0x41, 0x08, 0x41, 0x08, 0x41, 0x08, 0x41,
    0x08, 0x41, 0x08, 0x41, 0x08, 0x41, 0x08, 0x41, 0x08, 0x41, 0x08, 0x41, 0x08, 0x41, 0x08, 0x41,
    0x08, 0x41, 0x08, 0x41, 0x08, 0x41, 0x08, 0x41, 0x08, 0x41, 0x08, 0x41, 0x08, 0x41, 0x08, 0x41,
    0x08, 0x41, 0x08, 0x41, 0x08, 0x41, 0x08, 0x41, 0x08, 0x41, 0x08, 0x41, 0x08, 0x41, 0x08, 0x41,
    0x08, 0x41, 0x08, 0x41, 0x08, 0x41, 0x08, 0x41, 0x08, 0x41, 0x08, 0x41, 0x08, 0x41, 0x08, 0x41,
    0x08, 0x41, 0x08, 0x41, 0x08, 0x41, 0x08, 0x41, 0x08, 0x41, 0x08, 0x41, 0x08, 0x41, 0x08, 0x41,
    0x08, 0x41, 0x08, 0x41, 0x08, 0x41, 0x08, 0x41, 0x08, 0x41, 0x08, 0x41, 0x08, 0x41, 0x08, 0x41,
    0x08, 0x41, 0x08, 0x41, 0x08, 0x41, 0x08, 0x41, 0x08, 0x41, 0x08, 0x41, 0x08, 0x41, 0x08, 0x41,
    0x08, 0x41, 0x08, 0x41, 0x08, 0x41, 0x08, 0x41, 0x08, 0x41, 0x08, 0x41, 0x08, 0x41, 0x08, 0x41,
    0x08, 0x41, 0x08, 0x41, 0x08, 0x41, 0x08, 0x41, 0x08, 0x41, 0x08, 0x41, 0x08, 0x41, 0x08, 0x41,
    0x08, 0x41, 0x08, 0x41, 0x08, 0x41, 0x08, 0x41, 0x08, 0x41, 0x08, 0x41, 0x08, 0x41, 0x08, 0x41,
    0x08, 0x41, 0x08, 0x41, 0x08, 0x41, 0x08, 0x41, 0x08, 0x41, 0x08, 0x41, 0x08, 0x41, 0x08, 0x41,
    0x08, 0x41, 0x08, 0x41, 0x08, 0x41, 0x08, 0x41, 0x08, 0x41, 0x08, 0x41, 0x08, 0x41, 0x08, 0x41,
    0x08, 0x41, 0x08, 0x41, 0x08, 0x41, 0x08, 0x41, 0x08, 0x41, 0x08, 0x41, 0x08, 0x41, 0x08, 0x41,
    0x08, 0x41, 0x08, 0x41, 0x08, 0x41, 0x08, 0x41, 0x08, 0x41, 0x08, 0x41, 0x08, 0x41, 0x08, 0x41,
    0x08, 0x41, 0x08, 0x41, 0x08, 0x41, 0x08, 0x41, 0x08, 0x41, 0x08, 0x41, 0x08, 0x41, 0x08, 0x41,
    0x08, 0x41, 0x08, 0x41, 0x08, 0x41, 0x08, 0x41, 0x08, 0x41, 0x08, 0x41, 0x08, 0x41, 0x08, 0x41,
    0x08, 0x41, 0x08, 0x41, 0x08, 0x41, 0x08, 0x41, 0x08, 0x41, 0x08, 0x41, 0x08, 0x41, 0x08, 0x41,
    0x08, 0x41, 0x08, 0x41, 0x08, 0x41, 0x08, 0x41, 0x08, 0x41, 0x08, 0x41, 0x08, 0x41, 0x08, 0x41,
    0x08, 0x41, 0x08, 0x41, 0x08, 0x41, 0x08, 0x41, 0x08, 0x41, 0x08, 0x41, 0x08, 0x41, 0x08, 0x41,
    0x08, 0x41, 0x08, 0x41, 0x08, 0x41, 0x08, 0x41, 0x08, 0x41, 0x08, 0x41, 0x08, 0x41, 0x08, 0x41,
    0x08, 0x41, 0x08, 0x41, 0x08, 0x41, 0x08, 0x41, 0x08, 0x41, 0x08, 0x41, 0x08, 0x41, 0x08, 0x41,
    0x08, 0x41, 0x08, 0x41, 0x08, 0x41, 0x08, 0x41, 0x08, 0x41, 0x08, 0x41, 0x08, 0x41, 0x08, 0x41,
    0x08, 0x41, 0x08, 0x41, 0x08, 0x41, 0x08, 0x41, 0x08, 0x41, 0x08, 0x41, 0x08, 0x41, 0x08, 0x41,
    0x08, 0x41, 0x08, 0x41, 0x08, 0x41, 0x08, 0x41, 0x08, 0x41, 0x08, 0x41, 0x08, 0x41, 0x08, 0x41,
    0x08, 0x41, 0x08, 0x41, 0x08, 0x41, 0x08, 0x41, 0x08, 0x41, 0x08, 0x41, 0x08, 0x41, 0x08, 0x41,
    0x08, 0x41, 0x08, 0x41, 0x08, 0x41, 0x08, 0x41, 0x08, 0x41, 0x08, 0x41, 0x08, 0x41, 0x08, 0x41,
    0x08, 0x41, 0x08, 0x41, 0x08, 0x41, 0x08, 0x41, 0x08, 0x41, 0x08, 0x41, 0x08, 0x41, 0x08, 0x41,
    0x08, 0x41, 0x08, 0x41, 0x08, 0x41, 0x08, 0x41, 0x08, 0x41, 0x08, 0x41, 0x08, 0x41, 0x08, 0x41,
    0x08, 0x41, 0x08, 0x41, 0x08, 0x41, 0x08, 0x41, 0x08, 0x41, 0x08, 0x41, 0x08, 0x41, 0x08, 0x41,
    0x08, 0x41, 0x08, 0x41, 0x08, 0x41, 0x08, 0x41, 0x08, 0x41, 0x08, 0x41, 0x08, 0x41, 0x08, 0x41,
    0x08, 0x41, 0x08, 0x41, 0x08, 0x41, 0x08, 0x41, 0x08, 0x41, 0x08, 0x41, 0x08, 0x41, 0x08, 0x41,
    0x08, 0x41, 0x08, 0x41, 0x08, 0x41, 0x08, 0x41, 0x08, 0x41, 0x08, 0x41, 0x08, 0x41, 0x08, 0x41,
    0x08, 0x41, 0x08, 0x41, 0x08, 0x41, 0x08, 0x41, 0x08, 0x41, 0x08, 0x41, 0x08, 0x41, 0x08, 0x41,
    0x08, 0x41, 0x08, 0x41, 0x08, 0x41, 0x08, 0x41, 0x08, 0x41, 0x08, 0x41, 0x08, 0x41, 0x08, 0x41,
    0x08, 0x41, 0x08, 0x41, 0x08, 0x41, 0x08, 0x41, 0x08, 0x41, 0x08, 0x41, 0x08, 0x41, 0x08, 0x41,
    0x08, 0x41, 0x08, 0x41, 0x08, 0x41, 0x08, 0x41, 0x08, 0x41, 0x08, 0x41, 0x08, 0x41, 0x08, 0x41,
    0x08, 0x41, 0x08, 0x41, 0x08, 0x41, 0x08, 0x41, 0x08, 0x41, 0x08, 0x41, 0x08, 0x41, 0x08, 0x41,
    0x08, 0x41, 0x08, 0x41, 0x08, 0x41, 0x08, 0x41, 0x08, 0x41, 0x08, 0x41, 0x08, 0x41, 0x08, 0x41,
    0x08, 0x41, 0x08, 0x41, 0x08, 0x41, 0x08, 0x41, 0x08, 0x41, 0x08, 0x41, 0x08, 0x41, 0x08, 0x41,
    0x08, 0x41, 0x08, 0x41, 0x08, 0x41, 0x08, 0x41, 0x08, 0x41, 0x08, 0x41, 0x08, 0x41, 0x08, 0x41,
    0x08, 0x41, 0x08, 0x41, 0x08, 0x41, 0x08, 0x41, 0x08, 0x41, 0x08, 0x41, 0x08, 0x41, 0x08, 0x41,
    0x08, 0x41, 0x08, 0x41, 0x08, 0x41, 0x08, 0x41, 0x08, 0x41, 0x08, 0x41, 0x08, 0x41, 0x08, 0x41,
    0x08, 0x41, 0x08, 0x41, 0x08, 0x41, 0x08, 0x41, 0x08, 0x41, 0x08, 0x41, 0x08, 0x41, 0x08, 0x41,
    0x08, 0x41, 0x08, 0x41, 0x08, 0x41, 0x08, 0x41, 0x08, 0x41, 0x08, 0x41, 0x08, 0x41, 0x08, 0x41,
    0x08, 0x41, 0x08, 0x41, 0x08, 0x41, 0x08, 0x41, 0x08, 0x41, 0x08, 0x41, 0x08, 0x41, 0x08, 0x41,
    0x08, 0x41, 0x08, 0x41, 0x08, 0x41, 0x08, 0x41, 0x08, 0x41, 0x08, 0x41, 0x08, 0x41, 0x08, 0x41,
    0x08, 0x41, 0x08, 0x41, 0x08, 0x41, 0x08, 0x41, 0x08, 0x41, 0x08, 0x41, 0x08, 0x41, 0x08, 0x41,
    0x08, 0x41, 0x08, 0x41, 0x08, 0x41, 0x08, 0x41, 0x08, 0x41, 0x08, 0x41, 0x08, 0x41, 0x08, 0x41,
    0x08, 0x41, 0x08, 0x41, 0x08, 0x41, 0x08, 0x41, 0x08, 0x41, 0x08, 0x41, 0x08, 0x41, 0x08, 0x41,
    0x08, 0x41, 0x08, 0x41, 0x08, 0x41, 0x08, 0x41, 0x08, 0x41, 0x08, 0x41, 0x08, 0x41, 0x08, 0x41,
    0x08, 0x41, 0x08, 0x41, 0x08, 0x41, 0x08, 0x41, 0x08, 0x41, 0x08, 0x41, 0x08, 0x41, 0x08, 0x41,
    0x08, 0x41, 0x08, 0x41, 0x08, 0x41, 0x08, 0x41, 0x08, 0x41, 0x08, 0x41, 0x08, 0x41, 0x08, 0x41,
    0x08, 0x41, 0x08, 0x41, 0x08, 0x41, 0x08, 0x41, 0x08, 0x41, 0x08, 0x41, 0x08, 0x41, 0x08, 0x41,
    0x08, 0x41, 0x08, 0x41, 0x08, 0x41, 0x08, 0x41, 0x08, 0x41, 0x08, 0x41, 0x08, 0x41, 0x08, 0x41,
    0x08, 0x41, 0x08, 0x41, 0x08, 0x41, 0x08, 0x41, 0x08, 0x41, 0x08, 0x41, 0x08, 0x41, 0x08, 0x41,
    0x08, 0x41, 0x08, 0x41, 0x08, 0x41, 0x08, 0x41, 0x08, 0x41, 0x08, 0x41, 0x08, 0x41, 0x08, 0x41,
    0x08, 0x41, 0x08, 0x41, 0x08, 0x41, 0x08, 0x41, 0x08, 0x41, 0x08, 0x41, 0x08, 0x41, 0x08, 0x41,
    0x08, 0x41, 0x08, 0x41, 0x08, 0x41, 0x08, 0x41, 0x08, 0x41, 0x08, 0x41, 0x08, 0x41, 0x08, 0x41,
    0x08, 0x41, 0x08, 0x41, 0x08, 0x41, 0x08, 0x41, 0x08, 0x41, 0x08, 0x41, 0x08, 0x41, 0x08, 0x41,
    0x08, 0x41, 0x08, 0x41, 0x08, 0x41, 0x08, 0x41, 0x08, 0x41, 0x08, 0x41, 0x08, 0x41, 0x08, 0x41,
    0x08, 0x41, 0x08, 0x41, 0x08, 0x41, 0x08, 0x41, 0x08, 0x41, 0x08, 0x41, 0x08, 0x41, 0x08, 0x41,
    0x08, 0x41, 0x08, 0x41, 0x08, 0x41, 0x08, 0x41, 0x08, 0x41, 0x08, 0x41, 0x08, 0x41, 0x08, 0x41,
    0x08, 0x41, 0x08, 0x41, 0x08, 0x41, 0x08, 0x41, 0x08, 0x41, 0x08, 0x41, 0x08, 0x41, 0x08, 0x41,
    0x08, 0x41, 0x08, 0x41, 0x08, 0x41, 0x08, 0x41, 0x08, 0x41, 0x08, 0x41, 0x08, 0x41, 0x08, 0x41,
    0x08, 0x41, 0x08, 0x41, 0x08, 0x41, 0x08, 0x41, 0x08, 0x41, 0x08, 0x41, 0x08, 0x41, 0x08, 0x41,
    0x08, 0x41, 0x08, 0x41, 0x08, 0x41, 0x08, 0x41, 0x08, 0x41, 0x08, 0x41, 0x08, 0x41, 0x08, 0x41,
    0x08, 0x41, 0x08, 0x41, 0x08, 0x41, 0x08, 0x41, 0x08, 0x41, 0x08, 0x41, 0x08, 0x41, 0x08, 0x41,
    0x08, 0x41, 0x08, 0x41, 0x08, 0x41, 0x08, 0x41, 0x08, 0x41, 0x08, 0x41, 0x08, 0x41, 0x08, 0x41,
    0x08, 0x41, 0x08, 0x41, 0x08, 0x41, 0x08, 0x41, 0x08, 0x41, 0x08, 0x41, 0x08, 0x41, 0x08, 0x41,
    0x08, 0x41, 0x08, 0x41, 0x08, 0x41, 0x08, 0x41, 0x08, 0x41, 0x08, 0x41, 0x08, 0x41, 0x08, 0x41,
    0x08, 0x41, 0x08, 0x41, 0x08, 0x41, 0x08, 0x41, 0x08, 0x41, 0x08, 0x41, 0x08, 0x41, 0x08, 0x41,
    0x08, 0x41, 0x08, 0x41, 0x08, 0x41, 0x08, 0x41, 0x08, 0x41, 0x08, 0x41, 0x08, 0x41, 0x08, 0x41,
    0x08, 0x41, 0x08, 0x41, 0x08, 0x41, 0x08, 0x41, 0x08, 0x41, 0x08, 0x41, 0x08, 0x41, 0x08, 0x41,
    0x08, 0x41, 0x08, 0x41, 0x08, 0x41, 0x08, 0x41, 0x08, 0x41, 0x08, 0x41, 0x08, 0x41, 0x08, 0x41,
    0x08, 0x41, 0x08, 0x41, 0x08, 0x41, 0x08, 0x41, 0x08, 0x41, 0x08, 0x41, 0x08, 0x41, 0x08, 0x41,
    0x08, 0x41, 0x08, 0x41, 0x08, 0x41, 0x08, 0x41, 0x08, 0x41, 0x08, 0x41, 0x08, 0x41, 0x08, 0x41,
    0x08, 0x41, 0x08, 0x41, 0x08, 0x41, 0x08, 0x41, 0x08, 0x41, 0x08, 0x41, 0x08, 0x41, 0x08, 0x41,
    0x08, 0x41, 0x08, 0x41, 0x08, 0x41, 0x08, 0x41, 0x08, 0x41, 0x08, 0x41, 0x08, 0x41, 0x08, 0x41,
    0x08, 0x41, 0x08, 0x41, 0x08, 0x41, 0x08, 0x41, 0x08, 0x41, 0x08, 0x41, 0x08, 0x41, 0x08, 0x41,
    0x08, 0x41, 0x08, 0x41, 0x08, 0x41, 0x08, 0x41, 0x08, 0x41, 0x08, 0x41, 0x08, 0x41, 0x08, 0x41,
    0x08, 0x41, 0x08, 0x41, 0x08, 0x41, 0x08, 0x41, 0x08, 0x41, 0x08, 0x41, 0x08, 0x41, 0x08, 0x41,
    0x08, 0x41, 0x08, 0x41, 0x08, 0x41, 0x08, 0x41, 0x08, 0x41, 0x08, 0x41, 0x08, 0x41, 0x08, 0x41,
    0x08, 0x41, 0x08, 0x41, 0x08, 0x41, 0x08, 0x41, 0x08, 0x41, 0x08, 0x41, 0x08, 0x41, 0x08, 0x41,
    0x08, 0x41, 0x08, 0x41, 0x08, 0x41, 0x08, 0x41, 0x08, 0x41, 0x08, 0x41, 0x08, 0x41, 0x08, 0x41,
    0x08, 0x41, 0x08, 0x41, 0x08, 0x41, 0x08, 0x41, 0x08, 0x41, 0x08, 0x41, 0x08, 0x41, 0x08, 0x41,
    0x08, 0x41, 0x08, 0x41, 0x08, 0x41, 0x08, 0x41, 0x08, 0x41, 0x08, 0x41, 0x08, 0x41, 0x08, 0x41,
    0x08, 0x41, 0x08, 0x41, 0x08, 0x41, 0x08, 0x41, 0x08, 0x41, 0x08, 0x41, 0x08, 0x41, 0x08, 0x41,
    0x08, 0x41, 0x08, 0x41, 0x08, 0x41, 0x08, 0x41, 0x08, 0x41, 0x08, 0x41, 0x08, 0x41, 0x08, 0x41,
    0x08, 0x41, 0x08, 0x41, 0x08, 0x41, 0x08, 0x41, 0x08, 0x41, 0x08, 0x41, 0x08, 0x41, 0x08, 0x41,
    0x08, 0x41, 0x08, 0x41, 0x08, 0x41, 0x08, 0x41, 0x08, 0x41, 0x08, 0x41, 0x08, 0x41, 0x08, 0x41,
    0x08, 0x41, 0x08, 0x41, 0x08, 0x41, 0x08, 0x41, 0x08, 0x41, 0x08, 0x41, 0x08, 0x41, 0x08, 0x41,
    0x08, 0x41, 0x08, 0x41, 0x08, 0x41, 0x08, 0x41, 0x08, 0x41, 0x08, 0x41, 0x08, 0x41, 0x08, 0x41,
    0x08, 0x41, 0x08, 0x41, 0x08, 0x41, 0x08, 0x41, 0x08, 0x41, 0x08, 0x41, 0x08, 0x41, 0x08, 0x41,
    0x08, 0x41, 0x08, 0x41, 0x08, 0x41, 0x08, 0x41, 0x08, 0x41, 0x08, 0x41, 0x08, 0x41, 0x08, 0x41,
    0x08, 0x41, 0x08, 0x41, 0x08, 0x41, 0x08, 0x41, 0x08, 0x41, 0x08, 0x41, 0x08, 0x41, 0x08, 0x41,
    0x08, 0x41, 0x08, 0x41, 0x08, 0x41, 0x08, 0x41, 0x08, 0x41, 0x08, 0x41, 0x08, 0x41, 0x08, 0x41,
    0x08, 0x41, 0x08, 0x41, 0x08, 0x41, 0x08, 0x41, 0x08, 0x41, 0x08, 0x41, 0x08, 0x41, 0x08, 0x41,
    0x08, 0x41, 0x08, 0x41, 0x08, 0x41, 0x08, 0x41, 0x08, 0x41, 0x08, 0x41, 0x08, 0x41, 0x08, 0x41,
    0x08, 0x41, 0x08, 0x41, 0x08, 0x41, 0x08, 0x41, 0x08, 0x41, 0x08, 0x41, 0x08, 0x41, 0x08, 0x41,
    0x08, 0x41, 0x08, 0x41, 0x08, 0x41, 0x08, 0x41, 0x08, 0x41, 0x08, 0x41, 0x08, 0x41, 0x08, 0x41,
    0x08, 0x41, 0x08, 0x41, 0x08, 0x41, 0x08, 0x41, 0x08, 0x41, 0x08, 0x41, 0x08, 0x41, 0x08, 0x41,
    0x08, 0x41, 0x08, 0x41, 0x08, 0x41, 0x08, 0x41, 0x08, 0x41, 0x08, 0x41, 0x08, 0x41, 0x08, 0x41,
    0x08, 0x41, 0x08, 0x41, 0x08, 0x41, 0x08, 0x41, 0x08, 0x41, 0x08, 0x41, 0x08, 0x41, 0x08, 0x41,
    0x08, 0x41, 0x08, 0x41, 0x08, 0x41, 0x08, 0x41, 0x08, 0x41, 0x08, 0x41, 0x08, 0x41, 0x08, 0x41,
    0x08, 0x41, 0x08, 0x41, 0x08, 0x41, 0x08, 0x41, 0x08, 0x41, 0x08, 0x41, 0x08, 0x41, 0x08, 0x41,
    0x08, 0x41, 0x08, 0x41, 0x08, 0x41, 0x08, 0x41, 0x08, 0x41, 0x08, 0x41, 0x08, 0x41, 0x08, 0x41,
    0x08, 0x41, 0x08, 0x41, 0x08, 0x41, 0x08, 0x41, 0x08, 0x41, 0x08, 0x41, 0x08, 0x41, 0x08, 0x41,
    0x08, 0x41, 0x08, 0x41, 0x08, 0x41, 0x08, 0x41, 0x08, 0x41, 0x08, 0x41, 0x08, 0x41, 0x08, 0x41,
    0x08, 0x41, 0x08, 0x41, 0x08, 0x41, 0x08, 0x41, 0x08, 0x41, 0x08, 0x41, 0x08, 0x41, 0x08, 0x41,
    0x08, 0x41, 0x08, 0x41, 0x08, 0x41, 0x08, 0x41, 0x08, 0x41, 0x08, 0x41, 0x08, 0x41, 0x08, 0x41,
    0x08, 0x41, 0x08, 0x41, 0x08, 0x41, 0x08, 0x41, 0x08, 0x41, 0x08, 0x41, 0x08, 0x41, 0x08, 0x41,
    0x08, 0x41, 0x08, 0x41, 0x08, 0x41, 0x08, 0x41, 0x08, 0x41, 0x08, 0x41, 0x08, 0x41, 0x08, 0x41,
    0x08, 0x41, 0x08, 0x41, 0x08, 0x41, 0x08, 0x41, 0x08, 0x41, 0x08, 0x41, 0x08, 0x41, 0x08, 0x41,
    0x08, 0x41, 0x08, 0x41, 0x08, 0x41, 0x08, 0x41, 0x08, 0x41, 0x08, 0x41, 0x08, 0x41, 0x08, 0x41,
    0x08, 0x41, 0x08, 0x41, 0x08, 0x41, 0x08, 0x41, 0x08, 0x41, 0x08, 0x41, 0x08, 0x41, 0x08, 0x41,
    0x08, 0x41, 0x08, 0x41, 0x08, 0x41, 0x08, 0x41, 0x08, 0x41, 0x08, 0x41, 0x08, 0x41, 0x08, 0x41,
    0x08, 0x41, 0x08, 0x41, 0x08, 0x41, 0x08, 0x41, 0x08, 0x41, 0x08, 0x41, 0x08, 0x41, 0x08, 0x41,
    0x08, 0x41, 0x08, 0x41, 0x08, 0x41, 0x08, 0x41, 0x08, 0x41, 0x08, 0x41, 0x08, 0x41, 0x08, 0x41,
    0x08, 0x41, 0x08, 0x41, 0x08, 0x41, 0x08, 0x41, 0x08, 0x41, 0x08, 0x41, 0x08, 0x41, 0x08, 0x41,
    0x08, 0x41, 0x08, 0x41, 0x08, 0x41, 0x08, 0x41, 0x08, 0x41, 0x08, 0x41, 0x08, 0x41, 0x08, 0x41,
    0x08, 0x41, 0x08, 0x41, 0x08, 0x41, 0x08, 0x41, 0x08, 0x41, 0x08, 0x41, 0x08, 0x41, 0x08, 0x41,
    0x08, 0x41, 0x08, 0x41, 0x08, 0x41, 0x08, 0x41, 0x08, 0x41, 0x08, 0x41, 0x08, 0x41, 0x08, 0x41,
    0x08, 0x41, 0x08, 0x41, 0x08, 0x41, 0x08, 0x41, 0x08, 0x41, 0x08, 0x41, 0x08, 0x41, 0x08, 0x41,
    0x08, 0x41, 0x08, 0x41, 0x08, 0x41, 0x08, 0x41, 0x08, 0x41, 0x08, 0x41, 0x08, 0x41, 0x08, 0x41,
    0x08, 0x41, 0x08, 0x41, 0x08, 0x41, 0x08, 0x41, 0x08, 0x41, 0x08, 0x41, 0x08, 0x41, 0x08, 0x41,
    0x08, 0x41, 0x08, 0x41, 0x08, 0x41, 0x08, 0x41, 0x08, 0x41, 0x08, 0x41, 0x08, 0x41, 0x08, 0x41,
    0x08, 0x41, 0x08, 0x41, 0x08, 0x41, 0x08, 0x41, 0x08, 0x41, 0x08, 0x41, 0x08, 0x41, 0x08, 0x41,
    0x08, 0x41, 0x08, 0x41, 0x08, 0x41, 0x08, 0x41, 0x08, 0x41, 0x08, 0x41, 0x08, 0x41, 0x08, 0x41,
    0x08, 0x41, 0x08, 0x41, 0x08, 0x41, 0x08, 0x41, 0x08, 0x41, 0x08, 0x41, 0x08, 0x41, 0x08, 0x41,
    0x08, 0x41, 0x08, 0x41, 0x08, 0x41, 0x08, 0x41, 0x08, 0x41, 0x08, 0x41, 0x08, 0x41, 0x08, 0x41,
    0x08, 0x41, 0x08, 0x41, 0x08, 0x41, 0x08, 0x41, 0x08, 0x41, 0x08, 0x41, 0x08, 0x41, 0x08, 0x41,
    0x08, 0x41, 0x08, 0x41, 0x08, 0x41, 0x08, 0x41, 0x08, 0x41, 0x08, 0x41, 0x08, 0x41, 0x08, 0x41,
    0x08, 0x41, 0x08, 0x41, 0x08, 0x41, 0x08, 0x41, 0x08, 0x41, 0x08, 0x41, 0x08, 0x41, 0x08, 0x41,
    0x08, 0x41, 0x08, 0x41, 0x08, 0x41, 0x08, 0x41, 0x08, 0x41, 0x08, 0x41, 0x08, 0x41, 0x08, 0x41,
    0x08, 0x41, 0x08, 0x41, 0x08, 0x41, 0x08, 0x41, 0x08, 0x41, 0x08, 0x41, 0x08, 0x41, 0x08, 0x41,
    0x08, 0x41, 0x08, 0x41, 0x08, 0x41, 0x08, 0x41, 0x08, 0x41, 0x08, 0x41, 0x08, 0x41, 0x08, 0x41,
    0x08, 0x41, 0x08, 0x41, 0x08, 0x41, 0x08, 0x41, 0x08, 0x41, 0x08, 0x41, 0x08, 0x41, 0x08, 0x41,
    0x08, 0x41, 0x08, 0x41, 0x08, 0x41, 0x08, 0x41, 0x08, 0x41, 0x08, 0x41, 0x08, 0x41, 0x08, 0x41,
    0x08, 0x41, 0x08, 0x41, 0x08, 0x41, 0x08, 0x41, 0x08, 0x41, 0x08, 0x41, 0x08, 0x41, 0x08, 0x41,
    0x08, 0x41, 0x08, 0x41, 0x08, 0x41, 0x08, 0x41, 0x08, 0x41, 0x08, 0x41, 0x08, 0x41, 0x08, 0x41,
    0x08, 0x41, 0x08, 0x41, 0x08, 0x41, 0x08, 0x41, 0x08, 0x41, 0x08, 0x41, 0x08, 0x41, 0x08, 0x41,
    0x08, 0x41, 0x08, 0x41, 0x08, 0x41, 0x08, 0x41, 0x08, 0x41, 0x08, 0x41, 0x08, 0x41, 0x08, 0x41,
    0x08, 0x41, 0x08, 0x41, 0x08, 0x41, 0x08, 0x41, 0x08, 0x41, 0x08, 0x41, 0x08, 0x41, 0x08, 0x41,
    0x08, 0x41, 0x08, 0x41, 0x08, 0x41, 0x08, 0x41, 0x08, 0x41, 0x08, 0x41, 0x08, 0x41, 0x08, 0x41,
    0x08, 0x41, 0x08, 0x41, 0x08, 0x41, 0x08, 0x41, 0x08, 0x41, 0x08, 0x41, 0x08, 0x41, 0x08, 0x41,
    0x08, 0x41, 0x08, 0x41, 0x08, 0x41, 0x08, 0x41, 0x08, 0x41, 0x08, 0x41, 0x08, 0x41, 0x08, 0x41,
    0x08, 0x41, 0x08, 0x41, 0x08, 0x41, 0x08, 0x41, 0x08, 0x41, 0x08, 0x41, 0x08, 0x41, 0x08, 0x41,
    0x08, 0x41, 0x08, 0x41, 0x08, 0x41, 0x08, 0x41, 0x08, 0x41, 0x08, 0x41, 0x08, 0x41, 0x08, 0x41,
    0x08, 0x41, 0x08, 0x41, 0x08, 0x41, 0x08, 0x41, 0x08, 0x41, 0x08, 0x41, 0x08, 0x41, 0x08, 0x41,
    0x08, 0x41, 0x08, 0x41, 0x08, 0x41, 0x08, 0x41, 0x08, 0x41, 0x08, 0x41, 0x08, 0x41, 0x08, 0x41,
    0x08, 0x41, 0x08, 0x41, 0x08, 0x41, 0x08, 0x41, 0x08, 0x41, 0x08, 0x41, 0x08, 0x41, 0x08, 0x41,
    0x08, 0x41, 0x08, 0x41, 0x08, 0x41, 0x08, 0x41, 0x08, 0x41, 0x08, 0x41, 0x08, 0x41, 0x08, 0x41,
    0x08, 0x41, 0x08, 0x41, 0x08, 0x41, 0x08, 0x41, 0x08, 0x41, 0x08, 0x41, 0x08, 0x41, 0x08, 0x41,
    0x08, 0x41, 0x08, 0x41, 0x08, 0x41, 0x08, 0x41, 0x08, 0x41, 0x08, 0x41, 0x08, 0x41, 0x08, 0x41,
    0x08, 0x41, 0x08, 0x41, 0x08, 0x41, 0x08, 0x41, 0x08, 0x41, 0x08, 0x41, 0x08, 0x41, 0x08, 0x41,
    0x08, 0x41, 0x08, 0x41, 0x08, 0x41, 0x08, 0x41, 0x08, 0x41, 0x08, 0x41, 0x08, 0x41, 0x08, 0x41,
    0x08, 0x41, 0x08, 0x41, 0x08, 0x41, 0x08, 0x41, 0x08, 0x41, 0x08, 0x41, 0x08, 0x41, 0x08, 0x41,
    0x08, 0x41, 0x08, 0x41, 0x08, 0x41, 0x08, 0x41, 0x08, 0x41, 0x08, 0x41, 0x08, 0x41, 0x08, 0x41,
    0x08, 0x41, 0x08, 0x41, 0x08, 0x41, 0x08, 0x41, 0x08, 0x41, 0x08, 0x41, 0x08, 0x41, 0x08, 0x41,
    0x08, 0x41, 0x08, 0x41, 0x08, 0x41, 0x08, 0x41, 0x08, 0x41, 0x08, 0x41, 0x08, 0x41, 0x08, 0x41,
    0x08, 0x41, 0x08, 0x41, 0x08, 0x41, 0x08, 0x41, 0x08, 0x41, 0x08, 0x41, 0x08, 0x41, 0x08, 0x41,
    0x08, 0x41, 0x08, 0x41, 0x08, 0x41, 0x08, 0x41, 0x08, 0x41, 0x08, 0x41, 0x08, 0x41, 0x08, 0x41,
    0x08, 0x41, 0x08, 0x41, 0x08, 0x41, 0x08, 0x41, 0x08, 0x41, 0x08, 0x41, 0x08, 0x41, 0x08, 0x41,
    0x08, 0x41, 0x08, 0x41, 0x08, 0x41, 0x08, 0x41, 0x08, 0x41, 0x08, 0x41, 0x08, 0x41, 0x08, 0x41,
    0x08, 0x41, 0x08, 0x41, 0x08, 0x41, 0x08, 0x41, 0x08, 0x41, 0x08, 0x41, 0x08, 0x41, 0x08, 0x41,
    0x08, 0x41, 0x08, 0x41, 0x08, 0x41, 0x08, 0x41, 0x08, 0x41, 0x08, 0x41, 0x08, 0x41, 0x08, 0x41,
    0x08, 0x41, 0x08, 0x41, 0x08, 0x41, 0x08, 0x41, 0x08, 0x41, 0x08, 0x41, 0x08, 0x41, 0x08, 0x41,
    0x08, 0x41, 0x08, 0x41, 0x08, 0x41, 0x08, 0x41, 0x08, 0x41, 0x08, 0x41, 0x08, 0x41, 0x08, 0x41,
    0x08, 0x41, 0x08, 0x41, 0x08, 0x41, 0x08, 0x41, 0x08, 0x41, 0x08, 0x41, 0x08, 0x41, 0x08, 0x41,
    0x08, 0x41, 0x08, 0x41, 0x08, 0x41, 0x08, 0x41, 0x08, 0x41, 0x08, 0x41, 0x08, 0x41, 0x08, 0x41,
    0x08, 0x41, 0x08, 0x41, 0x08, 0x41, 0x08, 0x41, 0x08, 0x41, 0x08, 0x41, 0x08, 0x41, 0x08, 0x41,
    0x08, 0x41, 0x08, 0x41, 0x08, 0x41, 0x08, 0x41, 0x08, 0x41, 0x08, 0x41, 0x08, 0x41, 0x08, 0x41,
    0x08, 0x41, 0x08, 0x41, 0x08, 0x41, 0x08, 0x41, 0x08, 0x41, 0x08, 0x41, 0x08, 0x41, 0x08, 0x41,
    0x08, 0x41, 0x08, 0x41, 0x08, 0x41, 0x08, 0x41, 0x08, 0x41, 0x08, 0x41, 0x08, 0x41, 0x08, 0x41,
    0x08, 0x41, 0x08, 0x41, 0x08, 0x41, 0x08, 0x41, 0x08, 0x41, 0x08, 0x41, 0x08, 0x41, 0x08, 0x41,
    0x08, 0x41, 0x08, 0x41, 0x08, 0x41, 0x08, 0x41, 0x08, 0x41, 0x08, 0x41, 0x08, 0x41, 0x08, 0x41,
    0x08, 0x41, 0x08, 0x41, 0x08, 0x41, 0x08, 0x41, 0x08, 0x41, 0x08, 0x41, 0x08, 0x41, 0x08, 0x41,
    0x08, 0x41, 0x08, 0x41, 0x08, 0x41, 0x08, 0x41, 0x08, 0x41, 0x08, 0x41, 0x08, 0x41, 0x08, 0x41,
    0x08, 0x41, 0x08, 0x41, 0x08, 0x41, 0x08, 0x41, 0x08, 0x41, 0x08, 0x41, 0x08, 0x41, 0x08, 0x41,
    0x08, 0x41, 0x08, 0x41, 0x08, 0x41, 0x08, 0x41, 0x08, 0x41, 0x08, 0x41, 0x08, 0x41, 0x08, 0x41,
    0x08, 0x41, 0x08, 0x41, 0x08, 0x41, 0x08, 0x41, 0x08, 0x41, 0x08, 0x41, 0x08, 0x41, 0x08, 0x41,
    0x08, 0x41, 0x08, 0x41, 0x08, 0x41, 0x08, 0x41, 0x08, 0x41, 0x08, 0x41, 0x08, 0x41, 0x08, 0x41,
    0x08, 0x41, 0x08, 0x41, 0x08, 0x41, 0x08, 0x41, 0x08, 0x41, 0x08, 0x41, 0x08, 0x41, 0x08, 0x41,
    0x08, 0x41, 0x08, 0x41, 0x08, 0x41, 0x08, 0x41, 0x08, 0x41, 0x08, 0x41, 0x08, 0x41, 0x08, 0x41,
    0x08, 0x41, 0x08, 0x41, 0x08, 0x41, 0x08, 0x41, 0x08, 0x41, 0x08, 0x41, 0x08, 0x41, 0x08, 0x41,
    0x08, 0x41, 0x08, 0x41, 0x08, 0x41, 0x08, 0x41, 0x08, 0x41, 0x08, 0x41, 0x08, 0x41, 0x08, 0x41,
    0x08, 0x41, 0x08, 0x41, 0x08, 0x41, 0x08, 0x41, 0x08, 0x41, 0x08, 0x41, 0x08, 0x41, 0x08, 0x41,
    0x08, 0x41, 0x08, 0x41, 0x08, 0x41, 0x08, 0x41, 0x08, 0x41, 0x08, 0x41, 0x08, 0x41, 0x08, 0x41,
    0x08, 0x41, 0x08, 0x41, 0x08, 0x41, 0x08, 0x41, 0x08, 0x41, 0x08, 0x41, 0x08, 0x41, 0x08, 0x41,
    0x08, 0x41, 0x08, 0x41, 0x08, 0x41, 0x08, 0x41, 0x08, 0x41, 0x08, 0x41, 0x08, 0x41, 0x08, 0x41,
    0x08, 0x41, 0x08, 0x41, 0x08, 0x41, 0x08, 0x41, 0x08, 0x41, 0x08, 0x41, 0x08, 0x41, 0x08, 0x41,
    0x08, 0x41, 0x08, 0x41, 0x08, 0x41, 0x08, 0x41, 0x08, 0x41, 0x08, 0x41, 0x08, 0x41, 0x08, 0x41,
    0x08, 0x41, 0x08, 0x41, 0x08, 0x41, 0x08, 0x41, 0x08, 0x41, 0x08, 0x41, 0x08, 0x41, 0x08, 0x41,
    0x08, 0x41, 0x08, 0x41, 0x08, 0x41, 0x08, 0x41, 0x08, 0x41, 0x08, 0x41, 0x08, 0x41, 0x08, 0x41,
    0x08, 0x41, 0x08, 0x41, 0x08, 0x41, 0x08, 0x41, 0x08, 0x41, 0x08, 0x41, 0x08, 0x41, 0x08, 0x41,
    0x08, 0x41, 0x08, 0x41, 0x08, 0x41, 0x08, 0x41, 0x08, 0x41, 0x08, 0x41, 0x08, 0x41, 0x08, 0x41,
    0x08, 0x41, 0x08, 0x41, 0x08, 0x41, 0x08, 0x41, 0x08, 0x41, 0x08, 0x41, 0x08, 0x41, 0x08, 0x41,
    0x08, 0x41, 0x08, 0x41, 0x08, 0x41, 0x08, 0x41, 0x08, 0x41, 0x08, 0x41, 0x08, 0x41, 0x08, 0x41,
    0x08, 0x41, 0x08, 0x41, 0x08, 0x41, 0x08, 0x41, 0x08, 0x41, 0x08, 0x41, 0x08, 0x41, 0x08, 0x41,
    0x08, 0x41, 0x08, 0x41, 0x08, 0x41, 0x08, 0x41, 0x08, 0x41, 0x08, 0x41, 0x08, 0x41, 0x08, 0x41,
    0x08, 0x41, 0x08, 0x41, 0x08, 0x41, 0x08, 0x41, 0x08, 0x41, 0x08, 0x41, 0x08, 0x41, 0x08, 0x41,
    0x08, 0x41, 0x08, 0x41, 0x08, 0x41, 0x08, 0x41, 0x08, 0x41, 0x08, 0x41, 0x08, 0x41, 0x08, 0x41,
    0x08, 0x41, 0x08, 0x41, 0x08, 0x41, 0x08, 0x41, 0x08, 0x41, 0x08, 0x41, 0x08, 0x41, 0x08, 0x41,
    0x08, 0x41, 0x08, 0x41, 0x08, 0x41, 0x08, 0x41, 0x08, 0x41, 0x08, 0x41, 0x08, 0x41, 0x08, 0x41,
    0x08, 0x41, 0x08, 0x41, 0x08, 0x41, 0x08, 0x41, 0x08, 0x41, 0x08, 0x41, 0x08, 0x41, 0x08, 0x41,
    0x08, 0x41, 0x08, 0x41, 0x08, 0x41, 0x08, 0x41, 0x08, 0x41, 0x08, 0x41, 0x08, 0x41, 0x08, 0x41,
    0x08, 0x41, 0x08, 0x41, 0x08, 0x41, 0x08, 0x41, 0x08, 0x41, 0x08, 0x41, 0x08, 0x41, 0x08, 0x41,
    0x08, 0x41, 0x08, 0x41, 0x08, 0x41, 0x08, 0x41, 0x08, 0x41, 0x08, 0x41, 0x08, 0x41, 0x08, 0x41,
    0x08, 0x41, 0x08, 0x41, 0x08, 0x41, 0x08, 0x41, 0x08, 0x41, 0x08, 0x41, 0x08, 0x41, 0x08, 0x41,
    0x08, 0x41, 0x08, 0x41, 0x08, 0x41, 0x08, 0x41, 0x08, 0x41, 0x08, 0x41, 0x08, 0x41, 0x08, 0x41,
    0x08, 0x41, 0x08, 0x41, 0x08, 0x41, 0x08, 0x41, 0x08, 0x41, 0x08, 0x41, 0x08, 0x41, 0x08, 0x41,
    0x08, 0x41, 0x08, 0x41, 0x08, 0x41, 0x08, 0x41, 0x08, 0x41, 0x08, 0x41, 0x08, 0x41, 0x08, 0x41,
    0x08, 0x41, 0x08, 0x41, 0x08, 0x41, 0x08, 0x41, 0x08, 0x41, 0x08, 0x41, 0x08, 0x41, 0x08, 0x41,
    0x08, 0x41, 0x08, 0x41, 0x08, 0x41, 0x08, 0x41, 0x08, 0x41, 0x08, 0x41, 0x08, 0x41, 0x08, 0x41,
    0x08, 0x41, 0x08, 0x41, 0x08, 0x41, 0x08, 0x41, 0x08, 0x41, 0x08, 0x41, 0x08, 0x41, 0x08, 0x41,
    0x08, 0x41, 0x08, 0x41, 0x08, 0x41, 0x08, 0x41, 0x08, 0x41, 0x08, 0x41, 0x08, 0x41, 0x08, 0x41,
    0x08, 0x41, 0x08, 0x41, 0x08, 0x41, 0x08, 0x41, 0x08, 0x41, 0x08, 0x41, 0x08, 0x41, 0x08, 0x41,
    0x08, 0x41, 0x08, 0x41, 0x08, 0x41, 0x08, 0x41, 0x08, 0x41, 0x08, 0x41, 0x08, 0x41, 0x08, 0x41,
    0x08, 0x41, 0x08, 0x41, 0x08, 0x41, 0x08, 0x41, 0x08, 0x41, 0x08, 0x41, 0x08, 0x41, 0x08, 0x41,
    0x08, 0x41, 0x08, 0x41, 0x08, 0x41, 0x08, 0x41, 0x08, 0x41, 0x08, 0x41, 0x08, 0x41, 0x08, 0x41,
    0x08, 0x41, 0x08, 0x41, 0x08, 0x41, 0x08, 0x41, 0x08, 0x41, 0x08, 0x41, 0x08, 0x41, 0x08, 0x41,
    0x08, 0x41, 0x08, 0x41, 0x08, 0x41, 0x08, 0x41, 0x08, 0x41, 0x08, 0x41, 0x08, 0x41, 0x08, 0x41,
    0x08, 0x41, 0x08, 0x41, 0x08, 0x41, 0x08, 0x41, 0x08, 0x41, 0x08, 0x41, 0x08, 0x41, 0x08, 0x41,
    0x08, 0x41, 0x08, 0x41, 0x08, 0x41, 0x08, 0x41, 0x08, 0x41, 0x08, 0x41, 0x08, 0x41, 0x08, 0x41,
    0x08, 0x41, 0x08, 0x41, 0x08, 0x41, 0x08, 0x41, 0x08, 0x41, 0x08, 0x41, 0x08, 0x41, 0x08, 0x41,
    0x08, 0x41, 0x08, 0x41, 0x08, 0x41, 0x08, 0x41, 0x08, 0x41, 0x08, 0x41, 0x08, 0x41, 0x08, 0x41,
    0x08, 0x41, 0x08, 0x41, 0x08, 0x41, 0x08, 0x41, 0x08, 0x41, 0x08, 0x41, 0x08, 0x41, 0x08, 0x41,
    0x08, 0x41, 0x08, 0x41, 0x08, 0x41, 0x08, 0x41, 0x08, 0x41, 0x08, 0x41, 0x08, 0x41, 0x08, 0x41,
    0x08, 0x41, 0x08, 0x41, 0x08, 0x41, 0x08, 0x41, 0x08, 0x41, 0x08, 0x41, 0x08, 0x41, 0x08, 0x41,
    0x08, 0x41, 0x08, 0x41, 0x08, 0x41, 0x08, 0x41, 0x08, 0x41, 0x08, 0x41, 0x08, 0x41, 0x08, 0x41,
    0x08, 0x41, 0x08, 0x41, 0x08, 0x41, 0x08, 0x41, 0x08, 0x41, 0x08, 0x41, 0x08, 0x41, 0x08, 0x41,
    0x08, 0x41, 0x08, 0x41, 0x08, 0x41, 0x08, 0x41, 0x08, 0x41, 0x08, 0x41, 0x08, 0x41, 0x08, 0x41,
    0x08, 0x41, 0x08, 0x41, 0x08, 0x41, 0x08, 0x41, 0x08, 0x41, 0x08, 0x41, 0x08, 0x41, 0x08, 0x41,
    0x08, 0x41, 0x08, 0x41, 0x08, 0x41, 0x08, 0x41, 0x08, 0x41, 0x08, 0x41, 0x08, 0x41, 0x08, 0x41,
    0x08, 0x41, 0x08, 0x41, 0x08, 0x41, 0x08, 0x41, 0x08, 0x41, 0x08, 0x41, 0x08, 0x41, 0x08, 0x41,
    0x08, 0x41, 0x08, 0x41, 0x08, 0x41, 0x08, 0x41, 0x08, 0x41, 0x08, 0x41, 0x08, 0x41, 0x08, 0x41,
    0x08, 0x41, 0x08, 0x41, 0x08, 0x41, 0x08, 0x41, 0x08, 0x41, 0x08, 0x41, 0x08, 0x41, 0x08, 0x41,
    0x08, 0x41, 0x08, 0x41, 0x08, 0x41, 0x08, 0x41, 0x08, 0x41, 0x08, 0x41, 0x08, 0x41, 0x08, 0x41,
    0x08, 0x41, 0x08, 0x41, 0x08, 0x41, 0x08, 0x41, 0x08, 0x41, 0x08, 0x41, 0x08, 0x41, 0x08, 0x41,
    0x08, 0x41, 0x08, 0x41, 0x08, 0x41, 0x08, 0x41, 0x08, 0x41, 0x08, 0x41, 0x08, 0x41, 0x08, 0x41,
    0x08, 0x41, 0x08, 0x41, 0x08, 0x41, 0x08, 0x41, 0x08, 0x41, 0x08, 0x41, 0x08, 0x41, 0x08, 0x41,
    0x08, 0x41, 0x08, 0x41, 0x08, 0x41, 0x08, 0x41, 0x08, 0x41, 0x08, 0x41, 0x08, 0x41, 0x08, 0x41,
    0x08, 0x41, 0x08, 0x41, 0x08, 0x41, 0x08, 0x41, 0x08, 0x41, 0x08, 0x41, 0x08, 0x41, 0x08, 0x41,
    0x08, 0x41, 0x08, 0x41, 0x08, 0x41, 0x08, 0x41, 0x08, 0x41, 0x08, 0x41, 0x08, 0x41, 0x08, 0x41,
    0x08, 0x41, 0x08, 0x41, 0x08, 0x41, 0x08, 0x41, 0x08, 0x41, 0x08, 0x41, 0x08, 0x41, 0x08, 0x41,
    0x08, 0x41, 0x08, 0x41, 0x08, 0x41, 0x08, 0x41, 0x08, 0x41, 0x08, 0x41, 0x08, 0x41, 0x08, 0x41,
    0x08, 0x41, 0x08, 0x41, 0x08, 0x41, 0x08, 0x41, 0x08, 0x41, 0x08, 0x41, 0x08, 0x41, 0x08, 0x41,
    0x08, 0x41, 0x08, 0x41, 0x08, 0x41, 0x08, 0x41, 0x08, 0x41, 0x08, 0x41, 0x08, 0x41, 0x08, 0x41,
    0x08, 0x41, 0x08, 0x41, 0x08, 0x41, 0x08, 0x41, 0x08, 0x41, 0x08, 0x41, 0x08, 0x41, 0x08, 0x41,
    0x08, 0x41, 0x08, 0x41, 0x08, 0x41, 0x08, 0x41, 0x08, 0x41, 0x08, 0x41, 0x08, 0x41, 0x08, 0x41,
    0x08, 0x41, 0x08, 0x41, 0x08, 0x41, 0x08, 0x41, 0x08, 0x41, 0x08, 0x41, 0x08, 0x41, 0x08, 0x41,
    0x08, 0x41, 0x08, 0x41, 0x08, 0x41, 0x08, 0x41, 0x08, 0x41, 0x08, 0x41, 0x08, 0x41, 0x08, 0x41,
    0x08, 0x41, 0x08, 0x41, 0x08, 0x41, 0x08, 0x41, 0x08, 0x41, 0x08, 0x41, 0x08, 0x41, 0x08, 0x41,
    0x08, 0x41, 0x08, 0x41, 0x08, 0x41, 0x08, 0x41, 0x08, 0x41, 0x08, 0x41, 0x08, 0x41, 0x08, 0x41,
    0x08, 0x41, 0x08, 0x41, 0x08, 0x41, 0x08, 0x41, 0x08, 0x41, 0x08, 0x41, 0x08, 0x41, 0x08, 0x41,
    0x08, 0x41, 0x08, 0x41, 0x08, 0x41, 0x08, 0x41, 0x08, 0x41, 0x08, 0x41, 0x08, 0x41, 0x08, 0x41,
    0x08, 0x41, 0x08, 0x41, 0x08, 0x41, 0x08, 0x41, 0x08, 0x41, 0x08, 0x41, 0x08, 0x41, 0x08, 0x41,
    0x08, 0x41, 0x08, 0x41, 0x08, 0x41, 0x08, 0x41, 0x08, 0x41, 0x08, 0x41, 0x08, 0x41, 0x08, 0x41,
    0x08, 0x41, 0x08, 0x41, 0x08, 0x41, 0x08, 0x41, 0x08, 0x41, 0x08, 0x41, 0x08, 0x41, 0x08, 0x41,
    0x08, 0x41, 0x08, 0x41, 0x08, 0x41, 0x08, 0x41, 0x08, 0x41, 0x08, 0x41, 0x08, 0x41, 0x08, 0x41,
    0x08, 0x41, 0x08, 0x41, 0x08, 0x41, 0x08, 0x41, 0x08, 0x41, 0x08, 0x41, 0x08, 0x41, 0x08, 0x41,
    0x08, 0x41, 0x08, 0x41, 0x08, 0x41, 0x08, 0x41, 0x08, 0x41, 0x08, 0x41, 0x08, 0x41, 0x08, 0x41,
    0x08, 0x41, 0x08, 0x41, 0x08, 0x41, 0x08, 0x41, 0x08, 0x41, 0x08, 0x41, 0x08, 0x41, 0x08, 0x41,
    0x08, 0x41, 0x08, 0x41, 0x08, 0x41, 0x08, 0x41, 0x08, 0x41, 0x08, 0x41, 0x08, 0x41, 0x08, 0x41,
    0x08, 0x41, 0x08, 0x41, 0x08, 0x41, 0x08, 0x41, 0x08, 0x41, 0x08, 0x41, 0x08, 0x41, 0x08, 0x41,
    0x08, 0x41, 0x08, 0x41, 0x08, 0x41, 0x08, 0x41, 0x08, 0x41, 0x08, 0x41, 0x08, 0x41, 0x08, 0x41,
    0x08, 0x41, 0x08, 0x41, 0x08, 0x41, 0x08, 0x41, 0x08, 0x41, 0x08, 0x41, 0x08, 0x41, 0x08, 0x41,
    0x08, 0x41, 0x08, 0x41, 0x08, 0x41, 0x08, 0x41, 0x08, 0x41, 0x08, 0x41, 0x08, 0x41, 0x08, 0x41,
    0x08, 0x41, 0x08, 0x41, 0x08, 0x41, 0x08, 0x41, 0x08, 0x41, 0x08, 0x41, 0x08, 0x41, 0x08, 0x41,
    0x08, 0x41, 0x08, 0x41, 0x08, 0x41, 0x08, 0x41, 0x08, 0x41, 0x08, 0x41, 0x08, 0x41, 0x08, 0x41,
    0x08, 0x41, 0x08, 0x41, 0x08, 0x41, 0x08, 0x41, 0x08, 0x41, 0x08, 0x41, 0x08, 0x41, 0x08, 0x41,
    0x08, 0x41, 0x08, 0x41, 0x08, 0x41, 0x08, 0x41, 0x08, 0x41, 0x08, 0x41, 0x08, 0x41, 0x08, 0x41,
    0x08, 0x41, 0x08, 0x41, 0x08, 0x41, 0x08, 0x41, 0x08, 0x41, 0x08, 0x41, 0x08, 0x41, 0x08, 0x41,
    0x08, 0x41, 0x08, 0x41, 0x08, 0x41, 0x08, 0x41, 0x08, 0x41, 0x08, 0x41, 0x08, 0x41, 0x08, 0x41,
    0x08, 0x41, 0x08, 0x41, 0x08, 0x41, 0x08, 0x41, 0x08, 0x41, 0x08, 0x41, 0x08, 0x41, 0x08, 0x41,
    0x08, 0x41, 0x08, 0x41, 0x08, 0x41, 0x08, 0x41, 0x08, 0x41, 0x08, 0x41, 0x08, 0x41, 0x08, 0x41,
    0x08, 0x41, 0x08, 0x41, 0x08, 0x41, 0x08, 0x41, 0x08, 0x41, 0x08, 0x41, 0x08, 0x41, 0x08, 0x41,
    0x08, 0x41, 0x08, 0x41, 0x08, 0x41, 0x08, 0x41, 0x08, 0x41, 0x08, 0x41, 0x08, 0x41, 0x08, 0x41,
    0x08, 0x41, 0x08, 0x41, 0x08, 0x41, 0x08, 0x41, 0x08, 0x41, 0x08, 0x41, 0x08, 0x41, 0x08, 0x41,
    0x08, 0x41, 0x08, 0x41, 0x08, 0x41, 0x08, 0x41, 0x08, 0x41, 0x08, 0x41, 0x08, 0x41, 0x08, 0x41,
    0x08, 0x41, 0x08, 0x41, 0x08, 0x41, 0x08, 0x41, 0x08, 0x41, 0x08, 0x41, 0x08, 0x41, 0x08, 0x41,
    0x08, 0x41, 0x08, 0x41, 0x08, 0x41, 0x08, 0x41, 0x08, 0x41, 0x08, 0x41, 0x08, 0x41, 0x08, 0x41,
    0x08, 0x41, 0x08, 0x41, 0x08, 0x41, 0x08, 0x41, 0x08, 0x41, 0x08, 0x41, 0x08, 0x41, 0x08, 0x41,
    0x08, 0x41, 0x08, 0x41, 0x08, 0x41, 0x08, 0x41, 0x08, 0x41, 0x08, 0x41, 0x08, 0x41, 0x08, 0x41,
    0x08, 0x41, 0x08, 0x41, 0x08, 0x41, 0x08, 0x41, 0x08, 0x41, 0x08, 0x41, 0x08, 0x41, 0x08, 0x41,
    0x08, 0x41, 0x08, 0x41, 0x08, 0x41, 0x08, 0x41, 0x08, 0x41, 0x08, 0x41, 0x08, 0x41, 0x08, 0x41,
    0x08, 0x41, 0x08, 0x41, 0x08, 0x41, 0x08, 0x41, 0x08, 0x41, 0x08, 0x41, 0x08, 0x41, 0x08, 0x41,
    0x08, 0x41, 0x08, 0x41, 0x08, 0x41, 0x08, 0x41, 0x08, 0x41, 0x08, 0x41, 0x08, 0x41, 0x08, 0x41,
    0x08, 0x41, 0x08, 0x41, 0x08, 0x41, 0x08, 0x41, 0x08, 0x41, 0x08, 0x41, 0x08, 0x41, 0x08, 0x41,
    0x08, 0x41, 0x08, 0x41, 0x08, 0x41, 0x08, 0x41, 0x08, 0x41, 0x08, 0x41, 0x08, 0x41, 0x08, 0x41,
    0x08, 0x41, 0x08, 0x41, 0x08, 0x41, 0x08, 0x41, 0x08, 0x41, 0x08, 0x41, 0x08, 0x41, 0x08, 0x41,
    0x08, 0x41, 0x08, 0x41, 0x08, 0x41, 0x08, 0x41, 0x08, 0x41, 0x08, 0x41, 0x08, 0x41, 0x08, 0x41,
    0x08, 0x41, 0x08, 0x41, 0x08, 0x41, 0x08, 0x41, 0x08, 0x41, 0x08, 0x41, 0x08, 0x41, 0x08, 0x41,
    0x08, 0x41, 0x08, 0x41, 0x08, 0x41, 0x08, 0x41, 0x08, 0x41, 0x08, 0x41, 0x08, 0x41, 0x08, 0x41,
    0x08, 0x41, 0x08, 0x41, 0x08, 0x41, 0x08, 0x41, 0x08, 0x41, 0x08, 0x41, 0x08, 0x41, 0x08, 0x41,
    0x08, 0x41, 0x08, 0x41, 0x08, 0x41, 0x08, 0x41, 0x08, 0x41, 0x08, 0x41, 0x08, 0x41, 0x08, 0x41,
    0x08, 0x41, 0x08, 0x41, 0x08, 0x41, 0x08, 0x41, 0x08, 0x41, 0x08, 0x41, 0x08, 0x41, 0x08, 0x41,
    0x08, 0x41, 0x08, 0x41, 0x08, 0x41, 0x08, 0x41, 0x08, 0x41, 0x08, 0x41, 0x08, 0x41, 0x08, 0x41,
    0x08, 0x41, 0x08, 0x41, 0x08, 0x41, 0x08, 0x41, 0x08, 0x41, 0x08, 0x41, 0x08, 0x41, 0x08, 0x41,
    0x08, 0x41, 0x08, 0x41, 0x08, 0x41, 0x08, 0x41, 0x08, 0x41, 0x08, 0x41, 0x08, 0x41, 0x08, 0x41,
    0x08, 0x41, 0x08, 0x41, 0x08, 0x41, 0x08, 0x41, 0x08, 0x41, 0x08, 0x41, 0x08, 0x41, 0x08, 0x41,
    0x08, 0x41, 0x08, 0x41, 0x08, 0x41, 0x08, 0x41, 0x08, 0x41, 0x08, 0x41, 0x08, 0x41, 0x08, 0x41,
    0x08, 0x41, 0x08, 0x41, 0x08, 0x41, 0x08, 0x41, 0x08, 0x41, 0x08, 0x41, 0x08, 0x41, 0x08, 0x41,
    0x08, 0x41, 0x08, 0x41, 0x08, 0x41, 0x08, 0x41, 0x08, 0x41, 0x08, 0x41, 0x08, 0x41, 0x08, 0x41,
    0x08, 0x41, 0x08, 0x41, 0x08, 0x41, 0x08, 0x41, 0x08, 0x41, 0x08, 0x41, 0x08, 0x41, 0x08, 0x41,
    0x08, 0x41, 0x08, 0x41, 0x08, 0x41, 0x08, 0x41, 0x08, 0x41, 0x08, 0x41, 0x08, 0x41, 0x08, 0x41,
    0x08, 0x41, 0x08, 0x41, 0x08, 0x41, 0x08, 0x41, 0x08, 0x41, 0x08, 0x41, 0x08, 0x41, 0x08, 0x41,
    0x08, 0x41, 0x08, 0x41, 0x08, 0x41, 0x08, 0x41, 0x08, 0x41, 0x08, 0x41, 0x08, 0x41, 0x08, 0x41,
    0x08, 0x41, 0x08, 0x41, 0x08, 0x41, 0x08, 0x41, 0x08, 0x41, 0x08, 0x41, 0x08, 0x41, 0x08, 0x41,
    0x08, 0x41, 0x08, 0x41, 0x08, 0x41, 0x08, 0x41, 0x08, 0x41, 0x08, 0x41, 0x08, 0x41, 0x08, 0x41,
    0x08, 0x41, 0x08, 0x41, 0x08, 0x41, 0x08, 0x41, 0x08, 0x41, 0x08, 0x41, 0x08, 0x41, 0x08, 0x41,
    0x08, 0x41, 0x08, 0x41, 0x08, 0x41, 0x08, 0x41, 0x08, 0x41, 0x08, 0x41, 0x08, 0x41, 0x08, 0x41,
    0x08, 0x41, 0x08, 0x41, 0x08, 0x41, 0x08, 0x41, 0x08, 0x41, 0x08, 0x41, 0x08, 0x41, 0x08, 0x41,
    0x08, 0x41, 0x08, 0x41, 0x08, 0x41, 0x08, 0x41, 0x08, 0x41, 0x08, 0x41, 0x08, 0x41, 0x08, 0x41,
    0x08, 0x41, 0x08, 0x41, 0x08, 0x41, 0x08, 0x41, 0x08, 0x41, 0x08, 0x41, 0x08, 0x41, 0x08, 0x41,
    0x08, 0x41, 0x08, 0x41, 0x08, 0x41, 0x08, 0x41, 0x08, 0x41, 0x08, 0x41, 0x08, 0x41, 0x08, 0x41,
    0x08, 0x41, 0x08, 0x41, 0x08, 0x41, 0x08, 0x41, 0x08, 0x41, 0x08, 0x41, 0x08, 0x41, 0x08, 0x41,
    0x08, 0x41, 0x08, 0x41, 0x08, 0x41, 0x08, 0x41, 0x08, 0x41, 0x08, 0x41, 0x08, 0x41, 0x08, 0x41,
    0x08, 0x41, 0x08, 0x41, 0x08, 0x41, 0x08, 0x41, 0x08, 0x41, 0x08, 0x41, 0x08, 0x41, 0x08, 0x41,
    0x08, 0x41, 0x08, 0x41, 0x08, 0x41, 0x08, 0x41, 0x08, 0x41, 0x08, 0x41, 0x08, 0x41, 0x08, 0x41,
    0x08, 0x41, 0x08, 0x41, 0x08, 0x41, 0x08, 0x41, 0x08, 0x41, 0x08, 0x41, 0x08, 0x41, 0x08, 0x41,
    0x08, 0x41, 0x08, 0x41, 0x08, 0x41, 0x08, 0x41, 0x08, 0x41, 0x08, 0x41, 0x08, 0x41, 0x08, 0x41,
    0x08, 0x41, 0x08, 0x41, 0x08, 0x41, 0x08, 0x41, 0x08, 0x41, 0x08, 0x41, 0x08, 0x41, 0x08, 0x41,
    0x08, 0x41, 0x08, 0x41, 0x08, 0x41, 0x08, 0x41, 0x08, 0x41, 0x08, 0x41, 0x08, 0x41, 0x08, 0x41,
    0x08, 0x41, 0x08, 0x41, 0x08, 0x41, 0x08, 0x41, 0x08, 0x41, 0x08, 0x41, 0x08, 0x41, 0x08, 0x41,
    0x08, 0x41, 0x08, 0x41, 0x08, 0x41, 0x08, 0x41, 0x08, 0x41, 0x08, 0x41, 0x08, 0x41, 0x08, 0x41,
    0x08, 0x41, 0x08, 0x41, 0x08, 0x41, 0x08, 0x41, 0x08, 0x41, 0x08, 0x41, 0x08, 0x41, 0x08, 0x41,
    0x08, 0x41, 0x08, 0x41, 0x08, 0x41, 0x08, 0x41, 0x08, 0x41, 0x08, 0x41, 0x08, 0x41, 0x08, 0x41,
    0x08, 0x41, 0x08, 0x41, 0x08, 0x41, 0x08, 0x41, 0x08, 0x41, 0x08, 0x41, 0x08, 0x41, 0x08, 0x41,
    0x08, 0x41, 0x08, 0x41, 0x08, 0x41, 0x08, 0x41, 0x08, 0x41, 0x08, 0x41, 0x08, 0x41, 0x08, 0x41,
    0x08, 0x41, 0x08, 0x41, 0x08, 0x41, 0x08, 0x41, 0x08, 0x41, 0x08, 0x41, 0x08, 0x41, 0x08, 0x41,
    0x08, 0x41, 0x08, 0x41, 0x08, 0x41, 0x08, 0x41, 0x08, 0x41, 0x08, 0x41, 0x08, 0x41, 0x08, 0x41,
    0x08, 0x41, 0x08, 0x41, 0x08, 0x41, 0x08, 0x41, 0x08, 0x41, 0x08, 0x41, 0x08, 0x41, 0x08, 0x41,
    0x08, 0x41, 0x08, 0x41, 0x08, 0x41, 0x08, 0x41, 0x08, 0x41, 0x08, 0x41, 0x08, 0x41, 0x08, 0x41,
    0x08, 0x41, 0x08, 0x41, 0x08, 0x41, 0x08, 0x41, 0x08, 0x41, 0x08, 0x41, 0x08, 0x41, 0x08, 0x41,
    0x08, 0x41, 0x08, 0x41, 0x08, 0x41, 0x08, 0x41, 0x08, 0x41, 0x08, 0x41, 0x08, 0x41, 0x08, 0x41,
    0x08, 0x41, 0x08, 0x41, 0x08, 0x41, 0x08, 0x41, 0x08, 0x41, 0x08, 0x41, 0x08, 0x41, 0x08, 0x41,
    0x08, 0x41, 0x08, 0x41, 0x08, 0x41, 0x08, 0x41, 0x08, 0x41, 0x08, 0x41, 0x08, 0x41, 0x08, 0x41,
    0x08, 0x41, 0x08, 0x41, 0x08, 0x41, 0x08, 0x41, 0x08, 0x41, 0x08, 0x41, 0x08, 0x41, 0x08, 0x41,
    0x08, 0x41, 0x08, 0x41, 0x08, 0x41, 0x08, 0x41, 0x08, 0x41, 0x08, 0x41, 0x08, 0x41, 0x08, 0x41,
    0x08, 0x41, 0x08, 0x41, 0x08, 0x41, 0x08, 0x41, 0x08, 0x41, 0x08, 0x41, 0x08, 0x41, 0x08, 0x41,
    0x08, 0x41, 0x08, 0x41, 0x08, 0x41, 0x08, 0x41, 0x08, 0x41, 0x08, 0x41, 0x08, 0x41, 0x08, 0x41,
    0x08, 0x41, 0x08, 0x41, 0x08, 0x41, 0x08, 0x41, 0x08, 0x41, 0x08, 0x41, 0x08, 0x41, 0x08, 0x41,
    0x08, 0x41, 0x08, 0x41, 0x08, 0x41, 0x08, 0x41, 0x08, 0x41, 0x08, 0x41, 0x08, 0x41, 0x08, 0x41,
    0x08, 0x41, 0x08, 0x41, 0x08, 0x41, 0x08, 0x41, 0x08, 0x41, 0x08, 0x41, 0x08, 0x41, 0x08, 0x41,
    0x08, 0x41, 0x08, 0x41, 0x08, 0x41, 0x08, 0x41, 0x08, 0x41, 0x08, 0x41, 0x08, 0x41, 0x08, 0x41,
    0x08, 0x41, 0x08, 0x41, 0x08, 0x41, 0x08, 0x41, 0x08, 0x41, 0x08, 0x41, 0x08, 0x41, 0x08, 0x41,
    0x08, 0x41, 0x08, 0x41, 0x08, 0x41, 0x08, 0x41, 0x08, 0x41, 0x08, 0x41, 0x08, 0x41, 0x08, 0x41,
    0x08, 0x41, 0x08, 0x41, 0x08, 0x41, 0x08, 0x41, 0x08, 0x41, 0x08, 0x41, 0x08, 0x41, 0x08, 0x41,
    0x08, 0x41, 0x08, 0x41, 0x08, 0x41, 0x08, 0x41, 0x08, 0x41, 0x08, 0x41, 0x08, 0x41, 0x08, 0x41,
    0x08, 0x41, 0x08, 0x41, 0x08, 0x41, 0x08, 0x41, 0x08, 0x41, 0x08, 0x41, 0x08, 0x41, 0x08, 0x41,
    0x08, 0x41, 0x08, 0x41, 0x08, 0x41, 0x08, 0x41, 0x08, 0x41, 0x08, 0x41, 0x08, 0x41, 0x08, 0x41,
    0x08, 0x41, 0x08, 0x41, 0x08, 0x41, 0x08, 0x41, 0x08, 0x41, 0x08, 0x41, 0x08, 0x41, 0x08, 0x41,
    0x08, 0x41, 0x08, 0x41, 0x08, 0x41, 0x08, 0x41, 0x08, 0x41, 0x08, 0x41, 0x08, 0x41, 0x08, 0x41,
    0x08, 0x41, 0x08, 0x41, 0x08, 0x41, 0x08, 0x41, 0x08, 0x41, 0x08, 0x41, 0x08, 0x41, 0x08, 0x41,
    0x08, 0x41, 0x08, 0x41, 0x08, 0x41, 0x08, 0x41, 0x08, 0x41, 0x08, 0x41, 0x08, 0x41, 0x08, 0x41,
    0x08, 0x41, 0x08, 0x41, 0x08, 0x41, 0x08, 0x41, 0x08, 0x41, 0x08, 0x41, 0x08, 0x41, 0x08, 0x41,
    0x08, 0x41, 0x08, 0x41, 0x08, 0x41, 0x08, 0x41, 0x08, 0x41, 0x08, 0x41, 0x08, 0x41, 0x08, 0x41,
    0x08, 0x41, 0x08, 0x41, 0x08, 0x41, 0x08, 0x41, 0x08, 0x41, 0x08, 0x41, 0x08, 0x41, 0x08, 0x41,
    0x08, 0x41, 0x08, 0x41, 0x08, 0x41, 0x08, 0x41, 0x08, 0x41, 0x08, 0x41, 0x08, 0x41, 0x08, 0x41,
    0x08, 0x41, 0x08, 0x41, 0x08, 0x41, 0x08, 0x41, 0x08, 0x41, 0x08, 0x41, 0x08, 0x41, 0x08, 0x41,
    0x08, 0x41, 0x08, 0x41, 0x08, 0x41, 0x08, 0x41, 0x08, 0x41, 0x08, 0x41, 0x08, 0x41, 0x08, 0x41,
    0x08, 0x41, 0x08, 0x41, 0x08, 0x41, 0x08, 0x41, 0x08, 0x41, 0x08, 0x41, 0x08, 0x41, 0x08, 0x41,
    0x08, 0x41, 0x08, 0x41, 0x08, 0x41, 0x08, 0x41, 0x08, 0x41, 0x08, 0x41, 0x08, 0x41, 0x08, 0x41,
    0x08, 0x41, 0x08, 0x41, 0x08, 0x41, 0x08, 0x41, 0x08, 0x41, 0x08, 0x41, 0x08, 0x41, 0x08, 0x41,
    0x08, 0x41, 0x08, 0x41, 0x08, 0x41, 0x08, 0x41, 0x08, 0x41, 0x08, 0x41, 0x08, 0x41, 0x08, 0x41,
    0x08, 0x41, 0x08, 0x41, 0x08, 0x41, 0x08, 0x41, 0x08, 0x41, 0x08, 0x41, 0x08, 0x41, 0x08, 0x41,
    0x08, 0x41, 0x08, 0x41, 0x08, 0x41, 0x08, 0x41, 0x08, 0x41, 0x08, 0x41, 0x08, 0x41, 0x08, 0x41,
    0x08, 0x41, 0x08, 0x41, 0x08, 0x41, 0x08, 0x41, 0x08, 0x41, 0x08, 0x41, 0x08, 0x41, 0x08, 0x41,
    0x08, 0x41, 0x08, 0x41, 0x08, 0x41, 0x08, 0x41, 0x08, 0x41, 0x08, 0x41, 0x08, 0x41, 0x08, 0x41,
    0x08, 0x41, 0x08, 0x41, 0x08, 0x41, 0x08, 0x41, 0x08, 0x41, 0x08, 0x41, 0x08, 0x41, 0x08, 0x41,
    0x08, 0x41, 0x08, 0x41, 0x08, 0x41, 0x08, 0x41, 0x08, 0x41, 0x08, 0x41, 0x08, 0x41, 0x08, 0x41,
    0x08, 0x41, 0x08, 0x41, 0x08, 0x41, 0x08, 0x41, 0x08, 0x41, 0x08, 0x41, 0x08, 0x41, 0x08, 0x41,
    0x08, 0x41, 0x08, 0x41, 0x08, 0x41, 0x08, 0x41, 0x08, 0x41, 0x08, 0x41, 0x08, 0x41, 0x08, 0x41,
    0x08, 0x41, 0x08, 0x41, 0x08, 0x41, 0x08, 0x41, 0x08, 0x41, 0x08, 0x41, 0x08, 0x41, 0x08, 0x41,
    0x08, 0x41, 0x08, 0x41, 0x08, 0x41, 0x08, 0x41, 0x08, 0x41, 0x08, 0x41, 0x08, 0x41, 0x08, 0x41,
    0x08, 0x41, 0x08, 0x41, 0x08, 0x41, 0x08, 0x41, 0x08, 0x41, 0x08, 0x41, 0x08, 0x41, 0x08, 0x41,
    0x08, 0x41, 0x08, 0x41, 0x08, 0x41, 0x08, 0x41, 0x08, 0x41, 0x08, 0x41, 0x08, 0x41, 0x08, 0x41,
    0x08, 0x41, 0x08, 0x41, 0x08, 0x41, 0x08, 0x41, 0x08, 0x41, 0x08, 0x41, 0x08, 0x41, 0x08, 0x41,
    0x08, 0x41, 0x08, 0x41, 0x08, 0x41, 0x08, 0x41, 0x08, 0x41, 0x08, 0x41, 0x08, 0x41, 0x08, 0x41,
    0x08, 0x41, 0x08, 0x41, 0x08, 0x41, 0x08, 0x41, 0x08, 0x41, 0x08, 0x41, 0x08, 0x41, 0x08, 0x41,
    0x08, 0x41, 0x08, 0x41, 0x08, 0x41, 0x08, 0x41, 0x08, 0x41, 0x08, 0x41, 0x08, 0x41, 0x08, 0x41,
    0x08, 0x41, 0x08, 0x41, 0x08, 0x41, 0x08, 0x41, 0x08, 0x41, 0x08, 0x41, 0x08, 0x41, 0x08, 0x41,
    0x08, 0x41, 0x08, 0x41, 0x08, 0x41, 0x08, 0x41, 0x08, 0x41, 0x08, 0x41, 0x08, 0x41, 0x08, 0x41,
    0x08, 0x41, 0x08, 0x41, 0x08, 0x41, 0x08, 0x41, 0x08, 0x41, 0x08, 0x41, 0x08, 0x41, 0x08, 0x41,
    0x08, 0x41, 0x08, 0x41, 0x08, 0x41, 0x08, 0x41, 0x08, 0x41, 0x08, 0x41, 0x08, 0x41, 0x08, 0x41,
    0x08, 0x41, 0x08, 0x41, 0x08, 0x41, 0x08, 0x41, 0x08, 0x41, 0x08, 0x41, 0x08, 0x41, 0x08, 0x41,
    0x08, 0x41, 0x08, 0x41, 0x08, 0x41, 0x08, 0x41, 0x08, 0x41, 0x08, 0x41, 0x08, 0x41, 0x08, 0x41,
    0x08, 0x41, 0x08, 0x41, 0x08, 0x41, 0x08, 0x41, 0x08, 0x41, 0x08, 0x41, 0x08, 0x41, 0x08, 0x41,
    0x08, 0x41, 0x08, 0x41, 0x08, 0x41, 0x08, 0x41, 0x08, 0x41, 0x08, 0x41, 0x08, 0x41, 0x08, 0x41,
    0x08, 0x41, 0x08, 0x41, 0x08, 0x41, 0x08, 0x41, 0x08, 0x41, 0x08, 0x41, 0x08, 0x41, 0x08, 0x41,
    0x08, 0x41, 0x08, 0x41, 0x08, 0x41, 0x08, 0x41, 0x08, 0x41, 0x08, 0x41, 0x08, 0x41, 0x08, 0x41,
    0x08, 0x41, 0x08, 0x41, 0x08, 0x41, 0x08, 0x41, 0x08, 0x41, 0x08, 0x41, 0x08, 0x41, 0x08, 0x41,
    0x08, 0x41, 0x08, 0x41, 0x08, 0x41, 0x08, 0x41, 0x08, 0x41, 0x08, 0x41, 0x08, 0x41, 0x08, 0x41,
    0x08, 0x41, 0x08, 0x41, 0x08, 0x41, 0x08, 0x41, 0x08, 0x41, 0x08, 0x41, 0x08, 0x41, 0x08, 0x41,
    0x08, 0x41, 0x08, 0x41, 0x08, 0x41, 0x08, 0x41, 0x08, 0x41, 0x08, 0x41, 0x08, 0x41, 0x08, 0x41,
    0x08, 0x41, 0x08, 0x41, 0x08, 0x41, 0x08, 0x41, 0x08, 0x41, 0x08, 0x41, 0x08, 0x41, 0x08, 0x41,
    0x08, 0x41, 0x08, 0x41, 0x08, 0x41, 0x08, 0x41, 0x08, 0x41, 0x08, 0x41, 0x08, 0x41, 0x08, 0x41,
    0x08, 0x41, 0x08, 0x41, 0x08, 0x41, 0x08, 0x41, 0x08, 0x41, 0x08, 0x41, 0x08, 0x41, 0x08, 0x41,
    0x08, 0x41, 0x08, 0x41, 0x08, 0x41, 0x08, 0x41, 0x08, 0x41, 0x08, 0x41, 0x08, 0x41, 0x08, 0x41,
    0x08, 0x41, 0x08, 0x41, 0x08, 0x41, 0x08, 0x41, 0x08, 0x41, 0x08, 0x41, 0x08, 0x41, 0x08, 0x41,
    0x08, 0x41, 0x08, 0x41, 0x08, 0x41, 0x08, 0x41, 0x08, 0x41, 0x08, 0x41, 0x08, 0x41, 0x08, 0x41,
    0x08, 0x41, 0x08, 0x41, 0x08, 0x41, 0x08, 0x41, 0x08, 0x41, 0x08, 0x41, 0x08, 0x41, 0x08, 0x41,
    0x08, 0x41, 0x08, 0x41, 0x08, 0x41, 0x08, 0x41, 0x08, 0x41, 0x08, 0x41, 0x08, 0x41, 0x08, 0x41,
    0x08, 0x41, 0x08, 0x41, 0x08, 0x41, 0x08, 0x41, 0x08, 0x41, 0x08, 0x41, 0x08, 0x41, 0x08, 0x41,
    0x08, 0x41, 0x08, 0x41, 0x08, 0x41, 0x08, 0x41, 0x08, 0x41, 0x08, 0x41, 0x08, 0x41, 0x08, 0x41,
    0x08, 0x41, 0x08, 0x41, 0x08, 0x41, 0x08, 0x41, 0x08, 0x41, 0x08, 0x41, 0x08, 0x41, 0x08, 0x41,
    0x08, 0x41, 0x08, 0x41, 0x08, 0x41, 0x08, 0x41, 0x08, 0x41, 0x08, 0x41, 0x08, 0x41, 0x08, 0x41,
    0x08, 0x41, 0x08, 0x41, 0x08, 0x41, 0x08, 0x41, 0x08, 0x41, 0x08, 0x41, 0x08, 0x41, 0x08, 0x41,
    0x08, 0x41, 0x08, 0x41, 0x08, 0x41, 0x08, 0x41, 0x08, 0x41, 0x08, 0x41, 0x08, 0x41, 0x08, 0x41,
    0x08, 0x41, 0x08, 0x41, 0x08, 0x41, 0x08, 0x41, 0x08, 0x41, 0x08, 0x41, 0x08, 0x41, 0x08, 0x41,
    0x08, 0x41, 0x08, 0x41, 0x08, 0x41, 0x08, 0x41, 0x08, 0x41, 0x08, 0x41, 0x08, 0x41, 0x08, 0x41,
    0x08, 0x41, 0x08, 0x41, 0x08, 0x41, 0x08, 0x41, 0x08, 0x41, 0x08, 0x41, 0x08, 0x41, 0x08, 0x41,
    0x08, 0x41, 0x08, 0x41, 0x08, 0x41, 0x08, 0x41, 0x08, 0x41, 0x08, 0x41, 0x08, 0x41, 0x08, 0x41,
    0x08, 0x41, 0x08, 0x41, 0x08, 0x41, 0x08, 0x41, 0x08, 0x41, 0x08, 0x41, 0x08, 0x41, 0x08, 0x41,
    0x08, 0x41, 0x08, 0x41, 0x08, 0x41, 0x08, 0x41, 0x08, 0x41, 0x08, 0x41, 0x08, 0x41, 0x08, 0x41,
    0x08, 0x41, 0x08, 0x41, 0x08, 0x41, 0x08, 0x41, 0x08, 0x41, 0x08, 0x41, 0x08, 0x41, 0x08, 0x41,
    0x08, 0x41, 0x08, 0x41, 0x08, 0x41, 0x08, 0x41, 0x08, 0x41, 0x08, 0x41, 0x08, 0x41, 0x08, 0x41,
    0x08, 0x41, 0x08, 0x41, 0x08, 0x41, 0x08, 0x41, 0x08, 0x41, 0x08, 0x41, 0x08, 0x41, 0x08, 0x41,
    0x08, 0x41, 0x08, 0x41, 0x08, 0x41, 0x08, 0x41, 0x08, 0x41, 0x08, 0x41, 0x08, 0x41, 0x08, 0x41,
    0x08, 0x41, 0x08, 0x41, 0x08, 0x41, 0x08, 0x41, 0x08, 0x41, 0x08, 0x41, 0x08, 0x41, 0x08, 0x41,
    0x08, 0x41, 0x08, 0x41, 0x08, 0x41, 0x08, 0x41, 0x08, 0x41, 0x08, 0x41, 0x08, 0x41, 0x08, 0x41,
    0x08, 0x41, 0x08, 0x41, 0x08, 0x41, 0x08, 0x41, 0x08, 0x41, 0x08, 0x41, 0x08, 0x41, 0x08, 0x41,
    0x08, 0x41, 0x08, 0x41, 0x08, 0x41, 0x08, 0x41, 0x08, 0x41, 0x08, 0x41, 0x08, 0x41, 0x08, 0x41,
    0x08, 0x41, 0x08, 0x41, 0x08, 0x41, 0x08, 0x41, 0x08, 0x41, 0x08, 0x41, 0x08, 0x41, 0x08, 0x41,
    0x08, 0x41, 0x08, 0x41, 0x08, 0x41, 0x08, 0x41, 0x08, 0x41, 0x08, 0x41, 0x08, 0x41, 0x08, 0x41,
    0x08, 0x41, 0x08, 0x41, 0x08, 0x41, 0x08, 0x41, 0x08, 0x41, 0x08, 0x41, 0x08, 0x41, 0x08, 0x41,
    0x08, 0x41, 0x08, 0x41, 0x08, 0x41, 0x08, 0x41, 0x08, 0x41, 0x08, 0x41, 0x08, 0x41, 0x08, 0x41,
    0x08, 0x41, 0x08, 0x41, 0x08, 0x41, 0x08, 0x41, 0x08, 0x41, 0x08, 0x41, 0x08, 0x41, 0x08, 0x41,
    0x08, 0x41, 0x08, 0x41, 0x08, 0x41, 0x08, 0x41, 0x08, 0x41, 0x08, 0x41, 0x08, 0x41, 0x08, 0x41,
    0x08, 0x41, 0x08, 0x41, 0x08, 0x41, 0x08, 0x41, 0x08, 0x41, 0x08, 0x41, 0x08, 0x41, 0x08, 0x41,
    0x08, 0x41, 0x08, 0x41, 0x08, 0x41, 0x08, 0x41, 0x08, 0x41, 0x08, 0x41, 0x08, 0x41, 0x08, 0x41,
    0x08, 0x41, 0x08, 0x41, 0x08, 0x41, 0x08, 0x41, 0x08, 0x41, 0x08, 0x41, 0x08, 0x41, 0x08, 0x41,
    0x08, 0x41, 0x08, 0x41, 0x08, 0x41, 0x08, 0x41, 0x08, 0x41, 0x08, 0x41, 0x08, 0x41, 0x08, 0x41,
    0x08, 0x41, 0x08, 0x41, 0x08, 0x41, 0x08, 0x41, 0x08, 0x41, 0x08, 0x41, 0x08, 0x41, 0x08, 0x41,
    0x08, 0x41, 0x08, 0x41, 0x08, 0x41, 0x08, 0x41, 0x08, 0x41, 0x08, 0x41, 0x08, 0x41, 0x08, 0x41,
    0x08, 0x41, 0x08, 0x41, 0x08, 0x41, 0x08, 0x41, 0x08, 0x41, 0x08, 0x41, 0x08, 0x41, 0x08, 0x41,
    0x08, 0x41, 0x08, 0x41, 0x08, 0x41, 0x08, 0x41, 0x08, 0x41, 0x08, 0x41, 0x08, 0x41, 0x08, 0x41,
    0x08, 0x41, 0x08, 0x41, 0x08, 0x41, 0x08, 0x41, 0x08, 0x41, 0x08, 0x41, 0x08, 0x41, 0x08, 0x41,
    0x08, 0x41, 0x08, 0x41, 0x08, 0x41, 0x08, 0x41, 0x08, 0x41, 0x08, 0x41, 0x08, 0x41, 0x08, 0x41,
    0x08, 0x41, 0x08, 0x41, 0x08, 0x41, 0x08, 0x41, 0x08, 0x41, 0x08, 0x41, 0x08, 0x41, 0x08, 0x41,
    0x08, 0x41, 0x08, 0x41, 0x08, 0x41, 0x08, 0x41, 0x08, 0x41, 0x08, 0x41, 0x08, 0x41, 0x08, 0x41,
    0x08, 0x41, 0x08, 0x41, 0x08, 0x41, 0x08, 0x41, 0x08, 0x41, 0x08, 0x41, 0x08, 0x41, 0x08, 0x41,
    0x08, 0x41, 0x08, 0x41, 0x08, 0x41, 0x08, 0x41, 0x08, 0x41, 0x08, 0x41, 0x08, 0x41, 0x08, 0x41,
    0x08, 0x41, 0x08, 0x41, 0x08, 0x41, 0x08, 0x41, 0x08, 0x41, 0x08, 0x41, 0x08, 0x41, 0x08, 0x41,
    0x08, 0x41, 0x08, 0x41, 0x08, 0x41, 0x08, 0x41, 0x08, 0x41, 0x08, 0x41, 0x08, 0x41, 0x08, 0x41,
    0x08, 0x41, 0x08, 0x41, 0x08, 0x41, 0x08, 0x41, 0x08, 0x41, 0x08, 0x41, 0x08, 0x41, 0x08, 0x41,
    0x08, 0x41, 0x08, 0x41, 0x08, 0x41, 0x08, 0x41, 0x08, 0x41, 0x08, 0x41, 0x08, 0x41, 0x08, 0x41,
    0x08, 0x41, 0x08, 0x41, 0x08, 0x41, 0x08, 0x41, 0x08, 0x41, 0x08, 0x41, 0x08, 0x41, 0x08, 0x41,
    0x08, 0x41, 0x08, 0x41, 0x08, 0x41, 0x08, 0x41, 0x08, 0x41, 0x08, 0x41, 0x08, 0x41, 0x08, 0x41,
    0x08, 0x41, 0x08, 0x41, 0x08, 0x41, 0x08, 0x41, 0x08, 0x41, 0x08, 0x41, 0x08, 0x41, 0x08, 0x41,
    0x08, 0x41, 0x08, 0x41, 0x08, 0x41, 0x08, 0x41, 0x08, 0x41, 0x08, 0x41, 0x08, 0x41, 0x08, 0x41,
    0x08, 0x41, 0x08, 0x41, 0x08, 0x41, 0x08, 0x41, 0x08, 0x41, 0x08, 0x41, 0x08, 0x41, 0x08, 0x41,
    0x08, 0x41, 0x08, 0x41, 0x08, 0x41, 0x08, 0x41, 0x08, 0x41, 0x08, 0x41, 0x08, 0x41, 0x08, 0x41,
    0x08, 0x41, 0x08, 0x41, 0x08, 0x41, 0x08, 0x41, 0x08, 0x41, 0x08, 0x41, 0x08, 0x41, 0x08, 0x41,
    0x08, 0x41, 0x08, 0x41, 0x08, 0x41, 0x08, 0x41, 0x08, 0x41, 0x08, 0x41, 0x08, 0x41, 0x08, 0x41,
    0x08, 0x41, 0x08, 0x41, 0x08, 0x41, 0x08, 0x41, 0x08, 0x41, 0x08, 0x41, 0x08, 0x41, 0x08, 0x41,
    0x08, 0x41, 0x08, 0x41, 0x08, 0x41, 0x08, 0x41, 0x08, 0x41, 0x08, 0x41, 0x08, 0x41, 0x08, 0x41,
    0x08, 0x41, 0x08, 0x41, 0x08, 0x41, 0x08, 0x41, 0x08, 0x41, 0x08, 0x41, 0x08, 0x41, 0x08, 0x41,
    0x08, 0x41, 0x08, 0x41, 0x08, 0x41, 0x08, 0x41, 0x08, 0x41, 0x08, 0x41, 0x08, 0x41, 0x08, 0x41,
    0x08, 0x41, 0x08, 0x41, 0x08, 0x41, 0x08, 0x41, 0x08, 0x41, 0x08, 0x41, 0x08, 0x41, 0x08, 0x41,
    0x08, 0x41, 0x08, 0x41, 0x08, 0x41, 0x08, 0x41, 0x08, 0x41, 0x08, 0x41, 0x08, 0x41, 0x08, 0x41,
    0x08, 0x41, 0x08, 0x41, 0x08, 0x41, 0x08, 0x41, 0x08, 0x41, 0x08, 0x41, 0x08, 0x41, 0x08, 0x41,
    0x08, 0x41, 0x08, 0x41, 0x08, 0x41, 0x08, 0x41, 0x08, 0x41, 0x08, 0x41, 0x08, 0x41, 0x08, 0x41,
    0x08, 0x41, 0x08, 0x41, 0x08, 0x41, 0x08, 0x41, 0x08, 0x41, 0x08, 0x41, 0x08, 0x41, 0x08, 0x41,
    0x08, 0x41, 0x08, 0x41, 0x08, 0x41, 0x08, 0x41, 0x08, 0x41, 0x08, 0x41, 0x08, 0x41, 0x08, 0x41,
    0x08, 0x41, 0x08, 0x41, 0x08, 0x41, 0x08, 0x41, 0x08, 0x41, 0x08, 0x41, 0x08, 0x41, 0x08, 0x41,
    0x08, 0x41, 0x08, 0x41, 0x08, 0x41, 0x08, 0x41, 0x08, 0x41, 0x08, 0x41, 0x08, 0x41, 0x08, 0x41,
    0x08, 0x41, 0x08, 0x41, 0x08, 0x41, 0x08, 0x41, 0x08, 0x41, 0x08, 0x41, 0x08, 0x41, 0x08, 0x41,
    0x08, 0x41, 0x08, 0x41, 0x08, 0x41, 0x08, 0x41, 0x08, 0x41, 0x08, 0x41, 0x08, 0x41, 0x08, 0x41,
    0x08, 0x41, 0x08, 0x41, 0x08, 0x41, 0x08, 0x41, 0x08, 0x41, 0x08, 0x41, 0x08, 0x41, 0x08, 0x41,
    0x08, 0x41, 0x08, 0x41, 0x08, 0x41, 0x08, 0x41, 0x08, 0x41, 0x08, 0x41, 0x08, 0x41, 0x08, 0x41,
    0x08, 0x41, 0x08, 0x41, 0x08, 0x41, 0x08, 0x41, 0x08, 0x41, 0x08, 0x41, 0x08, 0x41, 0x08, 0x41,
    0x08, 0x41, 0x08, 0x41, 0x08, 0x41, 0x08, 0x41, 0x08, 0x41, 0x08, 0x41, 0x08, 0x41, 0x08, 0x41,
    0x08, 0x41, 0x08, 0x41, 0x08, 0x41, 0x08, 0x41, 0x08, 0x41, 0x08, 0x41, 0x08, 0x41, 0x08, 0x41,
    0x08, 0x41, 0x08, 0x41, 0x08, 0x41, 0x08, 0x41, 0x08, 0x41, 0x08, 0x41, 0x08, 0x41, 0x08, 0x41,
    0x08, 0x41, 0x08, 0x41, 0x08, 0x41, 0x08, 0x41, 0x08, 0x41, 0x08, 0x41, 0x08, 0x41, 0x08, 0x41,
    0x08, 0x41, 0x08, 0x41, 0x08, 0x41, 0x08, 0x41, 0x08, 0x41, 0x08, 0x41, 0x08, 0x41, 0x08, 0x41,
    0x08, 0x41, 0x08, 0x41, 0x08, 0x41, 0x08, 0x41, 0x08, 0x41, 0x08, 0x41, 0x08, 0x41, 0x08, 0x41,
    0x08, 0x41, 0x08, 0x41, 0x08, 0x41, 0x08, 0x41, 0x08, 0x41, 0x08, 0x41, 0x08, 0x41, 0x08, 0x41,
    0x08, 0x41, 0x08, 0x41, 0x08, 0x41, 0x08, 0x41, 0x08, 0x41, 0x08, 0x41, 0x08, 0x41, 0x08, 0x41,
    0x08, 0x41, 0x08, 0x41, 0x08, 0x41, 0x08, 0x41, 0x08, 0x41, 0x08, 0x41, 0x08, 0x41, 0x08, 0x41,
    0x08, 0x41, 0x08, 0x41, 0x08, 0x41, 0x08, 0x41, 0x08, 0x41, 0x08, 0x41, 0x08, 0x41, 0x08, 0x41,
    0x08, 0x41, 0x08, 0x41, 0x08, 0x41, 0x08, 0x41, 0x08, 0x41, 0x08, 0x41, 0x08, 0x41, 0x08, 0x41,
    0x08, 0x41, 0x08, 0x41, 0x08, 0x41, 0x08, 0x41, 0x08, 0x41, 0x08, 0x41, 0x08, 0x41, 0x08, 0x41,
    0x08, 0x41, 0x08, 0x41, 0x08, 0x41, 0x08, 0x41, 0x08, 0x41, 0x08, 0x41, 0x08, 0x41, 0x08, 0x41,
    0x08, 0x41, 0x08, 0x41, 0x08, 0x41, 0x08, 0x41, 0x08, 0x41, 0x08, 0x41, 0x08, 0x41, 0x08, 0x41,
    0x08, 0x41, 0x08, 0x41, 0x08, 0x41, 0x08, 0x41, 0x08, 0x41, 0x08, 0x41, 0x08, 0x41, 0x08, 0x41,
    0x08, 0x41, 0x08, 0x41, 0x08, 0x41, 0x08, 0x41, 0x08, 0x41, 0x08, 0x41, 0x08, 0x41, 0x08, 0x41,
    0x08, 0x41, 0x08, 0x41, 0x08, 0x41, 0x08, 0x41, 0x08, 0x41, 0x08, 0x41, 0x08, 0x41, 0x08, 0x41,
    0x08, 0x41, 0x08, 0x41, 0x08, 0x41, 0x08, 0x41, 0x08, 0x41, 0x08, 0x41, 0x08, 0x41, 0x08, 0x41,
    0x08, 0x41, 0x08, 0x41, 0x08, 0x41, 0x08, 0x41, 0x08, 0x41, 0x08, 0x41, 0x08, 0x41, 0x08, 0x41,
    0x08, 0x41, 0x08, 0x41, 0x08, 0x41, 0x08, 0x41, 0x08, 0x41, 0x08, 0x41, 0x08, 0x41, 0x08, 0x41,
    0x08, 0x41, 0x08, 0x41, 0x08, 0x41, 0x08, 0x41, 0x08, 0x41, 0x08, 0x41, 0x08, 0x41, 0x08, 0x41,
    0x08, 0x41, 0x08, 0x41, 0x08, 0x41, 0x08, 0x41, 0x08, 0x41, 0x08, 0x41, 0x08, 0x41, 0x08, 0x41,
    0x08, 0x41, 0x08, 0x41, 0x08, 0x41, 0x08, 0x41, 0x08, 0x41, 0x08, 0x41, 0x08, 0x41, 0x08, 0x41,
    0x08, 0x41, 0x08, 0x41, 0x08, 0x41, 0x08, 0x41, 0x08, 0x41, 0x08, 0x41, 0x08, 0x41, 0x08, 0x41,
    0x08, 0x41, 0x08, 0x41, 0x08, 0x41, 0x08, 0x41, 0x08, 0x41, 0x08, 0x41, 0x08, 0x41, 0x08, 0x41,
    0x08, 0x41, 0x08, 0x41, 0x08, 0x41, 0x08, 0x41, 0x08, 0x41, 0x08, 0x41, 0x08, 0x41, 0x08, 0x41,
    0x08, 0x41, 0x08, 0x41, 0x08, 0x41, 0x08, 0x41, 0x08, 0x41, 0x08, 0x41, 0x08, 0x41, 0x08, 0x41,
    0x08, 0x41, 0x08, 0x41, 0x08, 0x41, 0x08, 0x41, 0x08, 0x41, 0x08, 0x41, 0x08, 0x41, 0x08, 0x41,
    0x08, 0x41, 0x08, 0x41, 0x08, 0x41, 0x08, 0x41, 0x08, 0x41, 0x08, 0x41, 0x08, 0x41, 0x08, 0x41,
    0x08, 0x41, 0x08, 0x41, 0x08, 0x41, 0x08, 0x41, 0x08, 0x41, 0x08, 0x41, 0x08, 0x41, 0x08, 0x41,
    0x08, 0x41, 0x08, 0x41, 0x08, 0x41, 0x08, 0x41, 0x08, 0x41, 0x08, 0x41, 0x08, 0x41, 0x08, 0x41,
    0x08, 0x41, 0x08, 0x41, 0x08, 0x41, 0x08, 0x41, 0x08, 0x41, 0x08, 0x41, 0x08, 0x41, 0x08, 0x41,
    0x08, 0x41, 0x08, 0x41, 0x08, 0x41, 0x08, 0x41, 0x08, 0x41, 0x08, 0x41, 0x08, 0x41, 0x08, 0x41,
    0x08, 0x41, 0x08, 0x41, 0x08, 0x41, 0x08, 0x41, 0x08, 0x41, 0x08, 0x41, 0x08, 0x41, 0x08, 0x41,
    0x08, 0x41, 0x08, 0x41, 0x08, 0x41, 0x08, 0x41, 0x08, 0x41, 0x08, 0x41, 0x08, 0x41, 0x08, 0x41,
    0x08, 0x41, 0x08, 0x41, 0x08, 0x41, 0x08, 0x41, 0x08, 0x41, 0x08, 0x41, 0x08, 0x41, 0x08, 0x41,
    0x08, 0x41, 0x08, 0x41, 0x08, 0x41, 0x08, 0x41, 0x08, 0x41, 0x08, 0x41, 0x08, 0x41, 0x08, 0x41,
    0x08, 0x41, 0x08, 0x41, 0x08, 0x41, 0x08, 0x41, 0x08, 0x41, 0x08, 0x41, 0x08, 0x41, 0x08, 0x41,
    0x08, 0x41, 0x08, 0x41, 0x08, 0x41, 0x08, 0x41, 0x08, 0x41, 0x08, 0x41, 0x08, 0x41, 0x08, 0x41,
    0x08, 0x41, 0x08, 0x41, 0x08, 0x41, 0x08, 0x41, 0x08, 0x41, 0x08, 0x41, 0x08, 0x41, 0x08, 0x41,
    0x08, 0x41, 0x08, 0x41, 0x08, 0x41, 0x08, 0x41, 0x08, 0x41, 0x08, 0x41, 0x08, 0x41, 0x08, 0x41,
    0x08, 0x41, 0x08, 0x41, 0x08, 0x41, 0x08, 0x41, 0x08, 0x41, 0x08, 0x41, 0x08, 0x41, 0x08, 0x41,
    0x08, 0x41, 0x08, 0x41, 0x08, 0x41, 0x08, 0x41, 0x08, 0x41, 0x08, 0x41, 0x08, 0x41, 0x08, 0x41,
    0x08, 0x41, 0x08, 0x41, 0x08, 0x41, 0x08, 0x41, 0x08, 0x41, 0x08, 0x41, 0x08, 0x41, 0x08, 0x41,
    0x08, 0x41, 0x08, 0x41, 0x08, 0x41, 0x08, 0x41, 0x08, 0x41, 0x08, 0x41, 0x08, 0x41, 0x08, 0x41,
    0x08, 0x41, 0x08, 0x41, 0x08, 0x41, 0x08, 0x41, 0x08, 0x41, 0x08, 0x41, 0x08, 0x41, 0x08, 0x41,
    0x08, 0x41, 0x08, 0x41, 0x08, 0x41, 0x08, 0x41, 0x08, 0x41, 0x08, 0x41, 0x08, 0x41, 0x08, 0x41,
    0x08, 0x41, 0x08, 0x41, 0x08, 0x41, 0x08, 0x41, 0x08, 0x41, 0x08, 0x41, 0x08, 0x41, 0x08, 0x41,
    0x08, 0x41, 0x08, 0x41, 0x08, 0x41, 0x08, 0x41, 0x08, 0x41, 0x08, 0x41, 0x08, 0x41, 0x08, 0x41,
    0x08, 0x41, 0x08, 0x41, 0x08, 0x41, 0x08, 0x41, 0x08, 0x41, 0x08, 0x41, 0x08, 0x41, 0x08, 0x41,
    0x08, 0x41, 0x08, 0x41, 0x08, 0x41, 0x08, 0x41, 0x08, 0x41, 0x08, 0x41, 0x08, 0x41, 0x08, 0x41,
    0x08, 0x41, 0x08, 0x41, 0x08, 0x41, 0x08, 0x41, 0x08, 0x41, 0x08, 0x41, 0x08, 0x41, 0x08, 0x41,
    0x08, 0x41, 0x08, 0x41, 0x08, 0x41, 0x08, 0x41, 0x08, 0x41, 0x08, 0x41, 0x08, 0x41, 0x08, 0x41,
    0x08, 0x41, 0x08, 0x41, 0x08, 0x41, 0x08, 0x41, 0x08, 0x41, 0x08, 0x41, 0x08, 0x41, 0x08, 0x41,
    0x08, 0x41, 0x08, 0x41, 0x08, 0x41, 0x08, 0x41, 0x08, 0x41, 0x08, 0x41, 0x08, 0x41, 0x08, 0x41,
    0x08, 0x41, 0x08, 0x41, 0x08, 0x41, 0x08, 0x41, 0x08, 0x41, 0x08, 0x41, 0x08, 0x41, 0x08, 0x41,
    0x08, 0x41, 0x08, 0x41, 0x08, 0x41, 0x08, 0x41, 0x08, 0x41, 0x08, 0x41, 0x08, 0x41, 0x08, 0x41,
    0x08, 0x41, 0x08, 0x41, 0x08, 0x41, 0x08, 0x41, 0x08, 0x41, 0x08, 0x41, 0x08, 0x41, 0x08, 0x41,
    0x08, 0x41, 0x08, 0x41, 0x08, 0x41, 0x08, 0x41, 0x08, 0x41, 0x08, 0x41, 0x08, 0x41, 0x08, 0x41,
    0x08, 0x41, 0x08, 0x41, 0x08, 0x41, 0x08, 0x41, 0x08, 0x41, 0x08, 0x41, 0x08, 0x41, 0x08, 0x41,
    0x08, 0x41, 0x08, 0x41, 0x08, 0x41, 0x08, 0x41, 0x08, 0x41, 0x08, 0x41, 0x08, 0x41, 0x08, 0x41,
    0x08, 0x41, 0x08, 0x41, 0x08, 0x41, 0x08, 0x41, 0x08, 0x41, 0x08, 0x41, 0x08, 0x41, 0x08, 0x41,
    0x08, 0x41, 0x08, 0x41, 0x08, 0x41, 0x08, 0x41, 0x08, 0x41, 0x08, 0x41, 0x08, 0x41, 0x08, 0x41,
    0x08, 0x41, 0x08, 0x41, 0x08, 0x41, 0x08, 0x41, 0x08, 0x41, 0x08, 0x41, 0x08, 0x41, 0x08, 0x41,
    0x08, 0x41, 0x08, 0x41, 0x08, 0x41, 0x08, 0x41, 0x08, 0x41, 0x08, 0x41, 0x08, 0x41, 0x08, 0x41,
    0x08, 0x41, 0x08, 0x41, 0x08, 0x41, 0x08, 0x41, 0x08, 0x41, 0x08, 0x41, 0x08, 0x41, 0x08, 0x41,
    0x08, 0x41, 0x08, 0x41, 0x08, 0x41, 0x08, 0x41, 0x08, 0x41, 0x08, 0x41, 0x08, 0x41, 0x08, 0x41,
    0x08, 0x41, 0x08, 0x41, 0x08, 0x41, 0x08, 0x41, 0x08, 0x41, 0x08, 0x41, 0x08, 0x41, 0x08, 0x41,
    0x08, 0x41, 0x08, 0x41, 0x08, 0x41, 0x08, 0x41, 0x08, 0x41, 0x08, 0x41, 0x08, 0x41, 0x08, 0x41,
    0x08, 0x41, 0x08, 0x41, 0x08, 0x41, 0x08, 0x41, 0x08, 0x41, 0x08, 0x41, 0x08, 0x41, 0x08, 0x41,
    0x08, 0x41, 0x08, 0x41, 0x08, 0x41, 0x08, 0x41, 0x08, 0x41, 0x08, 0x41, 0x08, 0x41, 0x08, 0x41,
    0x08, 0x41, 0x08, 0x41, 0x08, 0x41, 0x08, 0x41, 0x08, 0x41, 0x08, 0x41, 0x08, 0x41, 0x08, 0x41,
    0x08, 0x41, 0x08, 0x41, 0x08, 0x41, 0x08, 0x41, 0x08, 0x41, 0x08, 0x41, 0x08, 0x41, 0x08, 0x41,
    0x08, 0x41, 0x08, 0x41, 0x08, 0x41, 0x08, 0x41, 0x08, 0x41, 0x08, 0x41, 0x08, 0x41, 0x08, 0x41,
    0x08, 0x41, 0x08, 0x41, 0x08, 0x41, 0x08, 0x41, 0x08, 0x41, 0x08, 0x41, 0x08, 0x41, 0x08, 0x41,
    0x08, 0x41, 0x08, 0x41, 0x08, 0x41, 0x08, 0x41, 0x08, 0x41, 0x08, 0x41, 0x08, 0x41, 0x08, 0x41,
    0x08, 0x41, 0x08, 0x41, 0x08, 0x41, 0x08, 0x41, 0x08, 0x41, 0x08, 0x41, 0x08, 0x41, 0x08, 0x41,
    0x08, 0x41, 0x08, 0x41, 0x08, 0x41, 0x08, 0x41, 0x08, 0x41, 0x08, 0x41, 0x08, 0x41, 0x08, 0x41,
    0x08, 0x41, 0x08, 0x41, 0x08, 0x41, 0x08, 0x41, 0x08, 0x41, 0x08, 0x41, 0x08, 0x41, 0x08, 0x41,
    0x08, 0x41, 0x08, 0x41, 0x08, 0x41, 0x08, 0x41, 0x08, 0x41, 0x08, 0x41, 0x08, 0x41, 0x08, 0x41,
    0x08, 0x41, 0x08, 0x41, 0x08, 0x41, 0x08, 0x41, 0x08, 0x41, 0x08, 0x41, 0x08, 0x41, 0x08, 0x41,
    0x08, 0x41, 0x08, 0x41, 0x08, 0x41, 0x08, 0x41, 0x08, 0x41, 0x08, 0x41, 0x08, 0x41, 0x08, 0x41,
    0x08, 0x41, 0x08, 0x41, 0x08, 0x41, 0x08, 0x41, 0x08, 0x41, 0x08, 0x41, 0x08, 0x41, 0x08, 0x41,
    0x08, 0x41, 0x08, 0x41, 0x08, 0x41, 0x08, 0x41, 0x08, 0x41, 0x08, 0x41, 0x08, 0x41, 0x08, 0x41,
    0x08, 0x41, 0x08, 0x41, 0x08, 0x41, 0x08, 0x41, 0x08, 0x41, 0x08, 0x41, 0x08, 0x41, 0x08, 0x41,
    0x08, 0x41, 0x08, 0x41, 0x08, 0x41, 0x08, 0x41, 0x08, 0x41, 0x08, 0x41, 0x08, 0x41, 0x08, 0x41,
    0x08, 0x41, 0x08, 0x41, 0x08, 0x41, 0x08, 0x41, 0x08, 0x41, 0x08, 0x41, 0x08, 0x41, 0x08, 0x41,
    0x08, 0x41, 0x08, 0x41, 0x08, 0x41, 0x08, 0x41, 0x08, 0x41, 0x08, 0x41, 0x08, 0x41, 0x08, 0x41,
    0x08, 0x41, 0x08, 0x41, 0x08, 0x41, 0x08, 0x41, 0x08, 0x41, 0x08, 0x41, 0x08, 0x41, 0x08, 0x41,
    0x08, 0x41, 0x08, 0x41, 0x08, 0x41, 0x08, 0x41, 0x08, 0x41, 0x08, 0x41, 0x08, 0x41, 0x08, 0x41,
    0x08, 0x41, 0x08, 0x41, 0x08, 0x41, 0x08, 0x41, 0x08, 0x41, 0x08, 0x41, 0x08, 0x41, 0x08, 0x41,
    0x08, 0x41, 0x08, 0x41, 0x08, 0x41, 0x08, 0x41, 0x08, 0x41, 0x08, 0x41, 0x08, 0x41, 0x08, 0x41,
    0x08, 0x41, 0x08, 0x41, 0x08, 0x41, 0x08, 0x41, 0x08, 0x41, 0x08, 0x41, 0x08, 0x41, 0x08, 0x41,
    0x08, 0x41, 0x08, 0x41, 0x08, 0x41, 0x08, 0x41, 0x08, 0x41, 0x08, 0x41, 0x08, 0x41, 0x08, 0x41,
    0x08, 0x41, 0x08, 0x41, 0x08, 0x41, 0x08, 0x41, 0x08, 0x41, 0x08, 0x41, 0x08, 0x41, 0x08, 0x41,
    0x08, 0x41, 0x08, 0x41, 0x08, 0x41, 0x08, 0x41, 0x08, 0x41, 0x08, 0x41, 0x08, 0x41, 0x08, 0x41,
    0x08, 0x41, 0x08, 0x41, 0x08, 0x41, 0x08, 0x41, 0x08, 0x41, 0x08, 0x41, 0x08, 0x41, 0x08, 0x41,
    0x08, 0x41, 0x08, 0x41, 0x08, 0x41, 0x08, 0x41, 0x08, 0x41, 0x08, 0x41, 0x08, 0x41, 0x08, 0x41,
    0x08, 0x41, 0x08, 0x41, 0x08, 0x41, 0x08, 0x41, 0x08, 0x41, 0x08, 0x41, 0x08, 0x41, 0x08, 0x41,
    0x08, 0x41, 0x08, 0x41, 0x08, 0x41, 0x08, 0x41, 0x08, 0x41, 0x08, 0x41, 0x08, 0x41, 0x08, 0x41,
    0x08, 0x41, 0x08, 0x41, 0x08, 0x41, 0x08, 0x41, 0x08, 0x41, 0x08, 0x41, 0x08, 0x41, 0x08, 0x41,
    0x08, 0x41, 0x08, 0x41, 0x08, 0x41, 0x08, 0x41, 0x08, 0x41, 0x08, 0x41, 0x08, 0x41, 0x08, 0x41,
    0x08, 0x41, 0x08, 0x41, 0x08, 0x41, 0x08, 0x41, 0x08, 0x41, 0x08, 0x41, 0x08, 0x41, 0x08, 0x41,
    0x08, 0x41, 0x08, 0x41, 0x08, 0x41, 0x08, 0x41, 0x08, 0x41, 0x08, 0x41, 0x08, 0x41, 0x08, 0x41,
    0x08, 0x41, 0x08, 0x41, 0x08, 0x41, 0x08, 0x41, 0x08, 0x41, 0x08, 0x41, 0x08, 0x41, 0x08, 0x41,
    0x08, 0x41, 0x08, 0x41, 0x08, 0x41, 0x08, 0x41, 0x08, 0x41, 0x08, 0x41, 0x08, 0x41, 0x08, 0x41,
    0x08, 0x41, 0x08, 0x41, 0x08, 0x41, 0x08, 0x41, 0x08, 0x41, 0x08, 0x41, 0x08, 0x41, 0x08, 0x41,
    0x08, 0x41, 0x08, 0x41, 0x08, 0x41, 0x08, 0x41, 0x08, 0x41, 0x08, 0x41, 0x08, 0x41, 0x08, 0x41,
    0x08, 0x41, 0x08, 0x41, 0x08, 0x41, 0x08, 0x41, 0x08, 0x41, 0x08, 0x41, 0x08, 0x41, 0x08, 0x41,
    0x08, 0x41, 0x08, 0x41, 0x08, 0x41, 0x08, 0x41, 0x08, 0x41, 0x08, 0x41, 0x08, 0x41, 0x08, 0x41,
    0x08, 0x41, 0x08, 0x41, 0x08, 0x41, 0x08, 0x41, 0x08, 0x41, 0x08, 0x41, 0x08, 0x41, 0x08, 0x41,
    0x08, 0x41, 0x08, 0x41, 0x08, 0x41, 0x08, 0x41, 0x08, 0x41, 0x08, 0x41, 0x08, 0x41, 0x08, 0x41,
    0x08, 0x41, 0x08, 0x41, 0x08, 0x41, 0x08, 0x41, 0x08, 0x41, 0x08, 0x41, 0x08, 0x41, 0x08, 0x41,
    0x08, 0x41, 0x08, 0x41, 0x08, 0x41, 0x08, 0x41, 0x08, 0x41, 0x08, 0x41, 0x08, 0x41, 0x08, 0x41,
    0x08, 0x41, 0x08, 0x41, 0x08, 0x41, 0x08, 0x41, 0x08, 0x41, 0x08, 0x41, 0x08, 0x41, 0x08, 0x41,
    0x08, 0x41, 0x08, 0x41, 0x08, 0x41, 0x08, 0x41, 0x08, 0x41, 0x08, 0x41, 0x08, 0x41, 0x08, 0x41,
    0x08, 0x41, 0x08, 0x41, 0x08, 0x41, 0x08, 0x41, 0x08, 0x41, 0x08, 0x41, 0x08, 0x41, 0x08, 0x41,
    0x08, 0x41, 0x08, 0x41, 0x08, 0x41, 0x08, 0x41, 0x08, 0x41, 0x08, 0x41, 0x08, 0x41, 0x08, 0x41,
    0x08, 0x41, 0x08, 0x41, 0x08, 0x41, 0x08, 0x41, 0x08, 0x41, 0x08, 0x41, 0x08, 0x41, 0x08, 0x41,
    0x08, 0x41, 0x08, 0x41, 0x08, 0x41, 0x08, 0x41, 0x08, 0x41, 0x08, 0x41, 0x08, 0x41, 0x08, 0x41,
    0x08, 0x41, 0x08, 0x41, 0x08, 0x41, 0x08, 0x41, 0x08, 0x41, 0x08, 0x41, 0x08, 0x41, 0x08, 0x41,
    0x08, 0x41, 0x08, 0x41, 0x08, 0x41, 0x08, 0x41, 0x08, 0x41, 0x08, 0x41, 0x08, 0x41, 0x08, 0x41,
    0x08, 0x41, 0x08, 0x41, 0x08, 0x41, 0x08, 0x41, 0x08, 0x41, 0x08, 0x41, 0x08, 0x41, 0x08, 0x41,
    0x08, 0x41, 0x08, 0x41, 0x08, 0x41, 0x08, 0x41, 0x08, 0x41, 0x08, 0x41, 0x08, 0x41, 0x08, 0x41,
    0x08, 0x41, 0x08, 0x41, 0x08, 0x41, 0x08, 0x41, 0x08, 0x41, 0x08, 0x41, 0x08, 0x41, 0x08, 0x41,
    0x08, 0x41, 0x08, 0x41, 0x08, 0x41, 0x08, 0x41, 0x08, 0x41, 0x08, 0x41, 0x08, 0x41, 0x08, 0x41,
    0x08, 0x41, 0x08, 0x41, 0x08, 0x41, 0x08, 0x41, 0x08, 0x41, 0x08, 0x41, 0x08, 0x41, 0x08, 0x41,
    0x08, 0x41, 0x08, 0x41, 0x08, 0x41, 0x08, 0x41, 0x08, 0x41, 0x08, 0x41, 0x08, 0x41, 0x08, 0x41,
    0x08, 0x41, 0x08, 0x41, 0x08, 0x41, 0x08, 0x41, 0x08, 0x41, 0x08, 0x41, 0x08, 0x41, 0x08, 0x41,
    0x08, 0x41, 0x08, 0x41, 0x08, 0x41, 0x08, 0x41, 0x08, 0x41, 0x08, 0x41, 0x08, 0x41, 0x08, 0x41,
    0x08, 0x41, 0x08, 0x41, 0x08, 0x41, 0x08, 0x41, 0x08, 0x41, 0x08, 0x41, 0x08, 0x41, 0x08, 0x41,
    0x08, 0x41, 0x08, 0x41, 0x08, 0x41, 0x08, 0x41, 0x08, 0x41, 0x08, 0x41, 0x08, 0x41, 0x08, 0x41,
    0x08, 0x41, 0x08, 0x41, 0x08, 0x41, 0x08, 0x41, 0x08, 0x41, 0x08, 0x41, 0x08, 0x41, 0x08, 0x41,
    0x08, 0x41, 0x08, 0x41, 0x08, 0x41, 0x08, 0x41, 0x08, 0x41, 0x08, 0x41, 0x08, 0x41, 0x08, 0x41,
    0x08, 0x41, 0x08, 0x41, 0x08, 0x41, 0x08, 0x41, 0x08, 0x41, 0x08, 0x41, 0x08, 0x41, 0x08, 0x41,
    0x08, 0x41, 0x08, 0x41, 0x08, 0x41, 0x08, 0x41, 0x08, 0x41, 0x08, 0x41, 0x08, 0x41, 0x08, 0x41,
    0x08, 0x41, 0x08, 0x41, 0x08, 0x41, 0x08, 0x41, 0x08, 0x41, 0x08, 0x41, 0x08, 0x41, 0x08, 0x41,
    0x08, 0x41, 0x08, 0x41, 0x08, 0x41, 0x08, 0x41, 0x08, 0x41, 0x08, 0x41, 0x08, 0x41, 0x08, 0x41,
    0x08, 0x41, 0x08, 0x41, 0x08, 0x41, 0x08, 0x41, 0x08, 0x41, 0x08, 0x41, 0x08, 0x41, 0x08, 0x41,
    0x08, 0x41, 0x08, 0x41, 0x08, 0x41, 0x08, 0x41, 0x08, 0x41, 0x08, 0x41, 0x08, 0x41, 0x08, 0x41,
    0x08, 0x41, 0x08, 0x41, 0x08, 0x41, 0x08, 0x41, 0x08, 0x41, 0x08, 0x41, 0x08, 0x41, 0x08, 0x41,
    0x08, 0x41, 0x08, 0x41, 0x08, 0x41, 0x08, 0x41, 0x08, 0x41, 0x08, 0x41, 0x08, 0x41, 0x08, 0x41,
    0x08, 0x41, 0x08, 0x41, 0x08, 0x41, 0x08, 0x41, 0x08, 0x41, 0x08, 0x41, 0x08, 0x41, 0x08, 0x41,
    0x08, 0x41, 0x08, 0x41, 0x08, 0x41, 0x08, 0x41, 0x08, 0x41, 0x08, 0x41, 0x08, 0x41, 0x08, 0x41,
    0x08, 0x41, 0x08, 0x41, 0x08, 0x41, 0x08, 0x41, 0x08, 0x41, 0x08, 0x41, 0x08, 0x41, 0x08, 0x41,
    0x08, 0x41, 0x08, 0x41, 0x08, 0x41, 0x08, 0x41, 0x08, 0x41, 0x08, 0x41, 0x08, 0x41, 0x08, 0x41,
    0x08, 0x41, 0x08, 0x41, 0x08, 0x41, 0x08, 0x41, 0x08, 0x41, 0x08, 0x41, 0x08, 0x41, 0x08, 0x41,
    0x08, 0x41, 0x08, 0x41, 0x08, 0x41, 0x08, 0x41, 0x08, 0x41, 0x08, 0x41, 0x08, 0x41, 0x08, 0x41,
    0x08, 0x41, 0x08, 0x41, 0x08, 0x41, 0x08, 0x41, 0x08, 0x41, 0x08, 0x41, 0x08, 0x41, 0x08, 0x41,
    0x08, 0x41, 0x08, 0x41, 0x08, 0x41, 0x08, 0x41, 0x08, 0x41, 0x08, 0x41, 0x08, 0x41, 0x08, 0x41,
    0x08, 0x41, 0x08, 0x41, 0x08, 0x41, 0x08, 0x41, 0x08, 0x41, 0x08, 0x41, 0x08, 0x41, 0x08, 0x41,
    0x08, 0x41, 0x08, 0x41, 0x08, 0x41, 0x08, 0x41, 0x08, 0x41, 0x08, 0x41, 0x08, 0x41, 0x08, 0x41,
    0x08, 0x41, 0x08, 0x41, 0x08, 0x41, 0x08, 0x41, 0x08, 0x41, 0x08, 0x41, 0x08, 0x41, 0x08, 0x41,
    0x08, 0x41, 0x08, 0x41, 0x08, 0x41, 0x08, 0x41, 0x08, 0x41, 0x08, 0x41, 0x08, 0x41, 0x08, 0x41,
    0x08, 0x41, 0x08, 0x41, 0x08, 0x41, 0x08, 0x41, 0x08, 0x41, 0x08, 0x41, 0x08, 0x41, 0x08, 0x41,
    0x08, 0x41, 0x08, 0x41, 0x08, 0x41, 0x08, 0x41, 0x08, 0x41, 0x08, 0x41, 0x08, 0x41, 0x08, 0x41,
    0x08, 0x41, 0x08, 0x41, 0x08, 0x41, 0x08, 0x41, 0x08, 0x41, 0x08, 0x41, 0x08, 0x41, 0x08, 0x41,
    0x08, 0x41, 0x08, 0x41, 0x08, 0x41, 0x08, 0x41, 0x08, 0x41, 0x08, 0x41, 0x08, 0x41, 0x08, 0x41,
    0x08, 0x41, 0x08, 0x41, 0x08, 0x41, 0x08, 0x41, 0x08, 0x41, 0x08, 0x41, 0x08, 0x41, 0x08, 0x41,
    0x08, 0x41, 0x08, 0x41, 0x08, 0x41, 0x08, 0x41, 0x08, 0x41, 0x08, 0x41, 0x08, 0x41, 0x08, 0x41,
    0x08, 0x41, 0x08, 0x41, 0x08, 0x41, 0x08, 0x41, 0x08, 0x41, 0x08, 0x41, 0x08, 0x41, 0x08, 0x41,
    0x08, 0x41, 0x08, 0x41, 0x08, 0x41, 0x08, 0x41, 0x08, 0x41, 0x08, 0x41, 0x08, 0x41, 0x08, 0x41,
    0x08, 0x41, 0x08, 0x41, 0x08, 0x41, 0x08, 0x41, 0x08, 0x41, 0x08, 0x41, 0x08, 0x41, 0x08, 0x41,
    0x08, 0x41, 0x08, 0x41, 0x08, 0x41, 0x08, 0x41, 0x08, 0x41, 0x08, 0x41, 0x08, 0x41, 0x08, 0x41,
    0x08, 0x41, 0x08, 0x41, 0x08, 0x41, 0x08, 0x41, 0x08, 0x41, 0x08, 0x41, 0x08, 0x41, 0x08, 0x41,
    0x08, 0x41, 0x08, 0x41, 0x08, 0x41, 0x08, 0x41, 0x08, 0x41, 0x08, 0x41, 0x08, 0x41, 0x08, 0x41,
    0x08, 0x41, 0x08, 0x41, 0x08, 0x41, 0x08, 0x41, 0x08, 0x41, 0x08, 0x41, 0x08, 0x41, 0x08, 0x41,
    0x08, 0x41, 0x08, 0x41, 0x08, 0x41, 0x08, 0x41, 0x08, 0x41, 0x08, 0x41, 0x08, 0x41, 0x08, 0x41,
    0x08, 0x41, 0x08, 0x41, 0x08, 0x41, 0x08, 0x41, 0x08, 0x41, 0x08, 0x41, 0x08, 0x41, 0x08, 0x41,
    0x08, 0x41, 0x08, 0x41, 0x08, 0x41, 0x08, 0x41, 0x08, 0x41, 0x08, 0x41, 0x08, 0x41, 0x08, 0x41,
    0x08, 0x41, 0x08, 0x41, 0x08, 0x41, 0x08, 0x41, 0x08, 0x41, 0x08, 0x41, 0x08, 0x41, 0x08, 0x41,
    0x08, 0x41, 0x08, 0x41, 0x08, 0x41, 0x08, 0x41, 0x08, 0x41, 0x08, 0x41, 0x08, 0x41, 0x08, 0x41,
    0x08, 0x41, 0x08, 0x41, 0x08, 0x41, 0x08, 0x41, 0x08, 0x41, 0x08, 0x41, 0x08, 0x41, 0x08, 0x41,
    0x08, 0x41, 0x08, 0x41, 0x08, 0x41, 0x08, 0x41, 0x08, 0x41, 0x08, 0x41, 0x08, 0x41, 0x08, 0x41,
    0x08, 0x41, 0x08, 0x41, 0x08, 0x41, 0x08, 0x41, 0x08, 0x41, 0x08, 0x41, 0x08, 0x41, 0x08, 0x41,
    0x08, 0x41, 0x08, 0x41, 0x08, 0x41, 0x08, 0x41, 0x08, 0x41, 0x08, 0x41, 0x08, 0x41, 0x08, 0x41,
    0x08, 0x41, 0x08, 0x41, 0x08, 0x41, 0x08, 0x41, 0x08, 0x41, 0x08, 0x41, 0x08, 0x41, 0x08, 0x41,
    0x08, 0x41, 0x08, 0x41, 0x08, 0x41, 0x08, 0x41, 0x08, 0x41, 0x08, 0x41, 0x08, 0x41, 0x08, 0x41,
    0x08, 0x41, 0x08, 0x41, 0x08, 0x41, 0x08, 0x41, 0x08, 0x41, 0x08, 0x41, 0x08, 0x41, 0x08, 0x41,
    0x08, 0x41, 0x08, 0x41, 0x08, 0x41, 0x08, 0x41, 0x08, 0x41, 0x08, 0x41, 0x08, 0x41, 0x08, 0x41,
    0x08, 0x41, 0x08, 0x41, 0x08, 0x41, 0x08, 0x41, 0x08, 0x41, 0x08, 0x41, 0x08, 0x41, 0x08, 0x41,
    0x08, 0x41, 0x08, 0x41, 0x08, 0x41, 0x08, 0x41, 0x08, 0x41, 0x08, 0x41, 0x08, 0x41, 0x08, 0x41,
    0x08, 0x41, 0x08, 0x41, 0x08, 0x41, 0x08, 0x41, 0x08, 0x41, 0x08, 0x41, 0x08, 0x41, 0x08, 0x41,
    0x08, 0x41, 0x08, 0x41, 0x08, 0x41, 0x08, 0x41, 0x08, 0x41, 0x08, 0x41, 0x08, 0x41, 0x08, 0x41,
    0x08, 0x41, 0x08, 0x41, 0x08, 0x41, 0x08, 0x41, 0x08, 0x41, 0x08, 0x41, 0x08, 0x41, 0x08, 0x41,
    0x08, 0x41, 0x08, 0x41, 0x08, 0x41, 0x08, 0x41, 0x08, 0x41, 0x08, 0x41, 0x08, 0x41, 0x08, 0x41,
    0x08, 0x41, 0x08, 0x41, 0x08, 0x41, 0x08, 0x41, 0x08, 0x41, 0x08, 0x41, 0x08, 0x41, 0x08, 0x41,
    0x08, 0x41, 0x08, 0x41, 0x08, 0x41, 0x08, 0x41, 0x08, 0x41, 0x08, 0x41, 0x08, 0x41, 0x08, 0x41,
    0x08, 0x41, 0x08, 0x41, 0x08, 0x41, 0x08, 0x41, 0x08, 0x41, 0x08, 0x41, 0x08, 0x41, 0x08, 0x41,
    0x08, 0x41, 0x08, 0x41, 0x08, 0x41, 0x08, 0x41, 0x08, 0x41, 0x08, 0x41, 0x08, 0x41, 0x08, 0x41,
    0x08, 0x41, 0x08, 0x41, 0x08, 0x41, 0x08, 0x41, 0x08, 0x41, 0x08, 0x41, 0x08, 0x41, 0x08, 0x41,
    0x08, 0x41, 0x08, 0x41, 0x08, 0x41, 0x08, 0x41, 0x08, 0x41, 0x08, 0x41, 0x08, 0x41, 0x08, 0x41,
    0x08, 0x41, 0x08, 0x41, 0x08, 0x41, 0x08, 0x41, 0x08, 0x41, 0x08, 0x41, 0x08, 0x41, 0x08, 0x41,
    0x08, 0x41, 0x08, 0x41, 0x08, 0x41, 0x08, 0x41, 0x08, 0x41, 0x08, 0x41, 0x08, 0x41, 0x08, 0x41,
    0x08, 0x41, 0x08, 0x41, 0x08, 0x41, 0x08, 0x41, 0x08, 0x41, 0x08, 0x41, 0x08, 0x41, 0x08, 0x41,
    0x08, 0x41, 0x08, 0x41, 0x08, 0x41, 0x08, 0x41, 0x08, 0x41, 0x08, 0x41, 0x08, 0x41, 0x08, 0x41,
    0x08, 0x41, 0x08, 0x41, 0x08, 0x41, 0x08, 0x41, 0x08, 0x41, 0x08, 0x41, 0x08, 0x41, 0x08, 0x41,
    0x08, 0x41, 0x08, 0x41, 0x08, 0x41, 0x08, 0x41, 0x08, 0x41, 0x08, 0x41, 0x08, 0x41, 0x08, 0x41,
    0x08, 0x41, 0x08, 0x41, 0x08, 0x41, 0x08, 0x41, 0x08, 0x41, 0x08, 0x41, 0x08, 0x41, 0x08, 0x41,
    0x08, 0x41, 0x08, 0x41, 0x08, 0x41, 0x08, 0x41, 0x08, 0x41, 0x08, 0x41, 0x08, 0x41, 0x08, 0x41,
    0x08, 0x41, 0x08, 0x41, 0x08, 0x41, 0x08, 0x41, 0x08, 0x41, 0x08, 0x41, 0x08, 0x41, 0x08, 0x41,
    0x08, 0x41, 0x08, 0x41, 0x08, 0x41, 0x08, 0x41, 0x08, 0x41, 0x08, 0x41, 0x08, 0x41, 0x08, 0x41,
    0x08, 0x41, 0x08, 0x41, 0x08, 0x41, 0x08, 0x41, 0x08, 0x41, 0x08, 0x41, 0x08, 0x41, 0x08, 0x41,
    0x08, 0x41, 0x08, 0x41, 0x08, 0x41, 0x08, 0x41, 0x08, 0x41, 0x08, 0x41, 0x08, 0x41, 0x08, 0x41,
    0x08, 0x41, 0x08, 0x41, 0x08, 0x41, 0x08, 0x41, 0x08, 0x41, 0x08, 0x41, 0x08, 0x41, 0x08, 0x41,
    0x08, 0x41, 0x08, 0x41, 0x08, 0x41, 0x08, 0x41, 0x08, 0x41, 0x08, 0x41, 0x08, 0x41, 0x08, 0x41,
    0x08, 0x41, 0x08, 0x41, 0x08, 0x41, 0x08, 0x41, 0x08, 0x41, 0x08, 0x41, 0x08, 0x41, 0x08, 0x41,
    0x08, 0x41, 0x08, 0x41, 0x08, 0x41, 0x08, 0x41, 0x08, 0x41, 0x08, 0x41, 0x08, 0x41, 0x08, 0x41,
    0x08, 0x41, 0x08, 0x41, 0x08, 0x41, 0x08, 0x41, 0x08, 0x41, 0x08, 0x41, 0x08, 0x41, 0x08, 0x41,
    0x08, 0x41, 0x08, 0x41, 0x08, 0x41, 0x08, 0x41, 0x08, 0x41, 0x08, 0x41, 0x08, 0x41, 0x08, 0x41,
    0x08, 0x41, 0x08, 0x41, 0x08, 0x41, 0x08, 0x41, 0x08, 0x41, 0x08, 0x41, 0x08, 0x41, 0x08, 0x41,
    0x08, 0x41, 0x08, 0x41, 0x08, 0x41, 0x08, 0x41, 0x08, 0x41, 0x08, 0x41, 0x08, 0x41, 0x08, 0x41,
    0x08, 0x41, 0x08, 0x41, 0x08, 0x41, 0x08, 0x41, 0x08, 0x41, 0x08, 0x41, 0x08, 0x41, 0x08, 0x41,
    0x08, 0x41, 0x08, 0x41, 0x08, 0x41, 0x08, 0x41, 0x08, 0x41, 0x08, 0x41, 0x08, 0x41, 0x08, 0x41,
    0x08, 0x41, 0x08, 0x41, 0x08, 0x41, 0x08, 0x41, 0x08, 0x41, 0x08, 0x41, 0x08, 0x41, 0x08, 0x41,
    0x08, 0x41, 0x08, 0x41, 0x08, 0x41, 0x08, 0x41, 0x08, 0x41, 0x08, 0x41, 0x08, 0x41, 0x08, 0x41,
    0x08, 0x41, 0x08, 0x41, 0x08, 0x41, 0x08, 0x41, 0x08, 0x41, 0x08, 0x41, 0x08, 0x41, 0x08, 0x41,
    0x08, 0x41, 0x08, 0x41, 0x08, 0x41, 0x08, 0x41, 0x08, 0x41, 0x08, 0x41, 0x08, 0x41, 0x08, 0x41,
    0x08, 0x41, 0x08, 0x41, 0x08, 0x41, 0x08, 0x41, 0x08, 0x41, 0x08, 0x41, 0x08, 0x41, 0x08, 0x41,
    0x08, 0x41, 0x08, 0x41, 0x08, 0x41, 0x08, 0x41, 0x08, 0x41, 0x08, 0x41, 0x08, 0x41, 0x08, 0x41,
    0x08, 0x41, 0x08, 0x41, 0x08, 0x41, 0x08, 0x41, 0x08, 0x41, 0x08, 0x41, 0x08, 0x41, 0x08, 0x41,
    0x08, 0x41, 0x08, 0x41, 0x08, 0x41, 0x08, 0x41, 0x08, 0x41, 0x08, 0x41, 0x08, 0x41, 0x08, 0x41,
    0x08, 0x41, 0x08, 0x41, 0x08, 0x41, 0x08, 0x41, 0x08, 0x41, 0x08, 0x41, 0x08, 0x41, 0x08, 0x41,
    0x08, 0x41, 0x08, 0x41, 0x08, 0x41, 0x08, 0x41, 0x08, 0x41, 0x08, 0x41, 0x08, 0x41, 0x08, 0x41,
    0x08, 0x41, 0x08, 0x41, 0x08, 0x41, 0x08, 0x41, 0x08, 0x41, 0x08, 0x41, 0x08, 0x41, 0x08, 0x41,
    0x08, 0x41, 0x08, 0x41, 0x08, 0x41, 0x08, 0x41, 0x08, 0x41, 0x08, 0x41, 0x08, 0x41, 0x08, 0x41,
    0x08, 0x41, 0x08, 0x41, 0x08, 0x41, 0x08, 0x41, 0x08, 0x41, 0x08, 0x41, 0x08, 0x41, 0x08, 0x41,
    0x08, 0x41, 0x08, 0x41, 0x08, 0x41, 0x08, 0x41, 0x08, 0x41, 0x08, 0x41, 0x08, 0x41, 0x08, 0x41,
    0x08, 0x41, 0x08, 0x41, 0x08, 0x41, 0x08, 0x41, 0x08, 0x41, 0x08, 0x41, 0x08, 0x41, 0x08, 0x41,
    0x08, 0x41, 0x08, 0x41, 0x08, 0x41, 0x08, 0x41, 0x08, 0x41, 0x08, 0x41, 0x08, 0x41, 0x08, 0x41,
    0x08, 0x41, 0x08, 0x41, 0x08, 0x41, 0x08, 0x41, 0x08, 0x41, 0x08, 0x41, 0x08, 0x41, 0x08, 0x41,
    0x08, 0x41, 0x08, 0x41, 0x08, 0x41, 0x08, 0x41, 0x08, 0x41, 0x08, 0x41, 0x08, 0x41, 0x08, 0x41,
    0x08, 0x41, 0x08, 0x41, 0x08, 0x41, 0x08, 0x41, 0x08, 0x41, 0x08, 0x41, 0x08, 0x41, 0x08, 0x41,
    0x08, 0x41, 0x08, 0x41, 0x08, 0x41, 0x08, 0x41, 0x08, 0x41, 0x08, 0x41, 0x08, 0x41, 0x08, 0x41,
    0x08, 0x41, 0x08, 0x41, 0x08, 0x41, 0x08, 0x41, 0x08, 0x41, 0x08, 0x41, 0x08, 0x41, 0x08, 0x41,
    0x08, 0x41, 0x08, 0x41, 0x08, 0x41, 0x08, 0x41, 0x08, 0x41, 0x08, 0x41, 0x08, 0x41, 0x08, 0x41,
    0x08, 0x41, 0x08, 0x41, 0x08, 0x41, 0x08, 0x41, 0x08, 0x41, 0x08, 0x41, 0x08, 0x41, 0x08, 0x41,
    0x08, 0x41, 0x08, 0x41, 0x08, 0x41, 0x08, 0x41, 0x08, 0x41, 0x08, 0x41, 0x08, 0x41, 0x08, 0x41,
    0x08, 0x41, 0x08, 0x41, 0x08, 0x41, 0x08, 0x41, 0x08, 0x41, 0x08, 0x41, 0x08, 0x41, 0x08, 0x41,
    0x08, 0x41, 0x08, 0x41, 0x08, 0x41, 0x08, 0x41, 0x08, 0x41, 0x08, 0x41, 0x08, 0x41, 0x08, 0x41,
    0x08, 0x41, 0x08, 0x41, 0x08, 0x41, 0x08, 0x41, 0x08, 0x41, 0x08, 0x41, 0x08, 0x41, 0x08, 0x41,
    0x08, 0x41, 0x08, 0x41, 0x08, 0x41, 0x08, 0x41, 0x08, 0x41, 0x08, 0x41, 0x08, 0x41, 0x08, 0x41,
    0x08, 0x41, 0x08, 0x41, 0x08, 0x41, 0x08, 0x41, 0x08, 0x41, 0x08, 0x41, 0x08, 0x41, 0x08, 0x41,
    0x08, 0x41, 0x08, 0x41, 0x08, 0x41, 0x08, 0x41, 0x08, 0x41, 0x08, 0x41, 0x08, 0x41, 0x08, 0x41,
    0x08, 0x41, 0x08, 0x41, 0x08, 0x41, 0x08, 0x41, 0x08, 0x41, 0x08, 0x41, 0x08, 0x41, 0x08, 0x41,
    0x08, 0x41, 0x08, 0x41, 0x08, 0x41, 0x08, 0x41, 0x08, 0x41, 0x08, 0x41, 0x08, 0x41, 0x08, 0x41,
    0x08, 0x41, 0x08, 0x41, 0x08, 0x41, 0x08, 0x41, 0x08, 0x41, 0x08, 0x41, 0x08, 0x41, 0x08, 0x41,
    0x08, 0x41, 0x08, 0x41, 0x08, 0x41, 0x08, 0x41, 0x08, 0x41, 0x08, 0x41, 0x08, 0x41, 0x08, 0x41,
    0x08, 0x41, 0x08, 0x41, 0x08, 0x41, 0x08, 0x41, 0x08, 0x41, 0x08, 0x41, 0x08, 0x41, 0x08, 0x41,
    0x08, 0x41, 0x08, 0x41, 0x08, 0x41, 0x08, 0x41, 0x08, 0x41, 0x08, 0x41, 0x08, 0x41, 0x08, 0x41,
    0x08, 0x41, 0x08, 0x41, 0x08, 0x41, 0x08, 0x41, 0x08, 0x41, 0x08, 0x41, 0x08, 0x41, 0x08, 0x41,
    0x08, 0x41, 0x08, 0x41, 0x08, 0x41, 0x08, 0x41, 0x08, 0x41, 0x08, 0x41, 0x08, 0x41, 0x08, 0x41,
    0x08, 0x41, 0x08, 0x41, 0x08, 0x41, 0x08, 0x41, 0x08, 0x41, 0x08, 0x41, 0x08, 0x41, 0x08, 0x41,
    0x08, 0x41, 0x08, 0x41, 0x08, 0x41, 0x08, 0x41, 0x08, 0x41, 0x08, 0x41, 0x08, 0x41, 0x08, 0x41,
    0x08, 0x41, 0x08, 0x41, 0x08, 0x41, 0x08, 0x41, 0x08, 0x41, 0x08, 0x41, 0x08, 0x41, 0x08, 0x41,
    0x08, 0x41, 0x08, 0x41, 0x08, 0x41, 0x08, 0x41, 0x08, 0x41, 0x08, 0x41, 0x08, 0x41, 0x08, 0x41,
    0x08, 0x41, 0x08, 0x41, 0x08, 0x41, 0x08, 0x41, 0x08, 0x41, 0x08, 0x41, 0x08, 0x41, 0x08, 0x41,
    0x08, 0x41, 0x08, 0x41, 0x08, 0x41, 0x08, 0x41, 0x08, 0x41, 0x08, 0x41, 0x08, 0x41, 0x08, 0x41,
    0x08, 0x41, 0x08, 0x41, 0x08, 0x41, 0x08, 0x41, 0x08, 0x41, 0x08, 0x41, 0x08, 0x41, 0x08, 0x41,
    0x08, 0x41, 0x08, 0x41, 0x08, 0x41, 0x08, 0x41, 0x08, 0x41, 0x08, 0x41, 0x08, 0x41, 0x08, 0x41,
    0x08, 0x41, 0x08, 0x41, 0x08, 0x41, 0x08, 0x41, 0x08, 0x41, 0x08, 0x41, 0x08, 0x41, 0x08, 0x41,
    0x08, 0x41, 0x08, 0x41, 0x08, 0x41, 0x08, 0x41, 0x08, 0x41, 0x08, 0x41, 0x08, 0x41, 0x08, 0x41,
    0x08, 0x41, 0x08, 0x41, 0x08, 0x41, 0x08, 0x41, 0x08, 0x41, 0x08, 0x41, 0x08, 0x41, 0x08, 0x41,
    0x08, 0x41, 0x08, 0x41, 0x08, 0x41, 0x08, 0x41, 0x08, 0x41, 0x08, 0x41, 0x08, 0x41, 0x08, 0x41,
    0x08, 0x41, 0x08, 0x41, 0x08, 0x41, 0x08, 0x41, 0x08, 0x41, 0x08, 0x41, 0x08, 0x41, 0x08, 0x41,
    0x08, 0x41, 0x08, 0x41, 0x08, 0x41, 0x08, 0x41, 0x08, 0x41, 0x08, 0x41, 0x08, 0x41, 0x08, 0x41,
    0x08, 0x41, 0x08, 0x41, 0x08, 0x41, 0x08, 0x41, 0x08, 0x41, 0x08, 0x41, 0x08, 0x41, 0x08, 0x41,
    0x08, 0x41, 0x08, 0x41, 0x08, 0x41, 0x08, 0x41, 0x08, 0x41, 0x08, 0x41, 0x08, 0x41, 0x08, 0x41,
    0x08, 0x41, 0x08, 0x41, 0x08, 0x41, 0x08, 0x41, 0x08, 0x41, 0x08, 0x41, 0x08, 0x41, 0x08, 0x41,
    0x08, 0x41, 0x08, 0x41, 0x08, 0x41, 0x08, 0x41, 0x08, 0x41, 0x08, 0x41, 0x08, 0x41, 0x08, 0x41,
    0x08, 0x41, 0x08, 0x41, 0x08, 0x41, 0x08, 0x41, 0x08, 0x41, 0x08, 0x41, 0x08, 0x41, 0x08, 0x41,
    0x08, 0x41, 0x08, 0x41, 0x08, 0x41, 0x08, 0x41, 0x08, 0x41, 0x08, 0x41, 0x08, 0x41, 0x08, 0x41,
    0x08, 0x41, 0x08, 0x41, 0x08, 0x41, 0x08, 0x41, 0x08, 0x41, 0x08, 0x41, 0x08, 0x41, 0x08, 0x41,
    0x08, 0x41, 0x08, 0x41, 0x08, 0x41, 0x08, 0x41, 0x08, 0x41, 0x08, 0x41, 0x08, 0x41, 0x08, 0x41,
    0x08, 0x41, 0x08, 0x41, 0x08, 0x41, 0x08, 0x41, 0x08, 0x41, 0x08, 0x41, 0x08, 0x41, 0x08, 0x41,
    0x08, 0x41, 0x08, 0x41, 0x08, 0x41, 0x08, 0x41, 0x08, 0x41, 0x08, 0x41, 0x08, 0x41, 0x08, 0x41,
    0x08, 0x41, 0x08, 0x41, 0x08, 0x41, 0x08, 0x41, 0x08, 0x41, 0x08, 0x41, 0x08, 0x41, 0x08, 0x41,
    0x08, 0x41, 0x08, 0x41, 0x08, 0x41, 0x08, 0x41, 0x08, 0x41, 0x08, 0x41, 0x08, 0x41, 0x08, 0x41,
    0x08, 0x41, 0x08, 0x41, 0x08, 0x41, 0x08, 0x41, 0x08, 0x41, 0x08, 0x41, 0x08, 0x41, 0x08, 0x41,
    0x08, 0x41, 0x08, 0x41, 0x08, 0x41, 0x08, 0x41, 0x08, 0x41, 0x08, 0x41, 0x08, 0x41, 0x08, 0x41,
    0x08, 0x41, 0x08, 0x41, 0x08, 0x41, 0x08, 0x41, 0x08, 0x41, 0x08, 0x41, 0x08, 0x41, 0x08, 0x41,
    0x08, 0x41, 0x08, 0x41, 0x08, 0x41, 0x08, 0x41, 0x08, 0x41, 0x08, 0x41, 0x08, 0x41, 0x08, 0x41,
    0x08, 0x41, 0x08, 0x41, 0x08, 0x41, 0x08, 0x41, 0x08, 0x41, 0x08, 0x41, 0x08, 0x41, 0x08, 0x41,
    0x08, 0x41, 0x08, 0x41, 0x08, 0x41, 0x08, 0x41, 0x08, 0x41, 0x08, 0x41, 0x08, 0x41, 0x08, 0x41,
    0x08, 0x41, 0x08, 0x41, 0x08, 0x41, 0x08, 0x41, 0x08, 0x41, 0x08, 0x41, 0x08, 0x41, 0x08, 0x41,
    0x08, 0x41, 0x08, 0x41, 0x08, 0x41, 0x08, 0x41, 0x08, 0x41, 0x08, 0x41, 0x08, 0x41, 0x08, 0x41,
    0x08, 0x41, 0x08, 0x41, 0x08, 0x41, 0x08, 0x41, 0x08, 0x41, 0x08, 0x41, 0x08, 0x41, 0x08, 0x41,
    0x08, 0x41, 0x08, 0x41, 0x08, 0x41, 0x08, 0x41, 0x08, 0x41, 0x08, 0x41, 0x08, 0x41, 0x08, 0x41,
    0x08, 0x41, 0x08, 0x41, 0x08, 0x41, 0x08, 0x41, 0x08, 0x41, 0x08, 0x41, 0x08, 0x41, 0x08, 0x41,
    0x08, 0x41, 0x08, 0x41, 0x08, 0x41, 0x08, 0x41, 0x08, 0x41, 0x08, 0x41, 0x08, 0x41, 0x08, 0x41,
    0x08, 0x41, 0x08, 0x41, 0x08, 0x41, 0x08, 0x41, 0x08, 0x41, 0x08, 0x41, 0x08, 0x41, 0x08, 0x41,
    0x08, 0x41, 0x08, 0x41, 0x08, 0x41, 0x08, 0x41, 0x08, 0x41, 0x08, 0x41, 0x08, 0x41, 0x08, 0x41,
    0x08, 0x41, 0x08, 0x41, 0x08, 0x41, 0x08, 0x41, 0x08, 0x41, 0x08, 0x41, 0x08, 0x41, 0x08, 0x41,
    0x08, 0x41, 0x08, 0x41, 0x08, 0x41, 0x08, 0x41, 0x08, 0x41, 0x08, 0x41, 0x08, 0x41, 0x08, 0x41,
    0x08, 0x41, 0x08, 0x41, 0x08, 0x41, 0x08, 0x41, 0x08, 0x41, 0x08, 0x41, 0x08, 0x41, 0x08, 0x41,
    0x08, 0x41, 0x08, 0x41, 0x08, 0x41, 0x08, 0x41, 0x08, 0x41, 0x08, 0x41, 0x08, 0x41, 0x08, 0x41,
    0x08, 0x41, 0x08, 0x41, 0x08, 0x41, 0x08, 0x41, 0x08, 0x41, 0x08, 0x41, 0x08, 0x41, 0x08, 0x41,
    0x08, 0x41, 0x08, 0x41, 0x08, 0x41, 0x08, 0x41, 0x08, 0x41, 0x08, 0x41, 0x08, 0x41, 0x08, 0x41,
    0x08, 0x41, 0x08, 0x41, 0x08, 0x41, 0x08, 0x41, 0x08, 0x41, 0x08, 0x41, 0x08, 0x41, 0x08, 0x41,
    0x08, 0x41, 0x08, 0x41, 0x08, 0x41, 0x08, 0x41, 0x08, 0x41, 0x08, 0x41, 0x08, 0x41, 0x08, 0x41,
    0x08, 0x41, 0x08, 0x41, 0x08, 0x41, 0x08, 0x41, 0x08, 0x41, 0x08, 0x41, 0x08, 0x41, 0x08, 0x41,
    0x08, 0x41, 0x08, 0x41, 0x08, 0x41, 0x08, 0x41, 0x08, 0x41, 0x08, 0x41, 0x08, 0x41, 0x08, 0x41,
};

const lv_image_dsc_t wilderness_services_cn = {
    .header.magic = LV_IMAGE_HEADER_MAGIC,
    .header.cf = LV_COLOR_FORMAT_RGB565_SWAPPED,
    .header.flags = 0,
    .header.w = 240,
    .header.h = 320,
    .header.stride = 480,
    .header.reserved_2 = 0,
    .data_size = sizeof(wilderness_services_cn_map),
    .data = wilderness_services_cn_map,
    .reserved = NULL,
};
